subject,trial,file,event_type,smoothing,gt_event_count,pred_event_count,event_count_error,gt_mean_duration_ms,pred_mean_duration_ms,mean_duration_error_ms,gt_sd_duration_ms,pred_sd_duration_ms,sd_duration_error_ms
S11,S11_E0I101D0,data/outputs_webcam/S11/S11_E0I101D0.arff,fixation,raw,7,7,0,178.3857142857143,201.92857142857142,23.542857142857116,35.724568043641376,49.47116042994862,13.746592386307242
S11,S11_E0I101D0,data/outputs_webcam/S11/S11_E0I101D0.arff,saccade,raw,7,6,-1,43.75714285714286,39.25,-4.50714285714286,12.491711537770039,13.164611653975973,0.672900116205934
S11,S11_E0I102D0,data/outputs_webcam/S11/S11_E0I102D0.arff,fixation,raw,14,10,-4,229.38571428571427,316.1,86.71428571428575,144.89674231695457,257.7031668843482,112.80642456739363
S11,S11_E0I102D0,data/outputs_webcam/S11/S11_E0I102D0.arff,saccade,raw,13,7,-6,36.83846153846153,30.442857142857147,-6.3956043956043835,14.099559003832855,15.988522669179195,1.8889636653463402
S11,S11_E0I103D0,data/outputs_webcam/S11/S11_E0I103D0.arff,fixation,raw,8,7,-1,201.8,258.7857142857143,56.985714285714266,153.44554175900416,242.98648404504195,89.54094228603779
S11,S11_E0I103D0,data/outputs_webcam/S11/S11_E0I103D0.arff,saccade,raw,7,5,-2,44.60000000000001,34.3,-10.300000000000011,24.26032426274087,7.001428425685717,-17.258895837055153
S11,S11_E0I104D0,data/outputs_webcam/S11/S11_E0I104D0.arff,fixation,raw,10,11,1,160.94,190.2909090909091,29.350909090909113,70.11560612461552,134.41051636345614,64.29491023884061
S11,S11_E0I104D0,data/outputs_webcam/S11/S11_E0I104D0.arff,saccade,raw,11,8,-3,54.9,30.375,-24.525,64.0864884355509,10.724304839275796,-53.36218359627511
S11,S11_E0I105D0,data/outputs_webcam/S11/S11_E0I105D0.arff,fixation,raw,9,6,-3,182.03333333333333,327.6166666666666,145.5833333333333,72.6246514621585,181.7911154778106,109.1664640156521
S11,S11_E0I105D0,data/outputs_webcam/S11/S11_E0I105D0.arff,saccade,raw,9,4,-5,44.43333333333333,44.875,0.44166666666667,22.681545361813424,13.917704552116342,-8.763840809697081
S11,S11_E0I106D0,data/outputs_webcam/S11/S11_E0I106D0.arff,fixation,raw,11,6,-5,155.6727272727273,332.3333333333333,176.66060606060603,80.97680026907818,151.59953386032117,70.62273359124299
S11,S11_E0I106D0,data/outputs_webcam/S11/S11_E0I106D0.arff,saccade,raw,14,3,-11,32.51428571428571,38.86666666666667,6.352380952380955,18.837436422958696,12.414641893076634,-6.4227945298820615
S11,S11_E0I107D0,data/outputs_webcam/S11/S11_E0I107D0.arff,fixation,raw,2,2,0,155.75,194.05,38.30000000000001,12.091525958289978,88.45905832643712,76.36753236814714
S11,S11_E0I107D0,data/outputs_webcam/S11/S11_E0I107D0.arff,saccade,raw,2,1,-1,54.35,63.3,8.949999999999996,9.687362902255703,0.0,-9.687362902255703
S11,S11_E0I108D0,data/outputs_webcam/S11/S11_E0I108D0.arff,fixation,raw,10,9,-1,156.14000000000001,173.23333333333335,17.093333333333334,88.92973755849177,135.95198600976744,47.02224845127567
S11,S11_E0I108D0,data/outputs_webcam/S11/S11_E0I108D0.arff,saccade,raw,10,6,-4,51.61,36.26666666666667,-15.343333333333327,28.910338404568474,18.592220595363713,-10.318117809204761
S11,S11_E0I109D0,data/outputs_webcam/S11/S11_E0I109D0.arff,fixation,raw,10,7,-3,130.73999999999998,245.64285714285714,114.90285714285716,93.16012737933183,127.1238091670591,33.96368178772727
S11,S11_E0I109D0,data/outputs_webcam/S11/S11_E0I109D0.arff,saccade,raw,10,5,-5,43.22,34.44,-8.780000000000001,25.089209721401037,13.02086786662087,-12.068341854780167
S11,S11_E0I110D0,data/outputs_webcam/S11/S11_E0I110D0.arff,fixation,raw,13,8,-5,152.71538461538464,362.075,209.35961538461535,79.5022100966785,177.31565678996637,97.81344669328787
S11,S11_E0I110D0,data/outputs_webcam/S11/S11_E0I110D0.arff,saccade,raw,13,6,-7,68.23076923076923,44.699999999999996,-23.53076923076923,72.5361448361595,11.744615787670536,-60.791529048488954
S11,S11_E0I111D0,data/outputs_webcam/S11/S11_E0I111D0.arff,fixation,raw,10,9,-1,136.95000000000002,183.95555555555555,47.00555555555553,46.60084047882971,119.08784689370187,72.48700641487216
S11,S11_E0I111D0,data/outputs_webcam/S11/S11_E0I111D0.arff,saccade,raw,10,8,-2,50.32000000000001,36.4875,-13.83250000000001,17.936480516905576,19.232891284018038,1.2964107671124623
S11,S11_E0I112D0,data/outputs_webcam/S11/S11_E0I112D0.arff,fixation,raw,6,6,0,176.11666666666667,185.26666666666665,9.149999999999977,73.80323615307574,159.8193188155508,86.01608266247504
S11,S11_E0I112D0,data/outputs_webcam/S11/S11_E0I112D0.arff,saccade,raw,5,5,0,57.88000000000001,54.67999999999999,-3.200000000000017,18.477202169159703,7.676392381841877,-10.800809787317826
S11,S11_E0I113D0,data/outputs_webcam/S11/S11_E0I113D0.arff,fixation,raw,8,5,-3,144.9125,272.04,127.12750000000003,52.187229896649185,182.54174317125384,130.35451327460464
S11,S11_E0I113D0,data/outputs_webcam/S11/S11_E0I113D0.arff,saccade,raw,9,3,-6,31.355555555555554,31.366666666666664,0.011111111111109295,18.894517135343197,15.500430101559546,-3.3940870337836504
S11,S11_E0I114D0,data/outputs_webcam/S11/S11_E0I114D0.arff,fixation,raw,9,7,-2,240.0,366.6714285714285,126.67142857142852,125.0891681961312,297.7038669230757,172.61469872694448
S11,S11_E0I114D0,data/outputs_webcam/S11/S11_E0I114D0.arff,saccade,raw,8,6,-2,52.775,41.78333333333333,-10.991666666666667,40.60945526774346,16.333452380518537,-24.276002887224926
S11,S11_E0I115D0,data/outputs_webcam/S11/S11_E0I115D0.arff,fixation,raw,16,8,-8,131.075,349.65000000000003,218.57500000000005,66.27118529195023,249.0605950366296,182.78940974467935
S11,S11_E0I115D0,data/outputs_webcam/S11/S11_E0I115D0.arff,saccade,raw,18,6,-12,41.511111111111106,30.25,-11.261111111111106,20.835204621841058,12.668977859322354,-8.166226762518704
S11,S11_E0I116D0,data/outputs_webcam/S11/S11_E0I116D0.arff,fixation,raw,7,7,0,153.55714285714288,178.34285714285716,24.785714285714278,133.16674831632278,135.7896026596889,2.6228543433661287
S11,S11_E0I116D0,data/outputs_webcam/S11/S11_E0I116D0.arff,saccade,raw,9,5,-4,34.94444444444444,28.32,-6.624444444444443,18.880288074544247,13.155113074390504,-5.725175000153742
S11,S11_E0I117D0,data/outputs_webcam/S11/S11_E0I117D0.arff,fixation,raw,6,6,0,155.6833333333333,200.33333333333334,44.650000000000034,55.239348897924806,67.78751114081905,12.548162242894243
S11,S11_E0I117D0,data/outputs_webcam/S11/S11_E0I117D0.arff,saccade,raw,6,5,-1,57.20000000000001,37.620000000000005,-19.580000000000005,23.266542502056463,17.428052099990982,-5.8384904020654815
S11,S11_E0I118D0,data/outputs_webcam/S11/S11_E0I118D0.arff,fixation,raw,11,7,-4,170.0909090909091,341.17142857142863,171.08051948051954,69.3639164774518,327.1021283650603,257.7382118876085
S11,S11_E0I118D0,data/outputs_webcam/S11/S11_E0I118D0.arff,saccade,raw,13,4,-9,50.19230769230769,38.975,-11.217307692307692,28.554406009652922,8.6530823024708,-19.901323707182122
S11,S11_E0I119D0,data/outputs_webcam/S11/S11_E0I119D0.arff,fixation,raw,14,10,-4,154.84285714285716,275.61,120.76714285714286,67.0459740578257,209.27806303257555,142.23208897474984
S11,S11_E0I119D0,data/outputs_webcam/S11/S11_E0I119D0.arff,saccade,raw,15,7,-8,57.019999999999996,31.614285714285717,-25.40571428571428,39.87369702304659,12.880919813355534,-26.992777209691056
S11,S11_E0I120D0,data/outputs_webcam/S11/S11_E0I120D0.arff,fixation,raw,6,4,-2,135.11666666666667,250.775,115.65833333333333,64.81908412394198,111.13077506553559,46.31169094159361
S11,S11_E0I120D0,data/outputs_webcam/S11/S11_E0I120D0.arff,saccade,raw,7,3,-4,42.771428571428565,26.299999999999997,-16.471428571428568,14.884971647684822,18.18653347947321,3.301561831788387
S11,S11_E0I121D0,data/outputs_webcam/S11/S11_E0I121D0.arff,fixation,raw,10,7,-3,147.85,227.9,80.05000000000001,81.46380586902791,149.03090283562,67.56709696659209
S11,S11_E0I121D0,data/outputs_webcam/S11/S11_E0I121D0.arff,saccade,raw,10,5,-5,53.98,32.72,-21.259999999999998,21.821691552723912,3.4171625656383386,-18.404528987085573
S11,S11_E0I122D0,data/outputs_webcam/S11/S11_E0I122D0.arff,fixation,raw,6,5,-1,168.29999999999998,263.0,94.70000000000002,47.029735274611106,229.73366100769823,182.70392573308712
S11,S11_E0I122D0,data/outputs_webcam/S11/S11_E0I122D0.arff,saccade,raw,6,5,-1,57.81666666666667,31.560000000000002,-26.256666666666668,42.77641484120271,15.77507527715795,-27.00133956404476
S11,S11_E0I123D0,data/outputs_webcam/S11/S11_E0I123D0.arff,fixation,raw,6,5,-1,127.39999999999998,202.98000000000002,75.58000000000004,80.7432226258031,140.92743522820533,60.184212602402226
S11,S11_E0I123D0,data/outputs_webcam/S11/S11_E0I123D0.arff,saccade,raw,5,4,-1,65.76,38.925,-26.835000000000008,38.47022225046276,8.525794195655125,-29.944428054807638
S11,S11_E0I124D0,data/outputs_webcam/S11/S11_E0I124D0.arff,fixation,raw,8,5,-3,124.95,233.92,108.96999999999998,58.298492996940205,233.25873402725998,174.96024103031976
S11,S11_E0I124D0,data/outputs_webcam/S11/S11_E0I124D0.arff,saccade,raw,8,3,-5,46.0375,41.699999999999996,-4.337500000000006,22.306625377100094,8.833459118601272,-13.473166258498821
S11,S11_E0I125D0,data/outputs_webcam/S11/S11_E0I125D0.arff,fixation,raw,7,5,-2,136.02857142857144,219.24,83.21142857142857,89.9804740723548,153.6226317962298,63.642157723875
S11,S11_E0I125D0,data/outputs_webcam/S11/S11_E0I125D0.arff,saccade,raw,6,4,-2,60.23333333333333,27.549999999999997,-32.68333333333333,26.93768116721754,14.953594885511643,-11.984086281705897
S11,S11_E0I126D0,data/outputs_webcam/S11/S11_E0I126D0.arff,fixation,raw,6,5,-1,146.41666666666666,217.4,70.98333333333335,81.9417943827609,139.57458579555237,57.63279141279146
S11,S11_E0I126D0,data/outputs_webcam/S11/S11_E0I126D0.arff,saccade,raw,7,4,-3,48.05714285714286,31.799999999999997,-16.25714285714286,31.091309457942163,13.064200447533453,-18.027109010408708
S11,S11_E0I127D0,data/outputs_webcam/S11/S11_E0I127D0.arff,fixation,raw,6,3,-3,92.39999999999999,231.76666666666665,139.36666666666667,58.17989343407223,151.82425146640222,93.64435803232999
S11,S11_E0I127D0,data/outputs_webcam/S11/S11_E0I127D0.arff,saccade,raw,6,1,-5,46.76666666666667,15.8,-30.966666666666672,35.3052215212802,0.0,-35.3052215212802
S11,S11_E0I128D0,data/outputs_webcam/S11/S11_E0I128D0.arff,fixation,raw,10,8,-2,180.60999999999999,254.34999999999997,73.73999999999998,62.72526427029046,142.7162519527071,79.99098768241663
S11,S11_E0I128D0,data/outputs_webcam/S11/S11_E0I128D0.arff,saccade,raw,10,6,-4,51.89000000000001,39.43333333333333,-12.456666666666678,23.699716360234262,16.51492254497933,-7.184793815254931
S11,S11_E0I129D0,data/outputs_webcam/S11/S11_E0I129D0.arff,fixation,raw,13,11,-2,131.76153846153846,183.69090909090912,51.92937062937065,53.894828732472696,86.66027295762984,32.76544422515715
S11,S11_E0I129D0,data/outputs_webcam/S11/S11_E0I129D0.arff,saccade,raw,15,7,-8,39.84,36.028571428571425,-3.8114285714285785,20.442490762415147,11.829583577584108,-8.61290718483104
S11,S11_E0I130D0,data/outputs_webcam/S11/S11_E0I130D0.arff,fixation,raw,7,5,-2,131.08571428571426,260.02000000000004,128.93428571428578,29.905541770237644,187.1082093335298,157.20266756329215
S11,S11_E0I130D0,data/outputs_webcam/S11/S11_E0I130D0.arff,saccade,raw,6,4,-2,60.28333333333333,27.575,-32.70833333333333,28.589887489576917,14.96270363269954,-13.627183856877377
S11,S11_E0I131D0,data/outputs_webcam/S11/S11_E0I131D0.arff,fixation,raw,10,8,-2,141.63000000000002,197.02499999999998,55.39499999999995,42.44374184991496,75.91566279196181,33.47192094204685
S11,S11_E0I131D0,data/outputs_webcam/S11/S11_E0I131D0.arff,saccade,raw,9,6,-3,52.74444444444445,36.333333333333336,-16.41111111111111,25.18149673426458,13.471847188365322,-11.709649545899259
S11,S11_E0I132D0,data/outputs_webcam/S11/S11_E0I132D0.arff,fixation,raw,10,8,-2,156.36,232.7625,76.40249999999997,60.10541110785654,181.95995585763998,121.85454474978344
S11,S11_E0I132D0,data/outputs_webcam/S11/S11_E0I132D0.arff,saccade,raw,10,6,-4,46.33,31.5,-14.829999999999998,22.264323729031407,16.91058839898837,-5.353735330043037
S11,S11_E0I133D0,data/outputs_webcam/S11/S11_E0I133D0.arff,fixation,raw,10,11,1,177.95999999999998,173.14545454545456,-4.814545454545424,115.1987577093511,159.88963295746453,44.69087524811343
S11,S11_E0I133D0,data/outputs_webcam/S11/S11_E0I133D0.arff,saccade,raw,12,5,-7,49.05833333333333,32.56,-16.498333333333328,24.70802071957177,17.25581061555788,-7.45221010401389
S11,S11_E0I134D0,data/outputs_webcam/S11/S11_E0I134D0.arff,fixation,raw,8,6,-2,139.76250000000002,221.18333333333337,81.42083333333335,55.625429372339624,137.0555276764373,81.43009830409767
S11,S11_E0I134D0,data/outputs_webcam/S11/S11_E0I134D0.arff,saccade,raw,7,4,-3,51.228571428571435,39.0,-12.228571428571435,21.412668702251498,22.70462507948546,1.2919563772339622
S11,S11_E0I135D0,data/outputs_webcam/S11/S11_E0I135D0.arff,fixation,raw,6,4,-2,163.13333333333335,313.375,150.24166666666665,65.41497280184917,138.3863522895231,72.97137948767393
S11,S11_E0I135D0,data/outputs_webcam/S11/S11_E0I135D0.arff,saccade,raw,6,3,-3,60.23333333333333,36.46666666666667,-23.76666666666666,20.771486867017167,8.516063253248728,-12.25542361376844
S11,S11_E0I136D0,data/outputs_webcam/S11/S11_E0I136D0.arff,fixation,raw,6,6,0,179.86666666666667,181.33333333333334,1.4666666666666686,68.95452607818189,181.47177925690448,112.5172531787226
S11,S11_E0I136D0,data/outputs_webcam/S11/S11_E0I136D0.arff,saccade,raw,7,4,-3,38.228571428571435,35.475,-2.7535714285714334,17.746146462984978,19.795180389849108,2.04903392686413
S11,S11_E0I137D0,data/outputs_webcam/S11/S11_E0I137D0.arff,fixation,raw,7,5,-2,146.5,234.84,88.34,44.88236476241717,89.65934418676059,44.77697942434342
S11,S11_E0I137D0,data/outputs_webcam/S11/S11_E0I137D0.arff,saccade,raw,7,3,-4,40.34285714285715,26.266666666666666,-14.076190476190483,15.452061042986807,9.078178965703051,-6.373882077283756
S11,S11_E0I138D0,data/outputs_webcam/S11/S11_E0I138D0.arff,fixation,raw,6,4,-2,157.41666666666666,306.7,149.28333333333333,106.45576389593316,285.5861457890888,179.13038189315563
S11,S11_E0I138D0,data/outputs_webcam/S11/S11_E0I138D0.arff,saccade,raw,7,2,-5,54.142857142857146,47.6,-6.5428571428571445,33.77118382797465,22.76883835420683,-11.002345473767821
S11,S11_E0I139D0,data/outputs_webcam/S11/S11_E0I139D0.arff,fixation,raw,5,4,-1,149.98,274.95,124.97,41.44553051898359,257.8600977274305,216.41456720844693
S11,S11_E0I139D0,data/outputs_webcam/S11/S11_E0I139D0.arff,saccade,raw,7,2,-5,50.37142857142857,31.549999999999997,-18.82142857142857,18.895653317250357,0.21213203435596475,-18.683521282894393
S11,S11_E0I140D0,data/outputs_webcam/S11/S11_E0I140D0.arff,fixation,raw,7,7,0,144.6142857142857,155.6857142857143,11.071428571428612,67.40710715672417,109.26727824576805,41.86017108904389
S11,S11_E0I140D0,data/outputs_webcam/S11/S11_E0I140D0.arff,saccade,raw,7,6,-1,37.92857142857143,28.850000000000005,-9.078571428571426,17.586710350499917,6.397733973837925,-11.188976376661993
S13,S13_E0I101D0,data/outputs_webcam/S13/S13_E0I101D0.arff,fixation,raw,8,6,-2,121.975,157.43333333333334,35.45833333333334,78.29119180524533,80.63650951440462,2.345317709159289
S13,S13_E0I101D0,data/outputs_webcam/S13/S13_E0I101D0.arff,saccade,raw,7,5,-2,36.57142857142857,28.8,-7.771428571428569,12.05179299049375,13.38674717771274,1.3349541872189903
S13,S13_E0I102D0,data/outputs_webcam/S13/S13_E0I102D0.arff,fixation,raw,7,7,0,160.02857142857144,150.9285714285714,-9.100000000000051,84.61057290681259,100.64070936232703,16.030136455514437
S13,S13_E0I102D0,data/outputs_webcam/S13/S13_E0I102D0.arff,saccade,raw,6,6,0,29.266666666666666,42.883333333333326,13.61666666666666,12.026914262048544,19.240729369404544,7.213815107356
S13,S13_E0I103D0,data/outputs_webcam/S13/S13_E0I103D0.arff,fixation,raw,9,7,-2,174.45555555555558,238.0285714285714,63.573015873015834,173.56973462495637,312.95427628907555,139.38454166411918
S13,S13_E0I103D0,data/outputs_webcam/S13/S13_E0I103D0.arff,saccade,raw,8,6,-2,37.912499999999994,37.15,-0.7624999999999957,17.021367873520454,8.021159517177052,-9.000208356343402
S13,S13_E0I104D0,data/outputs_webcam/S13/S13_E0I104D0.arff,fixation,raw,8,7,-1,122.0625,146.29999999999998,24.237499999999983,88.44820821087495,80.29142752083396,-8.15678069004099
S13,S13_E0I104D0,data/outputs_webcam/S13/S13_E0I104D0.arff,saccade,raw,7,7,0,27.471428571428568,38.82857142857142,11.357142857142854,7.837455855423639,18.038820571729392,10.201364716305754
S13,S13_E0I105D0,data/outputs_webcam/S13/S13_E0I105D0.arff,fixation,raw,10,9,-1,136.05,149.44444444444446,13.394444444444446,77.89206563501118,76.30660376256945,-1.5854618724417264
S13,S13_E0I105D0,data/outputs_webcam/S13/S13_E0I105D0.arff,saccade,raw,10,8,-2,43.08,35.75,-7.329999999999998,25.975022190130613,11.202933289353922,-14.77208890077669
S13,S13_E0I106D0,data/outputs_webcam/S13/S13_E0I106D0.arff,fixation,raw,8,8,0,138.11249999999998,134.125,-3.987499999999983,68.97619542794662,56.03391192585332,-12.942283502093304
S13,S13_E0I106D0,data/outputs_webcam/S13/S13_E0I106D0.arff,saccade,raw,7,7,0,38.714285714285715,47.92857142857143,9.214285714285715,15.708960136540817,22.687420470803808,6.978460334262991
S13,S13_E0I107D0,data/outputs_webcam/S13/S13_E0I107D0.arff,fixation,raw,12,12,0,169.7,171.90833333333333,2.208333333333343,91.52486001081893,172.48446284880976,80.95960283799083
S13,S13_E0I107D0,data/outputs_webcam/S13/S13_E0I107D0.arff,saccade,raw,12,11,-1,53.29999999999999,36.35454545454545,-16.945454545454538,60.03574692706762,14.45422869864481,-45.58151822842281
S13,S13_E0I108D0,data/outputs_webcam/S13/S13_E0I108D0.arff,fixation,raw,6,5,-1,189.26666666666665,236.56,47.29333333333335,138.59878306344058,116.16554136231622,-22.43324170112436
S13,S13_E0I108D0,data/outputs_webcam/S13/S13_E0I108D0.arff,saccade,raw,5,4,-1,38.4,55.974999999999994,17.574999999999996,14.071424945612298,19.9468251442011,5.875400198588801
S13,S13_E0I109D0,data/outputs_webcam/S13/S13_E0I109D0.arff,fixation,raw,6,6,0,176.35000000000002,170.78333333333333,-5.566666666666691,95.97351197075159,89.78936277013366,-6.184149200617924
S13,S13_E0I109D0,data/outputs_webcam/S13/S13_E0I109D0.arff,saccade,raw,5,5,0,22.3,38.339999999999996,16.039999999999996,8.626702730475879,14.011352539994132,5.384649809518253
S13,S13_E0I110D0,data/outputs_webcam/S13/S13_E0I110D0.arff,fixation,raw,9,8,-1,133.3111111111111,157.96249999999998,24.651388888888874,65.07285233575604,74.41687476641303,9.344022430656992
S13,S13_E0I110D0,data/outputs_webcam/S13/S13_E0I110D0.arff,saccade,raw,8,7,-1,46.0375,41.18571428571429,-4.851785714285711,35.76063028767011,15.620118285022532,-20.14051200264758
S13,S13_E0I111D0,data/outputs_webcam/S13/S13_E0I111D0.arff,fixation,raw,8,7,-1,145.97499999999997,157.92857142857142,11.95357142857145,85.9544356039873,72.13174784808038,-13.822687755906927
S13,S13_E0I111D0,data/outputs_webcam/S13/S13_E0I111D0.arff,saccade,raw,6,6,0,37.13333333333333,40.016666666666666,2.883333333333333,19.238468407507565,8.929147029065355,-10.30932137844221
S13,S13_E0I112D0,data/outputs_webcam/S13/S13_E0I112D0.arff,fixation,raw,7,6,-1,157.64285714285714,189.29999999999998,31.657142857142844,74.77570588417197,87.88497027364804,13.109264389476067
S13,S13_E0I112D0,data/outputs_webcam/S13/S13_E0I112D0.arff,saccade,raw,6,5,-1,32.06666666666667,44.66,12.593333333333327,14.333410852503555,13.61866366425135,-0.7147471882522041
S13,S13_E0I113D0,data/outputs_webcam/S13/S13_E0I113D0.arff,fixation,raw,7,6,-1,150.74285714285716,181.16666666666666,30.423809523809496,109.55864270095806,170.90169884078585,61.343056139827794
S13,S13_E0I113D0,data/outputs_webcam/S13/S13_E0I113D0.arff,saccade,raw,7,5,-2,27.3,35.08,7.779999999999998,11.951150572225254,20.751072261451935,8.79992168922668
S13,S13_E0I114D0,data/outputs_webcam/S13/S13_E0I114D0.arff,fixation,raw,7,7,0,162.1285714285714,161.99999999999997,-0.12857142857143344,82.41154276527276,89.44475017201027,7.033207406737517
S13,S13_E0I114D0,data/outputs_webcam/S13/S13_E0I114D0.arff,saccade,raw,7,6,-1,38.75714285714286,29.28333333333333,-9.473809523809528,8.649827964157657,6.50766215062419,-2.1421658135334667
S13,S13_E0I115D0,data/outputs_webcam/S13/S13_E0I115D0.arff,fixation,raw,7,6,-1,143.94285714285715,167.91666666666666,23.973809523809507,76.10617270504098,104.03313734895563,27.92696464391466
S13,S13_E0I115D0,data/outputs_webcam/S13/S13_E0I115D0.arff,saccade,raw,6,6,0,40.050000000000004,32.1,-7.950000000000003,16.48353724174517,10.14889156509222,-6.334645676652952
S13,S13_E0I116D0,data/outputs_webcam/S13/S13_E0I116D0.arff,fixation,raw,6,7,1,197.53333333333333,162.42857142857142,-35.104761904761915,129.40192682748838,128.87057738012086,-0.5313494473675178
S13,S13_E0I116D0,data/outputs_webcam/S13/S13_E0I116D0.arff,saccade,raw,7,8,1,43.51428571428572,39.962500000000006,-3.551785714285714,35.313851322648105,16.864412022277644,-18.44943930037046
S13,S13_E0I117D0,data/outputs_webcam/S13/S13_E0I117D0.arff,fixation,raw,8,8,0,128.25,128.25,0.0,37.251768893762424,38.24944444040985,0.9976755466474287
S13,S13_E0I117D0,data/outputs_webcam/S13/S13_E0I117D0.arff,saccade,raw,6,7,1,61.28333333333333,34.25714285714286,-27.02619047619047,56.643107847880906,6.060763742537498,-50.58234410534341
S13,S13_E0I118D0,data/outputs_webcam/S13/S13_E0I118D0.arff,fixation,raw,6,5,-1,149.25,166.38,17.129999999999995,82.06331092516314,134.1742784590251,52.11096753386195
S13,S13_E0I118D0,data/outputs_webcam/S13/S13_E0I118D0.arff,saccade,raw,5,5,0,70.67999999999999,38.62,-32.059999999999995,78.25846280115653,18.15439340765755,-60.104069393498975
S13,S13_E0I119D0,data/outputs_webcam/S13/S13_E0I119D0.arff,fixation,raw,7,6,-1,158.22857142857143,173.35,15.121428571428567,83.86120903583719,119.95693810697237,36.09572907113518
S13,S13_E0I119D0,data/outputs_webcam/S13/S13_E0I119D0.arff,saccade,raw,6,5,-1,53.333333333333336,47.62,-5.713333333333338,61.28058964033119,11.429873140153395,-49.850716500177796
S13,S13_E0I120D0,data/outputs_webcam/S13/S13_E0I120D0.arff,fixation,raw,7,7,0,132.58571428571426,127.71428571428574,-4.871428571428524,38.83016132559107,35.90563690988869,-2.924524415702379
S13,S13_E0I120D0,data/outputs_webcam/S13/S13_E0I120D0.arff,saccade,raw,6,6,0,42.96666666666667,40.083333333333336,-2.883333333333333,8.149519413233314,13.350867637223683,5.201348223990369
S13,S13_E0I121D0,data/outputs_webcam/S13/S13_E0I121D0.arff,fixation,raw,17,16,-1,161.9294117647059,154.1125,-7.816911764705878,134.21440759427563,116.72157683993134,-17.492830754344283
S13,S13_E0I121D0,data/outputs_webcam/S13/S13_E0I121D0.arff,saccade,raw,18,11,-7,45.34444444444444,39.27272727272727,-6.071717171717168,22.137809611140057,18.02570891305476,-4.112100698085296
S13,S13_E0I122D0,data/outputs_webcam/S13/S13_E0I122D0.arff,fixation,raw,7,6,-1,167.08571428571426,203.03333333333333,35.94761904761907,71.26159387710018,113.18036343229626,41.91876955519608
S13,S13_E0I122D0,data/outputs_webcam/S13/S13_E0I122D0.arff,saccade,raw,5,5,0,35.0,35.04,0.03999999999999915,17.346613502352554,7.138137011854003,-10.208476490498551
S13,S13_E0I123D0,data/outputs_webcam/S13/S13_E0I123D0.arff,fixation,raw,7,6,-1,194.04285714285714,194.75,0.7071428571428555,171.93766173764698,210.0620741590447,38.12441242139772
S13,S13_E0I123D0,data/outputs_webcam/S13/S13_E0I123D0.arff,saccade,raw,6,5,-1,37.35,38.239999999999995,0.8899999999999935,13.007497837785714,8.72828734632402,-4.2792104914616935
S13,S13_E0I124D0,data/outputs_webcam/S13/S13_E0I124D0.arff,fixation,raw,10,9,-1,140.87,166.8777777777778,26.00777777777779,55.270608021905375,97.45452500753592,42.183916985630546
S13,S13_E0I124D0,data/outputs_webcam/S13/S13_E0I124D0.arff,saccade,raw,9,8,-1,55.25555555555555,40.0625,-15.193055555555553,29.987210236662193,12.149066689609183,-17.838143547053008
S13,S13_E0I125D0,data/outputs_webcam/S13/S13_E0I125D0.arff,fixation,raw,9,8,-1,195.15555555555557,217.8375,22.68194444444444,133.23719554905747,154.06376173056216,20.82656618150469
S13,S13_E0I125D0,data/outputs_webcam/S13/S13_E0I125D0.arff,saccade,raw,8,7,-1,35.9125,41.25714285714286,5.344642857142858,22.27179109482281,12.757985361184208,-9.513805733638602
S13,S13_E0I126D0,data/outputs_webcam/S13/S13_E0I126D0.arff,fixation,raw,8,6,-2,105.86250000000001,154.76666666666668,48.90416666666667,46.2680370234139,139.3378292735561,93.0697922501422
S13,S13_E0I126D0,data/outputs_webcam/S13/S13_E0I126D0.arff,saccade,raw,8,4,-4,42.037499999999994,44.0,1.9625000000000057,19.030722341969653,24.04481926181466,5.014096919845006
S13,S13_E0I127D0,data/outputs_webcam/S13/S13_E0I127D0.arff,fixation,raw,5,5,0,163.4,173.1,9.699999999999989,75.35011612466168,54.79648711368276,-20.553629010978923
S13,S13_E0I127D0,data/outputs_webcam/S13/S13_E0I127D0.arff,saccade,raw,4,4,0,44.224999999999994,48.1,3.875000000000007,20.227930360436446,13.602205703487941,-6.625724656948504
S13,S13_E0I128D0,data/outputs_webcam/S13/S13_E0I128D0.arff,fixation,raw,8,6,-2,165.8125,213.0,47.1875,88.976761613035,246.3451237593308,157.3683621462958
S13,S13_E0I128D0,data/outputs_webcam/S13/S13_E0I128D0.arff,saccade,raw,6,5,-1,24.05,44.739999999999995,20.689999999999994,19.718392429404584,21.143391402516297,1.4249989731117125
S13,S13_E0I129D0,data/outputs_webcam/S13/S13_E0I129D0.arff,fixation,raw,10,8,-2,217.71000000000004,249.9875,32.277499999999975,206.07047041674306,212.82667285509922,6.756202438356155
S13,S13_E0I129D0,data/outputs_webcam/S13/S13_E0I129D0.arff,saccade,raw,8,7,-1,34.0625,43.48571428571428,9.42321428571428,15.920511253456295,7.881926281357998,-8.038584972098297
S13,S13_E0I130D0,data/outputs_webcam/S13/S13_E0I130D0.arff,fixation,raw,8,6,-2,192.22500000000002,264.2833333333333,72.05833333333328,226.3298335868,360.1464503041321,133.8166167173321
S13,S13_E0I130D0,data/outputs_webcam/S13/S13_E0I130D0.arff,saccade,raw,7,5,-2,29.7,38.54,8.84,10.995453605922767,8.864141244362028,-2.13131236156074
S13,S13_E0I131D0,data/outputs_webcam/S13/S13_E0I131D0.arff,fixation,raw,6,6,0,216.03333333333333,215.8166666666667,-0.21666666666664014,216.0846377387034,207.8663168160408,-8.218320922662599
S13,S13_E0I131D0,data/outputs_webcam/S13/S13_E0I131D0.arff,saccade,raw,5,5,0,35.24,38.620000000000005,3.3800000000000026,13.49473971590412,9.201738966086793,-4.293000749817326
S13,S13_E0I132D0,data/outputs_webcam/S13/S13_E0I132D0.arff,fixation,raw,7,5,-2,155.58571428571432,220.64000000000001,65.0542857142857,106.26660542508841,143.4363726535219,37.16976722843347
S13,S13_E0I132D0,data/outputs_webcam/S13/S13_E0I132D0.arff,saccade,raw,6,4,-2,40.00000000000001,39.875,-0.1250000000000071,21.99727255820594,9.208827286902496,-12.788445271303443
S13,S13_E0I133D0,data/outputs_webcam/S13/S13_E0I133D0.arff,fixation,raw,17,15,-2,118.44117647058822,135.35333333333332,16.912156862745107,56.686121083819195,92.69061338411679,36.00449230029759
S13,S13_E0I133D0,data/outputs_webcam/S13/S13_E0I133D0.arff,saccade,raw,20,12,-8,36.864999999999995,34.75,-2.114999999999995,14.782574200727018,14.9471493177553,0.1645751170282832
S13,S13_E0I134D0,data/outputs_webcam/S13/S13_E0I134D0.arff,fixation,raw,8,7,-1,144.1375,175.9,31.762500000000017,101.20445977609597,110.87775550878844,9.673295732692466
S13,S13_E0I134D0,data/outputs_webcam/S13/S13_E0I134D0.arff,saccade,raw,7,6,-1,43.371428571428574,45.51666666666667,2.145238095238099,45.95188477402983,12.056934380955495,-33.89495039307433
S13,S13_E0I135D0,data/outputs_webcam/S13/S13_E0I135D0.arff,fixation,raw,7,7,0,144.05714285714285,150.72857142857146,6.671428571428606,97.35784264151256,99.92601787131842,2.5681752298058598
S13,S13_E0I135D0,data/outputs_webcam/S13/S13_E0I135D0.arff,saccade,raw,7,6,-1,38.728571428571435,37.300000000000004,-1.4285714285714306,12.63325166451803,8.251302927416978,-4.381948737101052
S13,S13_E0I136D0,data/outputs_webcam/S13/S13_E0I136D0.arff,fixation,raw,9,7,-2,147.85555555555553,183.2571428571429,35.40158730158737,74.65224563117829,74.26786781964452,-0.38437781153376704
S13,S13_E0I136D0,data/outputs_webcam/S13/S13_E0I136D0.arff,saccade,raw,8,6,-2,42.037499999999994,40.13333333333333,-1.9041666666666615,22.61926722951033,16.84098176077234,-5.778285468737991
S13,S13_E0I137D0,data/outputs_webcam/S13/S13_E0I137D0.arff,fixation,raw,7,7,0,180.44285714285715,187.22857142857146,6.785714285714306,175.03253847159252,158.3524519785502,-16.680086493042324
S13,S13_E0I137D0,data/outputs_webcam/S13/S13_E0I137D0.arff,saccade,raw,6,6,0,42.65,39.93333333333333,-2.7166666666666686,34.66368416657411,13.412481748977951,-21.251202417596154
S13,S13_E0I138D0,data/outputs_webcam/S13/S13_E0I138D0.arff,fixation,raw,6,7,1,181.53333333333333,144.1,-37.43333333333334,72.60974222972195,83.62168777695572,11.011945547233779
S13,S13_E0I138D0,data/outputs_webcam/S13/S13_E0I138D0.arff,saccade,raw,7,7,0,38.857142857142854,36.542857142857144,-2.3142857142857096,15.59763413073247,15.054551597756864,-0.543082532975605
S13,S13_E0I139D0,data/outputs_webcam/S13/S13_E0I139D0.arff,fixation,raw,8,9,1,135.875,119.23333333333335,-16.64166666666665,87.59224933096046,71.48087156715424,-16.111377763806217
S13,S13_E0I139D0,data/outputs_webcam/S13/S13_E0I139D0.arff,saccade,raw,8,8,0,33.975,33.95,-0.02499999999999858,15.831501147125264,5.67727298722094,-10.154228159904324
S13,S13_E0I140D0,data/outputs_webcam/S13/S13_E0I140D0.arff,fixation,raw,6,6,0,176.11666666666667,151.73333333333332,-24.383333333333354,138.94254088171365,105.76775816224276,-33.1747827194709
S13,S13_E0I140D0,data/outputs_webcam/S13/S13_E0I140D0.arff,saccade,raw,4,5,1,36.0,44.7,8.700000000000003,15.497311594811103,17.391089672588087,1.8937780777769841
S14,S14_E0I101D0,data/outputs_webcam/S14/S14_E0I101D0.arff,fixation,raw,7,6,-1,212.37142857142857,248.01666666666665,35.645238095238085,174.97185215805155,231.84754833007545,56.87569617202391
S14,S14_E0I101D0,data/outputs_webcam/S14/S14_E0I101D0.arff,saccade,raw,7,4,-3,43.48571428571428,52.15,8.664285714285718,7.813114737719004,15.37194414076068,7.558829403041677
S14,S14_E0I102D0,data/outputs_webcam/S14/S14_E0I102D0.arff,fixation,raw,9,6,-3,172.43333333333334,234.73333333333332,62.29999999999998,174.44989251931338,242.37172002250315,67.92182750318977
S14,S14_E0I102D0,data/outputs_webcam/S14/S14_E0I102D0.arff,saccade,raw,9,3,-6,35.46666666666667,53.76666666666667,18.300000000000004,13.330322576742093,19.03846982646802,5.708147249725927
S14,S14_E0I103D0,data/outputs_webcam/S14/S14_E0I103D0.arff,fixation,raw,5,7,2,288.48,219.35714285714283,-69.12285714285719,277.4603341020118,284.08629473655157,6.6259606345397515
S14,S14_E0I103D0,data/outputs_webcam/S14/S14_E0I103D0.arff,saccade,raw,6,5,-1,45.300000000000004,25.28,-20.020000000000003,23.72433349959488,13.82450722449086,-9.89982627510402
S14,S14_E0I104D0,data/outputs_webcam/S14/S14_E0I104D0.arff,fixation,raw,7,5,-2,169.44285714285715,275.4,105.95714285714283,71.45158867239779,312.16025531768133,240.70866664528353
S14,S14_E0I104D0,data/outputs_webcam/S14/S14_E0I104D0.arff,saccade,raw,8,3,-5,37.8875,42.300000000000004,4.412500000000001,16.760790767229842,17.840123317959435,1.0793325507295926
S14,S14_E0I105D0,data/outputs_webcam/S14/S14_E0I105D0.arff,fixation,raw,13,9,-4,151.4230769230769,221.9777777777778,70.55470085470088,103.29098180904722,198.71589504728718,95.42491323823995
S14,S14_E0I105D0,data/outputs_webcam/S14/S14_E0I105D0.arff,saccade,raw,13,7,-6,35.784615384615385,52.58571428571429,16.801098901098904,18.897479821122804,23.95582243571338,5.058342614590575
S14,S14_E0I106D0,data/outputs_webcam/S14/S14_E0I106D0.arff,fixation,raw,7,7,0,171.44285714285715,173.87142857142857,2.4285714285714164,161.6442581426145,160.28862211945167,-1.3556360231628162
S14,S14_E0I106D0,data/outputs_webcam/S14/S14_E0I106D0.arff,saccade,raw,8,5,-3,42.0125,41.660000000000004,-0.35249999999999915,22.520050589894968,8.776274836170526,-13.743775753724442
S14,S14_E0I107D0,data/outputs_webcam/S14/S14_E0I107D0.arff,fixation,raw,9,7,-2,152.8,196.67142857142855,43.87142857142854,167.53913721874062,183.29045905598136,15.751321837240738
S14,S14_E0I107D0,data/outputs_webcam/S14/S14_E0I107D0.arff,saccade,raw,9,5,-4,32.077777777777776,41.4,9.322222222222223,17.934518238426268,14.202288547977048,-3.73222969044922
S14,S14_E0I108D0,data/outputs_webcam/S14/S14_E0I108D0.arff,fixation,raw,9,7,-2,181.36666666666667,223.81428571428572,42.44761904761904,158.7847757185808,257.40166037130524,98.61688465272445
S14,S14_E0I108D0,data/outputs_webcam/S14/S14_E0I108D0.arff,saccade,raw,10,6,-4,30.740000000000002,45.93333333333333,15.193333333333328,16.166164940668175,19.019428662992656,2.853263722324481
S14,S14_E0I109D0,data/outputs_webcam/S14/S14_E0I109D0.arff,fixation,raw,12,9,-3,144.14166666666665,229.16666666666666,85.025,93.55413074144765,305.2091864606962,211.65505571924854
S14,S14_E0I109D0,data/outputs_webcam/S14/S14_E0I109D0.arff,saccade,raw,13,7,-6,62.623076923076916,45.67142857142857,-16.951648351648345,61.79940875993009,17.145331170682613,-44.65407758924748
S14,S14_E0I110D0,data/outputs_webcam/S14/S14_E0I110D0.arff,fixation,raw,10,8,-2,130.06,178.375,48.315,48.38264610833563,70.27224101409358,21.889594905757953
S14,S14_E0I110D0,data/outputs_webcam/S14/S14_E0I110D0.arff,saccade,raw,11,6,-5,31.927272727272726,31.983333333333334,0.056060606060608364,14.245075704192724,10.088888277043544,-4.156187427149179
S14,S14_E0I111D0,data/outputs_webcam/S14/S14_E0I111D0.arff,fixation,raw,9,10,1,161.66666666666666,159.83999999999997,-1.8266666666666822,70.41148698898496,86.39115438258453,15.97966739359957
S14,S14_E0I111D0,data/outputs_webcam/S14/S14_E0I111D0.arff,saccade,raw,10,8,-2,32.0,29.887500000000003,-2.112499999999997,19.955840136550393,5.63216210704202,-14.323678029508372
S14,S14_E0I112D0,data/outputs_webcam/S14/S14_E0I112D0.arff,fixation,raw,9,6,-3,191.9111111111111,290.78333333333336,98.87222222222226,266.57691406254804,374.3879347236856,107.81102066113755
S14,S14_E0I112D0,data/outputs_webcam/S14/S14_E0I112D0.arff,saccade,raw,8,5,-3,36.05,44.86,8.810000000000002,22.34598078274608,13.639208188161069,-8.70677259458501
S14,S14_E0I113D0,data/outputs_webcam/S14/S14_E0I113D0.arff,fixation,raw,10,8,-2,147.22999999999996,205.8125,58.58250000000004,106.3904762863878,149.08578966008608,42.69531337369828
S14,S14_E0I113D0,data/outputs_webcam/S14/S14_E0I113D0.arff,saccade,raw,10,5,-5,33.43,41.6,8.170000000000002,25.564865212500795,14.060227594174997,-11.504637618325798
S14,S14_E0I114D0,data/outputs_webcam/S14/S14_E0I114D0.arff,fixation,raw,10,7,-3,131.44,187.74285714285716,56.302857142857164,66.02794357946743,81.45268272935841,15.424739149890982
S14,S14_E0I114D0,data/outputs_webcam/S14/S14_E0I114D0.arff,saccade,raw,8,5,-3,36.3,35.32000000000001,-0.9799999999999898,11.523516328422872,7.888409218594075,-3.6351071098287973
S14,S14_E0I115D0,data/outputs_webcam/S14/S14_E0I115D0.arff,fixation,raw,7,6,-1,144.0,205.44999999999996,61.44999999999996,56.14751404410825,114.18678995400477,58.03927590989652
S14,S14_E0I115D0,data/outputs_webcam/S14/S14_E0I115D0.arff,saccade,raw,7,5,-2,29.74285714285714,45.14,15.39714285714286,19.375573724224452,20.72662538861548,1.3510516643910293
S14,S14_E0I116D0,data/outputs_webcam/S14/S14_E0I116D0.arff,fixation,raw,9,8,-1,161.60000000000002,192.28750000000002,30.6875,29.386944380115466,87.72944508951534,58.34250070939987
S14,S14_E0I116D0,data/outputs_webcam/S14/S14_E0I116D0.arff,saccade,raw,10,6,-4,30.45,32.11666666666667,1.6666666666666679,14.153621444704532,10.070633876110612,-4.08298756859392
S14,S14_E0I117D0,data/outputs_webcam/S14/S14_E0I117D0.arff,fixation,raw,10,7,-3,140.89000000000001,260.9428571428571,120.0528571428571,175.7269501243335,231.16343321802188,55.436483093688366
S14,S14_E0I117D0,data/outputs_webcam/S14/S14_E0I117D0.arff,saccade,raw,11,3,-8,42.054545454545455,42.63333333333333,0.5787878787878782,19.199602268607734,9.295339333952976,-9.904262934654758
S14,S14_E0I118D0,data/outputs_webcam/S14/S14_E0I118D0.arff,fixation,raw,8,6,-2,136.25,167.95000000000002,31.700000000000017,125.6533098876201,196.95853116836548,71.30522128074539
S14,S14_E0I118D0,data/outputs_webcam/S14/S14_E0I118D0.arff,saccade,raw,8,3,-5,34.0625,42.833333333333336,8.770833333333336,16.01141891633236,18.764949595811157,2.7535306794787964
S14,S14_E0I119D0,data/outputs_webcam/S14/S14_E0I119D0.arff,fixation,raw,10,11,1,249.41000000000003,231.21818181818182,-18.191818181818206,218.1649653613318,288.60496467726193,70.43999931593012
S14,S14_E0I119D0,data/outputs_webcam/S14/S14_E0I119D0.arff,saccade,raw,11,8,-3,36.31818181818182,37.975,1.6568181818181813,23.745265556814402,20.84882661994606,-2.8964389368683428
S14,S14_E0I120D0,data/outputs_webcam/S14/S14_E0I120D0.arff,fixation,raw,8,7,-1,163.91250000000002,180.64285714285714,16.730357142857116,162.29206861616584,225.26061837453125,62.96854975836541
S14,S14_E0I120D0,data/outputs_webcam/S14/S14_E0I120D0.arff,saccade,raw,10,4,-6,40.019999999999996,56.25,16.230000000000004,17.251589298767037,30.898813353698007,13.64722405493097
S14,S14_E0I121D0,data/outputs_webcam/S14/S14_E0I121D0.arff,fixation,raw,12,6,-6,112.00000000000001,237.2833333333334,125.28333333333337,51.54658969409043,194.42669998399572,142.8801102899053
S14,S14_E0I121D0,data/outputs_webcam/S14/S14_E0I121D0.arff,saccade,raw,11,4,-7,40.75454545454545,44.1,3.345454545454551,18.11056949056896,15.216219416574319,-2.894350073994641
S14,S14_E0I122D0,data/outputs_webcam/S14/S14_E0I122D0.arff,fixation,raw,11,8,-3,164.36363636363637,177.95000000000002,13.586363636363643,79.33094317764377,90.79463483205225,11.463691654408478
S14,S14_E0I122D0,data/outputs_webcam/S14/S14_E0I122D0.arff,saccade,raw,11,6,-5,30.70909090909091,37.45,6.740909090909092,23.342855632739305,8.368213668400204,-14.974641964339101
S14,S14_E0I123D0,data/outputs_webcam/S14/S14_E0I123D0.arff,fixation,raw,7,6,-1,189.72857142857146,221.5,31.771428571428544,123.2815843815249,225.98172492482658,102.70014054330169
S14,S14_E0I123D0,data/outputs_webcam/S14/S14_E0I123D0.arff,saccade,raw,7,4,-3,36.01428571428571,47.025,11.010714285714286,11.634063287236689,13.257042153763663,1.6229788665269744
S14,S14_E0I124D0,data/outputs_webcam/S14/S14_E0I124D0.arff,fixation,raw,8,7,-1,210.15,258.2,48.04999999999998,226.09526437196462,262.2065153017115,36.11125092974686
S14,S14_E0I124D0,data/outputs_webcam/S14/S14_E0I124D0.arff,saccade,raw,8,6,-2,43.9375,47.81666666666666,3.879166666666663,22.219614083057337,26.930534095458757,4.71092001240142
S14,S14_E0I125D0,data/outputs_webcam/S14/S14_E0I125D0.arff,fixation,raw,5,3,-2,124.35999999999999,229.26666666666665,104.90666666666667,47.47233931459456,161.74057417152116,114.2682348569266
S14,S14_E0I125D0,data/outputs_webcam/S14/S14_E0I125D0.arff,saccade,raw,4,1,-3,55.99999999999999,32.4,-23.599999999999994,40.31897816165484,0.0,-40.31897816165484
S14,S14_E0I126D0,data/outputs_webcam/S14/S14_E0I126D0.arff,fixation,raw,8,5,-3,142.025,146.95999999999998,4.934999999999974,63.196015923248105,31.00795059335589,-32.18806532989221
S14,S14_E0I126D0,data/outputs_webcam/S14/S14_E0I126D0.arff,saccade,raw,8,5,-3,44.2,35.1,-9.100000000000001,11.441278649821319,17.413069804029387,5.971791154208068
S14,S14_E0I127D0,data/outputs_webcam/S14/S14_E0I127D0.arff,fixation,raw,9,8,-1,161.9888888888889,179.9375,17.94861111111109,113.19989448365713,190.62164423275757,77.42174974910044
S14,S14_E0I127D0,data/outputs_webcam/S14/S14_E0I127D0.arff,saccade,raw,10,7,-3,28.8,41.6,12.8,10.149110524792034,27.32111515537631,17.172004630584276
S14,S14_E0I128D0,data/outputs_webcam/S14/S14_E0I128D0.arff,fixation,raw,7,5,-2,151.0285714285714,159.82,8.791428571428582,64.60223717193583,54.30291889024015,-10.299318281695676
S14,S14_E0I128D0,data/outputs_webcam/S14/S14_E0I128D0.arff,saccade,raw,9,3,-6,45.988888888888894,32.199999999999996,-13.788888888888899,20.123086520489622,0.2645751311064588,-19.858511389383164
S14,S14_E0I129D0,data/outputs_webcam/S14/S14_E0I129D0.arff,fixation,raw,10,9,-1,129.66,174.36666666666665,44.70666666666665,58.23937575978033,105.9297290660181,47.69035330623777
S14,S14_E0I129D0,data/outputs_webcam/S14/S14_E0I129D0.arff,saccade,raw,10,7,-3,42.89,38.385714285714286,-4.5042857142857144,25.601017774907135,8.700082101418847,-16.900935673488288
S14,S14_E0I130D0,data/outputs_webcam/S14/S14_E0I130D0.arff,fixation,raw,7,7,0,201.11428571428573,189.70000000000002,-11.414285714285711,173.7866261499182,74.82769095283733,-98.95893519708086
S14,S14_E0I130D0,data/outputs_webcam/S14/S14_E0I130D0.arff,saccade,raw,7,5,-2,38.72857142857142,25.679999999999996,-13.048571428571424,15.543992868169822,8.837816472409912,-6.706176395759909
S14,S14_E0I131D0,data/outputs_webcam/S14/S14_E0I131D0.arff,fixation,raw,10,9,-1,152.18,121.0,-31.180000000000007,84.23593585215808,75.09610509207518,-9.139830760082901
S14,S14_E0I131D0,data/outputs_webcam/S14/S14_E0I131D0.arff,saccade,raw,11,6,-5,37.845454545454544,48.050000000000004,10.20454545454546,20.673962544048667,22.65592637699902,1.9819638329503526
S14,S14_E0I132D0,data/outputs_webcam/S14/S14_E0I132D0.arff,fixation,raw,13,12,-1,153.96153846153848,127.95,-26.01153846153848,65.12154710566924,83.09927797520265,17.977730869533417
S14,S14_E0I132D0,data/outputs_webcam/S14/S14_E0I132D0.arff,saccade,raw,12,7,-5,33.083333333333336,43.1,10.016666666666666,16.789706442467732,14.889593681494468,-1.9001127609732649
S14,S14_E0I133D0,data/outputs_webcam/S14/S14_E0I133D0.arff,fixation,raw,6,5,-1,215.96666666666667,169.58,-46.386666666666656,219.83562647275048,103.87178153858729,-115.96384493416319
S14,S14_E0I133D0,data/outputs_webcam/S14/S14_E0I133D0.arff,saccade,raw,7,3,-4,27.38571428571429,42.73333333333333,15.347619047619038,15.204541927927169,9.297490700900608,-5.90705122702656
S14,S14_E0I134D0,data/outputs_webcam/S14/S14_E0I134D0.arff,fixation,raw,11,10,-1,178.96363636363637,169.61999999999998,-9.343636363636392,122.08047569310396,118.85651293331244,-3.223962759791519
S14,S14_E0I134D0,data/outputs_webcam/S14/S14_E0I134D0.arff,saccade,raw,13,7,-6,33.26923076923077,39.05714285714286,5.78791208791209,17.997008298389698,18.277477683646353,0.2804693852566551
S14,S14_E0I135D0,data/outputs_webcam/S14/S14_E0I135D0.arff,fixation,raw,10,7,-3,161.49,251.52857142857147,90.03857142857146,120.7520457613682,187.98631789118514,67.23427212981694
S14,S14_E0I135D0,data/outputs_webcam/S14/S14_E0I135D0.arff,saccade,raw,9,7,-2,37.27777777777778,43.39999999999999,6.122222222222213,17.840458078324232,17.839843048636943,-0.0006150296872888816
S14,S14_E0I136D0,data/outputs_webcam/S14/S14_E0I136D0.arff,fixation,raw,7,7,0,203.6428571428571,228.44285714285712,24.80000000000001,202.14409759000182,229.3134162170693,27.16931862706747
S14,S14_E0I136D0,data/outputs_webcam/S14/S14_E0I136D0.arff,saccade,raw,8,4,-4,39.724999999999994,40.3,0.5750000000000028,22.515692940068014,9.528553580335963,-12.987139359732051
S14,S14_E0I137D0,data/outputs_webcam/S14/S14_E0I137D0.arff,fixation,raw,8,6,-2,179.7625,264.0833333333333,84.32083333333333,149.68331272103399,271.20565935589667,121.52234663486269
S14,S14_E0I137D0,data/outputs_webcam/S14/S14_E0I137D0.arff,saccade,raw,9,4,-5,40.81111111111111,51.650000000000006,10.838888888888896,16.380815337189755,40.236674812911666,23.85585947572191
S14,S14_E0I138D0,data/outputs_webcam/S14/S14_E0I138D0.arff,fixation,raw,8,7,-1,166.27499999999998,189.72857142857143,23.45357142857145,102.16437385759426,117.72926164560386,15.5648877880096
S14,S14_E0I138D0,data/outputs_webcam/S14/S14_E0I138D0.arff,saccade,raw,7,5,-2,29.671428571428574,41.339999999999996,11.668571428571422,11.03218235976217,8.530416168042446,-2.5017661917197245
S14,S14_E0I139D0,data/outputs_webcam/S14/S14_E0I139D0.arff,fixation,raw,11,9,-2,133.65454545454546,202.5,68.84545454545454,66.73023847756522,223.26861064645874,156.53837216889352
S14,S14_E0I139D0,data/outputs_webcam/S14/S14_E0I139D0.arff,saccade,raw,14,5,-9,48.957142857142856,35.480000000000004,-13.477142857142852,21.344634140537675,13.699890510511388,-7.644743630026287
S14,S14_E0I140D0,data/outputs_webcam/S14/S14_E0I140D0.arff,fixation,raw,6,5,-1,186.81666666666663,227.37000000000003,40.5533333333334,170.09325285462285,251.06153030681543,80.96827745219258
S14,S14_E0I140D0,data/outputs_webcam/S14/S14_E0I140D0.arff,saccade,raw,7,3,-4,36.550000000000004,38.05,1.499999999999993,11.974834723981234,9.628603221651623,-2.3462315023296103
S18,S18_E0I101D0,data/outputs_webcam/S18/S18_E0I101D0.arff,fixation,raw,5,5,0,134.1,126.78,-7.319999999999993,73.07270352190345,79.22639711611276,6.153693594209315
S18,S18_E0I101D0,data/outputs_webcam/S18/S18_E0I101D0.arff,saccade,raw,4,4,0,42.775,25.874999999999996,-16.900000000000002,7.337744885181004,12.788373626071456,5.450628740890452
S18,S18_E0I102D0,data/outputs_webcam/S18/S18_E0I102D0.arff,fixation,raw,4,4,0,143.375,134.475,-8.900000000000006,65.25526160139631,68.81789374864651,3.5626321472501985
S18,S18_E0I102D0,data/outputs_webcam/S18/S18_E0I102D0.arff,saccade,raw,3,3,0,51.46666666666666,39.166666666666664,-12.299999999999997,26.487418396916926,17.089567968012922,-9.397850428904004
S18,S18_E0I103D0,data/outputs_webcam/S18/S18_E0I103D0.arff,fixation,raw,6,5,-1,137.63333333333333,185.68,48.04666666666668,74.68380458082373,149.10019114675876,74.41638656593503
S18,S18_E0I103D0,data/outputs_webcam/S18/S18_E0I103D0.arff,saccade,raw,5,4,-1,32.32,49.425,17.104999999999997,15.994123920990482,25.27546570622719,9.281341785236709
S18,S18_E0I104D0,data/outputs_webcam/S18/S18_E0I104D0.arff,fixation,raw,7,7,0,110.54285714285713,121.17142857142858,10.628571428571448,27.15123429624377,29.616477074184807,2.465242777941036
S18,S18_E0I104D0,data/outputs_webcam/S18/S18_E0I104D0.arff,saccade,raw,6,6,0,38.266666666666666,40.65,2.383333333333333,17.91822163794908,14.569385711141015,-3.348835926808066
S18,S18_E0I105D0,data/outputs_webcam/S18/S18_E0I105D0.arff,fixation,raw,5,5,0,112.47,121.57000000000001,9.100000000000009,38.83358082896812,40.5703956105927,1.736814781624581
S18,S18_E0I105D0,data/outputs_webcam/S18/S18_E0I105D0.arff,saccade,raw,4,4,0,55.0,34.975,-20.025,41.55714940496601,10.91707378375726,-30.64007562120875
S18,S18_E0I106D0,data/outputs_webcam/S18/S18_E0I106D0.arff,fixation,raw,5,5,0,154.74,166.32,11.579999999999984,45.89213440231343,57.12352405095469,11.231389648641262
S18,S18_E0I106D0,data/outputs_webcam/S18/S18_E0I106D0.arff,saccade,raw,5,4,-1,50.18,27.775000000000002,-22.404999999999998,36.57413020155093,9.344650876303513,-27.229479325247418
S18,S18_E0I107D0,data/outputs_webcam/S18/S18_E0I107D0.arff,fixation,raw,7,6,-1,153.74285714285716,180.46666666666667,26.723809523809507,88.66607500697693,67.89538030430839,-20.770694702668536
S18,S18_E0I107D0,data/outputs_webcam/S18/S18_E0I107D0.arff,saccade,raw,7,4,-3,44.3142857142857,29.525,-14.789285714285704,12.837241210819474,0.17078251276599296,-12.666458698053482
S18,S18_E0I108D0,data/outputs_webcam/S18/S18_E0I108D0.arff,fixation,raw,11,9,-2,169.26363636363638,220.14444444444442,50.88080808080804,101.4942094183434,105.89752252898921,4.403313110645811
S18,S18_E0I108D0,data/outputs_webcam/S18/S18_E0I108D0.arff,saccade,raw,9,9,0,33.62222222222223,32.044444444444444,-1.5777777777777828,16.932570520876162,12.865954211708424,-4.066616309167738
S18,S18_E0I109D0,data/outputs_webcam/S18/S18_E0I109D0.arff,fixation,raw,4,3,-1,126.99999999999999,164.4333333333333,37.43333333333332,81.85609323685074,40.535211031069444,-41.320882205781295
S18,S18_E0I109D0,data/outputs_webcam/S18/S18_E0I109D0.arff,saccade,raw,3,2,-1,56.36666666666667,29.25,-27.116666666666667,46.96768392558157,0.21213203435596223,-46.75555189122561
S18,S18_E0I111D0,data/outputs_webcam/S18/S18_E0I111D0.arff,fixation,raw,6,6,0,278.7166666666667,298.51666666666665,19.799999999999955,222.34343180464467,223.76910793643225,1.4256761317875828
S18,S18_E0I111D0,data/outputs_webcam/S18/S18_E0I111D0.arff,saccade,raw,6,5,-1,40.650000000000006,35.42,-5.230000000000004,16.09481282898313,13.405856928969516,-2.688955900013614
S18,S18_E0I112D0,data/outputs_webcam/S18/S18_E0I112D0.arff,fixation,raw,5,4,-1,129.31,158.10000000000002,28.79000000000002,54.486126674594885,33.722643233688935,-20.76348344090595
S18,S18_E0I112D0,data/outputs_webcam/S18/S18_E0I112D0.arff,saccade,raw,6,3,-3,72.48333333333333,36.81666666666666,-35.66666666666667,43.16205123330756,12.75944094909073,-30.402610284216827
S18,S18_E0I113D0,data/outputs_webcam/S18/S18_E0I113D0.arff,fixation,raw,4,4,0,165.775,165.575,-0.20000000000001705,50.01102378476169,52.70928918764383,2.698265402882143
S18,S18_E0I113D0,data/outputs_webcam/S18/S18_E0I113D0.arff,saccade,raw,4,4,0,51.675,35.15,-16.525,9.880747272684726,7.02068372738724,-2.8600635452974856
S18,S18_E0I114D0,data/outputs_webcam/S18/S18_E0I114D0.arff,fixation,raw,3,4,1,151.79999999999998,135.85,-15.949999999999989,50.3405403228849,81.09963008546957,30.759089762584672
S18,S18_E0I114D0,data/outputs_webcam/S18/S18_E0I114D0.arff,saccade,raw,3,3,0,58.866666666666674,49.23333333333333,-9.633333333333347,44.79066122902556,15.26084313966084,-29.529818089364717
S18,S18_E0I115D0,data/outputs_webcam/S18/S18_E0I115D0.arff,fixation,raw,6,4,-2,125.21666666666665,169.4,44.18333333333335,66.9640326344424,59.863901198190106,-7.100131436252298
S18,S18_E0I115D0,data/outputs_webcam/S18/S18_E0I115D0.arff,saccade,raw,5,2,-3,32.46,40.7,8.240000000000002,21.076717011906766,4.949747468305833,-16.126969543600932
S18,S18_E0I116D0,data/outputs_webcam/S18/S18_E0I116D0.arff,fixation,raw,6,5,-1,137.63333333333333,177.15,39.51666666666668,69.55873537282478,93.46558190050496,23.906846527680173
S18,S18_E0I116D0,data/outputs_webcam/S18/S18_E0I116D0.arff,saccade,raw,5,4,-1,32.43,35.075,2.645000000000003,16.349678895929426,7.182559896490018,-9.167118999439408
S18,S18_E0I117D0,data/outputs_webcam/S18/S18_E0I117D0.arff,fixation,raw,5,5,0,164.88,170.94,6.060000000000002,64.50284489850041,53.67292613599523,-10.82991876250518
S18,S18_E0I117D0,data/outputs_webcam/S18/S18_E0I117D0.arff,saccade,raw,4,4,0,45.95,42.275,-3.6750000000000043,24.500408159865422,17.57391532926001,-6.926492830605412
S18,S18_E0I118D0,data/outputs_webcam/S18/S18_E0I118D0.arff,fixation,raw,3,3,0,189.0666666666667,193.96666666666667,4.899999999999977,29.93665534647004,46.996737475417746,17.060082128947705
S18,S18_E0I118D0,data/outputs_webcam/S18/S18_E0I118D0.arff,saccade,raw,2,2,0,29.5,33.05,3.549999999999997,20.7889393668845,5.020458146424489,-15.76848122046001
S18,S18_E0I119D0,data/outputs_webcam/S18/S18_E0I119D0.arff,fixation,raw,5,4,-1,95.78,104.975,9.194999999999993,48.54649317921944,25.381669895155966,-23.164823284063473
S18,S18_E0I119D0,data/outputs_webcam/S18/S18_E0I119D0.arff,saccade,raw,4,3,-1,33.275,34.36666666666667,1.0916666666666686,12.827412053878989,4.2146569650842665,-8.612755088794723
S18,S18_E0I120D0,data/outputs_webcam/S18/S18_E0I120D0.arff,fixation,raw,4,3,-1,168.05,280.6333333333333,112.58333333333331,62.43185618469683,199.7841418464772,137.3522856617804
S18,S18_E0I120D0,data/outputs_webcam/S18/S18_E0I120D0.arff,saccade,raw,3,2,-1,51.5,36.8,-14.700000000000003,26.348434488599132,10.323759005323595,-16.024675483275537
S18,S18_E0I121D0,data/outputs_webcam/S18/S18_E0I121D0.arff,fixation,raw,5,5,0,138.84,135.97999999999996,-2.860000000000042,61.00945008767085,32.11280118581996,-28.896648901850888
S18,S18_E0I121D0,data/outputs_webcam/S18/S18_E0I121D0.arff,saccade,raw,4,4,0,53.6,33.175000000000004,-20.424999999999997,49.671923659145726,14.074178484018171,-35.59774517512756
S18,S18_E0I122D0,data/outputs_webcam/S18/S18_E0I122D0.arff,fixation,raw,3,5,2,191.29999999999998,142.83999999999997,-48.46000000000001,33.3558090892726,79.0457019704424,45.6898928811698
S18,S18_E0I122D0,data/outputs_webcam/S18/S18_E0I122D0.arff,saccade,raw,3,4,1,120.33333333333333,51.625,-68.70833333333333,144.96214448376975,18.153489104485306,-126.80865537928445
S18,S18_E0I123D0,data/outputs_webcam/S18/S18_E0I123D0.arff,fixation,raw,5,5,0,126.8,141.62000000000003,14.820000000000036,23.892572067485748,15.82993998725201,-8.062632080233739
S18,S18_E0I123D0,data/outputs_webcam/S18/S18_E0I123D0.arff,saccade,raw,4,4,0,57.275,36.85,-20.424999999999997,38.5742897968755,14.7002267556207,-23.8740630412548
S18,S18_E0I124D0,data/outputs_webcam/S18/S18_E0I124D0.arff,fixation,raw,10,10,0,227.20999999999998,233.01999999999998,5.810000000000002,122.05476412022779,171.5467982796531,49.492034159425316
S18,S18_E0I124D0,data/outputs_webcam/S18/S18_E0I124D0.arff,saccade,raw,9,9,0,32.75555555555556,36.01111111111112,3.25555555555556,26.552312098530663,15.283033439442288,-11.269278659088375
S18,S18_E0I125D0,data/outputs_webcam/S18/S18_E0I125D0.arff,fixation,raw,6,7,1,125.06666666666668,116.72857142857143,-8.33809523809525,70.08793524328325,64.6373915079529,-5.450543735330356
S18,S18_E0I125D0,data/outputs_webcam/S18/S18_E0I125D0.arff,saccade,raw,7,5,-2,46.45714285714286,37.04,-9.417142857142863,13.942842505847118,19.654210744774257,5.71136823892714
S18,S18_E0I126D0,data/outputs_webcam/S18/S18_E0I126D0.arff,fixation,raw,5,5,0,135.5,156.24,20.74000000000001,75.1661492960761,86.84862117500772,11.682471878931622
S18,S18_E0I126D0,data/outputs_webcam/S18/S18_E0I126D0.arff,saccade,raw,5,4,-1,45.839999999999996,35.125,-10.714999999999996,19.776829877409575,14.004612335465294,-5.772217541944281
S18,S18_E0I128D0,data/outputs_webcam/S18/S18_E0I128D0.arff,fixation,raw,4,4,0,410.12499999999994,428.925,18.800000000000068,295.9822334195078,333.5278736477658,37.54564022825798
S18,S18_E0I128D0,data/outputs_webcam/S18/S18_E0I128D0.arff,saccade,raw,3,3,0,44.1,36.86666666666667,-7.233333333333334,0.3464101615137763,7.100938905055678,6.7545287435419015
S18,S18_E0I129D0,data/outputs_webcam/S18/S18_E0I129D0.arff,fixation,raw,10,9,-1,193.96999999999997,443.1111111111111,249.14111111111112,63.913258057742254,721.8662764744666,657.9530184167244
S18,S18_E0I129D0,data/outputs_webcam/S18/S18_E0I129D0.arff,saccade,raw,10,5,-5,48.67999999999999,35.459999999999994,-13.219999999999999,38.133706291882454,9.63758268447021,-28.496123607412244
S18,S18_E0I130D0,data/outputs_webcam/S18/S18_E0I130D0.arff,fixation,raw,5,7,2,278.4,202.0,-76.39999999999998,181.2559378337714,192.96947081511797,11.71353298134656
S18,S18_E0I130D0,data/outputs_webcam/S18/S18_E0I130D0.arff,saccade,raw,5,5,0,67.9,38.42,-29.480000000000004,61.056244561879176,13.180174505673284,-47.87607005620589
S18,S18_E0I131D0,data/outputs_webcam/S18/S18_E0I131D0.arff,fixation,raw,3,3,0,157.13333333333333,142.29999999999998,-14.833333333333343,62.520823197822125,59.4465305968313,-3.074292600990823
S18,S18_E0I131D0,data/outputs_webcam/S18/S18_E0I131D0.arff,saccade,raw,3,2,-1,83.16666666666667,43.95,-39.21666666666667,94.41982489569304,0.21213203435596725,-94.20769286133708
S18,S18_E0I132D0,data/outputs_webcam/S18/S18_E0I132D0.arff,fixation,raw,7,7,0,186.4,192.62857142857143,6.228571428571428,142.1510698752094,144.42619469571895,2.2751248205095465
S18,S18_E0I132D0,data/outputs_webcam/S18/S18_E0I132D0.arff,saccade,raw,6,7,1,36.7,40.942857142857136,4.242857142857133,22.011451565037685,17.820667509276706,-4.190784055760979
S18,S18_E0I133D0,data/outputs_webcam/S18/S18_E0I133D0.arff,fixation,raw,8,8,0,149.33749999999998,151.21249999999998,1.875,76.20982196728788,84.952431017095,8.742609049807115
S18,S18_E0I133D0,data/outputs_webcam/S18/S18_E0I133D0.arff,saccade,raw,8,6,-2,36.775,37.93333333333333,1.1583333333333314,11.673627175328646,10.828604095942682,-0.8450230793859639
S18,S18_E0I134D0,data/outputs_webcam/S18/S18_E0I134D0.arff,fixation,raw,8,8,0,184.0,460.4,276.4,55.018308640981374,798.4200648781316,743.4017562371503
S18,S18_E0I134D0,data/outputs_webcam/S18/S18_E0I134D0.arff,saccade,raw,8,5,-3,29.4625,36.78,7.317500000000003,7.858923499527692,10.324582316006783,2.465658816479091
S18,S18_E0I135D0,data/outputs_webcam/S18/S18_E0I135D0.arff,fixation,raw,4,3,-1,207.65,296.5,88.85,238.96109167254266,230.11564483971964,-8.84544683282303
S18,S18_E0I135D0,data/outputs_webcam/S18/S18_E0I135D0.arff,saccade,raw,4,2,-2,71.775,48.0,-23.775000000000006,63.809109851180345,26.16295090390226,-37.64615894727808
S18,S18_E0I136D0,data/outputs_webcam/S18/S18_E0I136D0.arff,fixation,raw,8,7,-1,121.31250000000001,144.91428571428574,23.601785714285725,39.00679199099269,20.76402566711864,-18.242766323874047
S18,S18_E0I136D0,data/outputs_webcam/S18/S18_E0I136D0.arff,saccade,raw,7,5,-2,47.51428571428572,44.32000000000001,-3.194285714285712,16.450879264386707,7.375093219749838,-9.07578604463687
S18,S18_E0I137D0,data/outputs_webcam/S18/S18_E0I137D0.arff,fixation,raw,6,5,-1,207.66666666666666,723.8199999999999,516.1533333333333,101.58268881392473,984.3506423018172,882.7679534878924
S18,S18_E0I137D0,data/outputs_webcam/S18/S18_E0I137D0.arff,saccade,raw,5,4,-1,31.139999999999997,38.85,7.710000000000004,3.2784142508231016,6.911102179343996,3.6326879285208946
S18,S18_E0I138D0,data/outputs_webcam/S18/S18_E0I138D0.arff,fixation,raw,7,5,-2,213.9,277.06,63.16,135.87345828625493,97.44305003436624,-38.43040825188869
S18,S18_E0I138D0,data/outputs_webcam/S18/S18_E0I138D0.arff,saccade,raw,7,4,-3,60.042857142857144,48.224999999999994,-11.81785714285715,36.9041938512349,12.636817901143733,-24.267375950091168
S18,S18_E0I139D0,data/outputs_webcam/S18/S18_E0I139D0.arff,fixation,raw,5,5,0,154.94,165.21999999999997,10.279999999999973,53.52735749128664,83.18171073018395,29.654353238897315
S18,S18_E0I139D0,data/outputs_webcam/S18/S18_E0I139D0.arff,saccade,raw,5,4,-1,41.36,40.650000000000006,-0.7099999999999937,24.87132887483095,23.07242221065371,-1.7989066641772418
S18,S18_E0I140D0,data/outputs_webcam/S18/S18_E0I140D0.arff,fixation,raw,4,4,0,132.625,121.5,-11.125,62.968583436504275,69.87231211288203,6.903728676377753
S18,S18_E0I140D0,data/outputs_webcam/S18/S18_E0I140D0.arff,saccade,raw,3,3,0,44.06666666666666,34.300000000000004,-9.766666666666659,14.800112612184183,8.401785524517987,-6.398327087666196
S19,S19_E0I101D0,data/outputs_webcam/S19/S19_E0I101D0.arff,fixation,raw,7,7,0,274.0857142857143,296.2142857142857,22.128571428571433,152.71829653069761,144.93457637351906,-7.78372015717855
S19,S19_E0I101D0,data/outputs_webcam/S19/S19_E0I101D0.arff,saccade,raw,6,6,0,38.13333333333333,38.083333333333336,-0.04999999999999716,16.35783196718522,8.625871936602506,-7.731960030582714
S19,S19_E0I102D0,data/outputs_webcam/S19/S19_E0I102D0.arff,fixation,raw,7,9,2,162.22857142857143,139.37777777777777,-22.850793650793662,81.46338061333068,91.27445943112697,9.811078817796286
S19,S19_E0I102D0,data/outputs_webcam/S19/S19_E0I102D0.arff,saccade,raw,7,8,1,42.05714285714286,38.712500000000006,-3.3446428571428513,15.724382037974989,8.483166103693664,-7.241215934281325
S19,S19_E0I103D0,data/outputs_webcam/S19/S19_E0I103D0.arff,fixation,raw,11,11,0,160.99999999999997,169.77272727272728,8.772727272727309,50.3670328687327,58.42165849938002,8.054625630647323
S19,S19_E0I103D0,data/outputs_webcam/S19/S19_E0I103D0.arff,saccade,raw,11,10,-1,37.50000000000001,38.28,0.779999999999994,12.040764095355412,12.00442511002598,-0.03633898532943114
S19,S19_E0I104D0,data/outputs_webcam/S19/S19_E0I104D0.arff,fixation,raw,7,7,0,195.35714285714286,209.0714285714286,13.71428571428575,85.5513268383929,155.30876466237308,69.75743782398018
S19,S19_E0I104D0,data/outputs_webcam/S19/S19_E0I104D0.arff,saccade,raw,8,6,-2,36.0125,36.96666666666666,0.9541666666666586,10.781921045369021,8.107445138060859,-2.674475907308162
S19,S19_E0I105D0,data/outputs_webcam/S19/S19_E0I105D0.arff,fixation,raw,6,5,-1,221.23333333333335,286.04,64.80666666666667,105.60440647371996,161.42683481998895,55.82242834626899
S19,S19_E0I105D0,data/outputs_webcam/S19/S19_E0I105D0.arff,saccade,raw,5,4,-1,50.04,49.625,-0.41499999999999915,45.23387005331292,21.97200870805095,-23.26186134526197
S19,S19_E0I106D0,data/outputs_webcam/S19/S19_E0I106D0.arff,fixation,raw,8,8,0,162.16250000000002,168.60000000000002,6.4375,73.16910818683759,70.69730243388761,-2.471805752949976
S19,S19_E0I106D0,data/outputs_webcam/S19/S19_E0I106D0.arff,saccade,raw,7,7,0,41.107142857142854,42.16428571428571,1.057142857142857,18.492147625668682,13.136771365322678,-5.355376260346004
S19,S19_E0I107D0,data/outputs_webcam/S19/S19_E0I107D0.arff,fixation,raw,6,6,0,181.79999999999998,185.43333333333337,3.6333333333333826,87.52946932319423,91.39001404238138,3.8605447191871463
S19,S19_E0I107D0,data/outputs_webcam/S19/S19_E0I107D0.arff,saccade,raw,5,5,0,39.88,47.1,7.219999999999999,21.957162840403583,11.029732544354827,-10.927430296048756
S19,S19_E0I108D0,data/outputs_webcam/S19/S19_E0I108D0.arff,fixation,raw,7,7,0,228.6,240.20000000000002,11.600000000000023,96.29491159973097,145.61816507565257,49.323253475921604
S19,S19_E0I108D0,data/outputs_webcam/S19/S19_E0I108D0.arff,saccade,raw,6,6,0,41.7,35.61666666666667,-6.083333333333336,22.966932751240424,16.32647134768155,-6.640461403558874
S19,S19_E0I109D0,data/outputs_webcam/S19/S19_E0I109D0.arff,fixation,raw,6,6,0,180.38333333333333,195.15,14.76666666666668,65.52231426519263,84.61032442911444,19.08801016392181
S19,S19_E0I109D0,data/outputs_webcam/S19/S19_E0I109D0.arff,saccade,raw,6,5,-1,46.46666666666667,35.339999999999996,-11.126666666666672,33.18582026508711,13.229436873880912,-19.956383391206195
S19,S19_E0I110D0,data/outputs_webcam/S19/S19_E0I110D0.arff,fixation,raw,10,10,0,173.07,169.43,-3.6399999999999864,34.02074693804094,23.090019488948037,-10.930727449092906
S19,S19_E0I110D0,data/outputs_webcam/S19/S19_E0I110D0.arff,saccade,raw,6,9,3,36.916666666666664,36.05555555555555,-0.8611111111111143,6.667358297456846,12.902529898348531,6.235171600891685
S19,S19_E0I111D0,data/outputs_webcam/S19/S19_E0I111D0.arff,fixation,raw,7,7,0,184.45714285714283,204.44285714285715,19.985714285714323,45.649456263386725,47.94402490206181,2.294568638675088
S19,S19_E0I111D0,data/outputs_webcam/S19/S19_E0I111D0.arff,saccade,raw,7,7,0,42.114285714285714,38.02857142857143,-4.085714285714282,17.905067119992278,11.210220676643596,-6.694846443348682
S19,S19_E0I112D0,data/outputs_webcam/S19/S19_E0I112D0.arff,fixation,raw,6,6,0,181.6833333333333,190.26666666666665,8.583333333333343,121.7554831071959,143.897083593333,22.141600486137108
S19,S19_E0I112D0,data/outputs_webcam/S19/S19_E0I112D0.arff,saccade,raw,5,6,1,53.24000000000001,38.083333333333336,-15.156666666666673,24.20915116231877,13.574596372145534,-10.634554790173235
S19,S19_E0I113D0,data/outputs_webcam/S19/S19_E0I113D0.arff,fixation,raw,7,7,0,153.70000000000002,155.98571428571427,2.285714285714249,43.00976633277609,69.81268816319444,26.80292183041835
S19,S19_E0I113D0,data/outputs_webcam/S19/S19_E0I113D0.arff,saccade,raw,7,6,-1,36.857142857142854,47.9,11.042857142857144,21.42590777095626,17.499714283381888,-3.9261934875743734
S19,S19_E0I114D0,data/outputs_webcam/S19/S19_E0I114D0.arff,fixation,raw,6,7,1,200.13333333333333,171.6142857142857,-28.519047619047626,54.23764989992346,88.37911571880596,34.1414658188825
S19,S19_E0I114D0,data/outputs_webcam/S19/S19_E0I114D0.arff,saccade,raw,6,6,0,46.75,51.48333333333334,4.733333333333341,28.341824217929233,14.05267471574955,-14.289149502179683
S19,S19_E0I115D0,data/outputs_webcam/S19/S19_E0I115D0.arff,fixation,raw,7,7,0,151.29999999999998,178.51428571428573,27.21428571428575,59.25867025170241,53.110527160235335,-6.148143091467077
S19,S19_E0I115D0,data/outputs_webcam/S19/S19_E0I115D0.arff,saccade,raw,6,6,0,46.88333333333333,43.11666666666667,-3.7666666666666657,14.6499715585617,13.388714152847786,-1.2612574057139145
S19,S19_E0I116D0,data/outputs_webcam/S19/S19_E0I116D0.arff,fixation,raw,6,6,0,180.25,203.66666666666666,23.416666666666657,49.37913526986878,66.13282593891378,16.753690669045
S19,S19_E0I116D0,data/outputs_webcam/S19/S19_E0I116D0.arff,saccade,raw,6,4,-2,45.633333333333326,35.099999999999994,-10.533333333333331,35.233374329840544,16.40101622867721,-18.832358101163333
S19,S19_E0I117D0,data/outputs_webcam/S19/S19_E0I117D0.arff,fixation,raw,9,8,-1,159.10000000000002,199.3375,40.23749999999998,41.491866672879404,63.38305175675907,21.89118508387967
S19,S19_E0I117D0,data/outputs_webcam/S19/S19_E0I117D0.arff,saccade,raw,8,7,-1,42.4,40.028571428571425,-2.3714285714285737,20.313401628340973,16.42576373523357,-3.887637893107403
S19,S19_E0I118D0,data/outputs_webcam/S19/S19_E0I118D0.arff,fixation,raw,7,7,0,169.65714285714287,175.94285714285712,6.285714285714249,64.2652538868622,86.4756007426923,22.210346855830096
S19,S19_E0I118D0,data/outputs_webcam/S19/S19_E0I118D0.arff,saccade,raw,6,6,0,33.15,40.583333333333336,7.433333333333337,11.125421340335835,8.992533940256585,-2.13288740007925
S19,S19_E0I119D0,data/outputs_webcam/S19/S19_E0I119D0.arff,fixation,raw,10,10,0,156.85,165.58,8.730000000000018,59.63984965328691,67.98239641423523,8.342546760948316
S19,S19_E0I119D0,data/outputs_webcam/S19/S19_E0I119D0.arff,saccade,raw,9,8,-1,32.8,39.6,6.800000000000004,12.817761114952955,13.493384622526277,0.6756235075733219
S19,S19_E0I120D0,data/outputs_webcam/S19/S19_E0I120D0.arff,fixation,raw,7,6,-1,164.0142857142857,209.66666666666666,45.65238095238095,54.96685148255048,146.05002795845905,91.08317647590857
S19,S19_E0I120D0,data/outputs_webcam/S19/S19_E0I120D0.arff,saccade,raw,6,5,-1,36.96666666666666,42.86,5.893333333333338,25.907965313136167,13.415774297445525,-12.492191015690642
S19,S19_E0I121D0,data/outputs_webcam/S19/S19_E0I121D0.arff,fixation,raw,9,7,-2,165.6111111111111,240.22857142857143,74.61746031746034,48.65101346437822,214.4774014069681,165.8263879425899
S19,S19_E0I121D0,data/outputs_webcam/S19/S19_E0I121D0.arff,saccade,raw,8,6,-2,32.2875,38.18333333333333,5.895833333333329,18.438735430764073,8.729585709910102,-9.70914972085397
S19,S19_E0I122D0,data/outputs_webcam/S19/S19_E0I122D0.arff,fixation,raw,6,6,0,203.88333333333333,217.43333333333337,13.55000000000004,44.7830957691255,45.03881289140142,0.25571712227591803
S19,S19_E0I122D0,data/outputs_webcam/S19/S19_E0I122D0.arff,saccade,raw,5,5,0,32.300000000000004,35.260000000000005,2.960000000000001,12.161619957883898,14.018666127702733,1.857046169818835
S19,S19_E0I123D0,data/outputs_webcam/S19/S19_E0I123D0.arff,fixation,raw,11,8,-3,124.19090909090909,204.02499999999998,79.83409090909089,46.781202518649614,140.11044368130246,93.32924116265283
S19,S19_E0I123D0,data/outputs_webcam/S19/S19_E0I123D0.arff,saccade,raw,10,7,-3,39.059999999999995,34.75714285714286,-4.302857142857135,19.03681812815483,12.60738634595571,-6.429431782199121
S19,S19_E0I124D0,data/outputs_webcam/S19/S19_E0I124D0.arff,fixation,raw,9,9,0,191.16666666666663,204.27777777777777,13.111111111111143,46.927710363920376,36.62361866943851,-10.304091694481869
S19,S19_E0I124D0,data/outputs_webcam/S19/S19_E0I124D0.arff,saccade,raw,8,8,0,34.05,30.4375,-3.612499999999997,10.407552202950647,2.657032447782945,-7.750519755167702
S19,S19_E0I125D0,data/outputs_webcam/S19/S19_E0I125D0.arff,fixation,raw,9,7,-2,183.61111111111111,224.31428571428572,40.7031746031746,112.07988718370085,120.66385026968418,8.583963085983328
S19,S19_E0I125D0,data/outputs_webcam/S19/S19_E0I125D0.arff,saccade,raw,7,6,-1,37.98571428571429,49.21666666666666,11.230952380952374,17.287030646453676,17.46166276924012,0.1746321227864449
S19,S19_E0I126D0,data/outputs_webcam/S19/S19_E0I126D0.arff,fixation,raw,7,7,0,214.78571428571428,228.6,13.814285714285717,100.67203233886806,108.60696724121033,7.934934902342263
S19,S19_E0I126D0,data/outputs_webcam/S19/S19_E0I126D0.arff,saccade,raw,6,6,0,47.93333333333334,39.3,-8.63333333333334,34.15052952249301,14.382072173369176,-19.768457349123835
S19,S19_E0I127D0,data/outputs_webcam/S19/S19_E0I127D0.arff,fixation,raw,7,7,0,157.93571428571428,174.02142857142857,16.08571428571429,49.77410399566655,48.953505638367865,-0.8205983572986852
S19,S19_E0I127D0,data/outputs_webcam/S19/S19_E0I127D0.arff,saccade,raw,6,6,0,33.333333333333336,40.65,7.316666666666663,15.924373352401238,12.763228431709589,-3.1611449206916493
S19,S19_E0I128D0,data/outputs_webcam/S19/S19_E0I128D0.arff,fixation,raw,12,12,0,208.10833333333332,223.375,15.26666666666668,82.53071558608659,92.51599493158909,9.985279345502505
S19,S19_E0I128D0,data/outputs_webcam/S19/S19_E0I128D0.arff,saccade,raw,11,11,0,42.98181818181818,38.22727272727273,-4.75454545454545,11.310952053812107,10.352206615895078,-0.9587454379170293
S19,S19_E0I129D0,data/outputs_webcam/S19/S19_E0I129D0.arff,fixation,raw,6,7,1,168.35,157.9,-10.449999999999989,52.908931193136006,76.38409520312457,23.475164009988568
S19,S19_E0I129D0,data/outputs_webcam/S19/S19_E0I129D0.arff,saccade,raw,6,6,0,36.833333333333336,42.86666666666667,6.033333333333331,11.336430949230301,9.70188985026457,-1.634541098965732
S19,S19_E0I130D0,data/outputs_webcam/S19/S19_E0I130D0.arff,fixation,raw,10,10,0,168.08999999999997,173.14,5.050000000000011,41.29773870591733,45.55773382326113,4.259995117343799
S19,S19_E0I130D0,data/outputs_webcam/S19/S19_E0I130D0.arff,saccade,raw,9,9,0,37.73333333333333,47.488888888888894,9.755555555555567,10.00312451187128,15.8303856905355,5.827261178664221
S19,S19_E0I131D0,data/outputs_webcam/S19/S19_E0I131D0.arff,fixation,raw,7,7,0,160.20000000000002,177.07142857142858,16.871428571428567,40.515881659747535,54.28015949023836,13.764277830490826
S19,S19_E0I131D0,data/outputs_webcam/S19/S19_E0I131D0.arff,saccade,raw,6,6,0,46.76666666666667,36.983333333333334,-9.783333333333339,31.883893530537748,8.161229482539175,-23.72266404799857
S19,S19_E0I132D0,data/outputs_webcam/S19/S19_E0I132D0.arff,fixation,raw,7,8,1,187.38571428571427,168.52500000000003,-18.860714285714238,57.1216663088951,84.13746829699934,27.015801988104243
S19,S19_E0I132D0,data/outputs_webcam/S19/S19_E0I132D0.arff,saccade,raw,7,7,0,29.542857142857144,35.871428571428574,6.328571428571429,17.07560219951819,14.463023460502566,-2.6125787390156248
S19,S19_E0I134D0,data/outputs_webcam/S19/S19_E0I134D0.arff,fixation,raw,5,4,-1,182.73999999999998,250.525,67.78500000000003,34.169913666850256,110.93792183018394,76.76800816333369
S19,S19_E0I134D0,data/outputs_webcam/S19/S19_E0I134D0.arff,saccade,raw,4,3,-1,49.625,61.366666666666674,11.741666666666674,42.21108661635393,33.257981498180754,-8.953105118173177
S19,S19_E0I135D0,data/outputs_webcam/S19/S19_E0I135D0.arff,fixation,raw,7,7,0,172.0,195.29999999999998,23.299999999999983,69.08002605674088,92.48506185685702,23.40503580011614
S19,S19_E0I135D0,data/outputs_webcam/S19/S19_E0I135D0.arff,saccade,raw,6,5,-1,36.9,53.1,16.200000000000003,24.209419654341158,16.819482750667454,-7.3899369036737035
S19,S19_E0I136D0,data/outputs_webcam/S19/S19_E0I136D0.arff,fixation,raw,7,7,0,182.05714285714285,187.2857142857143,5.228571428571456,96.86825859800271,108.7654116063777,11.897153008374985
S19,S19_E0I136D0,data/outputs_webcam/S19/S19_E0I136D0.arff,saccade,raw,6,6,0,39.38333333333333,41.76666666666667,2.38333333333334,18.43468650849986,14.487327795927955,-3.947358712571903
S19,S19_E0I137D0,data/outputs_webcam/S19/S19_E0I137D0.arff,fixation,raw,8,8,0,170.225,163.7375,-6.487499999999983,50.89967022065495,65.10398139021255,14.204311169557606
S19,S19_E0I137D0,data/outputs_webcam/S19/S19_E0I137D0.arff,saccade,raw,7,7,0,34.871428571428574,43.18571428571429,8.314285714285717,15.250323962210802,10.084547349191991,-5.16577661301881
S19,S19_E0I138D0,data/outputs_webcam/S19/S19_E0I138D0.arff,fixation,raw,6,6,0,169.43333333333334,181.66666666666666,12.23333333333332,28.41609872355223,36.18384538252763,7.767746658975398
S19,S19_E0I138D0,data/outputs_webcam/S19/S19_E0I138D0.arff,saccade,raw,5,5,0,45.9,41.3,-4.600000000000001,25.83882737277371,12.04595367748025,-13.79287369529346
S19,S19_E0I139D0,data/outputs_webcam/S19/S19_E0I139D0.arff,fixation,raw,7,6,-1,182.09999999999997,232.04999999999998,49.95000000000002,124.94436095051802,201.90491574005821,76.9605547895402
S19,S19_E0I139D0,data/outputs_webcam/S19/S19_E0I139D0.arff,saccade,raw,6,5,-1,34.43333333333334,38.28,3.846666666666664,17.16539153840269,9.74766638739755,-7.417725151005142
S19,S19_E0I140D0,data/outputs_webcam/S19/S19_E0I140D0.arff,fixation,raw,9,8,-1,145.63333333333333,185.9125,40.27916666666667,58.981098667284925,47.08310092652291,-11.897997740762015
S19,S19_E0I140D0,data/outputs_webcam/S19/S19_E0I140D0.arff,saccade,raw,6,7,1,40.483333333333334,40.971428571428575,0.4880952380952408,12.978045564208298,13.93266118223822,0.9546156180299228
S20,S20_E0I101D0,data/outputs_webcam/S20/S20_E0I101D0.arff,fixation,raw,11,11,0,182.36363636363635,188.31818181818178,5.954545454545439,100.34344296193223,100.68740554986825,0.3439625879360193
S20,S20_E0I101D0,data/outputs_webcam/S20/S20_E0I101D0.arff,saccade,raw,9,11,2,24.48888888888889,36.08181818181818,11.592929292929288,10.337848475921435,12.427696341785808,2.089847865864373
S20,S20_E0I103D0,data/outputs_webcam/S20/S20_E0I103D0.arff,fixation,raw,10,5,-5,151.23,358.48,207.25000000000003,76.21654894662532,298.53344368763777,222.31689474101245
S20,S20_E0I103D0,data/outputs_webcam/S20/S20_E0I103D0.arff,saccade,raw,9,4,-5,26.999999999999996,34.9,7.900000000000002,10.333198923857026,6.964672760917535,-3.3685261629394905
S20,S20_E0I104D0,data/outputs_webcam/S20/S20_E0I104D0.arff,fixation,raw,8,7,-1,163.9875,206.22857142857146,42.241071428571445,26.480312767898237,107.2649323604211,80.78461959252286
S20,S20_E0I104D0,data/outputs_webcam/S20/S20_E0I104D0.arff,saccade,raw,7,6,-1,28.52857142857143,29.666666666666668,1.1380952380952394,12.52274121824162,0.41311822359545786,-12.109622994646163
S20,S20_E0I105D0,data/outputs_webcam/S20/S20_E0I105D0.arff,fixation,raw,11,6,-5,111.51363636363637,250.9,139.38636363636363,57.9752062993703,179.72889305840616,121.75368675903586
S20,S20_E0I105D0,data/outputs_webcam/S20/S20_E0I105D0.arff,saccade,raw,9,6,-3,26.272222222222222,38.233333333333334,11.961111111111112,12.779356182705154,9.93668288045194,-2.842673302253214
S20,S20_E0I106D0,data/outputs_webcam/S20/S20_E0I106D0.arff,fixation,raw,6,6,0,199.25,204.25,5.0,72.10965954710923,81.54995401592818,9.440294468818948
S20,S20_E0I106D0,data/outputs_webcam/S20/S20_E0I106D0.arff,saccade,raw,5,5,0,20.66,38.419999999999995,17.759999999999994,8.024213357083669,9.567497060360145,1.543283703276476
S20,S20_E0I107D0,data/outputs_webcam/S20/S20_E0I107D0.arff,fixation,raw,10,9,-1,135.78,186.86666666666667,51.08666666666667,61.45415273916718,110.31238597727818,48.858233238111005
S20,S20_E0I107D0,data/outputs_webcam/S20/S20_E0I107D0.arff,saccade,raw,10,8,-2,33.9,36.0375,2.137500000000003,19.967139671637167,9.017116659838825,-10.950023011798342
S20,S20_E0I108D0,data/outputs_webcam/S20/S20_E0I108D0.arff,fixation,raw,8,8,0,222.54999999999998,233.4625,10.912500000000023,155.7420945024177,152.53196327795882,-3.210131224458877
S20,S20_E0I108D0,data/outputs_webcam/S20/S20_E0I108D0.arff,saccade,raw,7,7,0,32.699999999999996,35.9,3.200000000000003,13.250031446503565,9.026627277117404,-4.223404169386161
S20,S20_E0I109D0,data/outputs_webcam/S20/S20_E0I109D0.arff,fixation,raw,10,9,-1,192.28000000000003,234.8777777777778,42.597777777777765,100.58798028481225,104.73342085716689,4.145440572354644
S20,S20_E0I109D0,data/outputs_webcam/S20/S20_E0I109D0.arff,saccade,raw,8,8,0,31.4625,36.025,4.5625,16.34065372883577,8.293500036603534,-8.047153692232234
S20,S20_E0I110D0,data/outputs_webcam/S20/S20_E0I110D0.arff,fixation,raw,12,12,0,164.39166666666665,169.38333333333333,4.991666666666674,76.36725212399422,96.04618996118798,19.678937837193757
S20,S20_E0I110D0,data/outputs_webcam/S20/S20_E0I110D0.arff,saccade,raw,10,11,1,22.150000000000002,38.90909090909091,16.759090909090904,10.378851360124374,13.602533186539526,3.2236818264151523
S20,S20_E0I111D0,data/outputs_webcam/S20/S20_E0I111D0.arff,fixation,raw,11,8,-3,123.10909090909091,241.25,118.14090909090909,84.3337827272731,120.86144369247198,36.527660965198876
S20,S20_E0I111D0,data/outputs_webcam/S20/S20_E0I111D0.arff,saccade,raw,12,7,-5,32.6,38.74285714285715,6.142857142857146,19.251446226665205,9.95453952440077,-9.296906702264435
S20,S20_E0I112D0,data/outputs_webcam/S20/S20_E0I112D0.arff,fixation,raw,7,7,0,156.82857142857142,170.5,13.671428571428578,57.934667637656425,56.76457228471528,-1.1700953529411464
S20,S20_E0I112D0,data/outputs_webcam/S20/S20_E0I112D0.arff,saccade,raw,6,6,0,41.88333333333333,38.233333333333334,-3.6499999999999986,12.100316800260506,7.258558167202812,-4.841758633057694
S20,S20_E0I113D0,data/outputs_webcam/S20/S20_E0I113D0.arff,fixation,raw,11,12,1,177.51818181818183,154.14166666666668,-23.37651515151515,105.51162796755453,71.30633604811048,-34.20529191944405
S20,S20_E0I113D0,data/outputs_webcam/S20/S20_E0I113D0.arff,saccade,raw,10,10,0,34.739999999999995,40.58,5.840000000000003,17.035792386097636,11.200476180353524,-5.835316205744112
S20,S20_E0I114D0,data/outputs_webcam/S20/S20_E0I114D0.arff,fixation,raw,10,10,0,148.92,166.60000000000002,17.680000000000035,45.84558139377592,41.3094016740338,-4.5361797197421225
S20,S20_E0I114D0,data/outputs_webcam/S20/S20_E0I114D0.arff,saccade,raw,9,9,0,27.166666666666668,38.599999999999994,11.433333333333326,11.827827357549651,11.545561917897285,-0.2822654396523667
S20,S20_E0I115D0,data/outputs_webcam/S20/S20_E0I115D0.arff,fixation,raw,8,6,-2,198.0125,287.2166666666667,89.20416666666671,58.46956320538551,141.45678374212622,82.98722053674071
S20,S20_E0I115D0,data/outputs_webcam/S20/S20_E0I115D0.arff,saccade,raw,7,5,-2,31.62857142857143,44.44,12.811428571428568,15.617587765690564,10.398461424653167,-5.219126341037397
S20,S20_E0I116D0,data/outputs_webcam/S20/S20_E0I116D0.arff,fixation,raw,10,9,-1,117.13,158.88888888888889,41.75888888888889,59.15448794845954,76.51281664604377,17.358328697584234
S20,S20_E0I116D0,data/outputs_webcam/S20/S20_E0I116D0.arff,saccade,raw,9,8,-1,39.47777777777778,37.8875,-1.5902777777777786,23.009388180576302,12.732908712690683,-10.276479467885618
S20,S20_E0I117D0,data/outputs_webcam/S20/S20_E0I117D0.arff,fixation,raw,11,11,0,228.5363636363636,232.73636363636362,4.200000000000017,118.95997034908233,125.02202424154932,6.062053892466992
S20,S20_E0I117D0,data/outputs_webcam/S20/S20_E0I117D0.arff,saccade,raw,8,9,1,26.8,45.05555555555556,18.255555555555556,11.127443551867607,17.04098816905222,5.913544617184613
S20,S20_E0I118D0,data/outputs_webcam/S20/S20_E0I118D0.arff,fixation,raw,7,7,0,167.44285714285712,172.78571428571425,5.342857142857127,113.95030871894492,128.98623219257973,15.03592347363481
S20,S20_E0I118D0,data/outputs_webcam/S20/S20_E0I118D0.arff,saccade,raw,5,5,0,32.54,35.440000000000005,2.9000000000000057,4.118009227770138,6.318465003464053,2.200455775693915
S20,S20_E0I119D0,data/outputs_webcam/S20/S20_E0I119D0.arff,fixation,raw,7,7,0,170.29999999999998,195.72857142857143,25.428571428571445,56.93827066803721,61.198766716487405,4.260496048450193
S20,S20_E0I119D0,data/outputs_webcam/S20/S20_E0I119D0.arff,saccade,raw,7,6,-1,25.371428571428574,41.916666666666664,16.54523809523809,11.166126497240704,12.081294080795596,0.9151675835548918
S20,S20_E0I120D0,data/outputs_webcam/S20/S20_E0I120D0.arff,fixation,raw,10,10,0,199.89,211.65,11.76000000000002,136.89320614584526,129.63357975462995,-7.259626391215306
S20,S20_E0I120D0,data/outputs_webcam/S20/S20_E0I120D0.arff,saccade,raw,9,10,1,27.744444444444444,33.11,5.365555555555556,11.442149176521767,12.541437982411216,1.099288805889449
S20,S20_E0I121D0,data/outputs_webcam/S20/S20_E0I121D0.arff,fixation,raw,8,8,0,173.125,203.5,30.375,86.279938903217,158.54060318146534,72.26066427824834
S20,S20_E0I121D0,data/outputs_webcam/S20/S20_E0I121D0.arff,saccade,raw,7,6,-1,23.25714285714286,36.88333333333333,13.626190476190473,7.911143436709416,16.178555765786594,8.267412329077178
S20,S20_E0I122D0,data/outputs_webcam/S20/S20_E0I122D0.arff,fixation,raw,11,10,-1,219.0,246.21999999999997,27.21999999999997,114.94674419051634,164.50327115964055,49.55652696912421
S20,S20_E0I122D0,data/outputs_webcam/S20/S20_E0I122D0.arff,saccade,raw,9,8,-1,29.488888888888887,38.574999999999996,9.086111111111109,13.306900883042267,7.491280645809882,-5.815620237232386
S20,S20_E0I123D0,data/outputs_webcam/S20/S20_E0I123D0.arff,fixation,raw,8,7,-1,159.91250000000002,194.20000000000002,34.287499999999994,80.7880195768089,77.08052066940563,-3.707498907403277
S20,S20_E0I123D0,data/outputs_webcam/S20/S20_E0I123D0.arff,saccade,raw,7,6,-1,29.54285714285714,31.983333333333334,2.4404761904761934,0.39520940802374105,5.999805552404735,5.604596144380993
S20,S20_E0I124D0,data/outputs_webcam/S20/S20_E0I124D0.arff,fixation,raw,8,8,0,203.8,219.425,15.625,152.91428037582736,154.27466924750988,1.3603888716825168
S20,S20_E0I124D0,data/outputs_webcam/S20/S20_E0I124D0.arff,saccade,raw,7,7,0,24.47142857142857,31.5,7.0285714285714285,9.280214488490065,3.736754384935318,-5.543460103554747
S20,S20_E0I125D0,data/outputs_webcam/S20/S20_E0I125D0.arff,fixation,raw,8,8,0,151.225,164.02499999999998,12.799999999999983,46.94625346378253,35.88396975968915,-11.062283704093382
S20,S20_E0I125D0,data/outputs_webcam/S20/S20_E0I125D0.arff,saccade,raw,8,7,-1,24.0875,38.057142857142864,13.969642857142865,10.918063342134317,7.819602961544177,-3.09846038059014
S20,S20_E0I126D0,data/outputs_webcam/S20/S20_E0I126D0.arff,fixation,raw,8,7,-1,142.9875,157.08571428571426,14.09821428571425,33.48058872583592,90.22179020930271,56.74120148346679
S20,S20_E0I126D0,data/outputs_webcam/S20/S20_E0I126D0.arff,saccade,raw,6,5,-1,29.533333333333335,36.88,7.346666666666668,13.988233150282657,12.918862179000133,-1.069370971282524
S20,S20_E0I127D0,data/outputs_webcam/S20/S20_E0I127D0.arff,fixation,raw,8,8,0,181.35000000000002,201.7625,20.412499999999966,67.9656635998754,91.45345322699879,23.48778962712339
S20,S20_E0I127D0,data/outputs_webcam/S20/S20_E0I127D0.arff,saccade,raw,6,8,2,28.433333333333334,46.975,18.541666666666668,20.237259366491962,11.78240213199329,-8.454857234498672
S20,S20_E0I129D0,data/outputs_webcam/S20/S20_E0I129D0.arff,fixation,raw,9,9,0,193.1222222222222,186.64444444444447,-6.477777777777732,56.287049526906664,68.21083328751949,11.923783760612828
S20,S20_E0I129D0,data/outputs_webcam/S20/S20_E0I129D0.arff,saccade,raw,7,7,0,30.557142857142857,42.214285714285715,11.657142857142858,2.8512319810081763,9.313328902068006,6.46209692105983
S20,S20_E0I130D0,data/outputs_webcam/S20/S20_E0I130D0.arff,fixation,raw,7,8,1,167.54285714285714,159.5125,-8.030357142857156,47.38332537728356,74.85487745345274,27.471552076169182
S20,S20_E0I130D0,data/outputs_webcam/S20/S20_E0I130D0.arff,saccade,raw,7,7,0,27.428571428571427,36.81428571428571,9.385714285714283,13.249995507636255,7.368045550761426,-5.881949956874829
S20,S20_E0I131D0,data/outputs_webcam/S20/S20_E0I131D0.arff,fixation,raw,8,8,0,197.1,202.5625,5.462500000000006,94.81485718418365,98.68474969025645,3.8698925060728016
S20,S20_E0I131D0,data/outputs_webcam/S20/S20_E0I131D0.arff,saccade,raw,6,6,0,23.46666666666667,34.61666666666667,11.149999999999999,9.84675919613487,12.978045564208298,3.131286368073427
S20,S20_E0I132D0,data/outputs_webcam/S20/S20_E0I132D0.arff,fixation,raw,12,9,-3,213.01666666666668,280.7888888888889,67.77222222222221,142.7708579465287,207.23576214329202,64.46490419676331
S20,S20_E0I132D0,data/outputs_webcam/S20/S20_E0I132D0.arff,saccade,raw,9,8,-1,22.188888888888886,51.6375,29.448611111111116,11.676733751829365,31.52445479306502,19.84772104123565
S20,S20_E0I133D0,data/outputs_webcam/S20/S20_E0I133D0.arff,fixation,raw,9,8,-1,206.33333333333337,248.6375,42.30416666666662,159.7328472794497,255.70618707247354,95.97333979302385
S20,S20_E0I133D0,data/outputs_webcam/S20/S20_E0I133D0.arff,saccade,raw,7,7,0,21.12857142857143,34.77142857142857,13.642857142857142,7.893396878766092,6.982767905282805,-0.9106289734832869
S20,S20_E0I134D0,data/outputs_webcam/S20/S20_E0I134D0.arff,fixation,raw,6,8,2,170.38333333333333,148.7625,-21.620833333333337,66.52209908494069,87.52630522958715,21.00420614464646
S20,S20_E0I134D0,data/outputs_webcam/S20/S20_E0I134D0.arff,saccade,raw,6,6,0,33.21666666666667,37.03333333333334,3.81666666666667,21.60688933342018,14.823045121251795,-6.783844212168386
S20,S20_E0I135D0,data/outputs_webcam/S20/S20_E0I135D0.arff,fixation,raw,9,10,1,261.0111111111111,214.28000000000003,-46.73111111111109,129.8454604948171,145.7789026040615,15.933442109244396
S20,S20_E0I135D0,data/outputs_webcam/S20/S20_E0I135D0.arff,saccade,raw,9,6,-3,25.400000000000002,38.06666666666667,12.666666666666668,8.252120939491858,16.283570452043577,8.031449512551719
S20,S20_E0I136D0,data/outputs_webcam/S20/S20_E0I136D0.arff,fixation,raw,9,9,0,119.0,133.8111111111111,14.811111111111103,64.904179372364,87.0901464639434,22.1859670915794
S20,S20_E0I136D0,data/outputs_webcam/S20/S20_E0I136D0.arff,saccade,raw,6,7,1,49.13333333333333,31.585714285714285,-17.547619047619047,23.567831182921065,9.982055328008785,-13.58577585491228
S20,S20_E0I137D0,data/outputs_webcam/S20/S20_E0I137D0.arff,fixation,raw,7,7,0,230.61428571428573,232.57142857142858,1.9571428571428555,145.46105353405804,177.68287025189676,32.22181671783872
S20,S20_E0I137D0,data/outputs_webcam/S20/S20_E0I137D0.arff,saccade,raw,6,5,-1,19.749999999999996,43.0,23.250000000000004,7.668572226953333,14.957105334923599,7.288533107970266
S20,S20_E0I138D0,data/outputs_webcam/S20/S20_E0I138D0.arff,fixation,raw,12,11,-1,189.1,222.35454545454542,33.25454545454542,90.09419313342916,128.5172390275823,38.423045894153134
S20,S20_E0I138D0,data/outputs_webcam/S20/S20_E0I138D0.arff,saccade,raw,11,10,-1,26.854545454545452,40.589999999999996,13.735454545454544,14.497818017644148,11.173823577152692,-3.3239944404914556
S20,S20_E0I139D0,data/outputs_webcam/S20/S20_E0I139D0.arff,fixation,raw,7,7,0,143.07142857142856,168.3571428571429,25.285714285714334,52.97545703077084,53.242741512900366,0.2672844821295257
S20,S20_E0I139D0,data/outputs_webcam/S20/S20_E0I139D0.arff,saccade,raw,5,6,1,44.22,35.53333333333334,-8.68666666666666,18.085823177284464,16.32772692895942,-1.7580962483250424
S20,S20_E0I140D0,data/outputs_webcam/S20/S20_E0I140D0.arff,fixation,raw,12,13,1,212.43333333333337,210.92307692307693,-1.5102564102564315,154.04699007612953,161.99133800837498,7.944347932245449
S20,S20_E0I140D0,data/outputs_webcam/S20/S20_E0I140D0.arff,saccade,raw,10,11,1,23.6,41.53636363636364,17.936363636363637,14.123896220393453,8.877305078375162,-5.246591142018291
S21,S21_E0I101D0,data/outputs_webcam/S21/S21_E0I101D0.arff,fixation,raw,4,4,0,235.95,223.025,-12.924999999999983,149.96711861827134,158.12403095882252,8.156912340551173
S21,S21_E0I101D0,data/outputs_webcam/S21/S21_E0I101D0.arff,saccade,raw,4,4,0,27.75,44.37499999999999,16.624999999999993,9.338272502627738,10.489478855818655,1.1512063531909167
S21,S21_E0I102D0,data/outputs_webcam/S21/S21_E0I102D0.arff,fixation,raw,13,14,1,200.6615384615385,188.92142857142858,-11.74010989010992,91.12027343445163,81.83350055562094,-9.28677287883069
S21,S21_E0I102D0,data/outputs_webcam/S21/S21_E0I102D0.arff,saccade,raw,11,11,0,32.21818181818182,34.96363636363637,2.7454545454545496,11.517362387440814,7.564822896442815,-3.9525394909979994
S21,S21_E0I103D0,data/outputs_webcam/S21/S21_E0I103D0.arff,fixation,raw,4,4,0,134.975,150.95,15.974999999999994,111.91733184215333,110.7940281182459,-1.1233037239074264
S21,S21_E0I103D0,data/outputs_webcam/S21/S21_E0I103D0.arff,saccade,raw,2,3,1,36.900000000000006,24.7,-12.200000000000006,10.323759005323595,8.487638069569178,-1.8361209357544173
S21,S21_E0I104D0,data/outputs_webcam/S21/S21_E0I104D0.arff,fixation,raw,5,5,0,167.87,165.01,-2.8600000000000136,54.26884004656816,39.297748027081646,-14.971092019486512
S21,S21_E0I104D0,data/outputs_webcam/S21/S21_E0I104D0.arff,saccade,raw,4,4,0,42.5,47.85,5.350000000000001,15.126466871017833,12.704329970525798,-2.422136900492035
S21,S21_E0I105D0,data/outputs_webcam/S21/S21_E0I105D0.arff,fixation,raw,7,8,1,152.65714285714287,139.97500000000002,-12.68214285714285,57.59279055410949,72.66497977509033,15.072189220980839
S21,S21_E0I105D0,data/outputs_webcam/S21/S21_E0I105D0.arff,saccade,raw,7,7,0,39.0,43.2,4.200000000000003,14.005832118561658,11.566330446602327,-2.4395016719593308
S21,S21_E0I106D0,data/outputs_webcam/S21/S21_E0I106D0.arff,fixation,raw,5,5,0,147.42000000000002,135.66,-11.76000000000002,29.831476664757986,27.21411398520996,-2.6173626795480267
S21,S21_E0I106D0,data/outputs_webcam/S21/S21_E0I106D0.arff,saccade,raw,4,4,0,25.85,40.45,14.600000000000001,7.369079544511196,7.366817494685206,-0.002262049825990431
S21,S21_E0I107D0,data/outputs_webcam/S21/S21_E0I107D0.arff,fixation,raw,7,7,0,182.18571428571428,190.6142857142857,8.428571428571416,56.18622098496595,62.97307436705067,6.786853382084722
S21,S21_E0I107D0,data/outputs_webcam/S21/S21_E0I107D0.arff,saccade,raw,6,6,0,43.0,40.550000000000004,-2.4499999999999957,9.796734149705197,12.87784919930343,3.0811150495982336
S21,S21_E0I108D0,data/outputs_webcam/S21/S21_E0I108D0.arff,fixation,raw,5,5,0,195.54,176.44,-19.099999999999994,99.01915471261104,115.43555778008786,16.41640306747682
S21,S21_E0I108D0,data/outputs_webcam/S21/S21_E0I108D0.arff,saccade,raw,4,4,0,33.125,33.225,0.10000000000000142,14.022214518399013,7.517701333076044,-6.504513185322969
S21,S21_E0I109D0,data/outputs_webcam/S21/S21_E0I109D0.arff,fixation,raw,4,4,0,147.5,149.55,2.0500000000000114,27.895160870659986,28.43032418621591,0.5351633155559234
S21,S21_E0I109D0,data/outputs_webcam/S21/S21_E0I109D0.arff,saccade,raw,4,3,-1,25.95,34.56666666666667,8.61666666666667,7.43527627821141,8.775724091682314,1.3404478134709032
S21,S21_E0I110D0,data/outputs_webcam/S21/S21_E0I110D0.arff,fixation,raw,4,4,0,184.52499999999998,197.2,12.675000000000011,75.88132730345018,79.25768101578547,3.3763537123352876
S21,S21_E0I110D0,data/outputs_webcam/S21/S21_E0I110D0.arff,saccade,raw,3,3,0,49.29999999999999,49.366666666666674,0.0666666666666842,4.330127018922194,11.249148115894524,6.9190210969723305
S21,S21_E0I111D0,data/outputs_webcam/S21/S21_E0I111D0.arff,fixation,raw,4,4,0,167.425,160.175,-7.25,45.81465376929089,31.51374038944494,-14.300913379845952
S21,S21_E0I111D0,data/outputs_webcam/S21/S21_E0I111D0.arff,saccade,raw,4,4,0,43.025,37.45,-5.574999999999996,9.517483911202584,9.270203162103119,-0.24728074909946507
S21,S21_E0I112D0,data/outputs_webcam/S21/S21_E0I112D0.arff,fixation,raw,6,6,0,165.96666666666667,165.9333333333333,-0.03333333333335986,47.808646358861346,49.53918314492748,1.730536786066132
S21,S21_E0I112D0,data/outputs_webcam/S21/S21_E0I112D0.arff,saccade,raw,5,5,0,42.84,42.72,-0.12000000000000455,13.213364446650218,8.061761594093442,-5.151602852556776
S21,S21_E0I113D0,data/outputs_webcam/S21/S21_E0I113D0.arff,fixation,raw,4,5,1,174.75,126.58,-48.17,42.073071356074465,73.12145376016535,31.048382404090887
S21,S21_E0I113D0,data/outputs_webcam/S21/S21_E0I113D0.arff,saccade,raw,3,4,1,44.5,44.37499999999999,-0.1250000000000071,0.10000000000000142,13.492559678084314,13.392559678084313
S21,S21_E0I114D0,data/outputs_webcam/S21/S21_E0I114D0.arff,fixation,raw,5,6,1,194.11999999999998,164.35,-29.769999999999982,82.11136949290275,96.02580382376397,13.914434330861212
S21,S21_E0I114D0,data/outputs_webcam/S21/S21_E0I114D0.arff,saccade,raw,4,5,1,40.675,35.42,-5.2549999999999955,14.231040018213704,8.060831222646955,-6.170208795566749
S21,S21_E0I115D0,data/outputs_webcam/S21/S21_E0I115D0.arff,fixation,raw,15,15,0,182.5,188.88,6.3799999999999955,70.30929627621899,125.03138577401847,54.72208949779949
S21,S21_E0I115D0,data/outputs_webcam/S21/S21_E0I115D0.arff,saccade,raw,11,12,1,44.33636363636363,42.608333333333334,-1.7280303030302946,10.869339697265213,9.607426893562684,-1.2619128037025291
S21,S21_E0I116D0,data/outputs_webcam/S21/S21_E0I116D0.arff,fixation,raw,5,4,-1,115.08,151.075,35.99499999999999,60.57835421996871,48.85941567395173,-11.718938546016979
S21,S21_E0I116D0,data/outputs_webcam/S21/S21_E0I116D0.arff,saccade,raw,4,3,-1,35.025,46.666666666666664,11.641666666666666,21.971553578813367,18.563494642263166,-3.4080589365502014
S21,S21_E0I117D0,data/outputs_webcam/S21/S21_E0I117D0.arff,fixation,raw,4,4,0,151.0,154.79999999999998,3.799999999999983,56.831857263334264,47.65018363028626,-9.181673633048007
S21,S21_E0I117D0,data/outputs_webcam/S21/S21_E0I117D0.arff,saccade,raw,3,3,0,29.766666666666666,42.2,12.433333333333337,15.101765901156504,21.393690658696553,6.291924757540048
S21,S21_E0I118D0,data/outputs_webcam/S21/S21_E0I118D0.arff,fixation,raw,5,8,3,244.28000000000003,209.0,-35.28000000000003,222.40302830672067,179.99458722020344,-42.40844108651723
S21,S21_E0I118D0,data/outputs_webcam/S21/S21_E0I118D0.arff,saccade,raw,4,5,1,45.975,36.84,-9.134999999999998,7.2518388472625785,8.901292041046625,1.6494531937840469
S21,S21_E0I119D0,data/outputs_webcam/S21/S21_E0I119D0.arff,fixation,raw,8,9,1,239.2625,210.08888888888887,-29.173611111111114,136.1382903783607,123.10521358216764,-13.033076796193058
S21,S21_E0I119D0,data/outputs_webcam/S21/S21_E0I119D0.arff,saccade,raw,6,7,1,34.449999999999996,37.92857142857143,3.478571428571435,12.027426990009126,18.24981408907264,6.222387099063514
S21,S21_E0I120D0,data/outputs_webcam/S21/S21_E0I120D0.arff,fixation,raw,6,6,0,276.34999999999997,271.48333333333335,-4.866666666666617,208.91251518279128,184.11802102636955,-24.794494156421734
S21,S21_E0I120D0,data/outputs_webcam/S21/S21_E0I120D0.arff,saccade,raw,5,5,0,32.64,39.92,7.280000000000001,6.742625601351451,14.295348893958481,7.5527232926070305
S21,S21_E0I121D0,data/outputs_webcam/S21/S21_E0I121D0.arff,fixation,raw,5,5,0,160.52,165.01999999999998,4.499999999999972,49.79650590151883,41.18102718485784,-8.615478716660988
S21,S21_E0I121D0,data/outputs_webcam/S21/S21_E0I121D0.arff,saccade,raw,4,4,0,38.650000000000006,37.0,-1.6500000000000057,18.356197863392083,8.661023803992999,-9.695174059399084
S21,S21_E0I122D0,data/outputs_webcam/S21/S21_E0I122D0.arff,fixation,raw,5,5,0,157.57999999999998,160.51999999999998,2.9399999999999977,101.30543914321679,99.60430211592268,-1.7011370272941093
S21,S21_E0I122D0,data/outputs_webcam/S21/S21_E0I122D0.arff,saccade,raw,4,4,0,35.0,35.125,0.125,7.001428425685717,11.05,4.048571574314284
S21,S21_E0I123D0,data/outputs_webcam/S21/S21_E0I123D0.arff,fixation,raw,4,4,0,174.575,161.8,-12.774999999999977,49.835955895317184,50.982153740304064,1.1461978449868795
S21,S21_E0I123D0,data/outputs_webcam/S21/S21_E0I123D0.arff,saccade,raw,3,3,0,49.29999999999999,19.7,-29.59999999999999,8.231038816577165,8.487048957087499,0.2560101405103339
S21,S21_E0I124D0,data/outputs_webcam/S21/S21_E0I124D0.arff,fixation,raw,4,5,1,173.0,120.58,-52.42,132.0034595506244,83.0211238179778,-48.982335732646604
S21,S21_E0I124D0,data/outputs_webcam/S21/S21_E0I124D0.arff,saccade,raw,3,4,1,44.26666666666667,44.3,0.03333333333332433,14.700453507743674,12.125180411028943,-2.5752730967147315
S21,S21_E0I125D0,data/outputs_webcam/S21/S21_E0I125D0.arff,fixation,raw,6,5,-1,131.85,172.8,40.95000000000002,49.33671046999384,106.82312483727483,57.48641436728099
S21,S21_E0I125D0,data/outputs_webcam/S21/S21_E0I125D0.arff,saccade,raw,5,4,-1,28.139999999999997,42.525000000000006,14.385000000000009,8.112213014954675,12.59560108397637,4.483388069021695
S21,S21_E0I126D0,data/outputs_webcam/S21/S21_E0I126D0.arff,fixation,raw,4,4,0,243.20000000000002,246.875,3.674999999999983,148.93696653282555,132.679296928094,-16.257669604731547
S21,S21_E0I126D0,data/outputs_webcam/S21/S21_E0I126D0.arff,saccade,raw,3,3,0,44.1,42.1,-2.0,14.4,21.39088590965788,6.990885909657878
S21,S21_E0I127D0,data/outputs_webcam/S21/S21_E0I127D0.arff,fixation,raw,4,5,1,254.52499999999998,187.38,-67.14499999999998,251.98192230131642,207.60957829541485,-44.37234400590157
S21,S21_E0I127D0,data/outputs_webcam/S21/S21_E0I127D0.arff,saccade,raw,2,3,1,40.45,48.833333333333336,8.383333333333333,15.344217151748078,4.0153870714208,-11.328830080327277
S21,S21_E0I128D0,data/outputs_webcam/S21/S21_E0I128D0.arff,fixation,raw,5,5,0,154.71999999999997,156.07999999999998,1.3600000000000136,29.55092215143209,37.82799228084937,8.277070129417282
S21,S21_E0I128D0,data/outputs_webcam/S21/S21_E0I128D0.arff,saccade,raw,4,4,0,42.45,44.175000000000004,1.7250000000000014,9.399822693363246,10.455102422581364,1.0552797292181175
S21,S21_E0I129D0,data/outputs_webcam/S21/S21_E0I129D0.arff,fixation,raw,4,4,0,176.425,178.325,1.8999999999999773,102.27141585017779,99.05848020235318,-3.212935647824608
S21,S21_E0I129D0,data/outputs_webcam/S21/S21_E0I129D0.arff,saccade,raw,3,3,0,41.73333333333334,41.76666666666667,0.03333333333333144,11.20818153552722,21.24672523786509,10.038543702337869
S21,S21_E0I130D0,data/outputs_webcam/S21/S21_E0I130D0.arff,fixation,raw,5,5,0,310.65999999999997,293.16,-17.499999999999943,338.14851470914374,347.6190918232196,9.470577114075866
S21,S21_E0I130D0,data/outputs_webcam/S21/S21_E0I130D0.arff,saccade,raw,4,3,-1,26.0,44.43333333333334,18.433333333333337,14.3092044968731,14.951365600952085,0.6421611040789852
S21,S21_E0I131D0,data/outputs_webcam/S21/S21_E0I131D0.arff,fixation,raw,3,3,0,295.3666666666666,295.43333333333334,0.06666666666671972,352.4329912668979,353.9363266653104,1.5033353984125029
S21,S21_E0I131D0,data/outputs_webcam/S21/S21_E0I131D0.arff,saccade,raw,1,1,0,29.7,29.7,0.0,0.0,0.0,0.0
S21,S21_E0I132D0,data/outputs_webcam/S21/S21_E0I132D0.arff,fixation,raw,4,5,1,204.35000000000002,157.76,-46.59000000000003,85.17904671924897,87.1485685481982,1.969521828949226
S21,S21_E0I132D0,data/outputs_webcam/S21/S21_E0I132D0.arff,saccade,raw,3,4,1,39.166666666666664,42.300000000000004,3.13333333333334,8.285127237003262,14.942556675482278,6.657429438479015
S21,S21_E0I133D0,data/outputs_webcam/S21/S21_E0I133D0.arff,fixation,raw,6,6,0,158.53333333333333,151.29999999999998,-7.2333333333333485,52.25995280008074,34.08196003753305,-18.17799276254769
S21,S21_E0I133D0,data/outputs_webcam/S21/S21_E0I133D0.arff,saccade,raw,5,5,0,41.46,48.68,7.219999999999999,15.265582203112988,17.77827325698421,2.5126910538712224
S21,S21_E0I134D0,data/outputs_webcam/S21/S21_E0I134D0.arff,fixation,raw,5,5,0,176.66000000000003,157.64000000000001,-19.02000000000001,53.17718495746085,34.65246023011931,-18.524724727341543
S21,S21_E0I134D0,data/outputs_webcam/S21/S21_E0I134D0.arff,saccade,raw,4,4,0,37.7,38.9,1.1999999999999957,19.83700246172961,20.218967992127258,0.3819655303976468
S21,S21_E0I135D0,data/outputs_webcam/S21/S21_E0I135D0.arff,fixation,raw,4,4,0,171.7,171.55,-0.14999999999997726,33.57310431481327,33.669620332479745,0.09651601766647389
S21,S21_E0I135D0,data/outputs_webcam/S21/S21_E0I135D0.arff,saccade,raw,3,3,0,42.0,63.86666666666667,21.866666666666667,23.829393613770367,18.533842918653793,-5.2955506951165745
S21,S21_E0I137D0,data/outputs_webcam/S21/S21_E0I137D0.arff,fixation,raw,5,5,0,196.92000000000002,191.06,-5.860000000000014,57.95504292121609,77.08659416526325,19.13155124404716
S21,S21_E0I137D0,data/outputs_webcam/S21/S21_E0I137D0.arff,saccade,raw,4,4,0,44.25,40.45,-3.799999999999997,15.708490273309739,9.35040106091712,-6.358089212392619
S21,S21_E0I139D0,data/outputs_webcam/S21/S21_E0I139D0.arff,fixation,raw,4,4,0,179.125,151.39999999999998,-27.725000000000023,75.54938230499747,83.6623770480694,8.112994743071937
S21,S21_E0I139D0,data/outputs_webcam/S21/S21_E0I139D0.arff,saccade,raw,3,2,-1,46.833333333333336,37.05,-9.783333333333339,4.301550108197431,10.394469683442248,6.092919575244816
S21,S21_E0I140D0,data/outputs_webcam/S21/S21_E0I140D0.arff,fixation,raw,5,5,0,192.88000000000002,191.46,-1.420000000000016,156.20421569215088,137.97915784639358,-18.225057845757306
S21,S21_E0I140D0,data/outputs_webcam/S21/S21_E0I140D0.arff,saccade,raw,4,4,0,42.175,58.825,16.650000000000006,20.94522618641298,35.57980466500624,14.634578478593262
S22,S22_E0I101D0,data/outputs_webcam/S22/S22_E0I101D0.arff,fixation,raw,6,6,0,152.28333333333333,159.4,7.116666666666674,51.238361280066975,51.85680283241534,0.6184415523483651
S22,S22_E0I101D0,data/outputs_webcam/S22/S22_E0I101D0.arff,saccade,raw,5,5,0,27.26,36.04,8.779999999999998,17.69980225878244,10.262212237134838,-7.437590021647603
S22,S22_E0I102D0,data/outputs_webcam/S22/S22_E0I102D0.arff,fixation,raw,5,4,-1,86.54,127.67500000000001,41.135000000000005,20.98268333650394,61.245537252385446,40.26285391588151
S22,S22_E0I102D0,data/outputs_webcam/S22/S22_E0I102D0.arff,saccade,raw,4,3,-1,25.125,33.333333333333336,8.208333333333336,7.151864558747366,8.027660514330023,0.8757959555826567
S22,S22_E0I103D0,data/outputs_webcam/S22/S22_E0I103D0.arff,fixation,raw,5,5,0,125.73999999999998,125.8,0.060000000000016485,38.869435293042265,42.662805814901574,3.793370521859309
S22,S22_E0I103D0,data/outputs_webcam/S22/S22_E0I103D0.arff,saccade,raw,4,4,0,32.425000000000004,48.75,16.324999999999996,13.642427692069083,15.531795345891815,1.8893676538227329
S22,S22_E0I104D0,data/outputs_webcam/S22/S22_E0I104D0.arff,fixation,raw,5,4,-1,115.08,157.85,42.769999999999996,63.91304248742975,54.7550606489178,-9.157981838511951
S22,S22_E0I104D0,data/outputs_webcam/S22/S22_E0I104D0.arff,saccade,raw,4,3,-1,32.625,41.26666666666667,8.641666666666673,13.998422530175795,10.969199302288809,-3.0292232278869857
S22,S22_E0I105D0,data/outputs_webcam/S22/S22_E0I105D0.arff,fixation,raw,9,8,-1,118.8111111111111,138.8625,20.05138888888891,49.18641693710888,63.92558033704952,14.739163399940637
S22,S22_E0I105D0,data/outputs_webcam/S22/S22_E0I105D0.arff,saccade,raw,7,8,1,30.58571428571429,31.3375,0.7517857142857096,9.714152660153221,9.381887945854578,-0.3322647142986437
S22,S22_E0I106D0,data/outputs_webcam/S22/S22_E0I106D0.arff,fixation,raw,6,5,-1,96.23333333333335,141.2,44.96666666666664,23.01865909792894,51.45945005535912,28.44079095743018
S22,S22_E0I106D0,data/outputs_webcam/S22/S22_E0I106D0.arff,saccade,raw,4,4,0,34.224999999999994,37.425,3.200000000000003,6.734178989800219,8.817548790149488,2.083369800349269
S22,S22_E0I107D0,data/outputs_webcam/S22/S22_E0I107D0.arff,fixation,raw,5,4,-1,117.62,150.6,32.97999999999999,30.106593962120655,76.59482140893512,46.48822744681446
S22,S22_E0I107D0,data/outputs_webcam/S22/S22_E0I107D0.arff,saccade,raw,4,3,-1,32.15,28.53333333333333,-3.616666666666667,7.106100665390735,14.151442800412024,7.045342135021289
S22,S22_E0I108D0,data/outputs_webcam/S22/S22_E0I108D0.arff,fixation,raw,6,5,-1,123.23333333333333,129.34,6.106666666666669,72.90593025719285,48.17969489318089,-24.726235364011963
S22,S22_E0I108D0,data/outputs_webcam/S22/S22_E0I108D0.arff,saccade,raw,5,5,0,40.239999999999995,63.220000000000006,22.98000000000001,14.763400692252446,20.31875980467312,5.555359112420675
S22,S22_E0I109D0,data/outputs_webcam/S22/S22_E0I109D0.arff,fixation,raw,5,5,0,134.08,131.34,-2.740000000000009,21.47351857521259,18.13485594097731,-3.3386626342352805
S22,S22_E0I109D0,data/outputs_webcam/S22/S22_E0I109D0.arff,saccade,raw,4,4,0,43.2,42.95,-0.25,12.097658175586437,11.965645267459113,-0.13201290812732402
S22,S22_E0I110D0,data/outputs_webcam/S22/S22_E0I110D0.arff,fixation,raw,6,6,0,135.11666666666667,139.8166666666667,4.700000000000017,21.63399331299394,27.678252594169788,6.044259281175847
S22,S22_E0I110D0,data/outputs_webcam/S22/S22_E0I110D0.arff,saccade,raw,5,5,0,31.359999999999996,31.380000000000003,0.02000000000000668,10.88751578644091,3.660191251833707,-7.227324534607202
S22,S22_E0I111D0,data/outputs_webcam/S22/S22_E0I111D0.arff,fixation,raw,11,11,0,143.02727272727273,152.20000000000002,9.172727272727286,39.83809962608887,39.372604689047435,-0.4654949370414343
S22,S22_E0I111D0,data/outputs_webcam/S22/S22_E0I111D0.arff,saccade,raw,9,9,0,35.17777777777778,35.91111111111111,0.7333333333333343,11.834248790879986,7.987559771989886,-3.8466890188900997
S22,S22_E0I112D0,data/outputs_webcam/S22/S22_E0I112D0.arff,fixation,raw,5,4,-1,119.16,179.10000000000002,59.940000000000026,24.990858328596882,63.061398652424444,38.07054032382756
S22,S22_E0I112D0,data/outputs_webcam/S22/S22_E0I112D0.arff,saccade,raw,4,3,-1,34.3,29.099999999999998,-5.199999999999999,18.002222085064943,0.3605551275463986,-17.641666957518545
S22,S22_E0I113D0,data/outputs_webcam/S22/S22_E0I113D0.arff,fixation,raw,6,5,-1,115.63333333333333,155.78000000000003,40.146666666666704,32.89842954711769,24.746353266693657,-8.152076280424037
S22,S22_E0I113D0,data/outputs_webcam/S22/S22_E0I113D0.arff,saccade,raw,4,4,0,46.75,41.474999999999994,-5.275000000000006,30.247258828969393,12.294273734819258,-17.952985094150137
S22,S22_E0I114D0,data/outputs_webcam/S22/S22_E0I114D0.arff,fixation,raw,5,4,-1,138.56,176.72500000000002,38.16500000000002,91.03146708693649,87.95106120261806,-3.0804058843184237
S22,S22_E0I114D0,data/outputs_webcam/S22/S22_E0I114D0.arff,saccade,raw,4,4,0,46.8,25.15,-21.65,26.27051579242403,7.167751855823879,-19.102763936600148
S22,S22_E0I115D0,data/outputs_webcam/S22/S22_E0I115D0.arff,fixation,raw,9,7,-2,145.7,202.57142857142858,56.871428571428595,47.72556966658439,101.14807156319085,53.42250189660646
S22,S22_E0I115D0,data/outputs_webcam/S22/S22_E0I115D0.arff,saccade,raw,9,6,-3,27.188888888888886,33.63333333333333,6.444444444444446,11.756853793048169,5.585576663753409,-6.17127712929476
S22,S22_E0I116D0,data/outputs_webcam/S22/S22_E0I116D0.arff,fixation,raw,4,4,0,153.55,158.975,5.424999999999983,49.39949392453328,42.73783452633042,-6.661659398202865
S22,S22_E0I116D0,data/outputs_webcam/S22/S22_E0I116D0.arff,saccade,raw,3,4,1,35.63333333333333,48.225,12.591666666666669,12.182501111567088,14.704279422444795,2.521778310877707
S22,S22_E0I117D0,data/outputs_webcam/S22/S22_E0I117D0.arff,fixation,raw,7,6,-1,94.32857142857142,123.16666666666667,28.83809523809525,46.18010806562043,69.83963535605456,23.659527290434127
S22,S22_E0I117D0,data/outputs_webcam/S22/S22_E0I117D0.arff,saccade,raw,6,6,0,30.0,27.566666666666666,-2.4333333333333336,14.502275683491883,15.917495615412204,1.415219931920321
S22,S22_E0I118D0,data/outputs_webcam/S22/S22_E0I118D0.arff,fixation,raw,6,6,0,159.08333333333334,161.6,2.5166666666666515,46.3462368123526,51.88884273136182,5.542605919009219
S22,S22_E0I118D0,data/outputs_webcam/S22/S22_E0I118D0.arff,saccade,raw,5,5,0,37.88,33.1,-4.780000000000001,7.62869582563101,6.437390775772432,-1.1913050498585784
S22,S22_E0I119D0,data/outputs_webcam/S22/S22_E0I119D0.arff,fixation,raw,8,7,-1,143.0875,172.57142857142853,29.48392857142852,59.535498114270325,50.96945864226649,-8.566039472003837
S22,S22_E0I119D0,data/outputs_webcam/S22/S22_E0I119D0.arff,saccade,raw,6,6,0,37.28333333333333,36.11666666666667,-1.1666666666666643,16.65622005938522,6.615562460340515,-10.040657599044705
S22,S22_E0I120D0,data/outputs_webcam/S22/S22_E0I120D0.arff,fixation,raw,8,9,1,164.325,155.65555555555557,-8.669444444444423,44.441542663207734,30.006253977758995,-14.43528868544874
S22,S22_E0I120D0,data/outputs_webcam/S22/S22_E0I120D0.arff,saccade,raw,7,8,1,53.01428571428571,38.6375,-14.37678571428571,34.915442074218326,15.63703821974335,-19.278403854474977
S22,S22_E0I121D0,data/outputs_webcam/S22/S22_E0I121D0.arff,fixation,raw,8,6,-2,117.825,185.70000000000002,67.87500000000001,59.111220834723326,75.21739160593114,16.106170771207815
S22,S22_E0I121D0,data/outputs_webcam/S22/S22_E0I121D0.arff,saccade,raw,7,5,-2,49.371428571428574,44.84,-4.53142857142857,26.205451995447707,9.41822700936859,-16.787224986079117
S22,S22_E0I122D0,data/outputs_webcam/S22/S22_E0I122D0.arff,fixation,raw,6,6,0,109.73333333333335,117.38333333333333,7.649999999999977,30.900010787484636,36.20245387631434,5.302443088829701
S22,S22_E0I122D0,data/outputs_webcam/S22/S22_E0I122D0.arff,saccade,raw,6,5,-1,35.99999999999999,30.279999999999994,-5.719999999999999,27.196690975190343,10.57293715104748,-16.623753824142863
S22,S22_E0I123D0,data/outputs_webcam/S22/S22_E0I123D0.arff,fixation,raw,8,7,-1,171.6875,205.3,33.61250000000001,54.78014336548288,93.14470820538688,38.364564839904
S22,S22_E0I123D0,data/outputs_webcam/S22/S22_E0I123D0.arff,saccade,raw,7,6,-1,30.67142857142857,38.233333333333334,7.5619047619047635,10.537032201670812,9.669884521888907,-0.8671476797819047
S22,S22_E0I124D0,data/outputs_webcam/S22/S22_E0I124D0.arff,fixation,raw,5,4,-1,132.42,157.7,25.28,60.56638506630554,74.09295962955365,13.526574563248104
S22,S22_E0I124D0,data/outputs_webcam/S22/S22_E0I124D0.arff,saccade,raw,5,3,-2,27.380000000000003,33.5,6.119999999999997,12.70303113433955,3.9,-8.80303113433955
S22,S22_E0I125D0,data/outputs_webcam/S22/S22_E0I125D0.arff,fixation,raw,6,6,0,150.3166666666667,149.1833333333333,-1.1333333333333826,70.2640567193972,81.64693298995785,11.382876270560644
S22,S22_E0I125D0,data/outputs_webcam/S22/S22_E0I125D0.arff,saccade,raw,6,5,-1,27.61666666666667,28.78,1.1633333333333304,15.91608201369504,0.4919349550499539,-15.424147058645085
S22,S22_E0I126D0,data/outputs_webcam/S22/S22_E0I126D0.arff,fixation,raw,5,5,0,110.2,146.04000000000002,35.84000000000002,43.73791261594453,71.59415478934017,27.856242173395636
S22,S22_E0I126D0,data/outputs_webcam/S22/S22_E0I126D0.arff,saccade,raw,4,3,-1,36.2,33.36666666666667,-2.8333333333333357,14.07006278119137,8.173330614463929,-5.896732166727441
S22,S22_E0I127D0,data/outputs_webcam/S22/S22_E0I127D0.arff,fixation,raw,8,8,0,94.2125,127.01249999999999,32.79999999999998,41.05374308669761,81.41009831183632,40.356355225138714
S22,S22_E0I127D0,data/outputs_webcam/S22/S22_E0I127D0.arff,saccade,raw,7,6,-1,35.885714285714286,31.183333333333334,-4.7023809523809526,8.927005576979807,11.641720949527466,2.7147153725476585
S22,S22_E0I128D0,data/outputs_webcam/S22/S22_E0I128D0.arff,fixation,raw,5,4,-1,141.32,182.25,40.93000000000001,46.176909814321704,79.324250180299,33.1473403659773
S22,S22_E0I128D0,data/outputs_webcam/S22/S22_E0I128D0.arff,saccade,raw,4,3,-1,28.65,38.13333333333333,9.483333333333334,11.717934971657764,10.763518631624759,-0.9544163400330046
S22,S22_E0I129D0,data/outputs_webcam/S22/S22_E0I129D0.arff,fixation,raw,7,6,-1,147.02142857142857,186.91666666666666,39.895238095238085,65.72986927026186,44.3255983227149,-21.404270947546955
S22,S22_E0I129D0,data/outputs_webcam/S22/S22_E0I129D0.arff,saccade,raw,6,5,-1,29.983333333333338,35.730000000000004,5.746666666666666,14.327688811063236,7.186236845526315,-7.1414519655369215
S22,S22_E0I130D0,data/outputs_webcam/S22/S22_E0I130D0.arff,fixation,raw,6,5,-1,181.13333333333333,224.48000000000002,43.34666666666669,58.98469858079013,154.84504189672978,95.86034331593964
S22,S22_E0I130D0,data/outputs_webcam/S22/S22_E0I130D0.arff,saccade,raw,4,4,0,35.974999999999994,28.849999999999998,-7.1249999999999964,14.320003491619685,11.799011258010845,-2.5209922336088404
S22,S22_E0I131D0,data/outputs_webcam/S22/S22_E0I131D0.arff,fixation,raw,8,8,0,128.125,140.58749999999998,12.462499999999977,48.45860530980467,88.51502596411851,40.05642065431384
S22,S22_E0I131D0,data/outputs_webcam/S22/S22_E0I131D0.arff,saccade,raw,7,7,0,35.34285714285714,40.285714285714285,4.942857142857143,17.636785151387155,20.4524186484491,2.8156334970619454
S22,S22_E0I132D0,data/outputs_webcam/S22/S22_E0I132D0.arff,fixation,raw,6,7,1,150.9,136.55714285714285,-14.342857142857156,27.580500358042812,46.24297630065411,18.662475942611294
S22,S22_E0I132D0,data/outputs_webcam/S22/S22_E0I132D0.arff,saccade,raw,6,6,0,28.78333333333333,38.4,9.616666666666667,9.20682717697398,8.714585474937978,-0.4922417020360008
S22,S22_E0I133D0,data/outputs_webcam/S22/S22_E0I133D0.arff,fixation,raw,11,9,-2,102.75454545454545,132.2222222222222,29.46767676767675,51.80031589935265,76.16422680264301,24.363910903290368
S22,S22_E0I133D0,data/outputs_webcam/S22/S22_E0I133D0.arff,saccade,raw,10,8,-2,28.890000000000004,31.7125,2.8224999999999945,15.044781302645927,15.327420573226645,0.28263927058071836
S22,S22_E0I134D0,data/outputs_webcam/S22/S22_E0I134D0.arff,fixation,raw,5,5,0,128.72,132.94,4.219999999999999,33.448273498044706,34.651883065715204,1.2036095676704974
S22,S22_E0I134D0,data/outputs_webcam/S22/S22_E0I134D0.arff,saccade,raw,4,5,1,46.599999999999994,33.32,-13.279999999999994,22.48599564173221,13.72432147685269,-8.761674164879519
S22,S22_E0I135D0,data/outputs_webcam/S22/S22_E0I135D0.arff,fixation,raw,9,8,-1,147.8777777777778,168.0375,20.1597222222222,58.24151821891703,37.01246652914973,-21.229051689767303
S22,S22_E0I135D0,data/outputs_webcam/S22/S22_E0I135D0.arff,saccade,raw,8,7,-1,31.325,34.771428571428565,3.446428571428566,15.621299561816231,6.574119531849693,-9.047180029966539
S22,S22_E0I136D0,data/outputs_webcam/S22/S22_E0I136D0.arff,fixation,raw,6,5,-1,104.85000000000001,116.1,11.249999999999986,40.37017463425195,25.09750983663519,-15.272664797616763
S22,S22_E0I136D0,data/outputs_webcam/S22/S22_E0I136D0.arff,saccade,raw,5,5,0,31.620000000000005,36.02,4.399999999999999,16.471399454812577,14.286252132732365,-2.185147322080212
S22,S22_E0I137D0,data/outputs_webcam/S22/S22_E0I137D0.arff,fixation,raw,6,6,0,195.83333333333334,200.48333333333332,4.649999999999977,92.7737175425598,82.79935788800941,-9.974359654550383
S22,S22_E0I137D0,data/outputs_webcam/S22/S22_E0I137D0.arff,saccade,raw,6,5,-1,27.966666666666665,35.06,7.093333333333337,11.483843723539026,9.582170943998028,-1.9016727795409984
S22,S22_E0I138D0,data/outputs_webcam/S22/S22_E0I138D0.arff,fixation,raw,8,7,-1,124.575,150.40000000000003,25.82500000000003,42.97260755411522,52.485077244235185,9.512469690119964
S22,S22_E0I138D0,data/outputs_webcam/S22/S22_E0I138D0.arff,saccade,raw,7,6,-1,32.01428571428571,32.26666666666667,0.25238095238096037,14.143128905517875,12.43039286051196,-1.712736045005915
S22,S22_E0I139D0,data/outputs_webcam/S22/S22_E0I139D0.arff,fixation,raw,10,8,-2,126.34,166.825,40.484999999999985,62.53161333810816,32.24334925885602,-30.288264079252137
S22,S22_E0I139D0,data/outputs_webcam/S22/S22_E0I139D0.arff,saccade,raw,9,7,-2,24.233333333333334,42.128571428571426,17.895238095238092,9.516827202382105,13.59040277618907,4.073575573806965
S22,S22_E0I140D0,data/outputs_webcam/S22/S22_E0I140D0.arff,fixation,raw,7,6,-1,94.38571428571427,113.76666666666667,19.380952380952394,63.325651163158966,68.97575419425776,5.650103031098794
S22,S22_E0I140D0,data/outputs_webcam/S22/S22_E0I140D0.arff,saccade,raw,6,5,-1,24.183333333333334,33.32,9.136666666666667,11.77478945317778,6.694923449898438,-5.079866003279342
S23,S23_E0I101D0,data/outputs_webcam/S23/S23_E0I101D0.arff,fixation,raw,6,4,-2,161.6,254.725,93.125,58.71098704671894,205.79087078876944,147.0798837420505
S23,S23_E0I101D0,data/outputs_webcam/S23/S23_E0I101D0.arff,saccade,raw,5,4,-1,27.04,39.25,12.21,12.417246071492666,20.309029190649827,7.891783119157161
S23,S23_E0I102D0,data/outputs_webcam/S23/S23_E0I102D0.arff,fixation,raw,6,5,-1,190.11666666666667,213.06,22.943333333333328,118.82783203722377,129.50518522437625,10.677353187152477
S23,S23_E0I102D0,data/outputs_webcam/S23/S23_E0I102D0.arff,saccade,raw,5,5,0,29.839999999999996,54.61999999999999,24.779999999999994,15.03173310034475,49.56538106380298,34.53364796345823
S23,S23_E0I103D0,data/outputs_webcam/S23/S23_E0I103D0.arff,fixation,raw,7,5,-2,180.3142857142857,285.26,104.9457142857143,68.82607133374746,119.9971374658579,51.17106613211044
S23,S23_E0I103D0,data/outputs_webcam/S23/S23_E0I103D0.arff,saccade,raw,6,4,-2,34.88333333333333,31.575,-3.3083333333333336,12.139920373160061,12.423734006596675,0.2838136334366137
S23,S23_E0I104D0,data/outputs_webcam/S23/S23_E0I104D0.arff,fixation,raw,11,6,-5,201.15454545454543,384.8,183.64545454545458,50.354470777406924,319.97656164163027,269.62209086422337
S23,S23_E0I104D0,data/outputs_webcam/S23/S23_E0I104D0.arff,saccade,raw,10,3,-7,40.94,49.76666666666667,8.826666666666675,17.692006983694956,18.504143680087804,0.812136696392848
S23,S23_E0I105D0,data/outputs_webcam/S23/S23_E0I105D0.arff,fixation,raw,7,8,1,210.58571428571426,181.7,-28.885714285714272,71.74353463486979,91.33734958149063,19.59381494662084
S23,S23_E0I105D0,data/outputs_webcam/S23/S23_E0I105D0.arff,saccade,raw,6,7,1,33.63333333333333,34.142857142857146,0.509523809523813,18.411699179235647,5.8406212976752006,-12.571077881560447
S23,S23_E0I106D0,data/outputs_webcam/S23/S23_E0I106D0.arff,fixation,raw,6,5,-1,234.76666666666665,289.15999999999997,54.39333333333332,125.36268450646175,108.69451688102764,-16.66816762543411
S23,S23_E0I106D0,data/outputs_webcam/S23/S23_E0I106D0.arff,saccade,raw,5,4,-1,31.060000000000002,35.0,3.9399999999999977,16.568282952677986,13.788159171308306,-2.7801237813696797
S23,S23_E0I107D0,data/outputs_webcam/S23/S23_E0I107D0.arff,fixation,raw,8,6,-2,182.03749999999997,281.7833333333333,99.74583333333334,103.97292144042669,213.72084050617678,109.7479190657501
S23,S23_E0I107D0,data/outputs_webcam/S23/S23_E0I107D0.arff,saccade,raw,7,5,-2,38.22857142857142,38.92,0.691428571428581,16.954715596328384,13.179226077429584,-3.7754895188988
S23,S23_E0I108D0,data/outputs_webcam/S23/S23_E0I108D0.arff,fixation,raw,9,6,-3,198.43333333333334,306.99999999999994,108.5666666666666,70.80077683189641,220.89115871849648,150.09038188660008
S23,S23_E0I108D0,data/outputs_webcam/S23/S23_E0I108D0.arff,saccade,raw,8,5,-3,32.5125,47.660000000000004,15.1475,20.22512140171934,11.45307818885386,-8.772043212865478
S23,S23_E0I109D0,data/outputs_webcam/S23/S23_E0I109D0.arff,fixation,raw,4,1,-3,194.575,910.0,715.425,73.60694600375702,0.0,-73.60694600375702
S23,S23_E0I109D0,data/outputs_webcam/S23/S23_E0I109D0.arff,saccade,raw,3,0,-3,27.700000000000003,0.0,-27.700000000000003,11.62970334961301,0.0,-11.62970334961301
S23,S23_E0I110D0,data/outputs_webcam/S23/S23_E0I110D0.arff,fixation,raw,10,6,-4,187.78,323.68333333333334,135.90333333333334,57.98974622005745,76.82883356310094,18.839087343043495
S23,S23_E0I110D0,data/outputs_webcam/S23/S23_E0I110D0.arff,saccade,raw,9,6,-3,27.37777777777778,37.03333333333334,9.655555555555559,12.837228845994934,9.265995179508064,-3.5712336664868705
S23,S23_E0I111D0,data/outputs_webcam/S23/S23_E0I111D0.arff,fixation,raw,6,3,-3,203.01666666666665,463.09999999999997,260.0833333333333,190.86191256158645,763.1784391608558,572.3165265992693
S23,S23_E0I111D0,data/outputs_webcam/S23/S23_E0I111D0.arff,saccade,raw,5,2,-3,31.28,15.0,-16.28,17.03458247213591,0.0,-17.03458247213591
S23,S23_E0I112D0,data/outputs_webcam/S23/S23_E0I112D0.arff,fixation,raw,6,4,-2,214.20000000000002,319.1,104.9,90.24564255408677,285.9468831793765,195.70124062528976
S23,S23_E0I112D0,data/outputs_webcam/S23/S23_E0I112D0.arff,saccade,raw,5,3,-2,34.68,37.46666666666666,2.7866666666666617,16.314778576493154,19.654346423458943,3.339567846965789
S23,S23_E0I113D0,data/outputs_webcam/S23/S23_E0I113D0.arff,fixation,raw,13,7,-6,198.06923076923073,410.28571428571433,212.2164835164836,69.38052542098761,370.7036526596927,301.32312723870507
S23,S23_E0I113D0,data/outputs_webcam/S23/S23_E0I113D0.arff,saccade,raw,12,6,-6,33.75,44.86666666666667,11.116666666666667,10.813333520158427,19.366431438617354,8.553097918458928
S23,S23_E0I114D0,data/outputs_webcam/S23/S23_E0I114D0.arff,fixation,raw,5,3,-2,211.13000000000002,351.75,140.61999999999998,42.70851203214647,293.9654571544079,251.2569451222614
S23,S23_E0I114D0,data/outputs_webcam/S23/S23_E0I114D0.arff,saccade,raw,4,2,-2,30.025,70.35000000000001,40.32500000000001,11.696545073938145,58.40702012600883,46.710475052070684
S23,S23_E0I115D0,data/outputs_webcam/S23/S23_E0I115D0.arff,fixation,raw,8,6,-2,208.0375,289.65,81.61249999999998,99.75468392153681,210.23354394577473,110.47886002423792
S23,S23_E0I115D0,data/outputs_webcam/S23/S23_E0I115D0.arff,saccade,raw,7,5,-2,36.58571428571428,37.6,1.0142857142857196,11.567112657793873,10.574261203507316,-0.9928514542865567
S23,S23_E0I116D0,data/outputs_webcam/S23/S23_E0I116D0.arff,fixation,raw,5,2,-3,212.28000000000003,620.95,408.67,145.63576827139684,612.7080258981434,467.0722576267466
S23,S23_E0I116D0,data/outputs_webcam/S23/S23_E0I116D0.arff,saccade,raw,4,1,-3,41.400000000000006,15.0,-26.400000000000006,14.34433686163289,0.0,-14.34433686163289
S23,S23_E0I117D0,data/outputs_webcam/S23/S23_E0I117D0.arff,fixation,raw,6,4,-2,197.36666666666665,310.75,113.38333333333335,74.17246569089279,181.51658326445,107.3441175735572
S23,S23_E0I117D0,data/outputs_webcam/S23/S23_E0I117D0.arff,saccade,raw,6,3,-3,33.43333333333333,49.53333333333333,16.1,14.428813765055901,4.082074635933712,-10.346739129122188
S23,S23_E0I118D0,data/outputs_webcam/S23/S23_E0I118D0.arff,fixation,raw,5,2,-3,216.8,640.35,423.55,63.144714743199216,612.1423404731943,548.9976257299951
S23,S23_E0I118D0,data/outputs_webcam/S23/S23_E0I118D0.arff,saccade,raw,4,1,-3,42.6,44.9,2.299999999999997,4.025750447639131,0.0,-4.025750447639131
S23,S23_E0I119D0,data/outputs_webcam/S23/S23_E0I119D0.arff,fixation,raw,8,4,-4,177.78750000000002,402.575,224.78749999999997,79.808224379267,212.77979814822646,132.97157376895944
S23,S23_E0I119D0,data/outputs_webcam/S23/S23_E0I119D0.arff,saccade,raw,7,3,-4,33.54285714285714,30.0,-3.5428571428571374,15.410695111172753,0.3999999999999986,-15.010695111172755
S23,S23_E0I120D0,data/outputs_webcam/S23/S23_E0I120D0.arff,fixation,raw,8,4,-4,151.85000000000002,330.075,178.22499999999997,79.24749658055903,302.0145181388912,222.7670215583322
S23,S23_E0I120D0,data/outputs_webcam/S23/S23_E0I120D0.arff,saccade,raw,7,4,-3,34.95714285714286,53.5,18.542857142857137,13.46437981525788,29.22715632193229,15.762776506674411
S23,S23_E0I121D0,data/outputs_webcam/S23/S23_E0I121D0.arff,fixation,raw,6,4,-2,141.76666666666668,222.47500000000002,80.70833333333334,64.46858666565187,175.00625465013147,110.5376679844796
S23,S23_E0I121D0,data/outputs_webcam/S23/S23_E0I121D0.arff,saccade,raw,5,3,-2,34.5,44.29999999999999,9.79999999999999,19.847795847398267,12.747156545677155,-7.100639301721111
S23,S23_E0I122D0,data/outputs_webcam/S23/S23_E0I122D0.arff,fixation,raw,5,5,0,260.18,258.71999999999997,-1.4600000000000364,113.59829224068467,107.1807911894664,-6.417501051218267
S23,S23_E0I122D0,data/outputs_webcam/S23/S23_E0I122D0.arff,saccade,raw,4,4,0,45.7,43.625,-2.075000000000003,12.261321299109651,8.990133480655334,-3.271187818454317
S23,S23_E0I123D0,data/outputs_webcam/S23/S23_E0I123D0.arff,fixation,raw,4,3,-1,242.77499999999998,330.46666666666664,87.69166666666666,58.20277055261201,176.2039821721783,118.0012116195663
S23,S23_E0I123D0,data/outputs_webcam/S23/S23_E0I123D0.arff,saccade,raw,3,2,-1,30.0,41.7,11.700000000000003,0.3999999999999986,16.122034611053284,15.722034611053285
S23,S23_E0I124D0,data/outputs_webcam/S23/S23_E0I124D0.arff,fixation,raw,6,1,-5,154.91666666666666,1145.6,990.6833333333333,58.7503673747379,0.0,-58.7503673747379
S23,S23_E0I124D0,data/outputs_webcam/S23/S23_E0I124D0.arff,saccade,raw,5,0,-5,31.439999999999998,0.0,-31.439999999999998,15.257719357754619,0.0,-15.257719357754619
S23,S23_E0I125D0,data/outputs_webcam/S23/S23_E0I125D0.arff,fixation,raw,8,2,-6,202.9875,958.3499999999999,755.3625,68.90545152598595,312.8947506750472,243.98929914906125
S23,S23_E0I125D0,data/outputs_webcam/S23/S23_E0I125D0.arff,saccade,raw,7,1,-6,29.642857142857142,66.8,37.15714285714286,11.888630022400553,0.0,-11.888630022400553
S23,S23_E0I126D0,data/outputs_webcam/S23/S23_E0I126D0.arff,fixation,raw,9,3,-6,200.2,616.5333333333333,416.3333333333333,68.90451726846361,617.6215696794708,548.7170524110072
S23,S23_E0I126D0,data/outputs_webcam/S23/S23_E0I126D0.arff,saccade,raw,8,3,-5,27.85,66.83333333333333,38.98333333333333,11.65222235087735,30.403508569461735,18.751286218584383
S23,S23_E0I127D0,data/outputs_webcam/S23/S23_E0I127D0.arff,fixation,raw,3,2,-1,225.0,389.8,164.8,31.712615786150476,509.3997251667888,477.68710938063833
S23,S23_E0I127D0,data/outputs_webcam/S23/S23_E0I127D0.arff,saccade,raw,2,1,-1,38.15,15.2,-22.95,11.950104602052654,0.0,-11.950104602052654
S23,S23_E0I128D0,data/outputs_webcam/S23/S23_E0I128D0.arff,fixation,raw,8,6,-2,236.95,334.65000000000003,97.70000000000005,79.74781680845116,197.50820489286008,117.76038808440892
S23,S23_E0I128D0,data/outputs_webcam/S23/S23_E0I128D0.arff,saccade,raw,8,5,-3,35.712500000000006,40.559999999999995,4.8474999999999895,10.493186564896018,19.078862649539673,8.585676084643655
S23,S23_E0I129D0,data/outputs_webcam/S23/S23_E0I129D0.arff,fixation,raw,6,4,-2,190.11666666666667,298.275,108.1583333333333,86.6102919211491,399.5904434542948,312.9801515331457
S23,S23_E0I129D0,data/outputs_webcam/S23/S23_E0I129D0.arff,saccade,raw,5,3,-2,37.35,42.61666666666667,5.266666666666666,15.025145589976823,11.126694627486337,-3.898450962490486
S23,S23_E0I130D0,data/outputs_webcam/S23/S23_E0I130D0.arff,fixation,raw,5,2,-3,209.31,577.15,367.84,93.70775314775187,362.03867196751236,268.3309188197605
S23,S23_E0I130D0,data/outputs_webcam/S23/S23_E0I130D0.arff,saccade,raw,4,1,-3,39.2,97.35,58.14999999999999,16.24920510876353,0.0,-16.24920510876353
S23,S23_E0I131D0,data/outputs_webcam/S23/S23_E0I131D0.arff,fixation,raw,7,2,-5,239.35714285714286,967.7,728.3428571428572,67.99639346178239,1032.658743244834,964.6623497830517
S23,S23_E0I131D0,data/outputs_webcam/S23/S23_E0I131D0.arff,saccade,raw,6,1,-5,37.18333333333333,52.1,14.916666666666671,13.197790219073292,0.0,-13.197790219073292
S23,S23_E0I132D0,data/outputs_webcam/S23/S23_E0I132D0.arff,fixation,raw,6,4,-2,203.35,290.04999999999995,86.69999999999996,64.91393532978877,124.87779359571233,59.96385826592356
S23,S23_E0I132D0,data/outputs_webcam/S23/S23_E0I132D0.arff,saccade,raw,5,3,-2,24.04,30.3,6.260000000000002,8.16321015287491,0.26457513110645947,-7.898635021768451
S23,S23_E0I133D0,data/outputs_webcam/S23/S23_E0I133D0.arff,fixation,raw,9,7,-2,134.36111111111111,188.7357142857143,54.37460317460318,42.2245913078044,104.32605025545999,62.10145894765559
S23,S23_E0I133D0,data/outputs_webcam/S23/S23_E0I133D0.arff,saccade,raw,8,6,-2,35.5375,39.949999999999996,4.412499999999994,17.598655589886082,9.100549433962765,-8.498106155923317
S23,S23_E0I134D0,data/outputs_webcam/S23/S23_E0I134D0.arff,fixation,raw,12,9,-3,236.35833333333335,338.4888888888889,102.13055555555553,88.49143213106035,237.37796045781315,148.8865283267528
S23,S23_E0I134D0,data/outputs_webcam/S23/S23_E0I134D0.arff,saccade,raw,11,8,-3,37.09090909090909,41.1,4.009090909090908,14.294226425060893,7.003060555418405,-7.291165869642488
S23,S23_E0I135D0,data/outputs_webcam/S23/S23_E0I135D0.arff,fixation,raw,6,3,-3,183.96666666666667,411.3333333333333,227.36666666666665,33.14264121440334,417.2047978311531,384.06215661674975
S23,S23_E0I135D0,data/outputs_webcam/S23/S23_E0I135D0.arff,saccade,raw,5,2,-3,35.78,49.15,13.369999999999997,14.126995434274056,27.506453788156694,13.379458353882638
S23,S23_E0I136D0,data/outputs_webcam/S23/S23_E0I136D0.arff,fixation,raw,6,5,-1,231.16666666666666,278.86,47.69333333333336,117.1221698341807,145.77876388555364,28.65659405137295
S23,S23_E0I136D0,data/outputs_webcam/S23/S23_E0I136D0.arff,saccade,raw,5,4,-1,28.439999999999998,40.65,12.21,18.42872757408932,7.726361800140261,-10.702365773949058
S23,S23_E0I137D0,data/outputs_webcam/S23/S23_E0I137D0.arff,fixation,raw,5,2,-3,142.36,438.55,296.19,0.9071934744033442,437.6283868763543,436.7211934019509
S23,S23_E0I137D0,data/outputs_webcam/S23/S23_E0I137D0.arff,saccade,raw,4,1,-3,35.75,66.8,31.049999999999997,10.7,0.0,-10.7
S23,S23_E0I138D0,data/outputs_webcam/S23/S23_E0I138D0.arff,fixation,raw,6,4,-2,196.28333333333333,290.6,94.31666666666669,81.54202393040453,319.35698938126694,237.81496545086242
S23,S23_E0I138D0,data/outputs_webcam/S23/S23_E0I138D0.arff,saccade,raw,5,4,-1,34.4,56.175,21.775,14.448702363880294,19.349138654386312,4.900436290506018
S23,S23_E0I139D0,data/outputs_webcam/S23/S23_E0I139D0.arff,fixation,raw,6,3,-3,152.6833333333333,347.75,195.0666666666667,62.29201125880161,283.039378885695,220.74736762689338
S23,S23_E0I139D0,data/outputs_webcam/S23/S23_E0I139D0.arff,saccade,raw,5,2,-3,29.590000000000003,41.35,11.759999999999998,14.575596042700964,37.193816690412405,22.61822064771144
S23,S23_E0I140D0,data/outputs_webcam/S23/S23_E0I140D0.arff,fixation,raw,9,6,-3,140.34444444444443,239.88333333333335,99.53888888888892,73.84800456192285,118.71642542911519,44.86842086719234
S23,S23_E0I140D0,data/outputs_webcam/S23/S23_E0I140D0.arff,saccade,raw,8,5,-3,35.6,36.18,0.5799999999999983,19.116111379820797,14.531586286431363,-4.584525093389434
S25,S25_E0I101D0,data/outputs_webcam/S25/S25_E0I101D0.arff,fixation,raw,13,12,-1,192.79230769230767,207.5,14.707692307692326,98.00979085052727,84.34944629877003,-13.660344551757234
S25,S25_E0I101D0,data/outputs_webcam/S25/S25_E0I101D0.arff,saccade,raw,12,11,-1,29.016666666666662,37.654545454545456,8.637878787878794,11.520719148428613,8.111764744661132,-3.4089544037674813
S25,S25_E0I102D0,data/outputs_webcam/S25/S25_E0I102D0.arff,fixation,raw,8,8,0,238.0875,232.54999999999998,-5.537500000000023,123.60848835277108,120.26420913971037,-3.3442792130607017
S25,S25_E0I102D0,data/outputs_webcam/S25/S25_E0I102D0.arff,saccade,raw,7,7,0,24.75714285714286,38.77142857142858,14.01428571428572,9.257403729422403,8.706264848891722,-0.5511388805306812
S25,S25_E0I103D0,data/outputs_webcam/S25/S25_E0I103D0.arff,fixation,raw,7,6,-1,191.59999999999997,151.35,-40.24999999999997,126.42524800582095,73.72732871873224,-52.69791928708871
S25,S25_E0I103D0,data/outputs_webcam/S25/S25_E0I103D0.arff,saccade,raw,6,5,-1,31.266666666666666,37.42,6.153333333333336,13.90045562802409,9.974818294084358,-3.925637333939733
S25,S25_E0I104D0,data/outputs_webcam/S25/S25_E0I104D0.arff,fixation,raw,9,8,-1,176.3222222222222,201.425,25.102777777777817,117.5463289279782,190.06795589247244,72.52162696449425
S25,S25_E0I104D0,data/outputs_webcam/S25/S25_E0I104D0.arff,saccade,raw,8,7,-1,29.125,42.58571428571428,13.460714285714282,9.990245242235048,9.405216384437693,-0.5850288577973544
S25,S25_E0I105D0,data/outputs_webcam/S25/S25_E0I105D0.arff,fixation,raw,9,8,-1,142.98888888888888,145.28750000000002,2.2986111111111427,71.9177211201183,73.79232320699569,1.8746020868773883
S25,S25_E0I105D0,data/outputs_webcam/S25/S25_E0I105D0.arff,saccade,raw,8,8,0,30.0625,39.4,9.337499999999999,11.931942423595581,17.085750119408196,5.153807695812615
S25,S25_E0I106D0,data/outputs_webcam/S25/S25_E0I106D0.arff,fixation,raw,8,8,0,199.2,192.7125,-6.487499999999983,64.35766132659398,64.73136659633082,0.37370526973683127
S25,S25_E0I106D0,data/outputs_webcam/S25/S25_E0I106D0.arff,saccade,raw,7,7,0,32.9,39.74285714285713,6.8428571428571345,10.17185659880568,11.248682462531209,1.076825863725528
S25,S25_E0I107D0,data/outputs_webcam/S25/S25_E0I107D0.arff,fixation,raw,6,6,0,158.26666666666668,155.88333333333335,-2.3833333333333258,66.68738011548112,71.49465481185756,4.807274696376439
S25,S25_E0I107D0,data/outputs_webcam/S25/S25_E0I107D0.arff,saccade,raw,5,5,0,34.84,38.0,3.1599999999999966,7.2102704526252,7.779460135510689,0.5691896828854892
S25,S25_E0I108D0,data/outputs_webcam/S25/S25_E0I108D0.arff,fixation,raw,9,9,0,149.89999999999998,127.57777777777778,-22.322222222222194,58.54000768705108,66.2146089956321,7.674601308581025
S25,S25_E0I108D0,data/outputs_webcam/S25/S25_E0I108D0.arff,saccade,raw,8,8,0,30.0625,37.575,7.512500000000003,7.036829135748166,17.59015552599156,10.553326390243393
S25,S25_E0I109D0,data/outputs_webcam/S25/S25_E0I109D0.arff,fixation,raw,8,8,0,169.225,153.6625,-15.5625,52.696320012474715,57.88643901146944,5.190118998994727
S25,S25_E0I109D0,data/outputs_webcam/S25/S25_E0I109D0.arff,saccade,raw,7,7,0,25.771428571428572,40.5,14.728571428571428,11.32294341675554,10.168742957383344,-1.1542004593721966
S25,S25_E0I110D0,data/outputs_webcam/S25/S25_E0I110D0.arff,fixation,raw,9,9,0,177.2111111111111,161.92222222222222,-15.288888888888891,52.10049050739457,55.6214387124645,3.520948205069935
S25,S25_E0I110D0,data/outputs_webcam/S25/S25_E0I110D0.arff,saccade,raw,8,8,0,28.3125,48.775,20.4625,8.652074482870734,10.792424591880573,2.140350109009839
S25,S25_E0I111D0,data/outputs_webcam/S25/S25_E0I111D0.arff,fixation,raw,8,8,0,185.975,188.1375,2.1624999999999943,80.36318897889221,85.35985904225876,4.996670063366551
S25,S25_E0I111D0,data/outputs_webcam/S25/S25_E0I111D0.arff,saccade,raw,7,7,0,29.828571428571426,45.971428571428575,16.14285714285715,11.947205291854422,14.97194201227909,3.0247367204246682
S25,S25_E0I112D0,data/outputs_webcam/S25/S25_E0I112D0.arff,fixation,raw,8,7,-1,161.8125,191.17142857142858,29.358928571428578,48.265143811480115,85.52032339909452,37.25517958761441
S25,S25_E0I112D0,data/outputs_webcam/S25/S25_E0I112D0.arff,saccade,raw,7,6,-1,23.685714285714283,39.71666666666666,16.030952380952378,11.728942630863843,11.891747839012845,0.16280520814900257
S25,S25_E0I113D0,data/outputs_webcam/S25/S25_E0I113D0.arff,fixation,raw,12,12,0,168.88333333333335,163.19166666666663,-5.69166666666672,77.15632105529578,71.09049876848182,-6.065822286813955
S25,S25_E0I113D0,data/outputs_webcam/S25/S25_E0I113D0.arff,saccade,raw,11,11,0,26.2,44.50909090909091,18.30909090909091,7.010278168517994,13.252958503327063,6.242680334809069
S25,S25_E0I114D0,data/outputs_webcam/S25/S25_E0I114D0.arff,fixation,raw,7,6,-1,164.82857142857142,205.85,41.02142857142857,79.44230011536075,83.0911246764659,3.648824561105144
S25,S25_E0I114D0,data/outputs_webcam/S25/S25_E0I114D0.arff,saccade,raw,6,5,-1,36.18333333333333,40.16,3.9766666666666666,13.72011904710257,10.048781020601457,-3.671338026501113
S25,S25_E0I115D0,data/outputs_webcam/S25/S25_E0I115D0.arff,fixation,raw,8,8,0,155.79999999999998,155.85000000000002,0.05000000000003979,91.16758509156953,109.99046711939566,18.822882027826125
S25,S25_E0I115D0,data/outputs_webcam/S25/S25_E0I115D0.arff,saccade,raw,7,7,0,30.228571428571428,40.81428571428571,10.585714285714282,12.167540738335235,8.58068151361506,-3.5868592247201754
S25,S25_E0I116D0,data/outputs_webcam/S25/S25_E0I116D0.arff,fixation,raw,10,10,0,211.29000000000002,201.04999999999998,-10.240000000000038,59.66261531869573,53.79789855458007,-5.864716764115656
S25,S25_E0I116D0,data/outputs_webcam/S25/S25_E0I116D0.arff,saccade,raw,8,9,1,32.9,53.16666666666666,20.26666666666666,9.65874880983187,14.642745644174799,4.983996834342928
S25,S25_E0I117D0,data/outputs_webcam/S25/S25_E0I117D0.arff,fixation,raw,10,10,0,130.70999999999998,127.84999999999998,-2.8599999999999994,49.71767961868963,50.4852508714729,0.7675712527832701
S25,S25_E0I117D0,data/outputs_webcam/S25/S25_E0I117D0.arff,saccade,raw,8,8,0,33.900000000000006,41.25,7.349999999999994,9.565264539691817,7.422167569421443,-2.143096970270374
S25,S25_E0I118D0,data/outputs_webcam/S25/S25_E0I118D0.arff,fixation,raw,9,9,0,157.39999999999998,149.76666666666668,-7.633333333333297,30.163554167239642,34.31686902967693,4.153314862437288
S25,S25_E0I118D0,data/outputs_webcam/S25/S25_E0I118D0.arff,saccade,raw,8,8,0,32.575,40.787499999999994,8.212499999999991,5.366230387472065,11.148278214274036,5.782047826801971
S25,S25_E0I119D0,data/outputs_webcam/S25/S25_E0I119D0.arff,fixation,raw,9,10,1,178.82222222222222,124.74000000000001,-54.082222222222214,81.06862490781772,69.2987926782759,-11.76983222954182
S25,S25_E0I119D0,data/outputs_webcam/S25/S25_E0I119D0.arff,saccade,raw,7,7,0,35.214285714285715,35.385714285714286,0.17142857142857082,15.19368603197049,18.37919372292381,3.185507690953319
S25,S25_E0I120D0,data/outputs_webcam/S25/S25_E0I120D0.arff,fixation,raw,9,8,-1,184.03333333333336,197.575,13.541666666666629,86.59499119464128,106.80692527038818,20.211934075746896
S25,S25_E0I120D0,data/outputs_webcam/S25/S25_E0I120D0.arff,saccade,raw,6,6,0,25.149999999999995,57.25,32.10000000000001,7.717447764643439,8.666891022737047,0.9494432580936083
S25,S25_E0I121D0,data/outputs_webcam/S25/S25_E0I121D0.arff,fixation,raw,10,9,-1,131.38,145.13333333333333,13.75333333333333,37.18956842987022,71.74395444913807,34.55438601926785
S25,S25_E0I121D0,data/outputs_webcam/S25/S25_E0I121D0.arff,saccade,raw,8,7,-1,26.8875,32.44285714285714,5.555357142857144,12.33559744340396,9.482239036369899,-2.8533584070340616
S25,S25_E0I122D0,data/outputs_webcam/S25/S25_E0I122D0.arff,fixation,raw,11,11,0,180.66363636363636,183.13636363636363,2.472727272727269,65.24724166931922,57.13025945551575,-8.116982213803475
S25,S25_E0I122D0,data/outputs_webcam/S25/S25_E0I122D0.arff,saccade,raw,10,10,0,38.92,37.379999999999995,-1.5400000000000063,10.957067734267838,9.789540904001123,-1.1675268302667146
S25,S25_E0I123D0,data/outputs_webcam/S25/S25_E0I123D0.arff,fixation,raw,7,6,-1,151.65714285714284,181.78333333333333,30.126190476190487,79.84735138881894,68.95956544720005,-10.887785941618887
S25,S25_E0I123D0,data/outputs_webcam/S25/S25_E0I123D0.arff,saccade,raw,6,5,-1,32.18333333333333,43.18,10.99666666666667,10.925276502984564,15.53084028634639,4.605563783361825
S25,S25_E0I124D0,data/outputs_webcam/S25/S25_E0I124D0.arff,fixation,raw,9,8,-1,151.2111111111111,175.375,24.16388888888889,46.2247889244625,89.19488694506461,42.97009802060211
S25,S25_E0I124D0,data/outputs_webcam/S25/S25_E0I124D0.arff,saccade,raw,7,7,0,34.27142857142857,40.51428571428572,6.242857142857147,11.554034545807552,16.45229756715138,4.898263021343828
S25,S25_E0I125D0,data/outputs_webcam/S25/S25_E0I125D0.arff,fixation,raw,9,9,0,153.63333333333333,147.36666666666667,-6.2666666666666515,53.875806258468195,58.23409654145928,4.358290282991085
S25,S25_E0I125D0,data/outputs_webcam/S25/S25_E0I125D0.arff,saccade,raw,8,8,0,24.4875,45.05,20.562499999999996,7.613603896034668,14.11281079627402,6.499206900239352
S25,S25_E0I126D0,data/outputs_webcam/S25/S25_E0I126D0.arff,fixation,raw,7,6,-1,204.67142857142855,221.5666666666667,16.895238095238142,140.97803273661367,130.6360542372077,-10.341978499405968
S25,S25_E0I126D0,data/outputs_webcam/S25/S25_E0I126D0.arff,saccade,raw,6,5,-1,33.56666666666666,35.2,1.63333333333334,11.377990449401276,13.652106064633397,2.2741156152321214
S25,S25_E0I127D0,data/outputs_webcam/S25/S25_E0I127D0.arff,fixation,raw,7,6,-1,197.17142857142855,234.01666666666665,36.8452380952381,91.6473806551632,225.64018628486076,133.99280562969756
S25,S25_E0I127D0,data/outputs_webcam/S25/S25_E0I127D0.arff,saccade,raw,5,4,-1,28.48,41.125,12.645,15.067415173147648,9.416076677682694,-5.6513384954649535
S25,S25_E0I128D0,data/outputs_webcam/S25/S25_E0I128D0.arff,fixation,raw,5,5,0,244.95,239.13000000000002,-5.819999999999965,131.40934137267413,128.3294860895188,-3.079855283155325
S25,S25_E0I128D0,data/outputs_webcam/S25/S25_E0I128D0.arff,saccade,raw,4,4,0,33.85,37.650000000000006,3.8000000000000043,7.872737770305828,8.669871202426636,0.7971334321208081
S25,S25_E0I129D0,data/outputs_webcam/S25/S25_E0I129D0.arff,fixation,raw,10,9,-1,107.67,110.66666666666667,2.9966666666666697,60.3458559748168,48.615198240879366,-11.730657733937434
S25,S25_E0I129D0,data/outputs_webcam/S25/S25_E0I129D0.arff,saccade,raw,7,7,0,31.928571428571427,43.72857142857144,11.800000000000015,15.634866408736842,14.671481893536894,-0.963384515199948
S25,S25_E0I130D0,data/outputs_webcam/S25/S25_E0I130D0.arff,fixation,raw,9,8,-1,129.25555555555553,147.025,17.769444444444474,67.94935818517918,62.640008894361706,-5.309349290817472
S25,S25_E0I130D0,data/outputs_webcam/S25/S25_E0I130D0.arff,saccade,raw,7,7,0,25.87142857142857,35.31428571428572,9.442857142857147,11.351903553400826,6.879784049767011,-4.472119503633815
S25,S25_E0I131D0,data/outputs_webcam/S25/S25_E0I131D0.arff,fixation,raw,7,7,0,162.45714285714283,159.17142857142855,-3.2857142857142776,60.91348666053238,62.08281335672308,1.1693266961907014
S25,S25_E0I131D0,data/outputs_webcam/S25/S25_E0I131D0.arff,saccade,raw,6,6,0,34.916666666666664,38.849999999999994,3.93333333333333,12.23509978163916,12.137833414576095,-0.09726636706306557
S25,S25_E0I132D0,data/outputs_webcam/S25/S25_E0I132D0.arff,fixation,raw,7,7,0,187.20000000000002,178.71428571428572,-8.485714285714295,62.26390072372059,63.68970164193026,1.4258009182096743
S25,S25_E0I132D0,data/outputs_webcam/S25/S25_E0I132D0.arff,saccade,raw,6,6,0,27.666666666666668,44.93333333333333,17.266666666666662,6.143506056533734,16.363699663177233,10.220193606643498
S25,S25_E0I133D0,data/outputs_webcam/S25/S25_E0I133D0.arff,fixation,raw,10,8,-2,173.84,212.2625,38.422499999999985,102.92258363557642,133.65990891063782,30.73732527506141
S25,S25_E0I133D0,data/outputs_webcam/S25/S25_E0I133D0.arff,saccade,raw,9,7,-2,25.92222222222222,42.971428571428575,17.049206349206354,11.218263878356776,8.93265811236392,-2.2856057659928553
S25,S25_E0I134D0,data/outputs_webcam/S25/S25_E0I134D0.arff,fixation,raw,8,7,-1,128.3625,136.08571428571426,7.723214285714249,42.74315108044462,50.08417676177538,7.341025681330763
S25,S25_E0I134D0,data/outputs_webcam/S25/S25_E0I134D0.arff,saccade,raw,6,5,-1,28.78333333333333,43.72,14.936666666666667,11.88434544544489,18.73905013601276,6.854704690567871
S25,S25_E0I135D0,data/outputs_webcam/S25/S25_E0I135D0.arff,fixation,raw,10,10,0,178.70999999999998,156.57,-22.139999999999986,96.93706090952924,110.21066494067925,13.273604031150015
S25,S25_E0I135D0,data/outputs_webcam/S25/S25_E0I135D0.arff,saccade,raw,8,7,-1,32.787499999999994,38.621428571428574,5.833928571428579,13.118573256483126,7.804851970775249,-5.313721285707877
S25,S25_E0I136D0,data/outputs_webcam/S25/S25_E0I136D0.arff,fixation,raw,8,8,0,147.9375,150.6375,2.6999999999999886,122.43590670224157,125.06293201538861,2.627025313147044
S25,S25_E0I136D0,data/outputs_webcam/S25/S25_E0I136D0.arff,saccade,raw,8,7,-1,25.525,36.24285714285714,10.717857142857142,8.929525663294134,12.247701436440655,3.318175773146521
S25,S25_E0I137D0,data/outputs_webcam/S25/S25_E0I137D0.arff,fixation,raw,10,10,0,186.95,178.10999999999999,-8.840000000000003,87.59873477016282,84.70873561144028,-2.8899991587225458
S25,S25_E0I137D0,data/outputs_webcam/S25/S25_E0I137D0.arff,saccade,raw,8,8,0,28.049999999999997,46.925,18.875,8.585203217496618,14.997976053930934,6.412772836434316
S25,S25_E0I138D0,data/outputs_webcam/S25/S25_E0I138D0.arff,fixation,raw,9,9,0,133.35555555555553,130.92222222222222,-2.4333333333333087,48.27750799055165,55.00860791225718,6.731099921705535
S25,S25_E0I138D0,data/outputs_webcam/S25/S25_E0I138D0.arff,saccade,raw,8,8,0,24.5,44.087500000000006,19.587500000000006,13.723389835293196,12.193023473633248,-1.5303663616599472
S25,S25_E0I139D0,data/outputs_webcam/S25/S25_E0I139D0.arff,fixation,raw,9,8,-1,134.43888888888887,133.85,-0.5888888888888744,50.22624922399751,44.60506057132339,-5.621188652674121
S25,S25_E0I139D0,data/outputs_webcam/S25/S25_E0I139D0.arff,saccade,raw,7,8,1,35.121428571428574,45.3,10.178571428571423,5.193494098618092,14.644062668145455,9.450568569527363
S25,S25_E0I140D0,data/outputs_webcam/S25/S25_E0I140D0.arff,fixation,raw,17,18,1,170.2294117647059,160.65,-9.579411764705895,81.94400347726705,77.87495444243783,-4.06904903482922
S25,S25_E0I140D0,data/outputs_webcam/S25/S25_E0I140D0.arff,saccade,raw,15,16,1,31.613333333333337,39.3125,7.699166666666663,9.24962290093622,15.378377677765624,6.128754776829403
S26,S26_E0I101D0,data/outputs_webcam/S26/S26_E0I101D0.arff,fixation,raw,13,13,0,191.7769230769231,181.09230769230768,-10.684615384615427,70.54776341654583,77.94604396138888,7.398280544843047
S26,S26_E0I101D0,data/outputs_webcam/S26/S26_E0I101D0.arff,saccade,raw,11,11,0,32.30909090909091,35.68181818181818,3.3727272727272677,7.307318871577255,13.44111737779402,6.133798506216765
S26,S26_E0I102D0,data/outputs_webcam/S26/S26_E0I102D0.arff,fixation,raw,9,9,0,195.54444444444445,174.06666666666666,-21.47777777777779,105.73909058516523,63.950957772343024,-41.788132812822205
S26,S26_E0I102D0,data/outputs_webcam/S26/S26_E0I102D0.arff,saccade,raw,7,9,2,30.942857142857143,39.25555555555556,8.312698412698417,13.590420295543616,21.351118888193607,7.760698592649991
S26,S26_E0I103D0,data/outputs_webcam/S26/S26_E0I103D0.arff,fixation,raw,5,5,0,194.61999999999998,203.03999999999996,8.419999999999987,66.79616006927344,62.81526884444577,-3.9808912248276727
S26,S26_E0I103D0,data/outputs_webcam/S26/S26_E0I103D0.arff,saccade,raw,3,5,2,33.56666666666667,27.339999999999996,-6.226666666666674,8.3500499000505,12.630637355256464,4.280587455205964
S26,S26_E0I104D0,data/outputs_webcam/S26/S26_E0I104D0.arff,fixation,raw,5,7,2,292.90000000000003,192.78571428571428,-100.11428571428576,218.12871200279892,88.97013410074621,-129.1585779020527
S26,S26_E0I104D0,data/outputs_webcam/S26/S26_E0I104D0.arff,saccade,raw,4,6,2,27.525000000000002,47.416666666666664,19.891666666666662,16.991247747001985,21.796643472486004,4.8053957254840185
S26,S26_E0I105D0,data/outputs_webcam/S26/S26_E0I105D0.arff,fixation,raw,10,10,0,237.27000000000004,224.85999999999999,-12.410000000000053,126.95427698366228,118.89999953275395,-8.05427745090833
S26,S26_E0I105D0,data/outputs_webcam/S26/S26_E0I105D0.arff,saccade,raw,9,9,0,39.42777777777778,40.96111111111111,1.5333333333333314,8.601857034643416,12.491641649963832,3.8897846153204156
S26,S26_E0I106D0,data/outputs_webcam/S26/S26_E0I106D0.arff,fixation,raw,4,4,0,354.125,309.67499999999995,-44.450000000000045,312.55579101977935,267.8898700959034,-44.665920923875944
S26,S26_E0I106D0,data/outputs_webcam/S26/S26_E0I106D0.arff,saccade,raw,4,3,-1,34.4,81.23333333333333,46.833333333333336,6.7572183626104625,84.38852607631759,77.63130771370713
S26,S26_E0I107D0,data/outputs_webcam/S26/S26_E0I107D0.arff,fixation,raw,7,7,0,185.52857142857144,165.04285714285717,-20.485714285714266,65.61754628872053,69.18349651814506,3.56595022942453
S26,S26_E0I107D0,data/outputs_webcam/S26/S26_E0I107D0.arff,saccade,raw,5,5,0,37.7,42.0,4.299999999999997,14.803209111540644,15.468839646204882,0.6656305346642384
S26,S26_E0I108D0,data/outputs_webcam/S26/S26_E0I108D0.arff,fixation,raw,8,8,0,177.0,160.9,-16.099999999999994,77.93819896009181,80.6767447462845,2.738545786192688
S26,S26_E0I108D0,data/outputs_webcam/S26/S26_E0I108D0.arff,saccade,raw,7,7,0,33.042857142857144,43.44285714285714,10.399999999999999,11.583588554913533,19.38898803813281,7.805399483219276
S26,S26_E0I109D0,data/outputs_webcam/S26/S26_E0I109D0.arff,fixation,raw,6,6,0,242.79999999999998,227.19999999999996,-15.600000000000023,100.11615254293385,90.69262373534023,-9.423528807593613
S26,S26_E0I109D0,data/outputs_webcam/S26/S26_E0I109D0.arff,saccade,raw,5,5,0,34.54,43.080000000000005,8.540000000000006,13.705765210304751,18.11179173908534,4.40602652878059
S26,S26_E0I110D0,data/outputs_webcam/S26/S26_E0I110D0.arff,fixation,raw,6,6,0,210.20000000000002,210.13333333333335,-0.06666666666666288,92.0987242039758,103.25110007484989,11.152375870874081
S26,S26_E0I110D0,data/outputs_webcam/S26/S26_E0I110D0.arff,saccade,raw,5,5,0,39.11,43.67,4.560000000000002,17.29416086429174,20.80112977700971,3.5069689127179693
S26,S26_E0I111D0,data/outputs_webcam/S26/S26_E0I111D0.arff,fixation,raw,10,9,-1,192.57,182.23333333333332,-10.336666666666673,134.45483380426802,164.9239900681523,30.469156263884287
S26,S26_E0I111D0,data/outputs_webcam/S26/S26_E0I111D0.arff,saccade,raw,8,7,-1,43.675000000000004,33.25714285714285,-10.417857142857152,8.458765529657049,15.255475207594282,6.796709677937233
S26,S26_E0I112D0,data/outputs_webcam/S26/S26_E0I112D0.arff,fixation,raw,5,5,0,185.61999999999998,176.48,-9.139999999999986,97.80683513947274,115.61601100193691,17.809175862464173
S26,S26_E0I112D0,data/outputs_webcam/S26/S26_E0I112D0.arff,saccade,raw,4,4,0,36.075,41.65,5.574999999999996,17.283397621224054,3.9076847365159857,-13.375712884708069
S26,S26_E0I113D0,data/outputs_webcam/S26/S26_E0I113D0.arff,fixation,raw,9,9,0,179.53333333333336,181.4,1.8666666666666458,96.79249712658518,91.08848719788907,-5.7040099286961095
S26,S26_E0I113D0,data/outputs_webcam/S26/S26_E0I113D0.arff,saccade,raw,7,8,1,42.3142857142857,43.3625,1.0482142857142946,19.221639591133442,22.042746620406195,2.8211070292727527
S26,S26_E0I114D0,data/outputs_webcam/S26/S26_E0I114D0.arff,fixation,raw,7,7,0,352.27142857142866,340.0428571428571,-12.22857142857157,291.22496295410366,283.1875224248817,-8.037440529221954
S26,S26_E0I114D0,data/outputs_webcam/S26/S26_E0I114D0.arff,saccade,raw,6,6,0,32.4,45.43333333333334,13.033333333333339,12.406127518287082,18.8363124487429,6.430184930455816
S26,S26_E0I115D0,data/outputs_webcam/S26/S26_E0I115D0.arff,fixation,raw,7,7,0,162.02142857142857,155.97857142857143,-6.0428571428571445,56.32254475446798,55.84238874683265,-0.48015600763532973
S26,S26_E0I115D0,data/outputs_webcam/S26/S26_E0I115D0.arff,saccade,raw,6,6,0,41.083333333333336,34.983333333333334,-6.100000000000001,14.298624642484558,6.871292939954363,-7.4273317025301955
S26,S26_E0I116D0,data/outputs_webcam/S26/S26_E0I116D0.arff,fixation,raw,8,9,1,245.1625,205.2,-39.962500000000006,124.11875577733724,123.48597086309036,-0.6327849142468835
S26,S26_E0I116D0,data/outputs_webcam/S26/S26_E0I116D0.arff,saccade,raw,6,8,2,42.36666666666667,37.3375,-5.029166666666669,12.647318556384457,17.586353272596664,4.939034716212207
S26,S26_E0I117D0,data/outputs_webcam/S26/S26_E0I117D0.arff,fixation,raw,7,8,1,207.14285714285714,169.51250000000002,-37.63035714285712,70.68719490692443,83.33972535009083,12.652530443166398
S26,S26_E0I117D0,data/outputs_webcam/S26/S26_E0I117D0.arff,saccade,raw,6,7,1,37.449999999999996,43.385714285714286,5.93571428571429,10.45633779102416,17.46925189882961,7.012914107805452
S26,S26_E0I118D0,data/outputs_webcam/S26/S26_E0I118D0.arff,fixation,raw,4,3,-1,191.475,276.56666666666666,85.09166666666667,201.6127868795363,244.0886177873383,42.47583090780202
S26,S26_E0I118D0,data/outputs_webcam/S26/S26_E0I118D0.arff,saccade,raw,2,1,-1,36.4,65.0,28.6,0.14142135623731153,0.0,-0.14142135623731153
S26,S26_E0I119D0,data/outputs_webcam/S26/S26_E0I119D0.arff,fixation,raw,9,9,0,169.16666666666666,169.22222222222223,0.055555555555571345,65.51198363658362,79.46944031792627,13.957456681342649
S26,S26_E0I119D0,data/outputs_webcam/S26/S26_E0I119D0.arff,saccade,raw,8,8,0,37.1,41.3875,4.287500000000001,15.932357013323546,16.463330465006162,0.5309734516826161
S26,S26_E0I120D0,data/outputs_webcam/S26/S26_E0I120D0.arff,fixation,raw,8,8,0,239.175,239.29999999999998,0.12499999999997158,55.21603674917021,64.10883603016714,8.892799280996933
S26,S26_E0I120D0,data/outputs_webcam/S26/S26_E0I120D0.arff,saccade,raw,7,7,0,44.48571428571428,34.35714285714286,-10.12857142857142,22.982995784668613,6.696729834493137,-16.286265950175476
S26,S26_E0I121D0,data/outputs_webcam/S26/S26_E0I121D0.arff,fixation,raw,7,6,-1,220.1285714285714,239.00000000000003,18.871428571428623,146.07639227798717,161.2401066732468,15.163714395259632
S26,S26_E0I121D0,data/outputs_webcam/S26/S26_E0I121D0.arff,saccade,raw,6,5,-1,29.900000000000002,48.72,18.819999999999997,16.993881251791777,37.434369234701954,20.440487982910177
S26,S26_E0I122D0,data/outputs_webcam/S26/S26_E0I122D0.arff,fixation,raw,7,8,1,227.43571428571428,199.175,-28.260714285714272,95.45292781560674,101.7221671304455,6.269239314838757
S26,S26_E0I122D0,data/outputs_webcam/S26/S26_E0I122D0.arff,saccade,raw,6,7,1,44.5,34.17857142857142,-10.321428571428577,11.519331577830373,13.605968578252007,2.086637000421634
S26,S26_E0I123D0,data/outputs_webcam/S26/S26_E0I123D0.arff,fixation,raw,6,7,1,165.21666666666667,132.37142857142857,-32.8452380952381,30.745563365576285,46.71522643584617,15.969663070269885
S26,S26_E0I123D0,data/outputs_webcam/S26/S26_E0I123D0.arff,saccade,raw,4,6,2,41.949999999999996,37.63333333333333,-4.316666666666663,10.656609842409235,13.972353655224545,3.3157438128153096
S26,S26_E0I124D0,data/outputs_webcam/S26/S26_E0I124D0.arff,fixation,raw,8,7,-1,277.9125,317.3857142857143,39.47321428571428,97.66065792909066,89.43941019057591,-8.221247738514748
S26,S26_E0I124D0,data/outputs_webcam/S26/S26_E0I124D0.arff,saccade,raw,7,6,-1,42.199999999999996,45.583333333333336,3.38333333333334,13.970564293065141,11.493896931270381,-2.4766673617947603
S26,S26_E0I125D0,data/outputs_webcam/S26/S26_E0I125D0.arff,fixation,raw,4,24,20,1468.9250000000002,174.1291666666667,-1294.7958333333336,1220.76751642836,82.8636149195546,-1137.9039015088056
S26,S26_E0I125D0,data/outputs_webcam/S26/S26_E0I125D0.arff,saccade,raw,0,19,19,0.0,46.147368421052626,46.147368421052626,0.0,14.77360139727663,14.77360139727663
S26,S26_E0I126D0,data/outputs_webcam/S26/S26_E0I126D0.arff,fixation,raw,11,10,-1,182.22727272727275,186.1,3.8727272727272464,65.35682199907048,54.26554052885579,-11.091281470214689
S26,S26_E0I126D0,data/outputs_webcam/S26/S26_E0I126D0.arff,saccade,raw,10,10,0,36.63,46.660000000000004,10.030000000000001,10.318920055466613,14.61690041622292,4.297980360756307
S26,S26_E0I127D0,data/outputs_webcam/S26/S26_E0I127D0.arff,fixation,raw,6,8,2,256.15,168.85000000000002,-87.29999999999995,134.9038583584621,144.52683389006248,9.622975531600389
S26,S26_E0I127D0,data/outputs_webcam/S26/S26_E0I127D0.arff,saccade,raw,4,7,3,34.225,40.24285714285714,6.017857142857139,6.4860748274026765,15.292139281654604,8.806064454251928
S26,S26_E0I128D0,data/outputs_webcam/S26/S26_E0I128D0.arff,fixation,raw,8,9,1,237.32500000000002,192.71666666666667,-44.60833333333335,91.8260272782956,107.50982513240359,15.683797854107993
S26,S26_E0I128D0,data/outputs_webcam/S26/S26_E0I128D0.arff,saccade,raw,6,7,1,23.016666666666666,43.107142857142854,20.09047619047619,9.62510606002171,22.383242030803398,12.758135970781687
S26,S26_E0I129D0,data/outputs_webcam/S26/S26_E0I129D0.arff,fixation,raw,7,8,1,209.82857142857142,176.5875,-33.241071428571416,82.27493977078143,102.85191070521871,20.576970934437284
S26,S26_E0I129D0,data/outputs_webcam/S26/S26_E0I129D0.arff,saccade,raw,6,6,0,38.51666666666666,35.0,-3.5166666666666586,14.086222583314047,7.143108567003583,-6.943114016310464
S26,S26_E0I130D0,data/outputs_webcam/S26/S26_E0I130D0.arff,fixation,raw,9,8,-1,273.2277777777778,248.9625,-24.26527777777781,146.94719100562773,137.38572849047,-9.561462515157729
S26,S26_E0I130D0,data/outputs_webcam/S26/S26_E0I130D0.arff,saccade,raw,7,6,-1,31.164285714285715,34.949999999999996,3.785714285714281,9.99957141938736,6.755146186427056,-3.244425232960304
S26,S26_E0I131D0,data/outputs_webcam/S26/S26_E0I131D0.arff,fixation,raw,3,4,1,352.93333333333334,266.75000000000006,-86.18333333333328,245.8062312744193,247.4827468733932,1.6765155989739071
S26,S26_E0I131D0,data/outputs_webcam/S26/S26_E0I131D0.arff,saccade,raw,3,3,0,24.0,31.266666666666666,7.266666666666666,16.10807251039056,18.04836095974738,1.9402884493568209
S26,S26_E0I132D0,data/outputs_webcam/S26/S26_E0I132D0.arff,fixation,raw,11,10,-1,234.9181818181818,262.15999999999997,27.24181818181816,51.76956283728534,108.88965056422947,57.12008772694413
S26,S26_E0I132D0,data/outputs_webcam/S26/S26_E0I132D0.arff,saccade,raw,10,11,1,42.88,39.009090909090915,-3.8709090909090875,14.277316897014572,14.610917462326213,0.3336005653116416
S26,S26_E0I133D0,data/outputs_webcam/S26/S26_E0I133D0.arff,fixation,raw,8,8,0,229.025,227.97500000000002,-1.049999999999983,95.94225569878702,139.7224979327647,43.780242233977674
S26,S26_E0I133D0,data/outputs_webcam/S26/S26_E0I133D0.arff,saccade,raw,7,7,0,41.25714285714285,49.471428571428575,8.214285714285722,12.857534385572938,11.7902098208237,-1.0673245647492386
S26,S26_E0I134D0,data/outputs_webcam/S26/S26_E0I134D0.arff,fixation,raw,9,10,1,296.68333333333334,259.97999999999996,-36.703333333333376,147.52385400334416,76.51254145563325,-71.0113125477109
S26,S26_E0I134D0,data/outputs_webcam/S26/S26_E0I134D0.arff,saccade,raw,8,9,1,42.3375,42.638888888888886,0.30138888888888715,8.801856541175194,14.763082710298386,5.961226169123192
S26,S26_E0I135D0,data/outputs_webcam/S26/S26_E0I135D0.arff,fixation,raw,9,10,1,252.57777777777775,221.75,-30.827777777777754,103.56700461268754,117.63995211378375,14.072947501096209
S26,S26_E0I135D0,data/outputs_webcam/S26/S26_E0I135D0.arff,saccade,raw,8,8,0,32.875,43.662499999999994,10.787499999999994,11.004382243971197,15.000946398715744,3.996564154744547
S26,S26_E0I136D0,data/outputs_webcam/S26/S26_E0I136D0.arff,fixation,raw,9,8,-1,141.65555555555557,150.125,8.469444444444434,71.65759051055079,77.00986485973264,5.3522743491818545
S26,S26_E0I136D0,data/outputs_webcam/S26/S26_E0I136D0.arff,saccade,raw,7,7,0,36.07142857142857,39.11428571428571,3.0428571428571374,10.925919379425892,15.228966759811009,4.303047380385117
S26,S26_E0I137D0,data/outputs_webcam/S26/S26_E0I137D0.arff,fixation,raw,4,3,-1,237.5,251.46666666666667,13.966666666666669,160.92161653011902,151.3574026380386,-9.564213892080431
S26,S26_E0I137D0,data/outputs_webcam/S26/S26_E0I137D0.arff,saccade,raw,3,2,-1,41.13333333333333,47.349999999999994,6.2166666666666615,10.3016179958943,24.395183950935884,14.093565955041583
S26,S26_E0I138D0,data/outputs_webcam/S26/S26_E0I138D0.arff,fixation,raw,6,7,1,304.2,243.14285714285714,-61.05714285714285,263.3331426159647,241.37845013686743,-21.954692479097247
S26,S26_E0I138D0,data/outputs_webcam/S26/S26_E0I138D0.arff,saccade,raw,5,6,1,39.08,45.76666666666667,6.6866666666666745,14.022553262512501,13.01117468434986,-1.01137857816264
S26,S26_E0I139D0,data/outputs_webcam/S26/S26_E0I139D0.arff,fixation,raw,13,14,1,217.8692307692308,191.77142857142857,-26.097802197802224,96.34697179651769,61.14273877979711,-35.204233016720586
S26,S26_E0I139D0,data/outputs_webcam/S26/S26_E0I139D0.arff,saccade,raw,12,13,1,39.825,35.14615384615385,-4.678846153846152,11.27548628259956,14.57369864885686,3.2982123662572995
S26,S26_E0I140D0,data/outputs_webcam/S26/S26_E0I140D0.arff,fixation,raw,9,8,-1,282.93333333333334,301.175,18.241666666666674,181.23034376174428,191.81699425680273,10.58665049505845
S26,S26_E0I140D0,data/outputs_webcam/S26/S26_E0I140D0.arff,saccade,raw,8,8,0,39.1125,46.325,7.212500000000006,13.855523653557297,25.967548429310217,12.11202477575292
S27,S27_E0I101D0,data/outputs_webcam/S27/S27_E0I101D0.arff,fixation,raw,6,6,0,171.9,175.26666666666668,3.3666666666666742,72.43774568551952,71.4243492561652,-1.0133964293543158
S27,S27_E0I101D0,data/outputs_webcam/S27/S27_E0I101D0.arff,saccade,raw,5,5,0,41.63,33.11,-8.520000000000003,3.3146643872344,6.3563354222381925,3.0416710350037923
S27,S27_E0I102D0,data/outputs_webcam/S27/S27_E0I102D0.arff,fixation,raw,9,9,0,125.46666666666667,139.2,13.73333333333332,53.70526044997827,41.736944066378406,-11.968316383599863
S27,S27_E0I102D0,data/outputs_webcam/S27/S27_E0I102D0.arff,saccade,raw,7,7,0,31.97142857142857,33.1,1.12857142857143,13.142769150844162,8.38709325889091,-4.755675891953251
S27,S27_E0I103D0,data/outputs_webcam/S27/S27_E0I103D0.arff,fixation,raw,6,6,0,173.03333333333333,164.18333333333334,-8.849999999999994,68.09639246440788,53.08911062229868,-15.007281842109201
S27,S27_E0I103D0,data/outputs_webcam/S27/S27_E0I103D0.arff,saccade,raw,5,5,0,33.339999999999996,36.2,2.8600000000000065,17.479788328237845,10.467330127592232,-7.012458200645613
S27,S27_E0I104D0,data/outputs_webcam/S27/S27_E0I104D0.arff,fixation,raw,7,7,0,142.35714285714283,144.24285714285713,1.8857142857143003,77.06754304164748,78.91117067401076,1.8436276323632796
S27,S27_E0I104D0,data/outputs_webcam/S27/S27_E0I104D0.arff,saccade,raw,6,6,0,31.599999999999998,33.81666666666666,2.216666666666665,10.95700689057007,7.3635362881340285,-3.5934706024360423
S27,S27_E0I105D0,data/outputs_webcam/S27/S27_E0I105D0.arff,fixation,raw,7,6,-1,166.1142857142857,192.4333333333333,26.31904761904761,72.33955645821607,168.6734320118811,96.33387555366502
S27,S27_E0I105D0,data/outputs_webcam/S27/S27_E0I105D0.arff,saccade,raw,5,5,0,31.46,38.8,7.339999999999996,3.8292296875481355,6.3808306669273085,2.551600979379173
S27,S27_E0I106D0,data/outputs_webcam/S27/S27_E0I106D0.arff,fixation,raw,6,6,0,224.13333333333335,218.0,-6.133333333333354,83.16031305055715,80.02216567926665,-3.1381473712905006
S27,S27_E0I106D0,data/outputs_webcam/S27/S27_E0I106D0.arff,saccade,raw,5,5,0,37.31,37.19,-0.12000000000000455,15.481214422647856,5.972269250460832,-9.508945172187023
S27,S27_E0I107D0,data/outputs_webcam/S27/S27_E0I107D0.arff,fixation,raw,6,6,0,162.66666666666666,150.68333333333334,-11.98333333333332,71.07431791207473,68.774193318909,-2.3001245931657337
S27,S27_E0I107D0,data/outputs_webcam/S27/S27_E0I107D0.arff,saccade,raw,5,6,1,27.439999999999998,30.116666666666664,2.676666666666666,7.929249649241723,3.0334249070426416,-4.895824742199082
S27,S27_E0I108D0,data/outputs_webcam/S27/S27_E0I108D0.arff,fixation,raw,7,7,0,128.4857142857143,138.57142857142858,10.085714285714289,44.4314989082981,59.69086234608316,15.259363437785055
S27,S27_E0I108D0,data/outputs_webcam/S27/S27_E0I108D0.arff,saccade,raw,6,6,0,38.449999999999996,38.36666666666667,-0.0833333333333286,5.839434904166668,14.279449102352187,8.44001419818552
S27,S27_E0I109D0,data/outputs_webcam/S27/S27_E0I109D0.arff,fixation,raw,9,10,1,163.83333333333334,118.02000000000001,-45.81333333333333,92.17183680495903,90.13376232639527,-2.0380744785637575
S27,S27_E0I109D0,data/outputs_webcam/S27/S27_E0I109D0.arff,saccade,raw,8,7,-1,24.5875,37.39999999999999,12.812499999999993,11.429715344536927,18.931455305918774,7.501739961381848
S27,S27_E0I110D0,data/outputs_webcam/S27/S27_E0I110D0.arff,fixation,raw,7,6,-1,201.84285714285716,245.66666666666666,43.8238095238095,98.65807716794501,123.60700088047871,24.9489237125337
S27,S27_E0I110D0,data/outputs_webcam/S27/S27_E0I110D0.arff,saccade,raw,6,5,-1,34.75,27.22,-7.530000000000001,9.47348932548087,7.696557672102509,-1.7769316533783606
S27,S27_E0I111D0,data/outputs_webcam/S27/S27_E0I111D0.arff,fixation,raw,4,5,1,180.2,183.14,2.9399999999999977,124.23577047962743,131.165022014255,6.929251534627554
S27,S27_E0I111D0,data/outputs_webcam/S27/S27_E0I111D0.arff,saccade,raw,3,3,0,53.400000000000006,38.5,-14.900000000000006,35.812148776637244,16.541160781517117,-19.270987995120127
S27,S27_E0I112D0,data/outputs_webcam/S27/S27_E0I112D0.arff,fixation,raw,6,6,0,146.33333333333331,143.96666666666667,-2.366666666666646,28.54082456178635,31.137608557284334,2.596783995497983
S27,S27_E0I112D0,data/outputs_webcam/S27/S27_E0I112D0.arff,saccade,raw,5,5,0,34.6,35.9,1.2999999999999972,12.916462363975674,7.410465572418512,-5.505996791557162
S27,S27_E0I113D0,data/outputs_webcam/S27/S27_E0I113D0.arff,fixation,raw,7,7,0,174.05714285714288,180.0142857142857,5.957142857142827,91.95098072964126,96.10944158564631,4.15846085600505
S27,S27_E0I113D0,data/outputs_webcam/S27/S27_E0I113D0.arff,saccade,raw,5,6,1,36.28,37.416666666666664,1.1366666666666632,14.366697602441556,10.331779453059704,-4.034918149381852
S27,S27_E0I114D0,data/outputs_webcam/S27/S27_E0I114D0.arff,fixation,raw,7,6,-1,136.74285714285716,161.06666666666666,24.3238095238095,60.83290932663715,44.46930027183548,-16.36360905480167
S27,S27_E0I114D0,data/outputs_webcam/S27/S27_E0I114D0.arff,saccade,raw,6,5,-1,33.61666666666667,33.32000000000001,-0.29666666666665975,15.473515006832374,6.508225564622051,-8.965289442210324
S27,S27_E0I115D0,data/outputs_webcam/S27/S27_E0I115D0.arff,fixation,raw,7,7,0,137.21428571428572,145.24285714285716,8.02857142857144,43.164971468828305,53.97511331292281,10.810141844094503
S27,S27_E0I115D0,data/outputs_webcam/S27/S27_E0I115D0.arff,saccade,raw,5,5,0,27.18,32.959999999999994,5.779999999999994,11.577866815609859,13.138607232123196,1.5607404165133367
S27,S27_E0I116D0,data/outputs_webcam/S27/S27_E0I116D0.arff,fixation,raw,7,6,-1,127.82857142857142,132.63333333333333,4.804761904761904,49.49180788392204,41.378190712821976,-8.113617171100067
S27,S27_E0I116D0,data/outputs_webcam/S27/S27_E0I116D0.arff,saccade,raw,6,6,0,33.5,31.166666666666668,-2.333333333333332,5.88829347094725,9.647106647418523,3.758813176471273
S27,S27_E0I117D0,data/outputs_webcam/S27/S27_E0I117D0.arff,fixation,raw,5,5,0,123.3,120.42,-2.8799999999999955,24.123328957670825,38.03954521284397,13.916216255173143
S27,S27_E0I117D0,data/outputs_webcam/S27/S27_E0I117D0.arff,saccade,raw,4,4,0,21.95,32.900000000000006,10.950000000000006,14.299999999999999,7.47127833774114,-6.828721662258859
S27,S27_E0I118D0,data/outputs_webcam/S27/S27_E0I118D0.arff,fixation,raw,7,7,0,143.4,159.32857142857142,15.928571428571416,67.92171964843058,75.92449570210557,8.002776053674992
S27,S27_E0I118D0,data/outputs_webcam/S27/S27_E0I118D0.arff,saccade,raw,7,6,-1,28.457142857142856,30.933333333333337,2.4761904761904816,10.761173595052592,3.620865458238772,-7.14030813681382
S27,S27_E0I119D0,data/outputs_webcam/S27/S27_E0I119D0.arff,fixation,raw,6,6,0,159.91666666666666,162.03333333333333,2.1166666666666742,63.73474457991236,131.02611444542902,67.29136986551666
S27,S27_E0I119D0,data/outputs_webcam/S27/S27_E0I119D0.arff,saccade,raw,4,4,0,33.975,28.675000000000004,-5.299999999999997,7.070301738021275,11.717045987221638,4.646744249200363
S27,S27_E0I120D0,data/outputs_webcam/S27/S27_E0I120D0.arff,fixation,raw,6,6,0,171.5333333333333,174.0,2.466666666666697,99.5740210429742,98.14050641809428,-1.433514624879919
S27,S27_E0I120D0,data/outputs_webcam/S27/S27_E0I120D0.arff,saccade,raw,5,5,0,33.31,38.970000000000006,5.660000000000004,14.3444414321367,6.44724747469802,-7.897193957438679
S27,S27_E0I121D0,data/outputs_webcam/S27/S27_E0I121D0.arff,fixation,raw,7,7,0,137.22857142857143,118.79999999999998,-18.428571428571445,34.27475817010307,41.210920882698076,6.9361627125950065
S27,S27_E0I121D0,data/outputs_webcam/S27/S27_E0I121D0.arff,saccade,raw,5,5,0,28.68,43.160000000000004,14.480000000000004,15.062934641031939,30.348772627570952,15.285837986539013
S27,S27_E0I122D0,data/outputs_webcam/S27/S27_E0I122D0.arff,fixation,raw,6,5,-1,178.48333333333335,209.86000000000004,31.376666666666694,113.61608014126638,261.8760164658077,148.25993632454134
S27,S27_E0I122D0,data/outputs_webcam/S27/S27_E0I122D0.arff,saccade,raw,5,4,-1,27.1,40.974999999999994,13.874999999999993,7.691553809211764,7.060866330227001,-0.630687478984763
S27,S27_E0I123D0,data/outputs_webcam/S27/S27_E0I123D0.arff,fixation,raw,4,4,0,146.675,154.0,7.324999999999989,44.54199329471759,38.624430955894574,-5.917562338823018
S27,S27_E0I123D0,data/outputs_webcam/S27/S27_E0I123D0.arff,saccade,raw,3,3,0,45.4,28.933333333333337,-16.46666666666666,4.243819034784588,0.15275252316519528,-4.091066511619393
S27,S27_E0I124D0,data/outputs_webcam/S27/S27_E0I124D0.arff,fixation,raw,6,6,0,150.45000000000002,145.5,-4.950000000000017,64.22179536574791,67.4106223083573,3.1888269426093956
S27,S27_E0I124D0,data/outputs_webcam/S27/S27_E0I124D0.arff,saccade,raw,5,6,1,34.739999999999995,33.666666666666664,-1.0733333333333306,5.901101592075838,14.101016511821646,8.199914919745808
S27,S27_E0I125D0,data/outputs_webcam/S27/S27_E0I125D0.arff,fixation,raw,6,6,0,133.91666666666669,135.20000000000002,1.2833333333333314,34.91517817034115,36.79717380451929,1.8819956341781392
S27,S27_E0I125D0,data/outputs_webcam/S27/S27_E0I125D0.arff,saccade,raw,5,5,0,31.799999999999994,38.959999999999994,7.16,11.753510114004241,9.725636225975142,-2.0278738880290987
S27,S27_E0I126D0,data/outputs_webcam/S27/S27_E0I126D0.arff,fixation,raw,5,5,0,143.15,167.01,23.859999999999985,30.627357052151922,39.61909892968289,8.99174187753097
S27,S27_E0I126D0,data/outputs_webcam/S27/S27_E0I126D0.arff,saccade,raw,3,3,0,33.550000000000004,28.649999999999995,-4.900000000000009,8.662563131083084,14.200000000000001,5.537436868916917
S27,S27_E0I127D0,data/outputs_webcam/S27/S27_E0I127D0.arff,fixation,raw,7,7,0,135.15714285714287,132.9714285714286,-2.1857142857142833,35.09467467403268,43.81604402825196,8.721369354219277
S27,S27_E0I127D0,data/outputs_webcam/S27/S27_E0I127D0.arff,saccade,raw,6,6,0,31.116666666666664,31.3,0.18333333333333712,14.763660341076216,3.680217384883671,-11.083442956192545
S27,S27_E0I128D0,data/outputs_webcam/S27/S27_E0I128D0.arff,fixation,raw,6,6,0,172.0,175.68333333333337,3.6833333333333655,87.00033907979899,79.81585473241934,-7.184484347379652
S27,S27_E0I128D0,data/outputs_webcam/S27/S27_E0I128D0.arff,saccade,raw,5,5,0,27.45,31.570000000000004,4.1200000000000045,12.88681496724462,10.841909425926781,-2.0449055413178385
S27,S27_E0I129D0,data/outputs_webcam/S27/S27_E0I129D0.arff,fixation,raw,8,8,0,164.65,171.7625,7.112499999999983,52.475191417332766,61.644625243638,9.16943382630523
S27,S27_E0I129D0,data/outputs_webcam/S27/S27_E0I129D0.arff,saccade,raw,8,7,-1,27.1875,32.08571428571428,4.898214285714282,5.140160503330611,11.292833800162615,6.152673296832004
S27,S27_E0I130D0,data/outputs_webcam/S27/S27_E0I130D0.arff,fixation,raw,7,7,0,135.87857142857143,158.25,22.371428571428567,58.542512025755386,43.386787543367774,-15.155724482387612
S27,S27_E0I130D0,data/outputs_webcam/S27/S27_E0I130D0.arff,saccade,raw,5,5,0,34.55,31.889999999999997,-2.66,7.9053779163301225,6.590371764931019,-1.3150061513991034
S27,S27_E0I131D0,data/outputs_webcam/S27/S27_E0I131D0.arff,fixation,raw,6,6,0,157.79999999999998,175.61666666666667,17.81666666666669,34.37417635376883,50.5879597005717,16.21378334680287
S27,S27_E0I131D0,data/outputs_webcam/S27/S27_E0I131D0.arff,saccade,raw,4,4,0,37.925,32.525,-5.399999999999999,16.012781353239877,4.202677717836571,-11.810103635403305
S27,S27_E0I132D0,data/outputs_webcam/S27/S27_E0I132D0.arff,fixation,raw,6,6,0,197.48333333333335,208.26666666666665,10.783333333333303,127.0822319077953,123.81737627113033,-3.2648556366649757
S27,S27_E0I132D0,data/outputs_webcam/S27/S27_E0I132D0.arff,saccade,raw,5,5,0,33.36,33.220000000000006,-0.13999999999999346,12.16667579908333,9.324805628001046,-2.8418701710822845
S27,S27_E0I133D0,data/outputs_webcam/S27/S27_E0I133D0.arff,fixation,raw,8,7,-1,136.7375,169.57857142857142,32.84107142857141,56.676284722977385,118.19766938319489,61.52138466021751
S27,S27_E0I133D0,data/outputs_webcam/S27/S27_E0I133D0.arff,saccade,raw,6,5,-1,42.00000000000001,35.910000000000004,-6.090000000000003,13.152908423614907,10.1485466939853,-3.004361729629606
S27,S27_E0I134D0,data/outputs_webcam/S27/S27_E0I134D0.arff,fixation,raw,5,5,0,202.3,92.68,-109.62,168.58079665252504,71.53147558942148,-97.04932106310356
S27,S27_E0I134D0,data/outputs_webcam/S27/S27_E0I134D0.arff,saccade,raw,4,3,-1,37.825,31.333333333333332,-6.491666666666671,8.868436540149943,4.130778780488412,-4.7376577596615315
S27,S27_E0I135D0,data/outputs_webcam/S27/S27_E0I135D0.arff,fixation,raw,6,6,0,108.38333333333334,142.83333333333334,34.45,41.31277849124489,43.9580557653164,2.6452772740715105
S27,S27_E0I135D0,data/outputs_webcam/S27/S27_E0I135D0.arff,saccade,raw,5,5,0,32.98,28.939999999999998,-4.039999999999999,6.143044847630529,0.05477225575051739,-6.088272591880012
S27,S27_E0I136D0,data/outputs_webcam/S27/S27_E0I136D0.arff,fixation,raw,7,6,-1,152.5,191.13333333333333,38.633333333333326,38.56120675843362,92.17105113139735,53.60984437296373
S27,S27_E0I136D0,data/outputs_webcam/S27/S27_E0I136D0.arff,saccade,raw,6,5,-1,38.36666666666667,37.260000000000005,-1.106666666666662,13.885484027093426,9.389515429456411,-4.495968597637015
S27,S27_E0I137D0,data/outputs_webcam/S27/S27_E0I137D0.arff,fixation,raw,5,5,0,147.01000000000002,144.27,-2.740000000000009,26.042906903800116,22.453329374504797,-3.589577529295319
S27,S27_E0I137D0,data/outputs_webcam/S27/S27_E0I137D0.arff,saccade,raw,4,4,0,34.075,33.849999999999994,-0.22500000000000853,6.672518265242889,10.46868345749996,3.796165192257071
S27,S27_E0I138D0,data/outputs_webcam/S27/S27_E0I138D0.arff,fixation,raw,7,6,-1,109.73571428571428,146.01666666666668,36.2809523809524,44.12801183569716,37.41404370910296,-6.713968126594196
S27,S27_E0I138D0,data/outputs_webcam/S27/S27_E0I138D0.arff,saccade,raw,5,4,-1,30.15,34.175,4.024999999999999,10.518792706389833,10.785290909382091,0.266498202992258
S27,S27_E0I139D0,data/outputs_webcam/S27/S27_E0I139D0.arff,fixation,raw,6,6,0,140.04999999999998,149.76666666666665,9.716666666666669,26.296767862229764,30.92121709549394,4.624449233264176
S27,S27_E0I139D0,data/outputs_webcam/S27/S27_E0I139D0.arff,saccade,raw,5,5,0,43.589999999999996,34.71,-8.879999999999995,8.85313503793995,9.123486175799249,0.2703511378592989
S27,S27_E0I140D0,data/outputs_webcam/S27/S27_E0I140D0.arff,fixation,raw,6,6,0,105.96666666666665,123.89999999999999,17.933333333333337,44.10490524495735,35.67015559259589,-8.434749652361461
S27,S27_E0I140D0,data/outputs_webcam/S27/S27_E0I140D0.arff,saccade,raw,4,5,1,39.900000000000006,44.98,5.079999999999991,9.279008567729635,12.177725567609084,2.898716999879449
S28,S28_E0I103D0,data/outputs_webcam/S28/S28_E0I103D0.arff,fixation,raw,8,8,0,196.875,230.4375,33.5625,127.50808097640603,154.1876494729717,26.67956849656568
S28,S28_E0I103D0,data/outputs_webcam/S28/S28_E0I103D0.arff,saccade,raw,6,6,0,44.833333333333336,48.51666666666667,3.683333333333337,15.429149900972078,15.405637496276054,-0.023512404696024447
S28,S28_E0I104D0,data/outputs_webcam/S28/S28_E0I104D0.arff,fixation,raw,10,10,0,181.39000000000001,193.84,12.449999999999989,89.97017345271216,166.66002120084667,76.68984774813451
S28,S28_E0I104D0,data/outputs_webcam/S28/S28_E0I104D0.arff,saccade,raw,9,9,0,30.444444444444443,44.28888888888889,13.844444444444449,21.424816866843408,19.33160911851652,-2.0932077483268863
S28,S28_E0I105D0,data/outputs_webcam/S28/S28_E0I105D0.arff,fixation,raw,10,10,0,142.31,162.09,19.78,77.5618527370253,95.02755682198482,17.465704084959512
S28,S28_E0I105D0,data/outputs_webcam/S28/S28_E0I105D0.arff,saccade,raw,8,7,-1,43.125,34.271428571428565,-8.853571428571435,20.169549183997997,11.530208770257122,-8.639340413740875
S28,S28_E0I106D0,data/outputs_webcam/S28/S28_E0I106D0.arff,fixation,raw,10,9,-1,180.27000000000004,198.17777777777778,17.90777777777774,110.14118262989149,136.57872068680553,26.437538056914036
S28,S28_E0I106D0,data/outputs_webcam/S28/S28_E0I106D0.arff,saccade,raw,8,8,0,36.5375,24.625,-11.912500000000001,12.137184599403604,11.491953706833314,-0.6452308925702894
S28,S28_E0I107D0,data/outputs_webcam/S28/S28_E0I107D0.arff,fixation,raw,9,11,2,135.95555555555555,121.91818181818184,-14.037373737373713,139.27747584508336,53.015937569410546,-86.26153827567282
S28,S28_E0I107D0,data/outputs_webcam/S28/S28_E0I107D0.arff,saccade,raw,6,9,3,44.73333333333334,42.1888888888889,-2.5444444444444443,16.19094397083341,13.887534378395292,-2.3034095924381166
S28,S28_E0I108D0,data/outputs_webcam/S28/S28_E0I108D0.arff,fixation,raw,11,13,2,122.67272727272726,123.6846153846154,1.0118881118881404,49.98808039741257,63.415216971873114,13.427136574460548
S28,S28_E0I108D0,data/outputs_webcam/S28/S28_E0I108D0.arff,saccade,raw,7,10,3,39.557142857142864,36.49,-3.067142857142862,16.704575934242005,18.10502999475867,1.4004540605166653
S28,S28_E0I109D0,data/outputs_webcam/S28/S28_E0I109D0.arff,fixation,raw,10,10,0,135.35999999999999,159.7,24.340000000000003,42.43667700887471,96.31085089438261,53.8741738855079
S28,S28_E0I109D0,data/outputs_webcam/S28/S28_E0I109D0.arff,saccade,raw,8,9,1,39.1875,47.422222222222224,8.234722222222224,11.538065881494795,11.748912479223106,0.21084659772831138
S28,S28_E0I110D0,data/outputs_webcam/S28/S28_E0I110D0.arff,fixation,raw,13,13,0,130.36923076923077,160.41538461538462,30.046153846153857,59.596188141739745,103.5953011012392,43.999112959499456
S28,S28_E0I110D0,data/outputs_webcam/S28/S28_E0I110D0.arff,saccade,raw,10,13,3,33.519999999999996,41.97692307692308,8.456923076923083,18.03279728100379,21.835565554318098,3.8027682733143067
S28,S28_E0I111D0,data/outputs_webcam/S28/S28_E0I111D0.arff,fixation,raw,9,10,1,216.13333333333333,209.65,-6.48333333333332,142.47879666813586,128.90087707657818,-13.577919591557674
S28,S28_E0I111D0,data/outputs_webcam/S28/S28_E0I111D0.arff,saccade,raw,8,9,1,44.525000000000006,29.599999999999998,-14.925000000000008,28.18473497683251,13.170041761513136,-15.014693215319372
S28,S28_E0I112D0,data/outputs_webcam/S28/S28_E0I112D0.arff,fixation,raw,10,9,-1,208.82,257.4111111111111,48.591111111111104,162.841223282067,280.02204575909934,117.18082247703234
S28,S28_E0I112D0,data/outputs_webcam/S28/S28_E0I112D0.arff,saccade,raw,8,7,-1,29.775,34.05714285714286,4.282142857142858,11.146652284110111,16.335733545702514,5.189081261592403
S28,S28_E0I113D0,data/outputs_webcam/S28/S28_E0I113D0.arff,fixation,raw,7,7,0,141.99285714285716,150.3785714285714,8.385714285714243,46.569154925510404,50.6850640157997,4.1159090902893
S28,S28_E0I113D0,data/outputs_webcam/S28/S28_E0I113D0.arff,saccade,raw,7,7,0,37.02142857142858,40.207142857142856,3.185714285714276,9.346784524764704,12.936622065910038,3.589837541145334
S28,S28_E0I114D0,data/outputs_webcam/S28/S28_E0I114D0.arff,fixation,raw,8,6,-2,195.375,286.1333333333333,90.75833333333333,114.71894537769874,222.4914709975793,107.77252561988057
S28,S28_E0I114D0,data/outputs_webcam/S28/S28_E0I114D0.arff,saccade,raw,6,4,-2,41.23333333333333,41.275,0.041666666666671404,16.830765480710216,9.752392868761321,-7.078372611948895
S28,S28_E0I115D0,data/outputs_webcam/S28/S28_E0I115D0.arff,fixation,raw,12,14,2,159.50833333333333,159.3785714285714,-0.12976190476192073,54.29413928414429,105.66248281545003,51.36834353130574
S28,S28_E0I115D0,data/outputs_webcam/S28/S28_E0I115D0.arff,saccade,raw,9,12,3,47.66666666666666,36.9,-10.766666666666659,13.784955567574384,12.844454056128662,-0.9405015114457225
S28,S28_E0I116D0,data/outputs_webcam/S28/S28_E0I116D0.arff,fixation,raw,5,8,3,140.8,152.60000000000002,11.800000000000011,62.71259841531046,76.64359073007996,13.930992314769505
S28,S28_E0I116D0,data/outputs_webcam/S28/S28_E0I116D0.arff,saccade,raw,3,6,3,53.166666666666664,40.01666666666666,-13.150000000000006,19.856065404136174,15.052629892037691,-4.803435512098483
S28,S28_E0I117D0,data/outputs_webcam/S28/S28_E0I117D0.arff,fixation,raw,7,6,-1,319.5285714285714,378.7166666666667,59.188095238095286,402.5146445132388,582.2224503286237,179.70780581538492
S28,S28_E0I117D0,data/outputs_webcam/S28/S28_E0I117D0.arff,saccade,raw,5,4,-1,44.879999999999995,49.900000000000006,5.02000000000001,10.359391874043572,11.123248925860944,0.7638570518173715
S28,S28_E0I118D0,data/outputs_webcam/S28/S28_E0I118D0.arff,fixation,raw,9,7,-2,136.03333333333333,165.27142857142857,29.23809523809524,82.8579959931448,98.24899854087934,15.391002547734544
S28,S28_E0I118D0,data/outputs_webcam/S28/S28_E0I118D0.arff,saccade,raw,7,5,-2,49.685714285714276,40.14,-9.545714285714276,17.037451743284905,22.13341365447273,5.095961911187825
S28,S28_E0I119D0,data/outputs_webcam/S28/S28_E0I119D0.arff,fixation,raw,7,6,-1,152.84285714285713,204.4333333333333,51.59047619047618,46.563535702767005,107.2899373970675,60.7264016943005
S28,S28_E0I119D0,data/outputs_webcam/S28/S28_E0I119D0.arff,saccade,raw,5,4,-1,41.36,36.775,-4.585000000000001,19.99507439346,21.827257424300164,1.832183030840163
S28,S28_E0I120D0,data/outputs_webcam/S28/S28_E0I120D0.arff,fixation,raw,10,11,1,222.91,213.7181818181818,-9.191818181818206,144.56721965922978,163.88846096160535,19.32124130237557
S28,S28_E0I120D0,data/outputs_webcam/S28/S28_E0I120D0.arff,saccade,raw,7,9,2,41.82857142857143,48.077777777777776,6.2492063492063465,11.85393243973131,19.887670664118623,8.033738224387314
S28,S28_E0I121D0,data/outputs_webcam/S28/S28_E0I121D0.arff,fixation,raw,12,12,0,136.54166666666666,137.25,0.7083333333333428,44.57270788137947,60.40822490657739,15.835517025197916
S28,S28_E0I121D0,data/outputs_webcam/S28/S28_E0I121D0.arff,saccade,raw,10,9,-1,34.21,38.144444444444446,3.934444444444445,12.172049037765898,13.188262879461334,1.0162138416954356
S28,S28_E0I122D0,data/outputs_webcam/S28/S28_E0I122D0.arff,fixation,raw,8,7,-1,133.75,185.37142857142857,51.62142857142857,54.31350792258904,69.57220983232011,15.258701909731073
S28,S28_E0I122D0,data/outputs_webcam/S28/S28_E0I122D0.arff,saccade,raw,7,4,-3,51.88571428571429,42.8,-9.085714285714296,10.816719861928043,12.696456198483101,1.8797363365550588
S28,S28_E0I123D0,data/outputs_webcam/S28/S28_E0I123D0.arff,fixation,raw,10,10,0,145.69,159.23,13.539999999999992,45.35804351061795,93.19008113647193,47.832037625853985
S28,S28_E0I123D0,data/outputs_webcam/S28/S28_E0I123D0.arff,saccade,raw,8,9,1,37.849999999999994,31.666666666666668,-6.1833333333333265,19.644701212140784,12.105577227047045,-7.53912398509374
S28,S28_E0I124D0,data/outputs_webcam/S28/S28_E0I124D0.arff,fixation,raw,12,8,-4,178.2833333333333,285.0875,106.80416666666667,86.5445952656604,120.69618809816893,34.15159283250853
S28,S28_E0I124D0,data/outputs_webcam/S28/S28_E0I124D0.arff,saccade,raw,9,7,-2,35.955555555555556,43.0,7.044444444444444,17.434313229312412,15.327535135609162,-2.10677809370325
S28,S28_E0I125D0,data/outputs_webcam/S28/S28_E0I125D0.arff,fixation,raw,8,8,0,135.425,141.8125,6.387499999999989,80.47897240894666,73.4125804224706,-7.066391986476063
S28,S28_E0I125D0,data/outputs_webcam/S28/S28_E0I125D0.arff,saccade,raw,6,6,0,43.18333333333333,40.48333333333334,-2.6999999999999886,11.614201077416677,20.469041664588662,8.854840587171985
S28,S28_E0I126D0,data/outputs_webcam/S28/S28_E0I126D0.arff,fixation,raw,15,12,-3,158.36,223.04166666666666,64.68166666666664,74.65009616298465,130.59936974881572,55.949273585831065
S28,S28_E0I126D0,data/outputs_webcam/S28/S28_E0I126D0.arff,saccade,raw,12,10,-2,36.825,44.14,7.314999999999998,17.19509047267959,16.22728840222201,-0.96780207045758
S28,S28_E0I127D0,data/outputs_webcam/S28/S28_E0I127D0.arff,fixation,raw,6,5,-1,172.74999999999997,156.74,-16.009999999999962,145.64935633225434,132.34539281743056,-13.303963514823778
S28,S28_E0I127D0,data/outputs_webcam/S28/S28_E0I127D0.arff,saccade,raw,4,3,-1,37.3,37.23333333333333,-0.06666666666666998,25.639032743065798,19.580943116544034,-6.058089626521763
S28,S28_E0I128D0,data/outputs_webcam/S28/S28_E0I128D0.arff,fixation,raw,6,5,-1,176.33333333333334,252.34,76.00666666666666,63.43200033631816,91.07943236538092,27.647432029062763
S28,S28_E0I128D0,data/outputs_webcam/S28/S28_E0I128D0.arff,saccade,raw,4,5,1,46.925,50.66,3.7349999999999994,23.20292725785549,13.84189293413296,-9.361034323722528
S28,S28_E0I129D0,data/outputs_webcam/S28/S28_E0I129D0.arff,fixation,raw,6,6,0,187.35,212.36666666666667,25.01666666666668,132.13585433182018,153.28363796135145,21.14778362953126
S28,S28_E0I129D0,data/outputs_webcam/S28/S28_E0I129D0.arff,saccade,raw,5,4,-1,43.769999999999996,44.949999999999996,1.1799999999999997,10.372415340700543,6.06904715201104,-4.303368188689504
S28,S28_E0I130D0,data/outputs_webcam/S28/S28_E0I130D0.arff,fixation,raw,8,8,0,144.22500000000002,166.5125,22.287499999999966,65.93873238523341,107.84399364028447,41.90526125505106
S28,S28_E0I130D0,data/outputs_webcam/S28/S28_E0I130D0.arff,saccade,raw,6,7,1,30.183333333333334,37.4,7.216666666666665,13.266411220321292,12.832251036613439,-0.4341601837078528
S28,S28_E0I131D0,data/outputs_webcam/S28/S28_E0I131D0.arff,fixation,raw,11,8,-3,151.19090909090912,240.25,89.05909090909088,72.2806952726031,180.82609640994065,108.54540113733755
S28,S28_E0I131D0,data/outputs_webcam/S28/S28_E0I131D0.arff,saccade,raw,10,8,-2,36.55,58.425,21.875,18.857491879886886,18.780974415615397,-0.07651746427148964
S28,S28_E0I132D0,data/outputs_webcam/S28/S28_E0I132D0.arff,fixation,raw,5,3,-2,215.0,358.5,143.5,107.64545972775629,483.5206613992829,375.8752016715266
S28,S28_E0I132D0,data/outputs_webcam/S28/S28_E0I132D0.arff,saccade,raw,3,2,-1,32.4,54.8,22.4,30.137684051698468,14.566399692442875,-15.571284359255593
S28,S28_E0I133D0,data/outputs_webcam/S28/S28_E0I133D0.arff,fixation,raw,13,12,-1,153.6923076923077,170.19166666666666,16.499358974358955,74.49083233904761,114.84182369545064,40.35099135640303
S28,S28_E0I133D0,data/outputs_webcam/S28/S28_E0I133D0.arff,saccade,raw,11,10,-1,33.83636363636364,36.510000000000005,2.673636363636362,13.669621262293461,11.13277942733879,-2.5368418349546715
S28,S28_E0I134D0,data/outputs_webcam/S28/S28_E0I134D0.arff,fixation,raw,7,7,0,128.32857142857145,142.70000000000002,14.371428571428567,82.52182972373056,116.94953327539761,34.42770355166705
S28,S28_E0I134D0,data/outputs_webcam/S28/S28_E0I134D0.arff,saccade,raw,4,6,2,37.175,42.01666666666666,4.8416666666666615,14.760843471834526,9.851987955060983,-4.908855516773544
S28,S28_E0I135D0,data/outputs_webcam/S28/S28_E0I135D0.arff,fixation,raw,9,10,1,177.03333333333336,173.04999999999998,-3.983333333333377,72.86983257837224,81.40089065851798,8.53105808014574
S28,S28_E0I135D0,data/outputs_webcam/S28/S28_E0I135D0.arff,saccade,raw,7,10,3,37.01428571428572,50.57000000000001,13.555714285714288,12.670625947630286,14.68590026749013,2.0152743198598433
S28,S28_E0I136D0,data/outputs_webcam/S28/S28_E0I136D0.arff,fixation,raw,11,9,-2,135.83636363636361,193.9333333333333,58.096969696969694,70.98681951922163,120.34502482446045,49.358205305238826
S28,S28_E0I136D0,data/outputs_webcam/S28/S28_E0I136D0.arff,saccade,raw,8,8,0,39.45,44.75,5.299999999999997,8.835318734649992,14.039128992111399,5.203810257461408
S28,S28_E0I137D0,data/outputs_webcam/S28/S28_E0I137D0.arff,fixation,raw,10,12,2,168.81,145.65,-23.159999999999997,81.72053257562902,82.80741622474513,1.0868836491161034
S28,S28_E0I137D0,data/outputs_webcam/S28/S28_E0I137D0.arff,saccade,raw,8,10,2,33.650000000000006,36.7,3.049999999999997,10.275769001463031,13.663007640259071,3.38723863879604
S28,S28_E0I138D0,data/outputs_webcam/S28/S28_E0I138D0.arff,fixation,raw,7,8,1,199.8857142857143,201.8375,1.9517857142857054,219.9672962705398,182.51489127113516,-37.45240499940465
S28,S28_E0I138D0,data/outputs_webcam/S28/S28_E0I138D0.arff,saccade,raw,4,5,1,40.375,36.94,-3.4350000000000023,13.95955467293519,7.543739125924226,-6.415815547010963
S28,S28_E0I139D0,data/outputs_webcam/S28/S28_E0I139D0.arff,fixation,raw,7,6,-1,248.35714285714286,248.36666666666667,0.009523809523813043,55.59157181752336,44.288809722848356,-11.302762094675003
S28,S28_E0I139D0,data/outputs_webcam/S28/S28_E0I139D0.arff,saccade,raw,5,5,0,44.68,37.36,-7.32,13.929536962871376,6.964050545479981,-6.9654864173913955
S28,S28_E0I140D0,data/outputs_webcam/S28/S28_E0I140D0.arff,fixation,raw,6,6,0,211.38333333333335,191.58333333333334,-19.80000000000001,79.9623015343272,84.91474351764047,4.952441983313278
S28,S28_E0I140D0,data/outputs_webcam/S28/S28_E0I140D0.arff,saccade,raw,4,5,1,29.625,55.96,26.335,11.839869087114097,14.899429519280257,3.05956043216616
S29,S29_E0I102D0,data/outputs_webcam/S29/S29_E0I102D0.arff,fixation,raw,6,6,0,163.46666666666667,162.06666666666666,-1.4000000000000057,92.48382921714835,101.80370654679852,9.319877329650168
S29,S29_E0I102D0,data/outputs_webcam/S29/S29_E0I102D0.arff,saccade,raw,6,6,0,31.266666666666662,32.43333333333333,1.1666666666666679,14.127656092454497,16.945638573587797,2.817982481133299
S29,S29_E0I103D0,data/outputs_webcam/S29/S29_E0I103D0.arff,fixation,raw,4,4,0,170.875,181.725,10.849999999999994,82.4186214800191,78.68394054697565,-3.7346809330434496
S29,S29_E0I103D0,data/outputs_webcam/S29/S29_E0I103D0.arff,saccade,raw,3,3,0,41.199999999999996,31.3,-9.899999999999995,23.243923937235724,3.988734135035825,-19.2551898021999
S29,S29_E0I104D0,data/outputs_webcam/S29/S29_E0I104D0.arff,fixation,raw,5,6,1,100.9,104.28333333333332,3.3833333333333115,23.263275779648914,46.883831612472406,23.62055583282349
S29,S29_E0I104D0,data/outputs_webcam/S29/S29_E0I104D0.arff,saccade,raw,4,5,1,32.625,26.060000000000002,-6.564999999999998,7.117759478937174,10.870280585155104,3.7525211062179302
S29,S29_E0I105D0,data/outputs_webcam/S29/S29_E0I105D0.arff,fixation,raw,4,5,1,149.15,112.12,-37.03,65.10988148251128,66.06748065425228,0.9575991717409948
S29,S29_E0I105D0,data/outputs_webcam/S29/S29_E0I105D0.arff,saccade,raw,3,4,1,43.0,35.875,-7.125,25.62732916243907,15.322614006754852,-10.30471515568422
S29,S29_E0I106D0,data/outputs_webcam/S29/S29_E0I106D0.arff,fixation,raw,5,5,0,98.02,121.05999999999999,23.039999999999992,47.23554805440496,39.54659277358796,-7.688955280816998
S29,S29_E0I106D0,data/outputs_webcam/S29/S29_E0I106D0.arff,saccade,raw,3,3,0,28.833333333333332,33.76666666666667,4.933333333333341,0.40414518843273833,3.7846179904097768,3.3804728019770383
S29,S29_E0I107D0,data/outputs_webcam/S29/S29_E0I107D0.arff,fixation,raw,6,3,-3,72.2,207.86666666666667,135.66666666666669,33.00502991969557,148.6189871225522,115.61395720285662
S29,S29_E0I107D0,data/outputs_webcam/S29/S29_E0I107D0.arff,saccade,raw,5,2,-3,37.4,53.7,16.300000000000004,7.808008709011536,34.93107499061545,27.123066281603915
S29,S29_E0I108D0,data/outputs_webcam/S29/S29_E0I108D0.arff,fixation,raw,6,6,0,120.21666666666665,132.28333333333336,12.066666666666706,41.73078799479668,44.031655279658374,2.3008672848616953
S29,S29_E0I108D0,data/outputs_webcam/S29/S29_E0I108D0.arff,saccade,raw,5,5,0,36.31,30.790000000000003,-5.52,14.479744472883493,9.57773459644816,-4.902009876435333
S29,S29_E0I109D0,data/outputs_webcam/S29/S29_E0I109D0.arff,fixation,raw,6,6,0,117.95,126.3,8.349999999999994,43.393547907494266,58.745238104888124,15.351690197393857
S29,S29_E0I109D0,data/outputs_webcam/S29/S29_E0I109D0.arff,saccade,raw,6,5,-1,26.38333333333333,38.93,12.54666666666667,5.811941729462424,10.837758070745075,5.025816341282651
S29,S29_E0I110D0,data/outputs_webcam/S29/S29_E0I110D0.arff,fixation,raw,5,3,-2,161.72000000000003,160.33333333333334,-1.3866666666666845,69.77819860099571,115.15925205268283,45.38105345168712
S29,S29_E0I110D0,data/outputs_webcam/S29/S29_E0I110D0.arff,saccade,raw,4,3,-1,32.325,36.43333333333333,4.108333333333327,13.641205958418778,7.700865752195226,-5.940340206223552
S29,S29_E0I111D0,data/outputs_webcam/S29/S29_E0I111D0.arff,fixation,raw,6,5,-1,104.18333333333334,123.64000000000001,19.456666666666678,44.33966245548862,33.257976486851994,-11.081685968636627
S29,S29_E0I111D0,data/outputs_webcam/S29/S29_E0I111D0.arff,saccade,raw,5,4,-1,29.8,35.6,5.800000000000001,10.38388174046681,5.724799850940934,-4.6590818895258765
S29,S29_E0I112D0,data/outputs_webcam/S29/S29_E0I112D0.arff,fixation,raw,12,10,-2,128.025,171.44,43.41499999999999,47.068385935205534,106.6517614586005,59.58337552339497
S29,S29_E0I112D0,data/outputs_webcam/S29/S29_E0I112D0.arff,saccade,raw,9,7,-2,34.57777777777778,42.32857142857142,7.750793650793639,11.665523753541647,23.723456344984402,12.057932591442755
S29,S29_E0I113D0,data/outputs_webcam/S29/S29_E0I113D0.arff,fixation,raw,6,5,-1,143.71666666666667,196.62,52.903333333333336,73.95799934196886,92.10457100491809,18.146571662949228
S29,S29_E0I113D0,data/outputs_webcam/S29/S29_E0I113D0.arff,saccade,raw,5,4,-1,34.68,41.75,7.07,7.874769837906375,11.07083254924097,3.196062711334595
S29,S29_E0I114D0,data/outputs_webcam/S29/S29_E0I114D0.arff,fixation,raw,5,4,-1,123.26000000000002,193.5,70.23999999999998,84.84260722066479,34.379354269677606,-50.46325295098718
S29,S29_E0I114D0,data/outputs_webcam/S29/S29_E0I114D0.arff,saccade,raw,4,2,-2,21.65,39.25,17.6,8.259741723161406,15.202795795510772,6.943054072349366
S29,S29_E0I115D0,data/outputs_webcam/S29/S29_E0I115D0.arff,fixation,raw,5,3,-2,111.20000000000002,232.5666666666667,121.36666666666667,53.01518650349163,108.25434556327671,55.23915905978509
S29,S29_E0I115D0,data/outputs_webcam/S29/S29_E0I115D0.arff,saccade,raw,4,2,-2,28.924999999999997,32.4,3.4750000000000014,11.557789581057444,4.949747468305833,-6.608042112751611
S29,S29_E0I116D0,data/outputs_webcam/S29/S29_E0I116D0.arff,fixation,raw,4,3,-1,94.85000000000001,152.8,57.95,47.35852615949952,174.5360707704857,127.17754461098619
S29,S29_E0I116D0,data/outputs_webcam/S29/S29_E0I116D0.arff,saccade,raw,3,2,-1,31.733333333333334,36.5,4.766666666666666,3.478984526170438,9.758073580374354,6.279089054203917
S29,S29_E0I117D0,data/outputs_webcam/S29/S29_E0I117D0.arff,fixation,raw,6,5,-1,118.81666666666666,171.22,52.403333333333336,54.586277274299135,62.583679981285854,7.997402706986719
S29,S29_E0I117D0,data/outputs_webcam/S29/S29_E0I117D0.arff,saccade,raw,6,4,-2,36.36666666666667,34.925,-1.44166666666667,12.918307422672163,15.887390177957696,2.969082755285534
S29,S29_E0I118D0,data/outputs_webcam/S29/S29_E0I118D0.arff,fixation,raw,4,4,0,102.075,102.35,0.2749999999999915,53.99175091314104,81.9185164253683,27.926765512227256
S29,S29_E0I118D0,data/outputs_webcam/S29/S29_E0I118D0.arff,saccade,raw,2,2,0,29.200000000000003,32.35,3.1499999999999986,0.8485281374238565,5.303300858899107,4.45477272147525
S29,S29_E0I119D0,data/outputs_webcam/S29/S29_E0I119D0.arff,fixation,raw,5,4,-1,112.85,126.65,13.800000000000011,38.66897981586791,46.70852884288551,8.0395490270176
S29,S29_E0I119D0,data/outputs_webcam/S29/S29_E0I119D0.arff,saccade,raw,4,4,0,30.625,47.075,16.450000000000003,3.556566696501934,31.17385389499775,27.617287198495816
S29,S29_E0I120D0,data/outputs_webcam/S29/S29_E0I120D0.arff,fixation,raw,4,4,0,102.04999999999998,112.9,10.850000000000023,35.931184227631576,31.817814716497004,-4.113369511134572
S29,S29_E0I120D0,data/outputs_webcam/S29/S29_E0I120D0.arff,saccade,raw,3,3,0,41.13333333333333,36.1,-5.033333333333331,4.707794954470014,7.408103670980855,2.7003087165108415
S29,S29_E0I121D0,data/outputs_webcam/S29/S29_E0I121D0.arff,fixation,raw,6,5,-1,123.01666666666667,169.51999999999998,46.503333333333316,61.13416120849837,35.083215360055014,-26.050945848443355
S29,S29_E0I121D0,data/outputs_webcam/S29/S29_E0I121D0.arff,saccade,raw,5,4,-1,32.120000000000005,30.549999999999997,-1.5700000000000074,12.128767455928898,11.995971546037167,-0.1327959098917315
S29,S29_E0I122D0,data/outputs_webcam/S29/S29_E0I122D0.arff,fixation,raw,4,3,-1,129.875,201.9333333333333,72.05833333333331,26.101771970500398,102.34477677601986,76.24300480551946
S29,S29_E0I122D0,data/outputs_webcam/S29/S29_E0I122D0.arff,saccade,raw,3,2,-1,40.63333333333333,39.5,-1.1333333333333329,10.884086242461208,15.414927829866734,4.530841587405526
S29,S29_E0I123D0,data/outputs_webcam/S29/S29_E0I123D0.arff,fixation,raw,4,4,0,145.975,142.35,-3.625,23.629836365634585,34.08357375628325,10.453737390648666
S29,S29_E0I123D0,data/outputs_webcam/S29/S29_E0I123D0.arff,saccade,raw,3,3,0,36.63333333333333,39.199999999999996,2.566666666666663,8.00333263917809,4.603259714593561,-3.4000729245845296
S29,S29_E0I124D0,data/outputs_webcam/S29/S29_E0I124D0.arff,fixation,raw,5,4,-1,114.6,129.22500000000002,14.625000000000028,61.67045483860161,25.330005263849962,-36.340449574751645
S29,S29_E0I124D0,data/outputs_webcam/S29/S29_E0I124D0.arff,saccade,raw,4,3,-1,37.55,45.4,7.850000000000001,17.782856913330885,15.087743370033838,-2.6951135432970474
S29,S29_E0I125D0,data/outputs_webcam/S29/S29_E0I125D0.arff,fixation,raw,4,3,-1,105.125,195.4333333333333,90.30833333333331,51.626632339003734,192.13199455929595,140.50536222029223
S29,S29_E0I125D0,data/outputs_webcam/S29/S29_E0I125D0.arff,saccade,raw,5,2,-3,30.48,29.1,-1.379999999999999,12.613564127557286,0.0,-12.613564127557286
S29,S29_E0I126D0,data/outputs_webcam/S29/S29_E0I126D0.arff,fixation,raw,6,5,-1,74.21666666666667,102.01,27.793333333333337,42.715321216943536,48.202053898148364,5.486732681204828
S29,S29_E0I126D0,data/outputs_webcam/S29/S29_E0I126D0.arff,saccade,raw,4,3,-1,18.15,33.68333333333333,15.533333333333331,7.199999999999998,18.27165382042177,11.07165382042177
S29,S29_E0I127D0,data/outputs_webcam/S29/S29_E0I127D0.arff,fixation,raw,4,4,0,146.275,183.79999999999998,37.52499999999998,41.84426483999928,108.66048039650848,66.81621555650919
S29,S29_E0I127D0,data/outputs_webcam/S29/S29_E0I127D0.arff,saccade,raw,3,4,1,28.5,25.175,-3.3249999999999993,14.1,7.187663041629039,-6.912336958370961
S29,S29_E0I128D0,data/outputs_webcam/S29/S29_E0I128D0.arff,fixation,raw,6,3,-3,133.78333333333333,328.9666666666667,195.18333333333337,68.39033313756168,97.66679749706825,29.276464359506562
S29,S29_E0I128D0,data/outputs_webcam/S29/S29_E0I128D0.arff,saccade,raw,5,2,-3,27.48,21.7,-5.780000000000001,17.840179371295573,10.040916292848976,-7.799263078446597
S29,S29_E0I129D0,data/outputs_webcam/S29/S29_E0I129D0.arff,fixation,raw,6,5,-1,129.71666666666667,158.56,28.843333333333334,61.6668927923782,77.41894470993518,15.752051917556976
S29,S29_E0I129D0,data/outputs_webcam/S29/S29_E0I129D0.arff,saccade,raw,4,4,0,25.525,32.55,7.024999999999999,7.085842692768916,4.1605288125429425,-2.925313880225974
S29,S29_E0I130D0,data/outputs_webcam/S29/S29_E0I130D0.arff,fixation,raw,4,6,2,203.675,111.66666666666667,-92.00833333333334,92.84781006212981,52.11738353626999,-40.73042652585982
S29,S29_E0I130D0,data/outputs_webcam/S29/S29_E0I130D0.arff,saccade,raw,2,4,2,36.35,47.375,11.024999999999999,10.748023074035524,39.6852092514747,28.93718617743918
S29,S29_E0I131D0,data/outputs_webcam/S29/S29_E0I131D0.arff,fixation,raw,14,10,-4,238.23571428571427,285.27,47.034285714285716,141.35393035346993,238.08861468882642,96.73468433535649
S29,S29_E0I131D0,data/outputs_webcam/S29/S29_E0I131D0.arff,saccade,raw,13,5,-8,29.788461538461544,40.290000000000006,10.501538461538463,15.200248817126779,8.119913792645832,-7.080335024480947
S29,S29_E0I132D0,data/outputs_webcam/S29/S29_E0I132D0.arff,fixation,raw,5,5,0,131.45999999999998,147.24,15.78000000000003,25.814492053883217,38.39287694351649,12.578384889633274
S29,S29_E0I132D0,data/outputs_webcam/S29/S29_E0I132D0.arff,saccade,raw,5,4,-1,28.96,32.725,3.7650000000000006,10.509662221023092,7.210351355285445,-3.299310865737647
S29,S29_E0I133D0,data/outputs_webcam/S29/S29_E0I133D0.arff,fixation,raw,6,5,-1,142.10000000000002,185.11999999999998,43.01999999999995,44.49804490087177,117.39928449526428,72.90123959439251
S29,S29_E0I133D0,data/outputs_webcam/S29/S29_E0I133D0.arff,saccade,raw,5,4,-1,31.339999999999996,25.0,-6.339999999999996,11.73213535550967,7.069653456853455,-4.662481898656214
S29,S29_E0I134D0,data/outputs_webcam/S29/S29_E0I134D0.arff,fixation,raw,5,3,-2,100.26,200.66666666666666,100.40666666666665,40.88756534693647,60.808743888797224,19.921178541860755
S29,S29_E0I134D0,data/outputs_webcam/S29/S29_E0I134D0.arff,saccade,raw,4,3,-1,37.9,24.133333333333336,-13.766666666666662,6.928684338795256,8.342861219829402,1.4141768810341455
S29,S29_E0I135D0,data/outputs_webcam/S29/S29_E0I135D0.arff,fixation,raw,5,4,-1,109.56000000000002,171.4,61.83999999999999,36.167775712642324,155.20779619593856,119.04002048329623
S29,S29_E0I135D0,data/outputs_webcam/S29/S29_E0I135D0.arff,saccade,raw,4,3,-1,33.025,24.666666666666668,-8.35833333333333,15.476299083867994,8.635006272918007,-6.841292810949987
S29,S29_E0I136D0,data/outputs_webcam/S29/S29_E0I136D0.arff,fixation,raw,5,5,0,109.75999999999999,132.68,22.920000000000016,50.13863779561626,71.33310591864061,21.19446812302435
S29,S29_E0I136D0,data/outputs_webcam/S29/S29_E0I136D0.arff,saccade,raw,4,4,0,45.324999999999996,31.075000000000003,-14.249999999999993,19.19138261477444,12.581832140034297,-6.609550474740143
S29,S29_E0I137D0,data/outputs_webcam/S29/S29_E0I137D0.arff,fixation,raw,6,3,-3,102.78333333333332,250.33333333333334,147.55,55.27999336710042,229.1805910921196,173.9005977250192
S29,S29_E0I137D0,data/outputs_webcam/S29/S29_E0I137D0.arff,saccade,raw,4,2,-2,30.724999999999998,39.75,9.025000000000002,12.19818975640785,14.637110370561535,2.4389206141536857
S29,S29_E0I139D0,data/outputs_webcam/S29/S29_E0I139D0.arff,fixation,raw,5,4,-1,145.01999999999998,209.425,64.40500000000003,40.28978778797427,97.8247199501912,57.534932162216926
S29,S29_E0I139D0,data/outputs_webcam/S29/S29_E0I139D0.arff,saccade,raw,5,3,-2,34.42,33.666666666666664,-0.7533333333333374,5.954158210864069,4.061198509471475,-1.892959701392594
S29,S29_E0I140D0,data/outputs_webcam/S29/S29_E0I140D0.arff,fixation,raw,6,7,1,138.35,110.58571428571429,-27.764285714285705,29.68169469555268,69.52772656936772,39.846031873815036
S29,S29_E0I140D0,data/outputs_webcam/S29/S29_E0I140D0.arff,saccade,raw,6,6,0,37.11666666666667,41.966666666666676,4.8500000000000085,9.329612353504654,10.428742333889867,1.0991299803852126
S30,S30_E0I101D0,data/outputs_webcam/S30/S30_E0I101D0.arff,fixation,raw,6,5,-1,178.91666666666666,242.05,63.133333333333354,78.04500411087609,116.76866017900522,38.72365606812913
S30,S30_E0I101D0,data/outputs_webcam/S30/S30_E0I101D0.arff,saccade,raw,5,4,-1,37.769999999999996,39.825,2.055000000000007,7.522100770396526,9.464098830140493,1.941998059743967
S30,S30_E0I102D0,data/outputs_webcam/S30/S30_E0I102D0.arff,fixation,raw,6,6,0,169.88333333333335,159.08333333333334,-10.800000000000011,128.3415819859903,131.1393063374466,2.79772435145631
S30,S30_E0I102D0,data/outputs_webcam/S30/S30_E0I102D0.arff,saccade,raw,6,5,-1,39.666666666666664,50.54,10.873333333333335,17.407661148662868,14.979419214375437,-2.4282419342874313
S30,S30_E0I103D0,data/outputs_webcam/S30/S30_E0I103D0.arff,fixation,raw,5,5,0,132.45999999999998,138.16,5.700000000000017,88.15865243979175,75.00828620892494,-13.150366230866808
S30,S30_E0I103D0,data/outputs_webcam/S30/S30_E0I103D0.arff,saccade,raw,3,4,1,24.166666666666668,38.150000000000006,13.983333333333338,16.22354256422848,10.745696813143391,-5.4778457510850895
S30,S30_E0I104D0,data/outputs_webcam/S30/S30_E0I104D0.arff,fixation,raw,6,6,0,204.30000000000004,221.23333333333335,16.93333333333331,136.22901306256315,120.07102342641487,-16.157989636148287
S30,S30_E0I104D0,data/outputs_webcam/S30/S30_E0I104D0.arff,saccade,raw,4,5,1,33.5,39.44,5.939999999999998,14.416888244925348,19.08462732148574,4.667739076560393
S30,S30_E0I105D0,data/outputs_webcam/S30/S30_E0I105D0.arff,fixation,raw,9,9,0,202.65555555555557,216.35555555555558,13.700000000000017,145.4869849085401,156.27158339819104,10.784598489650932
S30,S30_E0I105D0,data/outputs_webcam/S30/S30_E0I105D0.arff,saccade,raw,6,8,2,29.183333333333337,41.7,12.516666666666666,8.98741712989147,16.065579888160187,7.078162758268716
S30,S30_E0I106D0,data/outputs_webcam/S30/S30_E0I106D0.arff,fixation,raw,5,6,1,163.57,152.83333333333334,-10.73666666666665,116.90866948177967,90.15190328920775,-26.756766192571916
S30,S30_E0I106D0,data/outputs_webcam/S30/S30_E0I106D0.arff,saccade,raw,4,5,1,34.475,36.47,1.9949999999999974,10.652190698005114,12.659857819106819,2.0076671211017043
S30,S30_E0I107D0,data/outputs_webcam/S30/S30_E0I107D0.arff,fixation,raw,6,6,0,164.93333333333334,212.64999999999998,47.71666666666664,164.0827281180645,156.1493772001669,-7.933350917897599
S30,S30_E0I107D0,data/outputs_webcam/S30/S30_E0I107D0.arff,saccade,raw,5,5,0,51.89,49.29,-2.6000000000000014,39.60066918626502,15.900408799776187,-23.700260386488836
S30,S30_E0I108D0,data/outputs_webcam/S30/S30_E0I108D0.arff,fixation,raw,5,4,-1,124.42,196.79999999999998,72.37999999999998,24.48503624665481,42.55639395750851,18.0713577108537
S30,S30_E0I108D0,data/outputs_webcam/S30/S30_E0I108D0.arff,saccade,raw,3,3,0,43.76666666666667,46.23333333333333,2.4666666666666544,14.400462955521025,17.715623989386696,3.315161033865671
S30,S30_E0I109D0,data/outputs_webcam/S30/S30_E0I109D0.arff,fixation,raw,5,6,1,208.9,176.48333333333332,-32.416666666666686,53.782013722061386,96.45789582334184,42.67588210128046
S30,S30_E0I109D0,data/outputs_webcam/S30/S30_E0I109D0.arff,saccade,raw,4,5,1,38.075,43.36,5.284999999999997,21.584620296251064,10.261481374538473,-11.32313892171259
S30,S30_E0I110D0,data/outputs_webcam/S30/S30_E0I110D0.arff,fixation,raw,6,5,-1,128.35,159.82,31.47,71.9204491087201,66.40803415250296,-5.5124149562171425
S30,S30_E0I110D0,data/outputs_webcam/S30/S30_E0I110D0.arff,saccade,raw,5,4,-1,52.08,40.1,-11.979999999999997,28.060060584396464,9.29623579735368,-18.763824787042786
S30,S30_E0I111D0,data/outputs_webcam/S30/S30_E0I111D0.arff,fixation,raw,8,7,-1,84.6125,110.02142857142857,25.408928571428575,64.85762291357894,54.12764895090475,-10.729973962674187
S30,S30_E0I111D0,data/outputs_webcam/S30/S30_E0I111D0.arff,saccade,raw,6,7,1,39.96666666666666,35.33571428571428,-4.63095238095238,21.907570989652562,15.764033808158425,-6.143537181494137
S30,S30_E0I112D0,data/outputs_webcam/S30/S30_E0I112D0.arff,fixation,raw,5,6,1,199.8,175.0,-24.80000000000001,129.66501070065124,121.80052545042655,-7.864485250224689
S30,S30_E0I112D0,data/outputs_webcam/S30/S30_E0I112D0.arff,saccade,raw,3,5,2,34.199999999999996,41.9,7.700000000000003,16.803571049035977,30.32639114698615,13.522820097950174
S30,S30_E0I113D0,data/outputs_webcam/S30/S30_E0I113D0.arff,fixation,raw,7,6,-1,126.8142857142857,149.15,22.335714285714303,50.04309571330923,51.50466969120374,1.4615739778945098
S30,S30_E0I113D0,data/outputs_webcam/S30/S30_E0I113D0.arff,saccade,raw,6,5,-1,32.93333333333333,40.88,7.9466666666666725,17.63946333272831,7.871912093005102,-9.76755123972321
S30,S30_E0I114D0,data/outputs_webcam/S30/S30_E0I114D0.arff,fixation,raw,9,9,0,125.1222222222222,124.28888888888888,-0.8333333333333286,60.97851625322187,67.94198710010704,6.963470846885173
S30,S30_E0I114D0,data/outputs_webcam/S30/S30_E0I114D0.arff,saccade,raw,6,9,3,34.85,43.144444444444446,8.294444444444444,9.309940923550483,16.658264548799124,7.348323625248641
S30,S30_E0I115D0,data/outputs_webcam/S30/S30_E0I115D0.arff,fixation,raw,7,7,0,109.17142857142858,170.5142857142857,61.34285714285713,45.060763208720516,51.40059755072336,6.339834342002845
S30,S30_E0I115D0,data/outputs_webcam/S30/S30_E0I115D0.arff,saccade,raw,4,6,2,36.175,48.31666666666667,12.141666666666673,8.343210812790641,16.82728934399913,8.484078531208489
S30,S30_E0I117D0,data/outputs_webcam/S30/S30_E0I117D0.arff,fixation,raw,7,7,0,132.83571428571426,165.53571428571428,32.70000000000002,68.42741722855999,101.42515185382483,32.99773462526484
S30,S30_E0I117D0,data/outputs_webcam/S30/S30_E0I117D0.arff,saccade,raw,5,6,1,42.13000000000001,32.766666666666666,-9.363333333333344,9.280463350501417,9.834514053407348,0.554050702905931
S30,S30_E0I118D0,data/outputs_webcam/S30/S30_E0I118D0.arff,fixation,raw,8,5,-3,133.0875,203.62,70.5325,77.65008393887469,144.717403929175,67.0673199903003
S30,S30_E0I118D0,data/outputs_webcam/S30/S30_E0I118D0.arff,saccade,raw,6,5,-1,27.316666666666663,41.16,13.843333333333334,9.885022340220921,16.46429470095819,6.579272360737271
S30,S30_E0I119D0,data/outputs_webcam/S30/S30_E0I119D0.arff,fixation,raw,6,6,0,147.08333333333334,180.16666666666666,33.083333333333314,68.22842271859044,77.0892902202807,8.860867501690265
S30,S30_E0I119D0,data/outputs_webcam/S30/S30_E0I119D0.arff,saccade,raw,5,5,0,35.08,30.68,-4.399999999999999,18.562246631267453,10.66123820201012,-7.901008429257333
S30,S30_E0I120D0,data/outputs_webcam/S30/S30_E0I120D0.arff,fixation,raw,7,6,-1,137.17142857142858,175.38333333333333,38.21190476190475,88.9956312464403,82.98972024694785,-6.005910999492443
S30,S30_E0I120D0,data/outputs_webcam/S30/S30_E0I120D0.arff,saccade,raw,5,5,0,36.239999999999995,43.3,7.060000000000002,15.799462016157385,13.299436078270386,-2.500025937886999
S30,S30_E0I121D0,data/outputs_webcam/S30/S30_E0I121D0.arff,fixation,raw,7,7,0,167.44285714285712,153.94285714285712,-13.5,67.47865976595507,121.62078847991486,54.14212871395979
S30,S30_E0I121D0,data/outputs_webcam/S30/S30_E0I121D0.arff,saccade,raw,5,6,1,24.56,49.21666666666667,24.65666666666667,13.900467618033574,32.59947341087992,18.699005792846343
S30,S30_E0I122D0,data/outputs_webcam/S30/S30_E0I122D0.arff,fixation,raw,5,6,1,161.45999999999998,136.93333333333334,-24.526666666666642,106.14783558791954,103.3607598011289,-2.7870757867906377
S30,S30_E0I122D0,data/outputs_webcam/S30/S30_E0I122D0.arff,saccade,raw,4,5,1,37.875,41.839999999999996,3.9649999999999963,16.805430669875737,5.991911214295485,-10.813519455580252
S30,S30_E0I123D0,data/outputs_webcam/S30/S30_E0I123D0.arff,fixation,raw,6,6,0,201.45000000000002,214.85,13.399999999999977,205.9213223539515,198.493342457625,-7.427979896326491
S30,S30_E0I123D0,data/outputs_webcam/S30/S30_E0I123D0.arff,saccade,raw,4,5,1,37.9,36.2,-1.6999999999999957,6.936377536822323,8.703734830519597,1.7673572936972741
S30,S30_E0I124D0,data/outputs_webcam/S30/S30_E0I124D0.arff,fixation,raw,6,5,-1,131.16666666666666,194.74,63.57333333333335,112.65900171165492,120.4542983873967,7.795296675741781
S30,S30_E0I124D0,data/outputs_webcam/S30/S30_E0I124D0.arff,saccade,raw,4,4,0,32.475,32.675000000000004,0.20000000000000284,13.727678852109946,6.95910674344536,-6.7685721086645865
S30,S30_E0I125D0,data/outputs_webcam/S30/S30_E0I125D0.arff,fixation,raw,7,6,-1,95.90714285714286,147.60000000000002,51.692857142857164,66.06690692378591,78.58602293028959,12.51911600650368
S30,S30_E0I125D0,data/outputs_webcam/S30/S30_E0I125D0.arff,saccade,raw,5,5,0,43.589999999999996,42.15,-1.4399999999999977,32.522115552343756,7.88955005054154,-24.632565501802215
S30,S30_E0I126D0,data/outputs_webcam/S30/S30_E0I126D0.arff,fixation,raw,10,8,-2,134.43,193.625,59.19499999999999,82.77824526340777,83.93229839749245,1.154053134084677
S30,S30_E0I126D0,data/outputs_webcam/S30/S30_E0I126D0.arff,saccade,raw,6,9,3,35.15,46.04444444444445,10.894444444444453,13.551789549723683,27.465028268286524,13.913238718562841
S30,S30_E0I127D0,data/outputs_webcam/S30/S30_E0I127D0.arff,fixation,raw,6,7,1,156.86666666666667,136.35714285714286,-20.509523809523813,93.99409910556442,107.5977827705704,13.603683665005988
S30,S30_E0I127D0,data/outputs_webcam/S30/S30_E0I127D0.arff,saccade,raw,4,5,1,35.824999999999996,33.14,-2.684999999999995,5.675312032537654,9.48435553951875,3.809043506981096
S30,S30_E0I128D0,data/outputs_webcam/S30/S30_E0I128D0.arff,fixation,raw,5,5,0,139.23,147.85,8.620000000000005,49.01848630873866,54.00310176276914,4.984615454030482
S30,S30_E0I128D0,data/outputs_webcam/S30/S30_E0I128D0.arff,saccade,raw,3,3,0,33.38333333333333,35.88333333333333,2.5,4.2770706486254495,7.051477386571792,2.774406737946342
S30,S30_E0I129D0,data/outputs_webcam/S30/S30_E0I129D0.arff,fixation,raw,6,5,-1,123.30000000000001,164.76,41.45999999999998,24.140919617943304,114.55729134367661,90.41637172573331
S30,S30_E0I129D0,data/outputs_webcam/S30/S30_E0I129D0.arff,saccade,raw,5,4,-1,27.68,41.7,14.020000000000003,12.89251720960651,12.07393887677091,-0.8185783328355996
S30,S30_E0I130D0,data/outputs_webcam/S30/S30_E0I130D0.arff,fixation,raw,5,5,0,179.5,179.56,0.060000000000002274,85.96880248090001,92.99528482670506,7.02648234580505
S30,S30_E0I130D0,data/outputs_webcam/S30/S30_E0I130D0.arff,saccade,raw,4,4,0,41.575,41.55,-0.025000000000005684,16.75835612463227,3.5911929308610886,-13.167163193771183
S30,S30_E0I131D0,data/outputs_webcam/S30/S30_E0I131D0.arff,fixation,raw,5,6,1,145.6,123.84999999999998,-21.750000000000014,73.96897998485582,69.01793245237067,-4.951047532485148
S30,S30_E0I131D0,data/outputs_webcam/S30/S30_E0I131D0.arff,saccade,raw,3,5,2,45.93333333333334,37.96,-7.973333333333336,8.429313930168533,9.290209900750359,0.8608959705818258
S30,S30_E0I132D0,data/outputs_webcam/S30/S30_E0I132D0.arff,fixation,raw,10,10,0,155.19,159.54,4.349999999999994,70.76933501014248,93.50293162367811,22.733596613535624
S30,S30_E0I132D0,data/outputs_webcam/S30/S30_E0I132D0.arff,saccade,raw,8,9,1,33.550000000000004,46.0,12.449999999999996,10.860413041342923,8.13572369245662,-2.7246893488863027
S30,S30_E0I133D0,data/outputs_webcam/S30/S30_E0I133D0.arff,fixation,raw,8,8,0,103.71249999999999,119.61250000000001,15.90000000000002,37.497140367157144,48.214385449632296,10.717245082475152
S30,S30_E0I133D0,data/outputs_webcam/S30/S30_E0I133D0.arff,saccade,raw,6,7,1,37.51666666666667,40.48571428571429,2.9690476190476147,8.321398119707208,20.698504661885487,12.377106542178279
S30,S30_E0I134D0,data/outputs_webcam/S30/S30_E0I134D0.arff,fixation,raw,7,6,-1,162.91428571428568,205.79999999999998,42.8857142857143,107.15825413178132,109.48784407412542,2.3295899423441
S30,S30_E0I134D0,data/outputs_webcam/S30/S30_E0I134D0.arff,saccade,raw,5,5,0,33.28,47.34,14.060000000000002,21.303919827111628,10.736526440148136,-10.567393386963492
S30,S30_E0I135D0,data/outputs_webcam/S30/S30_E0I135D0.arff,fixation,raw,6,5,-1,142.31666666666666,180.66,38.343333333333334,68.25863803700354,135.2330506939779,66.97441265697437
S30,S30_E0I135D0,data/outputs_webcam/S30/S30_E0I135D0.arff,saccade,raw,4,4,0,22.125,36.3,14.174999999999997,8.25,8.386099609870291,0.1360996098702909
S30,S30_E0I136D0,data/outputs_webcam/S30/S30_E0I136D0.arff,fixation,raw,5,6,1,146.62000000000003,136.51666666666668,-10.103333333333353,47.037400013181006,72.28815716745494,25.250757154273934
S30,S30_E0I136D0,data/outputs_webcam/S30/S30_E0I136D0.arff,saccade,raw,4,5,1,52.175000000000004,47.440000000000005,-4.734999999999999,47.93456477324061,19.210361787327173,-28.724202985913436
S30,S30_E0I137D0,data/outputs_webcam/S30/S30_E0I137D0.arff,fixation,raw,4,4,0,262.325,246.075,-16.25,281.221980826535,282.40088969406594,1.1789088675309358
S30,S30_E0I137D0,data/outputs_webcam/S30/S30_E0I137D0.arff,saccade,raw,3,3,0,26.883333333333336,36.28333333333333,9.399999999999995,10.789501069712786,7.405628490096795,-3.383872579615991
S30,S30_E0I138D0,data/outputs_webcam/S30/S30_E0I138D0.arff,fixation,raw,5,4,-1,115.2,134.825,19.624999999999986,48.54848092371171,29.792882259582296,-18.755598664129412
S30,S30_E0I138D0,data/outputs_webcam/S30/S30_E0I138D0.arff,saccade,raw,4,4,0,43.675,59.475,15.800000000000004,27.532934823589002,30.79960768148408,3.2666728578950774
S30,S30_E0I139D0,data/outputs_webcam/S30/S30_E0I139D0.arff,fixation,raw,6,6,0,129.16666666666666,140.20000000000002,11.03333333333336,56.915610043876946,69.12053240535694,12.204922361479994
S30,S30_E0I139D0,data/outputs_webcam/S30/S30_E0I139D0.arff,saccade,raw,5,6,1,30.46,32.766666666666666,2.306666666666665,16.15481352414815,12.672595103871451,-3.4822184202766984
S30,S30_E0I140D0,data/outputs_webcam/S30/S30_E0I140D0.arff,fixation,raw,7,9,2,164.1,139.72222222222223,-24.377777777777766,64.99766662478483,67.32640228353543,2.3287356587506025
S30,S30_E0I140D0,data/outputs_webcam/S30/S30_E0I140D0.arff,saccade,raw,5,8,3,34.14,33.7375,-0.4025000000000034,14.413812819653236,11.561751906301103,-2.8520609133521333
S31,S31_E0I101D0,data/outputs_webcam/S31/S31_E0I101D0.arff,fixation,raw,3,3,0,249.33333333333334,249.13333333333335,-0.19999999999998863,153.52662092722986,173.3361570282823,19.80953610105243
S31,S31_E0I101D0,data/outputs_webcam/S31/S31_E0I101D0.arff,saccade,raw,2,2,0,29.75,30.6,0.8500000000000014,20.57680733252853,0.141421356237309,-20.435385976291222
S31,S31_E0I102D0,data/outputs_webcam/S31/S31_E0I102D0.arff,fixation,raw,5,5,0,271.64,268.65999999999997,-2.980000000000018,178.84009058373908,180.2860033391389,1.445912755399803
S31,S31_E0I102D0,data/outputs_webcam/S31/S31_E0I102D0.arff,saccade,raw,4,4,0,35.4,39.225,3.825000000000003,6.593936608733813,10.640606185739607,4.046669577005794
S31,S31_E0I103D0,data/outputs_webcam/S31/S31_E0I103D0.arff,fixation,raw,4,4,0,191.75,202.82500000000002,11.075000000000017,133.1731829861653,129.85287508047972,-3.3203079056855813
S31,S31_E0I103D0,data/outputs_webcam/S31/S31_E0I103D0.arff,saccade,raw,3,3,0,46.0,53.13333333333333,7.133333333333333,14.992331373072036,19.343560513342243,4.351229140270208
S31,S31_E0I104D0,data/outputs_webcam/S31/S31_E0I104D0.arff,fixation,raw,6,5,-1,174.30000000000004,218.54000000000002,44.23999999999998,92.06921309536645,94.95226695556036,2.883053860193911
S31,S31_E0I104D0,data/outputs_webcam/S31/S31_E0I104D0.arff,saccade,raw,5,4,-1,25.32,40.475,15.155000000000001,16.233822716784854,12.44357263811322,-3.790250078671633
S31,S31_E0I105D0,data/outputs_webcam/S31/S31_E0I105D0.arff,fixation,raw,8,7,-1,112.95,144.80714285714285,31.857142857142847,55.128473327569765,70.59409458641842,15.465621258848657
S31,S31_E0I105D0,data/outputs_webcam/S31/S31_E0I105D0.arff,saccade,raw,7,6,-1,33.56428571428572,42.916666666666664,9.352380952380948,12.232392593905274,14.056125592305534,1.82373299840026
S31,S31_E0I106D0,data/outputs_webcam/S31/S31_E0I106D0.arff,fixation,raw,5,5,0,285.30000000000007,285.0,-0.3000000000000682,99.86070298170347,113.04538911428455,13.184686132581078
S31,S31_E0I106D0,data/outputs_webcam/S31/S31_E0I106D0.arff,saccade,raw,4,4,0,29.725,46.650000000000006,16.925000000000004,0.35939764421413056,19.66545193988686,19.30605429567273
S31,S31_E0I107D0,data/outputs_webcam/S31/S31_E0I107D0.arff,fixation,raw,6,6,0,168.66666666666666,188.56666666666663,19.899999999999977,46.551376635569724,50.28151416441898,3.730137528849255
S31,S31_E0I107D0,data/outputs_webcam/S31/S31_E0I107D0.arff,saccade,raw,6,5,-1,39.9,40.68,0.7800000000000011,12.902867898261997,6.7986763417594736,-6.104191556502523
S31,S31_E0I108D0,data/outputs_webcam/S31/S31_E0I108D0.arff,fixation,raw,7,6,-1,148.22857142857143,165.35000000000002,17.121428571428595,133.87481359197372,126.65609736605657,-7.218716225917149
S31,S31_E0I108D0,data/outputs_webcam/S31/S31_E0I108D0.arff,saccade,raw,6,5,-1,28.36666666666667,40.32,11.95333333333333,7.157839525070862,9.59359161107038,2.4357520859995176
S31,S31_E0I109D0,data/outputs_webcam/S31/S31_E0I109D0.arff,fixation,raw,4,4,0,235.325,246.675,11.350000000000023,168.12129301985124,165.26587417451515,-2.8554188453360894
S31,S31_E0I109D0,data/outputs_webcam/S31/S31_E0I109D0.arff,saccade,raw,3,3,0,34.78333333333333,39.949999999999996,5.166666666666664,17.008919228843826,16.714365079176655,-0.29455414966717086
S31,S31_E0I110D0,data/outputs_webcam/S31/S31_E0I110D0.arff,fixation,raw,7,7,0,104.8,131.62857142857143,26.828571428571436,59.40266548452743,42.68823859432143,-16.714426890206
S31,S31_E0I110D0,data/outputs_webcam/S31/S31_E0I110D0.arff,saccade,raw,6,6,0,32.349999999999994,30.966666666666665,-1.3833333333333293,14.271475046399372,14.80022522351152,0.5287501771121477
S31,S31_E0I111D0,data/outputs_webcam/S31/S31_E0I111D0.arff,fixation,raw,6,5,-1,131.06666666666663,121.6,-9.46666666666664,59.43566830335693,61.55659997108352,2.1209316677265946
S31,S31_E0I111D0,data/outputs_webcam/S31/S31_E0I111D0.arff,saccade,raw,5,4,-1,45.5,22.950000000000003,-22.549999999999997,10.33247308247159,8.71951833532105,-1.6129547471505408
S31,S31_E0I112D0,data/outputs_webcam/S31/S31_E0I112D0.arff,fixation,raw,5,5,0,171.57999999999998,162.54,-9.039999999999992,62.23019363620845,54.38559551940201,-7.844598116806438
S31,S31_E0I112D0,data/outputs_webcam/S31/S31_E0I112D0.arff,saccade,raw,4,4,0,39.0,51.599999999999994,12.599999999999994,16.28639514032085,12.7559136612527,-3.5304814790681487
S31,S31_E0I113D0,data/outputs_webcam/S31/S31_E0I113D0.arff,fixation,raw,6,6,0,133.15,139.08333333333331,5.933333333333309,50.53599707139457,19.86267017967792,-30.67332689171665
S31,S31_E0I113D0,data/outputs_webcam/S31/S31_E0I113D0.arff,saccade,raw,5,5,0,28.339999999999996,35.54,7.200000000000003,7.876103097344523,7.997999749937481,0.1218966525929579
S31,S31_E0I114D0,data/outputs_webcam/S31/S31_E0I114D0.arff,fixation,raw,7,7,0,166.31428571428572,171.6,5.285714285714278,88.02032773875644,68.47654099519534,-19.5437867435611
S31,S31_E0I114D0,data/outputs_webcam/S31/S31_E0I114D0.arff,saccade,raw,6,5,-1,33.833333333333336,42.0,8.166666666666664,11.551565550464002,13.621857435753759,2.070291885289757
S31,S31_E0I115D0,data/outputs_webcam/S31/S31_E0I115D0.arff,fixation,raw,5,5,0,170.12,184.92,14.799999999999983,62.49105535994731,51.872121606890154,-10.618933753057156
S31,S31_E0I115D0,data/outputs_webcam/S31/S31_E0I115D0.arff,saccade,raw,5,4,-1,30.160000000000004,41.525,11.364999999999995,10.195243989233411,4.193149174546502,-6.0020948146869095
S31,S31_E0I116D0,data/outputs_webcam/S31/S31_E0I116D0.arff,fixation,raw,5,5,0,144.78,150.58,5.800000000000011,49.61277053340198,38.178226779147295,-11.434543754254683
S31,S31_E0I116D0,data/outputs_webcam/S31/S31_E0I116D0.arff,saccade,raw,4,4,0,37.725,32.275,-5.450000000000003,6.466000824827249,3.5311707218239494,-2.9348301030033
S31,S31_E0I117D0,data/outputs_webcam/S31/S31_E0I117D0.arff,fixation,raw,6,6,0,169.6,174.66666666666666,5.066666666666663,104.08823180360017,96.7864591080109,-7.301772695589264
S31,S31_E0I117D0,data/outputs_webcam/S31/S31_E0I117D0.arff,saccade,raw,5,5,0,33.18,36.06,2.8800000000000026,6.781740189656338,17.078290312557634,10.296550122901296
S31,S31_E0I118D0,data/outputs_webcam/S31/S31_E0I118D0.arff,fixation,raw,6,6,0,172.75,183.85000000000002,11.100000000000023,64.24798051300913,61.951295385972365,-2.29668512703676
S31,S31_E0I118D0,data/outputs_webcam/S31/S31_E0I118D0.arff,saccade,raw,5,5,0,33.0,39.18,6.18,12.194875973129042,8.262989773683616,-3.931886199445426
S31,S31_E0I119D0,data/outputs_webcam/S31/S31_E0I119D0.arff,fixation,raw,8,7,-1,134.3625,169.09285714285716,34.730357142857144,78.85897788366992,72.88991373166472,-5.969064152005203
S31,S31_E0I119D0,data/outputs_webcam/S31/S31_E0I119D0.arff,saccade,raw,6,6,0,30.05,33.8,3.7499999999999964,13.351554216644592,8.85070618651416,-4.500848030130433
S31,S31_E0I120D0,data/outputs_webcam/S31/S31_E0I120D0.arff,fixation,raw,6,5,-1,156.63333333333333,190.60000000000002,33.9666666666667,73.38069682598187,40.93134495713523,-32.44935186884664
S31,S31_E0I120D0,data/outputs_webcam/S31/S31_E0I120D0.arff,saccade,raw,5,5,0,40.38,28.320000000000004,-12.059999999999999,6.621329171699592,7.951226320511824,1.3298971488122326
S31,S31_E0I121D0,data/outputs_webcam/S31/S31_E0I121D0.arff,fixation,raw,6,5,-1,203.41666666666666,278.06000000000006,74.6433333333334,173.71396508820663,187.14297475459773,13.429009666391096
S31,S31_E0I121D0,data/outputs_webcam/S31/S31_E0I121D0.arff,saccade,raw,5,4,-1,46.8,26.424999999999997,-20.375,37.836292101631734,7.428043708361801,-30.408248393269933
S31,S31_E0I122D0,data/outputs_webcam/S31/S31_E0I122D0.arff,fixation,raw,7,5,-2,116.3714285714286,149.14000000000001,32.76857142857142,77.80849812811182,69.92573203049076,-7.882766097621058
S31,S31_E0I122D0,data/outputs_webcam/S31/S31_E0I122D0.arff,saccade,raw,5,5,0,32.7,37.17999999999999,4.47999999999999,13.381330277666716,16.541674643155087,3.1603443654883705
S31,S31_E0I123D0,data/outputs_webcam/S31/S31_E0I123D0.arff,fixation,raw,8,6,-2,146.33749999999998,216.0333333333333,69.69583333333333,61.765453531889484,97.881819898624,36.11636636673452
S31,S31_E0I123D0,data/outputs_webcam/S31/S31_E0I123D0.arff,saccade,raw,7,5,-2,28.24285714285714,45.36,17.11714285714286,13.756314567361073,13.81441276348727,0.058098196126197266
S31,S31_E0I124D0,data/outputs_webcam/S31/S31_E0I124D0.arff,fixation,raw,5,3,-2,121.64000000000001,202.46666666666667,80.82666666666665,68.25659675079032,87.0143857838078,18.757789033017474
S31,S31_E0I124D0,data/outputs_webcam/S31/S31_E0I124D0.arff,saccade,raw,4,3,-1,24.375,30.333333333333332,5.958333333333332,10.90210224375709,0.11547005383792475,-10.786632189919166
S31,S31_E0I125D0,data/outputs_webcam/S31/S31_E0I125D0.arff,fixation,raw,12,10,-2,125.66666666666667,146.64000000000001,20.973333333333343,64.59255984924879,56.649413059624905,-7.943146789623881
S31,S31_E0I125D0,data/outputs_webcam/S31/S31_E0I125D0.arff,saccade,raw,10,9,-1,28.369999999999997,45.51111111111111,17.141111111111115,15.111662163155096,12.717846166356594,-2.3938159967985015
S31,S31_E0I126D0,data/outputs_webcam/S31/S31_E0I126D0.arff,fixation,raw,8,7,-1,171.2625,202.07142857142858,30.808928571428595,75.56643127549617,38.01445840228489,-37.551972873211284
S31,S31_E0I126D0,data/outputs_webcam/S31/S31_E0I126D0.arff,saccade,raw,7,7,0,39.25714285714286,33.01428571428571,-6.242857142857147,11.863368990700907,12.146114409064953,0.2827454183640459
S31,S31_E0I128D0,data/outputs_webcam/S31/S31_E0I128D0.arff,fixation,raw,5,5,0,178.8,178.5,-0.30000000000001137,76.90728183988821,84.28365796523073,7.376376125342517
S31,S31_E0I128D0,data/outputs_webcam/S31/S31_E0I128D0.arff,saccade,raw,4,4,0,26.400000000000002,42.85,16.45,7.4828693248869005,12.15606844337428,4.67319911848738
S31,S31_E0I129D0,data/outputs_webcam/S31/S31_E0I129D0.arff,fixation,raw,5,4,-1,138.48000000000002,165.10000000000002,26.620000000000005,100.22675291557638,55.13915729013879,-45.087595625437594
S31,S31_E0I129D0,data/outputs_webcam/S31/S31_E0I129D0.arff,saccade,raw,4,3,-1,39.474999999999994,40.46666666666666,0.9916666666666671,7.527449767351489,8.893443277681222,1.3659935103297327
S31,S31_E0I130D0,data/outputs_webcam/S31/S31_E0I130D0.arff,fixation,raw,6,5,-1,132.8,178.7,45.89999999999998,63.79485872701656,44.751201101199506,-19.043657625817055
S31,S31_E0I130D0,data/outputs_webcam/S31/S31_E0I130D0.arff,saccade,raw,5,4,-1,28.459999999999997,41.175,12.715,15.171123887174609,7.717674520216565,-7.453449366958044
S31,S31_E0I131D0,data/outputs_webcam/S31/S31_E0I131D0.arff,fixation,raw,7,8,1,186.32857142857142,159.14999999999998,-27.178571428571445,47.21404149493786,78.64682356677132,31.432782071833458
S31,S31_E0I131D0,data/outputs_webcam/S31/S31_E0I131D0.arff,saccade,raw,6,7,1,43.18333333333334,41.557142857142864,-1.626190476190473,16.77848821159602,14.144475616868606,-2.6340125947274142
S31,S31_E0I132D0,data/outputs_webcam/S31/S31_E0I132D0.arff,fixation,raw,7,7,0,210.30714285714288,231.52142857142857,21.214285714285694,88.77144543043964,89.1257485108487,0.35430308040905345
S31,S31_E0I132D0,data/outputs_webcam/S31/S31_E0I132D0.arff,saccade,raw,6,6,0,56.88333333333333,38.56666666666666,-18.31666666666667,20.23043911205752,13.46587043850737,-6.764568673550151
S31,S31_E0I133D0,data/outputs_webcam/S31/S31_E0I133D0.arff,fixation,raw,6,7,1,142.51666666666668,130.9,-11.616666666666674,83.20717316834329,87.65627948603188,4.449106317688589
S31,S31_E0I133D0,data/outputs_webcam/S31/S31_E0I133D0.arff,saccade,raw,6,6,0,32.4,35.95000000000001,3.5500000000000114,10.714662850505377,14.984091564055525,4.269428713550148
S31,S31_E0I134D0,data/outputs_webcam/S31/S31_E0I134D0.arff,fixation,raw,5,5,0,171.07000000000002,160.17,-10.900000000000034,44.53180885614236,49.099358447947154,4.5675495918047915
S31,S31_E0I134D0,data/outputs_webcam/S31/S31_E0I134D0.arff,saccade,raw,4,4,0,35.75,43.050000000000004,7.300000000000004,14.201173660417414,9.114091653404998,-5.087082007012416
S31,S31_E0I135D0,data/outputs_webcam/S31/S31_E0I135D0.arff,fixation,raw,7,6,-1,148.27142857142854,182.8166666666667,34.54523809523815,87.67444922906016,111.92617954110051,24.25173031204035
S31,S31_E0I135D0,data/outputs_webcam/S31/S31_E0I135D0.arff,saccade,raw,6,5,-1,33.583333333333336,44.2,10.616666666666667,19.77052519956581,15.280543184062532,-4.489982015503278
S31,S31_E0I136D0,data/outputs_webcam/S31/S31_E0I136D0.arff,fixation,raw,7,6,-1,157.07142857142858,193.1,36.02857142857141,102.97685361746291,99.40877224873063,-3.5680813687322797
S31,S31_E0I136D0,data/outputs_webcam/S31/S31_E0I136D0.arff,saccade,raw,6,5,-1,25.149999999999995,43.49999999999999,18.349999999999998,7.794805962947378,10.243046421841502,2.448240458894124
S31,S31_E0I137D0,data/outputs_webcam/S31/S31_E0I137D0.arff,fixation,raw,5,5,0,152.82,167.64000000000001,14.820000000000022,46.23880405027795,20.214178192545944,-26.024625857732005
S31,S31_E0I137D0,data/outputs_webcam/S31/S31_E0I137D0.arff,saccade,raw,4,4,0,35.55,33.949999999999996,-1.6000000000000014,11.905880899790658,8.38112959769346,-3.5247513020971972
S31,S31_E0I138D0,data/outputs_webcam/S31/S31_E0I138D0.arff,fixation,raw,6,6,0,129.0666666666667,139.18333333333334,10.116666666666646,46.064592331493245,43.2611796726195,-2.8034126588737465
S31,S31_E0I138D0,data/outputs_webcam/S31/S31_E0I138D0.arff,saccade,raw,5,5,0,40.12,37.059999999999995,-3.0600000000000023,6.6721061142640705,19.696268682164142,13.02416256790007
S31,S31_E0I139D0,data/outputs_webcam/S31/S31_E0I139D0.arff,fixation,raw,5,5,0,201.02,208.14000000000001,7.1200000000000045,60.30237972087006,63.999007804808976,3.6966280839389185
S31,S31_E0I139D0,data/outputs_webcam/S31/S31_E0I139D0.arff,saccade,raw,5,4,-1,36.72,38.275,1.5549999999999997,13.673587678440505,15.750634907837842,2.077047229397337
S31,S31_E0I140D0,data/outputs_webcam/S31/S31_E0I140D0.arff,fixation,raw,7,7,0,153.42857142857142,156.8142857142857,3.385714285714272,44.92748654909428,39.172500072177705,-5.754986476916578
S31,S31_E0I140D0,data/outputs_webcam/S31/S31_E0I140D0.arff,saccade,raw,6,6,0,40.800000000000004,37.43333333333334,-3.366666666666667,22.07949274779654,11.788921352976558,-10.290571394819981
S32,S32_E0I101D0,data/outputs_webcam/S32/S32_E0I101D0.arff,fixation,raw,4,4,0,211.825,187.75,-24.07499999999999,219.0630255580952,182.4408854030989,-36.622140154996316
S32,S32_E0I101D0,data/outputs_webcam/S32/S32_E0I101D0.arff,saccade,raw,2,3,1,22.6,54.63333333333333,32.03333333333333,10.606601717798215,35.27624318622001,24.669641468421794
S32,S32_E0I102D0,data/outputs_webcam/S32/S32_E0I102D0.arff,fixation,raw,7,6,-1,203.68571428571428,247.5,43.81428571428572,107.70095060817597,88.68533136883461,-19.015619239341362
S32,S32_E0I102D0,data/outputs_webcam/S32/S32_E0I102D0.arff,saccade,raw,5,7,2,26.859999999999996,39.614285714285714,12.754285714285718,12.420265697641092,7.039277560334481,-5.380988137306611
S32,S32_E0I103D0,data/outputs_webcam/S32/S32_E0I103D0.arff,fixation,raw,6,7,1,123.36666666666667,112.87142857142855,-10.495238095238122,35.90842055377355,52.14574812598864,16.237327572215086
S32,S32_E0I103D0,data/outputs_webcam/S32/S32_E0I103D0.arff,saccade,raw,4,6,2,40.825,38.36666666666667,-2.4583333333333357,17.504547028320005,14.166674509801751,-3.337872518518253
S32,S32_E0I104D0,data/outputs_webcam/S32/S32_E0I104D0.arff,fixation,raw,4,5,1,239.92499999999998,204.07999999999998,-35.845,41.82912661451746,69.5166670662511,27.68754045173364
S32,S32_E0I104D0,data/outputs_webcam/S32/S32_E0I104D0.arff,saccade,raw,3,5,2,29.566666666666666,41.739999999999995,12.173333333333328,14.300466192867045,19.72708797567446,5.426621782807416
S32,S32_E0I105D0,data/outputs_webcam/S32/S32_E0I105D0.arff,fixation,raw,6,6,0,144.58333333333331,139.5,-5.083333333333314,51.093146963821546,61.58451103970867,10.491364075887127
S32,S32_E0I105D0,data/outputs_webcam/S32/S32_E0I105D0.arff,saccade,raw,4,4,0,32.125,35.9,3.7749999999999986,12.935577554429745,7.347108274688756,-5.588469279740989
S32,S32_E0I106D0,data/outputs_webcam/S32/S32_E0I106D0.arff,fixation,raw,5,4,-1,151.82,189.95000000000002,38.130000000000024,88.10704852621042,66.95199772971677,-21.155050796493654
S32,S32_E0I106D0,data/outputs_webcam/S32/S32_E0I106D0.arff,saccade,raw,4,3,-1,30.2,39.6,9.400000000000002,0.4242640687119284,8.66544863235597,8.241184563644042
S32,S32_E0I107D0,data/outputs_webcam/S32/S32_E0I107D0.arff,fixation,raw,4,5,1,262.59999999999997,193.98,-68.61999999999998,142.0761063655673,161.04922228933611,18.973115923768802
S32,S32_E0I107D0,data/outputs_webcam/S32/S32_E0I107D0.arff,saccade,raw,4,4,0,35.675,35.7,0.025000000000005684,6.7830057250946405,11.066767067817652,4.283761342723012
S32,S32_E0I108D0,data/outputs_webcam/S32/S32_E0I108D0.arff,fixation,raw,4,4,0,142.125,142.225,0.09999999999999432,67.67798140212713,65.62222057606199,-2.055760826065139
S32,S32_E0I108D0,data/outputs_webcam/S32/S32_E0I108D0.arff,saccade,raw,2,3,1,45.2,42.38333333333333,-2.81666666666667,0.49497474683058024,20.930440352112356,20.435465605281777
S32,S32_E0I109D0,data/outputs_webcam/S32/S32_E0I109D0.arff,fixation,raw,5,6,1,339.12,280.1666666666667,-58.95333333333332,206.9352483266203,228.17782246893907,21.242574142318773
S32,S32_E0I109D0,data/outputs_webcam/S32/S32_E0I109D0.arff,saccade,raw,5,5,0,34.44,33.18,-1.259999999999998,20.606261184407035,11.317110938751107,-9.289150245655929
S32,S32_E0I110D0,data/outputs_webcam/S32/S32_E0I110D0.arff,fixation,raw,6,5,-1,147.65,181.5,33.849999999999994,124.68072425198692,123.89743742305568,-0.7832868289312387
S32,S32_E0I110D0,data/outputs_webcam/S32/S32_E0I110D0.arff,saccade,raw,4,4,0,29.674999999999997,48.775000000000006,19.10000000000001,17.923239104581516,19.19086154050064,1.267622435919126
S32,S32_E0I111D0,data/outputs_webcam/S32/S32_E0I111D0.arff,fixation,raw,6,6,0,158.18333333333334,158.45000000000002,0.26666666666667993,71.41443598227649,55.515106052316966,-15.89932992995952
S32,S32_E0I111D0,data/outputs_webcam/S32/S32_E0I111D0.arff,saccade,raw,4,6,2,43.075,42.416666666666664,-0.6583333333333385,16.942525392239098,17.937381823071803,0.994856430832705
S32,S32_E0I112D0,data/outputs_webcam/S32/S32_E0I112D0.arff,fixation,raw,8,8,0,188.1125,187.34999999999997,-0.7625000000000455,116.68446386363034,104.154171441049,-12.53029242258134
S32,S32_E0I112D0,data/outputs_webcam/S32/S32_E0I112D0.arff,saccade,raw,7,8,1,42.74285714285714,38.475,-4.267857142857139,17.801952808878127,14.651352936065079,-3.150599872813048
S32,S32_E0I113D0,data/outputs_webcam/S32/S32_E0I113D0.arff,fixation,raw,6,6,0,224.7833333333333,232.54999999999998,7.76666666666668,227.014478980233,215.06815431392909,-11.946324666303923
S32,S32_E0I113D0,data/outputs_webcam/S32/S32_E0I113D0.arff,saccade,raw,4,5,1,40.8,48.839999999999996,8.04,7.487322618933952,19.868895288867975,12.381572669934023
S32,S32_E0I114D0,data/outputs_webcam/S32/S32_E0I114D0.arff,fixation,raw,6,6,0,188.43333333333337,184.63333333333333,-3.80000000000004,67.66853527797589,70.76806247642129,3.0995271984454007
S32,S32_E0I114D0,data/outputs_webcam/S32/S32_E0I114D0.arff,saccade,raw,4,6,2,44.725,35.13333333333333,-9.591666666666669,16.715137849665894,18.09338737402885,1.378249524362957
S32,S32_E0I115D0,data/outputs_webcam/S32/S32_E0I115D0.arff,fixation,raw,8,9,1,215.2625,196.39999999999998,-18.86250000000001,118.13719551557719,130.50804572898943,12.37085021341224
S32,S32_E0I115D0,data/outputs_webcam/S32/S32_E0I115D0.arff,saccade,raw,4,10,6,33.575,45.17,11.594999999999999,14.247192705933333,24.53790944640558,10.290716740472245
S32,S32_E0I116D0,data/outputs_webcam/S32/S32_E0I116D0.arff,fixation,raw,4,6,2,283.2,190.26666666666665,-92.93333333333334,219.19645678401525,169.95586093649922,-49.24059584751603
S32,S32_E0I116D0,data/outputs_webcam/S32/S32_E0I116D0.arff,saccade,raw,2,5,3,22.45,28.639999999999997,6.189999999999998,10.39446968344225,15.52298296075854,5.128513277316291
S32,S32_E0I117D0,data/outputs_webcam/S32/S32_E0I117D0.arff,fixation,raw,8,8,0,278.3125,292.9,14.587499999999977,101.87056826469276,124.98733650140035,23.116768236707586
S32,S32_E0I117D0,data/outputs_webcam/S32/S32_E0I117D0.arff,saccade,raw,7,7,0,41.528571428571425,43.91428571428571,2.385714285714286,17.95083231920963,19.534877234613703,1.5840449154040712
S32,S32_E0I118D0,data/outputs_webcam/S32/S32_E0I118D0.arff,fixation,raw,5,5,0,195.9,191.06,-4.840000000000003,75.36176086053192,67.9768195784416,-7.38494128209031
S32,S32_E0I118D0,data/outputs_webcam/S32/S32_E0I118D0.arff,saccade,raw,3,3,0,29.833333333333332,37.1,7.266666666666669,0.20816659994661224,13.33829074506925,13.130124145122638
S32,S32_E0I119D0,data/outputs_webcam/S32/S32_E0I119D0.arff,fixation,raw,5,5,0,218.56000000000003,214.02000000000004,-4.539999999999992,95.03890256100394,101.64345527381485,6.604552712810914
S32,S32_E0I119D0,data/outputs_webcam/S32/S32_E0I119D0.arff,saccade,raw,3,3,0,34.800000000000004,47.56666666666666,12.766666666666659,17.062532051251946,18.84206287361692,1.7795308223649755
S32,S32_E0I120D0,data/outputs_webcam/S32/S32_E0I120D0.arff,fixation,raw,5,5,0,137.10000000000002,130.88000000000002,-6.219999999999999,66.30607061197338,78.70512689780762,12.399056285834234
S32,S32_E0I120D0,data/outputs_webcam/S32/S32_E0I120D0.arff,saccade,raw,2,4,2,36.8,61.75,24.950000000000003,9.333809511662427,16.17127082204735,6.837461310384924
S32,S32_E0I121D0,data/outputs_webcam/S32/S32_E0I121D0.arff,fixation,raw,6,6,0,165.9333333333333,165.95000000000002,0.016666666666708352,60.9638144038467,50.93402595515105,-10.029788448695648
S32,S32_E0I121D0,data/outputs_webcam/S32/S32_E0I121D0.arff,saccade,raw,4,6,2,27.625,44.199999999999996,16.574999999999996,17.274330667206762,14.236713103803138,-3.0376175634036233
S32,S32_E0I122D0,data/outputs_webcam/S32/S32_E0I122D0.arff,fixation,raw,4,4,0,220.375,209.2,-11.175000000000011,118.98115747181707,107.80296841924158,-11.17818905257549
S32,S32_E0I122D0,data/outputs_webcam/S32/S32_E0I122D0.arff,saccade,raw,2,3,1,37.4,37.93333333333334,0.5333333333333385,11.313708498984761,7.400900846068221,-3.9128076529165403
S32,S32_E0I123D0,data/outputs_webcam/S32/S32_E0I123D0.arff,fixation,raw,5,5,0,246.68,233.32,-13.360000000000014,211.89471914136982,231.0186724055006,19.12395326413079
S32,S32_E0I123D0,data/outputs_webcam/S32/S32_E0I123D0.arff,saccade,raw,3,5,2,40.46666666666667,34.34,-6.126666666666665,9.174057626444982,6.535900856041192,-2.63815677040379
S32,S32_E0I124D0,data/outputs_webcam/S32/S32_E0I124D0.arff,fixation,raw,6,5,-1,196.2166666666667,245.84000000000006,49.62333333333336,152.2718282108239,160.65320725089805,8.381379040074137
S32,S32_E0I124D0,data/outputs_webcam/S32/S32_E0I124D0.arff,saccade,raw,5,4,-1,41.86,35.375,-6.484999999999999,16.437548479015962,10.581548405912374,-5.856000073103589
S32,S32_E0I125D0,data/outputs_webcam/S32/S32_E0I125D0.arff,fixation,raw,8,9,1,150.2625,139.33333333333334,-10.929166666666646,70.15887964368547,70.99630272063469,0.8374230769492215
S32,S32_E0I125D0,data/outputs_webcam/S32/S32_E0I125D0.arff,saccade,raw,5,7,2,46.06,32.942857142857136,-13.117142857142866,11.168169053161757,12.107829029579324,0.9396599764175679
S32,S32_E0I126D0,data/outputs_webcam/S32/S32_E0I126D0.arff,fixation,raw,7,8,1,159.84285714285713,142.625,-17.217857142857127,53.86040156871147,73.47798018065393,19.617578611942463
S32,S32_E0I126D0,data/outputs_webcam/S32/S32_E0I126D0.arff,saccade,raw,6,8,2,35.06666666666667,40.8125,5.74583333333333,7.456719564705827,13.673481895364368,6.216762330658542
S32,S32_E0I128D0,data/outputs_webcam/S32/S32_E0I128D0.arff,fixation,raw,8,8,0,291.225,276.2125,-15.012500000000045,162.3360337606622,157.54480938541172,-4.791224375250465
S32,S32_E0I128D0,data/outputs_webcam/S32/S32_E0I128D0.arff,saccade,raw,6,9,3,28.28333333333333,40.577777777777776,12.294444444444444,11.561559871689749,14.638884672147821,3.077324800458072
S32,S32_E0I129D0,data/outputs_webcam/S32/S32_E0I129D0.arff,fixation,raw,5,5,0,93.97999999999999,109.6,15.620000000000005,70.25302128734393,75.19594403955576,4.942922752211828
S32,S32_E0I129D0,data/outputs_webcam/S32/S32_E0I129D0.arff,saccade,raw,2,5,3,22.55,46.660000000000004,24.110000000000003,10.535891039679559,37.041098795797076,26.505207756117517
S32,S32_E0I130D0,data/outputs_webcam/S32/S32_E0I130D0.arff,fixation,raw,4,4,0,262.45000000000005,253.25,-9.200000000000045,137.54282969315412,131.56586436711717,-5.976965326036947
S32,S32_E0I130D0,data/outputs_webcam/S32/S32_E0I130D0.arff,saccade,raw,3,3,0,32.699999999999996,42.5,9.800000000000004,3.7242448899072143,11.20535586226515,7.4811109723579365
S32,S32_E0I131D0,data/outputs_webcam/S32/S32_E0I131D0.arff,fixation,raw,7,8,1,169.8857142857143,155.33749999999998,-14.548214285714323,75.59068347734018,84.4944788982435,8.903795420903322
S32,S32_E0I131D0,data/outputs_webcam/S32/S32_E0I131D0.arff,saccade,raw,5,8,3,34.279999999999994,31.0,-3.279999999999994,17.811007832236783,12.972828747589544,-4.838179084647239
S32,S32_E0I132D0,data/outputs_webcam/S32/S32_E0I132D0.arff,fixation,raw,4,4,0,167.42499999999998,151.275,-16.149999999999977,33.16296880558193,37.98160739094648,4.818638585364546
S32,S32_E0I132D0,data/outputs_webcam/S32/S32_E0I132D0.arff,saccade,raw,3,3,0,34.63333333333333,42.36666666666667,7.733333333333334,8.297188278768498,10.872135638104101,2.574947359335603
S32,S32_E0I133D0,data/outputs_webcam/S32/S32_E0I133D0.arff,fixation,raw,7,8,1,246.02857142857147,203.9375,-42.09107142857147,139.167114342023,175.63398578944143,36.46687144741841
S32,S32_E0I133D0,data/outputs_webcam/S32/S32_E0I133D0.arff,saccade,raw,5,8,3,34.519999999999996,41.7375,7.217500000000001,14.691562204204153,13.61815358787149,-1.0734086163326637
S32,S32_E0I134D0,data/outputs_webcam/S32/S32_E0I134D0.arff,fixation,raw,5,5,0,200.38,191.5,-8.879999999999995,139.71394704896142,139.21772516457807,-0.49622188438334547
S32,S32_E0I134D0,data/outputs_webcam/S32/S32_E0I134D0.arff,saccade,raw,3,4,1,39.76666666666667,35.724999999999994,-4.0416666666666785,8.565823564219224,22.507535775083568,13.941712210864344
S32,S32_E0I135D0,data/outputs_webcam/S32/S32_E0I135D0.arff,fixation,raw,2,3,1,497.05,358.3833333333334,-138.66666666666663,94.32804461028542,264.9984968510828,170.67045224079737
S32,S32_E0I135D0,data/outputs_webcam/S32/S32_E0I135D0.arff,saccade,raw,1,3,2,45.55,39.916666666666664,-5.633333333333333,0.0,22.5832533823923,22.5832533823923
S32,S32_E0I136D0,data/outputs_webcam/S32/S32_E0I136D0.arff,fixation,raw,9,9,0,239.11111111111111,217.4111111111111,-21.700000000000017,69.3303765395163,64.85563669497904,-4.474739844537254
S32,S32_E0I136D0,data/outputs_webcam/S32/S32_E0I136D0.arff,saccade,raw,7,8,1,38.24285714285714,44.8625,6.619642857142857,14.512851447694802,14.541068687391192,0.02821723969639045
S32,S32_E0I137D0,data/outputs_webcam/S32/S32_E0I137D0.arff,fixation,raw,2,3,1,465.95000000000005,305.40000000000003,-160.55,425.183307527471,376.9915516294762,-48.191755897994824
S32,S32_E0I137D0,data/outputs_webcam/S32/S32_E0I137D0.arff,saccade,raw,1,3,2,15.1,34.833333333333336,19.733333333333334,0.0,23.206536435524654,23.206536435524654
S32,S32_E0I138D0,data/outputs_webcam/S32/S32_E0I138D0.arff,fixation,raw,7,7,0,147.34285714285716,146.22857142857143,-1.114285714285728,77.63686532275023,89.40801072025025,11.771145397500021
S32,S32_E0I138D0,data/outputs_webcam/S32/S32_E0I138D0.arff,saccade,raw,4,6,2,30.275,37.68333333333333,7.408333333333331,12.289121205358828,13.475224178716532,1.1861029733577038
S32,S32_E0I139D0,data/outputs_webcam/S32/S32_E0I139D0.arff,fixation,raw,5,6,1,177.74,133.21666666666667,-44.52333333333334,43.818865800018145,66.8274020643229,23.00853626430475
S32,S32_E0I139D0,data/outputs_webcam/S32/S32_E0I139D0.arff,saccade,raw,3,4,1,37.46666666666666,31.849999999999998,-5.616666666666664,7.005949852327899,12.52850084141488,5.522550989086981
S32,S32_E0I140D0,data/outputs_webcam/S32/S32_E0I140D0.arff,fixation,raw,6,6,0,142.36666666666667,144.86666666666667,2.5,94.42606984655599,82.25500997912934,-12.17105986742665
S32,S32_E0I140D0,data/outputs_webcam/S32/S32_E0I140D0.arff,saccade,raw,4,6,2,27.975,39.88333333333333,11.908333333333331,17.405434974934312,13.187481437585673,-4.21795353734864
S33,S33_E0I101D0,data/outputs_webcam/S33/S33_E0I101D0.arff,fixation,raw,7,5,-2,155.4857142857143,247.82,92.3342857142857,87.80631011059567,115.64178310628039,27.83547299568471
S33,S33_E0I101D0,data/outputs_webcam/S33/S33_E0I101D0.arff,saccade,raw,5,3,-2,28.959999999999997,40.46666666666667,11.506666666666671,14.350714267938026,11.021040483245372,-3.3296737846926536
S33,S33_E0I102D0,data/outputs_webcam/S33/S33_E0I102D0.arff,fixation,raw,9,8,-1,161.08888888888887,196.6125,35.52361111111114,122.94073210743099,127.91114591778152,4.970413810350536
S33,S33_E0I102D0,data/outputs_webcam/S33/S33_E0I102D0.arff,saccade,raw,7,6,-1,28.97142857142857,34.81666666666667,5.8452380952380985,8.20156779437409,7.433819117160888,-0.767748677213203
S33,S33_E0I103D0,data/outputs_webcam/S33/S33_E0I103D0.arff,fixation,raw,6,4,-2,209.61666666666667,342.475,132.85833333333335,127.23655790167646,284.9593465157208,157.72278861404436
S33,S33_E0I103D0,data/outputs_webcam/S33/S33_E0I103D0.arff,saccade,raw,4,2,-2,32.175,43.05,10.875,13.730106821628642,0.07071067811865576,-13.659396143509985
S33,S33_E0I104D0,data/outputs_webcam/S33/S33_E0I104D0.arff,fixation,raw,6,7,1,140.41666666666666,129.4714285714286,-10.945238095238068,84.5104352530897,92.11599054608116,7.605555292991468
S33,S33_E0I104D0,data/outputs_webcam/S33/S33_E0I104D0.arff,saccade,raw,4,5,1,34.2,34.559999999999995,0.3599999999999923,6.4791974811700275,9.294783483223263,2.8155860020532355
S33,S33_E0I105D0,data/outputs_webcam/S33/S33_E0I105D0.arff,fixation,raw,5,4,-1,309.18,398.95000000000005,89.77000000000004,292.8624199176125,321.4698897253054,28.607469807692894
S33,S33_E0I105D0,data/outputs_webcam/S33/S33_E0I105D0.arff,saccade,raw,5,4,-1,45.1,39.824999999999996,-5.275000000000006,20.78677464158401,22.15180579546507,1.3650311538810591
S33,S33_E0I106D0,data/outputs_webcam/S33/S33_E0I106D0.arff,fixation,raw,8,7,-1,145.78750000000002,198.18571428571428,52.39821428571426,61.89007392142944,111.32812505639097,49.43805113496153
S33,S33_E0I106D0,data/outputs_webcam/S33/S33_E0I106D0.arff,saccade,raw,6,5,-1,35.300000000000004,40.88,5.579999999999998,13.202878474029818,12.037732344590488,-1.1651461294393304
S33,S33_E0I107D0,data/outputs_webcam/S33/S33_E0I107D0.arff,fixation,raw,6,4,-2,244.39999999999998,389.79999999999995,145.39999999999998,166.45489479135182,260.9807783471163,94.5258835557645
S33,S33_E0I107D0,data/outputs_webcam/S33/S33_E0I107D0.arff,saccade,raw,5,3,-2,30.8,34.26666666666667,3.466666666666672,3.417601498127012,4.6479386111838155,1.2303371130568035
S33,S33_E0I108D0,data/outputs_webcam/S33/S33_E0I108D0.arff,fixation,raw,8,7,-1,164.1375,172.07142857142858,7.933928571428595,90.21390354516947,91.69094310573453,1.4770395605650606
S33,S33_E0I108D0,data/outputs_webcam/S33/S33_E0I108D0.arff,saccade,raw,7,4,-3,33.49999999999999,29.299999999999997,-4.199999999999996,13.970325694127535,0.21602468994692844,-13.754301004180606
S33,S33_E0I109D0,data/outputs_webcam/S33/S33_E0I109D0.arff,fixation,raw,8,8,0,262.17499999999995,261.3375,-0.8374999999999773,193.46137119036746,251.77975600852878,58.31838481816132
S33,S33_E0I109D0,data/outputs_webcam/S33/S33_E0I109D0.arff,saccade,raw,6,6,0,27.766666666666666,35.06666666666667,7.300000000000004,19.651022026008384,17.590641451256595,-2.0603805747517896
S33,S33_E0I110D0,data/outputs_webcam/S33/S33_E0I110D0.arff,fixation,raw,7,5,-2,150.72857142857143,254.4,103.67142857142858,94.31554686769505,141.24184932235914,46.926302454664096
S33,S33_E0I110D0,data/outputs_webcam/S33/S33_E0I110D0.arff,saccade,raw,5,4,-1,29.1,32.699999999999996,3.5999999999999943,10.290529626797642,6.944062211702888,-3.3464674150947546
S33,S33_E0I111D0,data/outputs_webcam/S33/S33_E0I111D0.arff,fixation,raw,7,5,-2,200.0142857142857,299.68,99.6657142857143,172.0640813628402,202.98063208099438,30.916550718154184
S33,S33_E0I111D0,data/outputs_webcam/S33/S33_E0I111D0.arff,saccade,raw,6,4,-2,33.25000000000001,34.0,0.7499999999999929,11.587536407709795,6.928684338795256,-4.6588520689145385
S33,S33_E0I112D0,data/outputs_webcam/S33/S33_E0I112D0.arff,fixation,raw,9,5,-4,149.64444444444445,289.38,139.73555555555555,55.54277880857041,170.0889384998331,114.54615969126269
S33,S33_E0I112D0,data/outputs_webcam/S33/S33_E0I112D0.arff,saccade,raw,8,5,-3,32.7625,26.6,-6.162500000000001,18.47924994612683,12.490796611905903,-5.988453334220928
S33,S33_E0I113D0,data/outputs_webcam/S33/S33_E0I113D0.arff,fixation,raw,5,5,0,210.54000000000002,225.06,14.519999999999982,91.69290048853291,101.16240902627813,9.469508537745213
S33,S33_E0I113D0,data/outputs_webcam/S33/S33_E0I113D0.arff,saccade,raw,4,4,0,32.724999999999994,29.25,-3.4749999999999943,7.734500630292816,0.960902353693305,-6.773598276599511
S33,S33_E0I114D0,data/outputs_webcam/S33/S33_E0I114D0.arff,fixation,raw,6,5,-1,195.9,266.64,70.73999999999998,81.12868789768511,51.75696088450325,-29.37172701318186
S33,S33_E0I114D0,data/outputs_webcam/S33/S33_E0I114D0.arff,saccade,raw,4,3,-1,29.474999999999998,36.5,7.025000000000002,12.04778679536896,12.301219451745425,0.2534326563764644
S33,S33_E0I115D0,data/outputs_webcam/S33/S33_E0I115D0.arff,fixation,raw,5,5,0,274.41999999999996,267.24,-7.17999999999995,81.92183469625178,102.69568150608865,20.77384680983687
S33,S33_E0I115D0,data/outputs_webcam/S33/S33_E0I115D0.arff,saccade,raw,4,4,0,29.0,44.97500000000001,15.975000000000009,0.38297084310253576,31.81733018340791,31.434359340305374
S33,S33_E0I116D0,data/outputs_webcam/S33/S33_E0I116D0.arff,fixation,raw,7,6,-1,173.4857142857143,219.23333333333335,45.747619047619054,37.909824081691035,79.5524900092176,41.64266592752657
S33,S33_E0I116D0,data/outputs_webcam/S33/S33_E0I116D0.arff,saccade,raw,7,5,-2,33.214285714285715,31.779999999999994,-1.4342857142857213,10.98414441690515,10.833374358896677,-0.15077005800847232
S33,S33_E0I117D0,data/outputs_webcam/S33/S33_E0I117D0.arff,fixation,raw,9,7,-2,174.26666666666665,250.77142857142854,76.50476190476189,112.29578130989604,159.43671382177226,47.140932511876215
S33,S33_E0I117D0,data/outputs_webcam/S33/S33_E0I117D0.arff,saccade,raw,7,6,-1,34.042857142857144,33.666666666666664,-0.3761904761904802,12.245796168870516,14.062953696384932,1.817157527514416
S33,S33_E0I118D0,data/outputs_webcam/S33/S33_E0I118D0.arff,fixation,raw,6,6,0,218.01666666666665,232.5,14.483333333333348,61.14731119735901,190.8072430491044,129.65993185174537
S33,S33_E0I118D0,data/outputs_webcam/S33/S33_E0I118D0.arff,saccade,raw,5,3,-2,34.8,38.233333333333334,3.433333333333337,11.964113005150027,10.856488075493536,-1.1076249296564917
S33,S33_E0I119D0,data/outputs_webcam/S33/S33_E0I119D0.arff,fixation,raw,7,5,-2,238.22857142857143,356.7,118.47142857142856,187.85456000397147,308.2547242135958,120.40016420962434
S33,S33_E0I119D0,data/outputs_webcam/S33/S33_E0I119D0.arff,saccade,raw,6,4,-2,43.88333333333333,38.599999999999994,-5.2833333333333385,25.881222279225273,11.228831936878683,-14.65239034234659
S33,S33_E0I120D0,data/outputs_webcam/S33/S33_E0I120D0.arff,fixation,raw,6,5,-1,174.41666666666666,232.33,57.913333333333355,128.88608406909827,126.36343221043025,-2.522651858668027
S33,S33_E0I120D0,data/outputs_webcam/S33/S33_E0I120D0.arff,saccade,raw,4,3,-1,43.125,42.81666666666666,-0.3083333333333371,11.817324852379521,0.4725815626252608,-11.34474328975426
S33,S33_E0I121D0,data/outputs_webcam/S33/S33_E0I121D0.arff,fixation,raw,7,5,-2,176.45714285714286,196.88000000000002,20.42285714285717,79.70478566022781,157.04307370909422,77.3382880488664
S33,S33_E0I121D0,data/outputs_webcam/S33/S33_E0I121D0.arff,saccade,raw,5,4,-1,30.24,37.925,7.684999999999999,10.512516349571115,9.292066508586773,-1.220449840984342
S33,S33_E0I122D0,data/outputs_webcam/S33/S33_E0I122D0.arff,fixation,raw,7,6,-1,168.48571428571427,227.69999999999996,59.214285714285694,53.35942367790431,76.7309846150823,23.371560937177996
S33,S33_E0I122D0,data/outputs_webcam/S33/S33_E0I122D0.arff,saccade,raw,6,4,-2,32.583333333333336,39.575,6.991666666666667,11.768673105608238,16.980454450141586,5.211781344533348
S33,S33_E0I123D0,data/outputs_webcam/S33/S33_E0I123D0.arff,fixation,raw,8,7,-1,151.3875,197.42857142857142,46.04107142857143,78.87142226434109,93.7864900414005,14.915067777059406
S33,S33_E0I123D0,data/outputs_webcam/S33/S33_E0I123D0.arff,saccade,raw,7,6,-1,24.685714285714287,33.766666666666666,9.080952380952379,13.613771039089864,17.388003527336505,3.774232488246641
S33,S33_E0I124D0,data/outputs_webcam/S33/S33_E0I124D0.arff,fixation,raw,5,5,0,294.76000000000005,304.58000000000004,9.819999999999993,154.22161975546751,141.61451902965317,-12.607100725814348
S33,S33_E0I124D0,data/outputs_webcam/S33/S33_E0I124D0.arff,saccade,raw,3,3,0,43.166666666666664,43.166666666666664,0.0,0.20816659994661224,0.20816659994661224,0.0
S33,S33_E0I125D0,data/outputs_webcam/S33/S33_E0I125D0.arff,fixation,raw,8,7,-1,314.725,376.3,61.57499999999999,214.94563930711146,319.570795495041,104.62515618792955
S33,S33_E0I125D0,data/outputs_webcam/S33/S33_E0I125D0.arff,saccade,raw,7,6,-1,27.128571428571433,29.099999999999998,1.9714285714285644,5.534652739999227,13.52863629491162,7.9939835549123925
S33,S33_E0I126D0,data/outputs_webcam/S33/S33_E0I126D0.arff,fixation,raw,6,6,0,207.61666666666667,224.16666666666666,16.549999999999983,129.23098183743193,116.41148425592154,-12.81949758151039
S33,S33_E0I126D0,data/outputs_webcam/S33/S33_E0I126D0.arff,saccade,raw,5,5,0,28.830000000000002,37.39,8.559999999999999,10.044749872445806,16.178164296359462,6.133414423913656
S33,S33_E0I127D0,data/outputs_webcam/S33/S33_E0I127D0.arff,fixation,raw,6,6,0,153.96666666666667,173.9,19.933333333333337,88.50316755160047,77.95927141783714,-10.543896133763326
S33,S33_E0I127D0,data/outputs_webcam/S33/S33_E0I127D0.arff,saccade,raw,4,4,0,39.95,43.55,3.5999999999999943,9.225508116087697,10.18577439373168,0.9602662776439832
S33,S33_E0I128D0,data/outputs_webcam/S33/S33_E0I128D0.arff,fixation,raw,6,7,1,262.15,230.04285714285712,-32.10714285714286,165.48807509908377,98.09513846504419,-67.39293663403959
S33,S33_E0I128D0,data/outputs_webcam/S33/S33_E0I128D0.arff,saccade,raw,5,6,1,40.08,35.95,-4.1299999999999955,12.787376587869772,11.041693710658706,-1.7456828772110669
S33,S33_E0I129D0,data/outputs_webcam/S33/S33_E0I129D0.arff,fixation,raw,7,6,-1,144.12857142857143,188.23333333333335,44.104761904761915,63.22319496001749,105.56568887032692,42.342493910309436
S33,S33_E0I129D0,data/outputs_webcam/S33/S33_E0I129D0.arff,saccade,raw,6,5,-1,28.78333333333333,37.42,8.63666666666667,13.37331920903209,20.034395423870418,6.661076214838328
S33,S33_E0I130D0,data/outputs_webcam/S33/S33_E0I130D0.arff,fixation,raw,9,8,-1,202.5,253.1375,50.63749999999999,127.65565009038966,137.43491901363973,9.779268923250072
S33,S33_E0I130D0,data/outputs_webcam/S33/S33_E0I130D0.arff,saccade,raw,7,6,-1,33.385714285714286,27.966666666666665,-5.419047619047621,11.883241501014298,7.138814093858072,-4.744427407156226
S33,S33_E0I131D0,data/outputs_webcam/S33/S33_E0I131D0.arff,fixation,raw,9,9,0,192.57777777777775,232.80000000000004,40.222222222222285,98.75268069497884,175.5458059880668,76.79312529308797
S33,S33_E0I131D0,data/outputs_webcam/S33/S33_E0I131D0.arff,saccade,raw,6,6,0,35.21666666666667,42.583333333333336,7.366666666666667,16.02141275501841,18.18905348462824,2.167640729609829
S33,S33_E0I132D0,data/outputs_webcam/S33/S33_E0I132D0.arff,fixation,raw,8,7,-1,148.1,179.25714285714284,31.157142857142844,60.65353599396682,49.43453101975235,-11.21900497421447
S33,S33_E0I132D0,data/outputs_webcam/S33/S33_E0I132D0.arff,saccade,raw,7,6,-1,28.985714285714288,38.16666666666667,9.180952380952384,11.842216652219095,10.401858808245125,-1.4403578439739704
S33,S33_E0I133D0,data/outputs_webcam/S33/S33_E0I133D0.arff,fixation,raw,7,7,0,210.45714285714283,229.14285714285714,18.68571428571431,162.6976322009928,174.16983911441974,11.47220691342693
S33,S33_E0I133D0,data/outputs_webcam/S33/S33_E0I133D0.arff,saccade,raw,6,6,0,33.61666666666667,33.666666666666664,0.04999999999999716,10.832066592606724,12.614700419219897,1.7826338266131732
S33,S33_E0I134D0,data/outputs_webcam/S33/S33_E0I134D0.arff,fixation,raw,7,7,0,190.42857142857142,202.82857142857142,12.400000000000006,117.88430365243309,151.3432931482343,33.458989495801205
S33,S33_E0I134D0,data/outputs_webcam/S33/S33_E0I134D0.arff,saccade,raw,6,4,-2,38.68333333333333,30.775000000000002,-7.908333333333328,12.700774254614034,3.8921930407761987,-8.808581213837835
S33,S33_E0I135D0,data/outputs_webcam/S33/S33_E0I135D0.arff,fixation,raw,8,8,0,165.9375,196.33749999999998,30.399999999999977,55.858032738618455,84.30092250808579,28.442889769467335
S33,S33_E0I135D0,data/outputs_webcam/S33/S33_E0I135D0.arff,saccade,raw,6,6,0,34.833333333333336,35.93333333333333,1.0999999999999943,9.430729911659366,15.648343895334953,6.217613983675587
S33,S33_E0I136D0,data/outputs_webcam/S33/S33_E0I136D0.arff,fixation,raw,6,6,0,152.95000000000002,161.03333333333333,8.083333333333314,74.18991171311636,96.91220081427657,22.722289101160214
S33,S33_E0I136D0,data/outputs_webcam/S33/S33_E0I136D0.arff,saccade,raw,4,4,0,38.275000000000006,39.89999999999999,1.6249999999999858,15.965457504667173,22.197297132759203,6.231839628092031
S33,S33_E0I137D0,data/outputs_webcam/S33/S33_E0I137D0.arff,fixation,raw,1,5,4,557.7,214.53999999999996,-343.1600000000001,0.0,211.9494232122371,211.9494232122371
S33,S33_E0I137D0,data/outputs_webcam/S33/S33_E0I137D0.arff,saccade,raw,0,2,2,0.0,36.05,36.05,0.0,0.6363961030678917,0.6363961030678917
S33,S33_E0I138D0,data/outputs_webcam/S33/S33_E0I138D0.arff,fixation,raw,7,5,-2,199.65,302.39,102.73999999999998,74.86803946500358,156.16591497506747,81.29787551006389
S33,S33_E0I138D0,data/outputs_webcam/S33/S33_E0I138D0.arff,saccade,raw,6,4,-2,30.133333333333336,32.400000000000006,2.2666666666666693,14.688964111422791,7.101877685983238,-7.587086425439553
S33,S33_E0I139D0,data/outputs_webcam/S33/S33_E0I139D0.arff,fixation,raw,9,8,-1,145.73333333333332,191.8375,46.104166666666686,80.34637515158975,111.5593235842322,31.21294843264245
S33,S33_E0I139D0,data/outputs_webcam/S33/S33_E0I139D0.arff,saccade,raw,7,6,-1,30.071428571428573,35.96666666666666,5.8952380952380885,8.923510946877784,13.900599507455304,4.977088560577521
S33,S33_E0I140D0,data/outputs_webcam/S33/S33_E0I140D0.arff,fixation,raw,5,5,0,192.76999999999998,212.85,20.080000000000013,82.76682306335069,123.31737509369877,40.550552030348086
S33,S33_E0I140D0,data/outputs_webcam/S33/S33_E0I140D0.arff,saccade,raw,4,3,-1,44.875,45.51666666666667,0.6416666666666728,12.397412364414329,4.209908945967044,-8.187503418447285
S34,S34_E0I101D0,data/outputs_webcam/S34/S34_E0I101D0.arff,fixation,raw,5,5,0,115.96,118.58,2.6200000000000045,25.813426738811714,46.19206641837969,20.378639679567975
S34,S34_E0I101D0,data/outputs_webcam/S34/S34_E0I101D0.arff,saccade,raw,4,3,-1,28.774999999999995,31.53333333333333,2.7583333333333364,11.512999898665276,4.647938611183815,-6.865061287481462
S34,S34_E0I102D0,data/outputs_webcam/S34/S34_E0I102D0.arff,fixation,raw,6,6,0,135.0666666666667,128.11666666666665,-6.9500000000000455,69.37517327305689,74.19375759905051,4.818584325993626
S34,S34_E0I102D0,data/outputs_webcam/S34/S34_E0I102D0.arff,saccade,raw,4,6,2,25.35,36.06666666666667,10.716666666666669,7.252355939049507,14.490778677029978,7.23842273798047
S34,S34_E0I103D0,data/outputs_webcam/S34/S34_E0I103D0.arff,fixation,raw,7,6,-1,163.4714285714286,205.29999999999998,41.828571428571394,131.58644451824202,139.6409682005965,8.054523682354471
S34,S34_E0I103D0,data/outputs_webcam/S34/S34_E0I103D0.arff,saccade,raw,6,5,-1,29.983333333333334,30.160000000000004,0.17666666666666941,14.405334660002406,3.0029985014981273,-11.40233615850428
S34,S34_E0I104D0,data/outputs_webcam/S34/S34_E0I104D0.arff,fixation,raw,4,3,-1,116.675,150.7,34.02499999999999,50.242835310121585,12.31218908236874,-37.930646227752845
S34,S34_E0I104D0,data/outputs_webcam/S34/S34_E0I104D0.arff,saccade,raw,3,3,0,36.0,28.833333333333332,-7.166666666666668,6.600000000000001,14.05856796879872,7.458567968798718
S34,S34_E0I105D0,data/outputs_webcam/S34/S34_E0I105D0.arff,fixation,raw,8,5,-3,88.125,165.72,77.595,32.040365166458386,59.55028967183954,27.509924505381157
S34,S34_E0I105D0,data/outputs_webcam/S34/S34_E0I105D0.arff,saccade,raw,7,4,-3,33.75714285714286,38.975,5.217857142857142,11.96451101422552,16.698577783751524,4.734066769526004
S34,S34_E0I106D0,data/outputs_webcam/S34/S34_E0I106D0.arff,fixation,raw,5,5,0,129.36,136.38000000000002,7.02000000000001,53.5349698795096,53.23041423847836,-0.3045556410312429
S34,S34_E0I106D0,data/outputs_webcam/S34/S34_E0I106D0.arff,saccade,raw,4,5,1,27.375,34.8,7.424999999999997,9.112765771158612,11.932099563781724,2.8193337926231123
S34,S34_E0I107D0,data/outputs_webcam/S34/S34_E0I107D0.arff,fixation,raw,6,5,-1,133.78333333333333,172.38,38.596666666666664,52.123599901260334,45.37716386025024,-6.746436041010092
S34,S34_E0I107D0,data/outputs_webcam/S34/S34_E0I107D0.arff,saccade,raw,5,5,0,31.639999999999997,34.82,3.1800000000000033,18.68737541764493,5.865748034138528,-12.821627383506401
S34,S34_E0I108D0,data/outputs_webcam/S34/S34_E0I108D0.arff,fixation,raw,5,5,0,116.05999999999999,130.32,14.260000000000005,35.31894675666307,22.972962368836978,-12.345984387826089
S34,S34_E0I108D0,data/outputs_webcam/S34/S34_E0I108D0.arff,saccade,raw,4,4,0,41.724999999999994,29.125,-12.599999999999994,9.287042945236479,11.921514165574775,2.6344712203382965
S34,S34_E0I109D0,data/outputs_webcam/S34/S34_E0I109D0.arff,fixation,raw,5,5,0,199.18,206.42,7.239999999999981,114.49033583669846,118.86600439149959,4.375668554801123
S34,S34_E0I109D0,data/outputs_webcam/S34/S34_E0I109D0.arff,saccade,raw,4,4,0,31.025,34.275,3.25,12.407893992669882,6.590080930206144,-5.817813062463738
S34,S34_E0I110D0,data/outputs_webcam/S34/S34_E0I110D0.arff,fixation,raw,5,5,0,137.71999999999997,140.61999999999998,2.9000000000000057,64.88183104691174,78.10446210044597,13.22263105353423
S34,S34_E0I110D0,data/outputs_webcam/S34/S34_E0I110D0.arff,saccade,raw,4,4,0,30.725,36.025,5.299999999999997,12.471667891665493,10.39819695908863,-2.073470932576864
S34,S34_E0I111D0,data/outputs_webcam/S34/S34_E0I111D0.arff,fixation,raw,7,7,0,103.92142857142856,126.63571428571429,22.714285714285722,53.27988095224795,61.82012694291476,8.540245990666811
S34,S34_E0I111D0,data/outputs_webcam/S34/S34_E0I111D0.arff,saccade,raw,6,6,0,42.050000000000004,31.3,-10.750000000000004,8.457422775290354,3.6860548015459544,-4.7713679737443995
S34,S34_E0I112D0,data/outputs_webcam/S34/S34_E0I112D0.arff,fixation,raw,6,6,0,117.18333333333332,132.96666666666667,15.783333333333346,58.16327592791406,22.15178698585436,-36.0114889420597
S34,S34_E0I112D0,data/outputs_webcam/S34/S34_E0I112D0.arff,saccade,raw,6,5,-1,36.03333333333333,31.690000000000005,-4.343333333333327,12.652022236254043,6.408041822585117,-6.243980413668925
S34,S34_E0I113D0,data/outputs_webcam/S34/S34_E0I113D0.arff,fixation,raw,4,4,0,184.75,168.275,-16.474999999999994,62.873974478051466,46.50113797890686,-16.372836499144604
S34,S34_E0I113D0,data/outputs_webcam/S34/S34_E0I113D0.arff,saccade,raw,2,2,0,36.1,39.25,3.1499999999999986,10.323759005323593,15.061374439273461,4.737615433949868
S34,S34_E0I114D0,data/outputs_webcam/S34/S34_E0I114D0.arff,fixation,raw,5,5,0,154.6,153.6,-1.0,74.9039051051412,86.01648097893798,11.112575873796771
S34,S34_E0I114D0,data/outputs_webcam/S34/S34_E0I114D0.arff,saccade,raw,4,4,0,32.1,31.950000000000003,-0.14999999999999858,13.69038592102745,6.969218033610369,-6.7211678874170815
S34,S34_E0I115D0,data/outputs_webcam/S34/S34_E0I115D0.arff,fixation,raw,6,6,0,108.03333333333335,110.41666666666667,2.3833333333333258,53.11710333467617,48.5434822264191,-4.573621108257072
S34,S34_E0I115D0,data/outputs_webcam/S34/S34_E0I115D0.arff,saccade,raw,5,5,0,33.019999999999996,31.419999999999998,-1.5999999999999979,6.223905526275282,11.797965926379003,5.574060400103721
S34,S34_E0I116D0,data/outputs_webcam/S34/S34_E0I116D0.arff,fixation,raw,6,5,-1,113.3,161.64,48.33999999999999,89.66087217956336,75.665005121258,-13.99586705830535
S34,S34_E0I116D0,data/outputs_webcam/S34/S34_E0I116D0.arff,saccade,raw,5,4,-1,30.619999999999997,29.124999999999996,-1.495000000000001,16.63045399260044,11.718752777777448,-4.911701214822992
S34,S34_E0I117D0,data/outputs_webcam/S34/S34_E0I117D0.arff,fixation,raw,5,3,-2,78.06,103.96666666666665,25.906666666666652,32.5649811914578,34.4897569335206,1.9247757420628062
S34,S34_E0I117D0,data/outputs_webcam/S34/S34_E0I117D0.arff,saccade,raw,4,2,-2,36.325,36.6,0.2749999999999986,14.48456074584245,10.040916292848976,-4.443644452993473
S34,S34_E0I118D0,data/outputs_webcam/S34/S34_E0I118D0.arff,fixation,raw,4,5,1,123.225,107.05999999999999,-16.165000000000006,26.471541322711072,55.73547344375932,29.263932121048246
S34,S34_E0I118D0,data/outputs_webcam/S34/S34_E0I118D0.arff,saccade,raw,4,4,0,37.525,32.125,-5.399999999999999,10.618027123717473,6.920681565664854,-3.6973455580526196
S34,S34_E0I119D0,data/outputs_webcam/S34/S34_E0I119D0.arff,fixation,raw,5,4,-1,107.67999999999999,125.675,17.995000000000005,64.17092020533912,87.96891022779961,23.797990022460496
S34,S34_E0I119D0,data/outputs_webcam/S34/S34_E0I119D0.arff,saccade,raw,4,3,-1,41.55,38.666666666666664,-2.883333333333333,9.13692143631176,11.081666541334535,1.9447451050227755
S34,S34_E0I120D0,data/outputs_webcam/S34/S34_E0I120D0.arff,fixation,raw,5,5,0,126.38999999999999,133.49,7.100000000000023,40.87319414971138,46.99093529607599,6.117741146364608
S34,S34_E0I120D0,data/outputs_webcam/S34/S34_E0I120D0.arff,saccade,raw,5,4,-1,28.99,34.275,5.285,14.233165494716907,21.638141479033425,7.404975984316518
S34,S34_E0I121D0,data/outputs_webcam/S34/S34_E0I121D0.arff,fixation,raw,7,7,0,206.77142857142854,202.75714285714284,-4.014285714285705,108.0785781161977,109.38377175710082,1.3051936409031129
S34,S34_E0I121D0,data/outputs_webcam/S34/S34_E0I121D0.arff,saccade,raw,6,6,0,35.03333333333334,36.449999999999996,1.4166666666666572,12.550166001558173,11.196919219142378,-1.3532467824157948
S34,S34_E0I122D0,data/outputs_webcam/S34/S34_E0I122D0.arff,fixation,raw,5,2,-3,108.78,93.8,-14.980000000000004,57.060161233561196,39.59797974644666,-17.462181487114535
S34,S34_E0I122D0,data/outputs_webcam/S34/S34_E0I122D0.arff,saccade,raw,3,1,-2,33.666666666666664,28.6,-5.066666666666663,7.827089710315922,0.0,-7.827089710315922
S34,S34_E0I123D0,data/outputs_webcam/S34/S34_E0I123D0.arff,fixation,raw,5,5,0,205.56000000000003,219.7,14.139999999999958,113.22141140261412,127.99880858820522,14.777397185591099
S34,S34_E0I123D0,data/outputs_webcam/S34/S34_E0I123D0.arff,saccade,raw,4,4,0,43.650000000000006,30.65,-13.000000000000007,5.838093296045663,3.237797605369016,-2.6002956906766475
S34,S34_E0I124D0,data/outputs_webcam/S34/S34_E0I124D0.arff,fixation,raw,11,11,0,220.89999999999998,224.28181818181818,3.381818181818204,228.82130582618393,227.55561438110826,-1.2656914450756744
S34,S34_E0I124D0,data/outputs_webcam/S34/S34_E0I124D0.arff,saccade,raw,9,9,0,31.511111111111113,24.26666666666667,-7.244444444444444,15.814901552368612,9.602083107326242,-6.21281844504237
S34,S34_E0I125D0,data/outputs_webcam/S34/S34_E0I125D0.arff,fixation,raw,5,5,0,106.8,108.1,1.2999999999999972,57.79044038593234,48.77002152962412,-9.020418856308225
S34,S34_E0I125D0,data/outputs_webcam/S34/S34_E0I125D0.arff,saccade,raw,4,4,0,25.325,37.9,12.575,13.726221864251892,6.859057272443982,-6.86716459180791
S34,S34_E0I126D0,data/outputs_webcam/S34/S34_E0I126D0.arff,fixation,raw,5,5,0,133.37999999999997,133.74,0.36000000000004206,63.046149763486746,65.75365389086754,2.707504127380794
S34,S34_E0I126D0,data/outputs_webcam/S34/S34_E0I126D0.arff,saccade,raw,4,4,0,29.099999999999998,32.650000000000006,3.550000000000008,11.928397489464652,7.167286794875728,-4.7611106945889246
S34,S34_E0I127D0,data/outputs_webcam/S34/S34_E0I127D0.arff,fixation,raw,5,4,-1,247.10000000000005,303.675,56.57499999999996,259.99571150309384,276.9827957954549,16.987084292361033
S34,S34_E0I127D0,data/outputs_webcam/S34/S34_E0I127D0.arff,saccade,raw,4,4,0,25.625,36.175,10.549999999999997,7.354080499967349,8.116392876970245,0.7623123770028961
S34,S34_E0I128D0,data/outputs_webcam/S34/S34_E0I128D0.arff,fixation,raw,5,3,-2,119.06000000000002,165.0,45.93999999999998,60.072814150828655,63.35542597126154,3.2826118204328836
S34,S34_E0I128D0,data/outputs_webcam/S34/S34_E0I128D0.arff,saccade,raw,4,2,-2,32.6,29.0,-3.6000000000000014,12.617712418131374,0.7071067811865476,-11.910605636944826
S34,S34_E0I129D0,data/outputs_webcam/S34/S34_E0I129D0.arff,fixation,raw,6,6,0,151.4333333333333,154.83333333333334,3.400000000000034,25.70047989175818,35.36550108038435,9.665021188626167
S34,S34_E0I129D0,data/outputs_webcam/S34/S34_E0I129D0.arff,saccade,raw,5,5,0,37.54,36.14,-1.3999999999999986,15.73810662055636,8.861038313877218,-6.877068306679142
S34,S34_E0I130D0,data/outputs_webcam/S34/S34_E0I130D0.arff,fixation,raw,4,4,0,111.025,114.45,3.424999999999997,22.24355711960956,17.736309274103974,-4.507247845505585
S34,S34_E0I130D0,data/outputs_webcam/S34/S34_E0I130D0.arff,saccade,raw,3,3,0,33.76666666666667,45.666666666666664,11.899999999999991,8.000208330620731,16.919022824422612,8.91881449380188
S34,S34_E0I131D0,data/outputs_webcam/S34/S34_E0I131D0.arff,fixation,raw,4,4,0,140.475,143.89999999999998,3.424999999999983,74.57981742178421,65.54072525282785,-9.039092168956358
S34,S34_E0I131D0,data/outputs_webcam/S34/S34_E0I131D0.arff,saccade,raw,3,3,0,45.53333333333333,38.13333333333333,-7.399999999999999,14.693649421887448,16.42630005002141,1.7326506281339622
S34,S34_E0I132D0,data/outputs_webcam/S34/S34_E0I132D0.arff,fixation,raw,5,5,0,234.17,235.63000000000002,1.4600000000000364,152.99048009598508,148.67308767897438,-4.317392417010694
S34,S34_E0I132D0,data/outputs_webcam/S34/S34_E0I132D0.arff,saccade,raw,4,4,0,32.55,28.875,-3.674999999999997,7.147493733237313,0.47169905660283074,-6.6757946766344824
S34,S34_E0I133D0,data/outputs_webcam/S34/S34_E0I133D0.arff,fixation,raw,7,7,0,122.04285714285713,135.24285714285716,13.200000000000031,72.16732541214796,71.58642462419947,-0.5809007879484938
S34,S34_E0I133D0,data/outputs_webcam/S34/S34_E0I133D0.arff,saccade,raw,7,6,-1,28.957142857142856,32.38333333333333,3.4261904761904773,11.746468567596127,8.79259157852033,-2.9538769890757965
S34,S34_E0I134D0,data/outputs_webcam/S34/S34_E0I134D0.arff,fixation,raw,6,6,0,113.56666666666666,93.31666666666666,-20.25,58.96268876727609,71.81232252661563,12.84963375933954
S34,S34_E0I134D0,data/outputs_webcam/S34/S34_E0I134D0.arff,saccade,raw,4,3,-1,36.275,36.333333333333336,0.05833333333333712,6.1004781233386405,7.470162871941505,1.3696847486028645
S34,S34_E0I135D0,data/outputs_webcam/S34/S34_E0I135D0.arff,fixation,raw,6,6,0,137.61666666666665,131.68333333333334,-5.933333333333309,112.02828958199206,99.17268609182,-12.855603490172058
S34,S34_E0I135D0,data/outputs_webcam/S34/S34_E0I135D0.arff,saccade,raw,4,4,0,27.375,32.725,5.350000000000001,15.304329452805177,3.6727600883622467,-11.631569364442932
S34,S34_E0I136D0,data/outputs_webcam/S34/S34_E0I136D0.arff,fixation,raw,5,5,0,168.82,176.18,7.360000000000014,101.68784096439455,106.44781350502227,4.7599725406277145
S34,S34_E0I136D0,data/outputs_webcam/S34/S34_E0I136D0.arff,saccade,raw,4,4,0,29.150000000000002,34.475,5.324999999999999,11.843845096364047,10.286358280104123,-1.5574868162599245
S34,S34_E0I137D0,data/outputs_webcam/S34/S34_E0I137D0.arff,fixation,raw,5,5,0,144.98000000000002,153.64000000000001,8.659999999999997,52.92118668359583,53.90670644734289,0.9855197637470638
S34,S34_E0I137D0,data/outputs_webcam/S34/S34_E0I137D0.arff,saccade,raw,4,4,0,37.949999999999996,28.974999999999998,-8.974999999999998,7.096712854084864,0.6499999999999999,-6.446712854084865
S34,S34_E0I138D0,data/outputs_webcam/S34/S34_E0I138D0.arff,fixation,raw,6,6,0,111.58333333333333,113.80000000000001,2.2166666666666828,42.91994485861633,51.868680337945754,8.948735479329422
S34,S34_E0I138D0,data/outputs_webcam/S34/S34_E0I138D0.arff,saccade,raw,5,5,0,30.639999999999997,33.22,2.580000000000002,10.672066341622882,6.554921814941807,-4.117144526681075
S34,S34_E0I139D0,data/outputs_webcam/S34/S34_E0I139D0.arff,fixation,raw,6,7,1,122.13333333333333,109.87142857142858,-12.261904761904745,78.05533080236523,67.52139696140067,-10.533933840964565
S34,S34_E0I139D0,data/outputs_webcam/S34/S34_E0I139D0.arff,saccade,raw,4,5,1,37.775,30.4,-7.375,15.682766550155193,2.9857997253667246,-12.696966824788468
S34,S34_E0I140D0,data/outputs_webcam/S34/S34_E0I140D0.arff,fixation,raw,5,5,0,123.38,132.07999999999998,8.699999999999989,44.49490982123685,55.43768573813305,10.942775916896196
S34,S34_E0I140D0,data/outputs_webcam/S34/S34_E0I140D0.arff,saccade,raw,4,4,0,39.400000000000006,21.65,-17.750000000000007,8.934577027854575,8.141048253552283,-0.7935287743022919
S35,S35_E0I101D0,data/outputs_webcam/S35/S35_E0I101D0.arff,fixation,raw,18,14,-4,175.94999999999996,197.94285714285712,21.99285714285716,110.47455522852842,157.2765556116198,46.802000383091396
S35,S35_E0I101D0,data/outputs_webcam/S35/S35_E0I101D0.arff,saccade,raw,14,12,-2,26.921428571428567,40.40833333333333,13.486904761904764,13.20263252137639,14.901644712967597,1.6990121915912066
S35,S35_E0I102D0,data/outputs_webcam/S35/S35_E0I102D0.arff,fixation,raw,13,10,-3,176.7076923076923,240.37999999999997,63.67230769230767,82.97555324249086,148.48633906487456,65.5107858223837
S35,S35_E0I102D0,data/outputs_webcam/S35/S35_E0I102D0.arff,saccade,raw,9,9,0,31.211111111111116,45.55555555555556,14.344444444444441,17.865990347895945,11.145863707123722,-6.720126640772223
S35,S35_E0I103D0,data/outputs_webcam/S35/S35_E0I103D0.arff,fixation,raw,9,9,0,207.88333333333333,216.58333333333334,8.700000000000017,120.87713803693401,129.80371720409244,8.926579167158422
S35,S35_E0I103D0,data/outputs_webcam/S35/S35_E0I103D0.arff,saccade,raw,6,7,1,28.05,39.49285714285714,11.44285714285714,15.962455951387932,15.597527276554356,-0.3649286748335765
S35,S35_E0I104D0,data/outputs_webcam/S35/S35_E0I104D0.arff,fixation,raw,14,13,-1,167.46428571428575,181.16153846153844,13.69725274725269,66.4111043442268,75.47690086445365,9.065796520226854
S35,S35_E0I104D0,data/outputs_webcam/S35/S35_E0I104D0.arff,saccade,raw,11,11,0,20.800000000000004,43.18181818181818,22.381818181818176,8.547631250820311,10.588089363224904,2.0404581124045933
S35,S35_E0I105D0,data/outputs_webcam/S35/S35_E0I105D0.arff,fixation,raw,12,11,-1,197.83333333333334,225.22727272727278,27.393939393939434,213.70922613058457,228.70703570685836,14.997809576273795
S35,S35_E0I105D0,data/outputs_webcam/S35/S35_E0I105D0.arff,saccade,raw,11,10,-1,29.709090909090904,34.209999999999994,4.50090909090909,12.591938257905692,7.665717332528133,-4.926220925377559
S35,S35_E0I106D0,data/outputs_webcam/S35/S35_E0I106D0.arff,fixation,raw,16,11,-5,165.33125,228.0,62.66874999999999,61.14534289979355,140.6207168236601,79.47537392386656
S35,S35_E0I106D0,data/outputs_webcam/S35/S35_E0I106D0.arff,saccade,raw,15,8,-7,28.233333333333338,29.15,0.9166666666666607,13.292944781062658,10.084075139970517,-3.208869641092141
S35,S35_E0I107D0,data/outputs_webcam/S35/S35_E0I107D0.arff,fixation,raw,14,13,-1,182.60714285714286,190.5230769230769,7.915934065934039,80.66457104564569,87.73828652918247,7.0737154835367875
S35,S35_E0I107D0,data/outputs_webcam/S35/S35_E0I107D0.arff,saccade,raw,12,13,1,28.041666666666668,34.184615384615384,6.142948717948716,11.86442032705221,11.824539889134948,-0.0398804379172617
S35,S35_E0I108D0,data/outputs_webcam/S35/S35_E0I108D0.arff,fixation,raw,13,12,-1,187.87692307692308,209.51666666666665,21.639743589743574,108.22261896854214,124.86076487856627,16.638145910024136
S35,S35_E0I108D0,data/outputs_webcam/S35/S35_E0I108D0.arff,saccade,raw,10,10,0,19.759999999999998,40.36,20.6,11.799830507257298,10.099746971527994,-1.7000835357293038
S35,S35_E0I109D0,data/outputs_webcam/S35/S35_E0I109D0.arff,fixation,raw,11,8,-3,215.88181818181818,300.4375,84.55568181818182,101.39067825181779,144.02647512077175,42.63579686895396
S35,S35_E0I109D0,data/outputs_webcam/S35/S35_E0I109D0.arff,saccade,raw,9,7,-2,27.400000000000002,40.65714285714286,13.257142857142856,13.76172227593625,17.31337220598163,3.5516499300453788
S35,S35_E0I110D0,data/outputs_webcam/S35/S35_E0I110D0.arff,fixation,raw,15,15,0,179.8,186.20666666666665,6.406666666666638,80.70678852665192,55.99342393361495,-24.71336459303697
S35,S35_E0I110D0,data/outputs_webcam/S35/S35_E0I110D0.arff,saccade,raw,12,13,1,29.108333333333334,30.3923076923077,1.2839743589743655,7.332053951759708,9.6902409273851,2.358186975625392
S35,S35_E0I111D0,data/outputs_webcam/S35/S35_E0I111D0.arff,fixation,raw,14,10,-4,158.95,241.7,82.75,77.73229949393873,93.0025806093573,15.27028111541857
S35,S35_E0I111D0,data/outputs_webcam/S35/S35_E0I111D0.arff,saccade,raw,13,8,-5,20.71538461538461,37.35,16.63461538461539,9.983556994198524,8.100440905107748,-1.8831160890907768
S35,S35_E0I112D0,data/outputs_webcam/S35/S35_E0I112D0.arff,fixation,raw,12,11,-1,208.98333333333335,233.29999999999998,24.316666666666634,106.67206189006934,79.01664381635048,-27.655418073718863
S35,S35_E0I112D0,data/outputs_webcam/S35/S35_E0I112D0.arff,saccade,raw,10,9,-1,20.389999999999997,35.400000000000006,15.010000000000009,7.481451136718806,13.306859133544624,5.825407996825818
S35,S35_E0I113D0,data/outputs_webcam/S35/S35_E0I113D0.arff,fixation,raw,19,18,-1,180.70526315789473,199.64444444444445,18.93918128654971,88.27201314172893,132.62446860667382,44.35245546494488
S35,S35_E0I113D0,data/outputs_webcam/S35/S35_E0I113D0.arff,saccade,raw,18,17,-1,26.83888888888889,35.923529411764704,9.084640522875816,13.012172531400283,10.89905554461972,-2.113116986780563
S35,S35_E0I114D0,data/outputs_webcam/S35/S35_E0I114D0.arff,fixation,raw,13,12,-1,276.5230769230769,287.73333333333335,11.21025641025642,154.14604629942215,173.96473693530447,19.81869063588232
S35,S35_E0I114D0,data/outputs_webcam/S35/S35_E0I114D0.arff,saccade,raw,11,9,-2,29.900000000000002,40.388888888888886,10.488888888888884,13.354549786495987,12.376736690707737,-0.9778130957882496
S35,S35_E0I115D0,data/outputs_webcam/S35/S35_E0I115D0.arff,fixation,raw,14,12,-2,240.37857142857138,284.6333333333333,44.25476190476195,151.60076201640953,212.81529479097526,61.214532774565726
S35,S35_E0I115D0,data/outputs_webcam/S35/S35_E0I115D0.arff,saccade,raw,13,11,-2,24.161538461538463,33.481818181818184,9.320279720279721,9.848649523457388,13.035092495400114,3.1864429719427267
S35,S35_E0I116D0,data/outputs_webcam/S35/S35_E0I116D0.arff,fixation,raw,11,11,0,203.34545454545457,213.9181818181818,10.572727272727235,139.30353451105512,123.51708236662505,-15.786452144430072
S35,S35_E0I116D0,data/outputs_webcam/S35/S35_E0I116D0.arff,saccade,raw,9,9,0,21.066666666666663,41.488888888888894,20.42222222222223,10.452272480183437,7.738773230371278,-2.713499249812159
S35,S35_E0I117D0,data/outputs_webcam/S35/S35_E0I117D0.arff,fixation,raw,10,11,1,300.2,246.3454545454545,-53.8545454545455,147.28165006016346,225.92982257168427,78.64817251152081
S35,S35_E0I117D0,data/outputs_webcam/S35/S35_E0I117D0.arff,saccade,raw,8,9,1,26.5875,27.8,1.2125000000000021,12.186812251657233,7.830868406505117,-4.355943845152116
S35,S35_E0I118D0,data/outputs_webcam/S35/S35_E0I118D0.arff,fixation,raw,13,13,0,189.99999999999997,192.86923076923074,2.869230769230768,90.00672197119502,77.45758392625159,-12.549138044943433
S35,S35_E0I118D0,data/outputs_webcam/S35/S35_E0I118D0.arff,saccade,raw,12,11,-1,26.86666666666667,34.27272727272727,7.406060606060603,10.512013329635016,14.99340461063403,4.481391280999015
S35,S35_E0I119D0,data/outputs_webcam/S35/S35_E0I119D0.arff,fixation,raw,14,10,-4,202.14285714285714,321.14,118.99714285714285,111.44755727236924,327.4635525096224,216.01599523725315
S35,S35_E0I119D0,data/outputs_webcam/S35/S35_E0I119D0.arff,saccade,raw,10,9,-1,27.660000000000004,31.522222222222222,3.8622222222222184,10.508641946300937,16.781595408197767,6.2729534618968295
S35,S35_E0I120D0,data/outputs_webcam/S35/S35_E0I120D0.arff,fixation,raw,11,10,-1,225.7090909090909,222.0,-3.7090909090908895,96.7574746936427,103.14733798471647,6.389863291073766
S35,S35_E0I120D0,data/outputs_webcam/S35/S35_E0I120D0.arff,saccade,raw,9,10,1,25.26666666666667,36.5,11.23333333333333,8.211577193207162,13.57391288874034,5.362335695533178
S35,S35_E0I121D0,data/outputs_webcam/S35/S35_E0I121D0.arff,fixation,raw,12,12,0,187.79166666666666,177.5666666666667,-10.224999999999966,72.65993591986431,78.20122451184199,5.5412885919776755
S35,S35_E0I121D0,data/outputs_webcam/S35/S35_E0I121D0.arff,saccade,raw,9,11,2,26.87777777777778,36.590909090909086,9.713131313131306,7.138238189108321,13.662243925904306,6.524005736795985
S35,S35_E0I122D0,data/outputs_webcam/S35/S35_E0I122D0.arff,fixation,raw,13,12,-1,210.13846153846154,234.07500000000002,23.936538461538476,105.05771856826719,153.87955221831484,48.82183365004765
S35,S35_E0I122D0,data/outputs_webcam/S35/S35_E0I122D0.arff,saccade,raw,11,10,-1,20.036363636363635,37.2,17.163636363636368,9.873021090555081,9.247822566540853,-0.6251985240142286
S35,S35_E0I123D0,data/outputs_webcam/S35/S35_E0I123D0.arff,fixation,raw,13,12,-1,166.23076923076923,179.54166666666666,13.31089743589743,57.84145550000427,54.98782440989399,-2.8536310901102837
S35,S35_E0I123D0,data/outputs_webcam/S35/S35_E0I123D0.arff,saccade,raw,11,10,-1,28.363636363636363,35.50000000000001,7.136363636363644,13.732317555844151,13.39212040301643,-0.3401971528277219
S35,S35_E0I124D0,data/outputs_webcam/S35/S35_E0I124D0.arff,fixation,raw,16,13,-3,206.96875,259.24615384615385,52.277403846153845,120.3697787029618,170.533767992269,50.163989289307196
S35,S35_E0I124D0,data/outputs_webcam/S35/S35_E0I124D0.arff,saccade,raw,12,12,0,24.400000000000006,29.700000000000003,5.299999999999997,13.114530456364387,13.637781744444032,0.5232512880796456
S35,S35_E0I125D0,data/outputs_webcam/S35/S35_E0I125D0.arff,fixation,raw,10,9,-1,201.61999999999998,211.39444444444445,9.77444444444447,98.88862478117042,160.4407765431774,61.552151762006986
S35,S35_E0I125D0,data/outputs_webcam/S35/S35_E0I125D0.arff,saccade,raw,7,6,-1,23.97857142857143,39.800000000000004,15.821428571428573,13.64816401397569,8.48192195201064,-5.166242061965049
S35,S35_E0I126D0,data/outputs_webcam/S35/S35_E0I126D0.arff,fixation,raw,14,10,-4,176.82857142857145,254.64000000000001,77.81142857142856,78.57585681827005,134.5597611967758,55.983904378505756
S35,S35_E0I126D0,data/outputs_webcam/S35/S35_E0I126D0.arff,saccade,raw,9,10,1,21.95555555555556,39.39,17.43444444444444,8.810520857348775,12.662407178556357,3.851886321207582
S35,S35_E0I127D0,data/outputs_webcam/S35/S35_E0I127D0.arff,fixation,raw,17,15,-2,174.9764705882353,206.34666666666666,31.370196078431377,53.742866147654475,97.83146489657366,44.08859874891919
S35,S35_E0I127D0,data/outputs_webcam/S35/S35_E0I127D0.arff,saccade,raw,13,13,0,24.092307692307692,29.56923076923077,5.476923076923079,8.005566973306923,11.261393091397457,3.2558261180905337
S35,S35_E0I128D0,data/outputs_webcam/S35/S35_E0I128D0.arff,fixation,raw,15,13,-2,143.73999999999998,179.8846153846154,36.144615384615406,50.536829568712974,80.26620133607344,29.729371767360462
S35,S35_E0I128D0,data/outputs_webcam/S35/S35_E0I128D0.arff,saccade,raw,12,12,0,29.708333333333332,35.23333333333333,5.524999999999995,11.621489368902557,12.73637120671157,1.1148818378090137
S35,S35_E0I129D0,data/outputs_webcam/S35/S35_E0I129D0.arff,fixation,raw,13,10,-3,164.56923076923073,223.78000000000003,59.2107692307693,85.39685186054757,102.9885301057032,17.591678245155634
S35,S35_E0I129D0,data/outputs_webcam/S35/S35_E0I129D0.arff,saccade,raw,11,8,-3,18.809090909090912,38.2,19.39090909090909,6.873929668749099,15.626351370132987,8.752421701383888
S35,S35_E0I130D0,data/outputs_webcam/S35/S35_E0I130D0.arff,fixation,raw,15,15,0,211.49333333333337,213.99333333333328,2.4999999999999147,111.874115904993,136.75460016638075,24.88048426138775
S35,S35_E0I130D0,data/outputs_webcam/S35/S35_E0I130D0.arff,saccade,raw,10,14,4,24.73,38.48571428571428,13.75571428571428,11.714003964865682,14.220129672829568,2.5061257079638857
S35,S35_E0I131D0,data/outputs_webcam/S35/S35_E0I131D0.arff,fixation,raw,14,15,1,193.82857142857142,201.73333333333338,7.904761904761955,86.62188769919199,113.12218846808759,26.5003007688956
S35,S35_E0I131D0,data/outputs_webcam/S35/S35_E0I131D0.arff,saccade,raw,12,13,1,23.108333333333338,40.07692307692308,16.968589743589742,11.361054555192517,14.775156730480267,3.4141021752877503
S35,S35_E0I132D0,data/outputs_webcam/S35/S35_E0I132D0.arff,fixation,raw,14,11,-3,169.82857142857142,238.74545454545458,68.91688311688316,90.68016006035404,187.48880693863495,96.80864687828091
S35,S35_E0I132D0,data/outputs_webcam/S35/S35_E0I132D0.arff,saccade,raw,11,9,-2,25.063636363636366,32.266666666666666,7.2030303030303,8.746116021100192,9.591272074130728,0.8451560530305358
S35,S35_E0I133D0,data/outputs_webcam/S35/S35_E0I133D0.arff,fixation,raw,12,13,1,188.8333333333333,196.91538461538462,8.082051282051339,104.66216936873465,104.66652478350665,0.0043554147719930825
S35,S35_E0I133D0,data/outputs_webcam/S35/S35_E0I133D0.arff,saccade,raw,10,10,0,21.86,33.25,11.39,10.05796533433411,12.114660540023399,2.056695205689289
S35,S35_E0I135D0,data/outputs_webcam/S35/S35_E0I135D0.arff,fixation,raw,10,8,-2,191.91000000000003,172.97500000000002,-18.935000000000002,166.36318002090087,172.28314526632357,5.919965245422702
S35,S35_E0I135D0,data/outputs_webcam/S35/S35_E0I135D0.arff,saccade,raw,8,5,-3,28.2,40.7,12.500000000000004,12.3532528972274,18.6084658153218,6.255212918094401
S35,S35_E0I136D0,data/outputs_webcam/S35/S35_E0I136D0.arff,fixation,raw,18,16,-2,185.31666666666666,197.1375,11.820833333333326,68.42332118768383,130.27952448485527,61.85620329717145
S35,S35_E0I136D0,data/outputs_webcam/S35/S35_E0I136D0.arff,saccade,raw,14,14,0,23.642857142857146,34.228571428571435,10.585714285714289,12.097343273864483,9.441107217615182,-2.656236056249302
S35,S35_E0I137D0,data/outputs_webcam/S35/S35_E0I137D0.arff,fixation,raw,13,12,-1,264.1384615384615,256.65833333333336,-7.480128205128153,114.98829316109777,92.51716753056584,-22.47112563053193
S35,S35_E0I137D0,data/outputs_webcam/S35/S35_E0I137D0.arff,saccade,raw,11,10,-1,25.845454545454547,40.589999999999996,14.744545454545449,9.75862322629208,13.982246680066197,4.223623453774117
S35,S35_E0I138D0,data/outputs_webcam/S35/S35_E0I138D0.arff,fixation,raw,13,10,-3,216.8615384615385,278.66999999999996,61.80846153846147,116.78612602004243,174.08877716077316,57.30265114073073
S35,S35_E0I138D0,data/outputs_webcam/S35/S35_E0I138D0.arff,saccade,raw,9,8,-1,27.38888888888889,35.462500000000006,8.073611111111116,8.52883996280333,14.385303760634125,5.856463797830795
S35,S35_E0I139D0,data/outputs_webcam/S35/S35_E0I139D0.arff,fixation,raw,17,15,-2,211.9,246.13333333333335,34.23333333333335,126.16028495529012,190.99507348420823,64.83478852891811
S35,S35_E0I139D0,data/outputs_webcam/S35/S35_E0I139D0.arff,saccade,raw,14,14,0,26.514285714285712,40.57857142857142,14.06428571428571,10.326206924643214,21.336035915123237,11.009828990480022
S35,S35_E0I140D0,data/outputs_webcam/S35/S35_E0I140D0.arff,fixation,raw,14,14,0,223.17857142857147,225.29285714285712,2.114285714285643,86.55890994062882,84.03148186873148,-2.527428071897347
S35,S35_E0I140D0,data/outputs_webcam/S35/S35_E0I140D0.arff,saccade,raw,12,12,0,25.65833333333333,36.21666666666666,10.55833333333333,8.935776746349813,9.548330014227936,0.6125532678781234
