subject,trial,file,event_type,smoothing,gt_event_count,pred_event_count,event_count_error,gt_mean_duration_ms,pred_mean_duration_ms,mean_duration_error_ms,gt_sd_duration_ms,pred_sd_duration_ms,sd_duration_error_ms
S11,S11_E0I101D0,data/outputs_webcam_sg/S11/S11_E0I101D0.arff,fixation,sg,7,7,0,178.3857142857143,201.92857142857142,23.542857142857116,35.724568043641376,49.47116042994862,13.746592386307242
S11,S11_E0I101D0,data/outputs_webcam_sg/S11/S11_E0I101D0.arff,saccade,sg,7,6,-1,43.75714285714286,39.25,-4.50714285714286,12.491711537770039,13.164611653975973,0.672900116205934
S11,S11_E0I102D0,data/outputs_webcam_sg/S11/S11_E0I102D0.arff,fixation,sg,14,10,-4,229.38571428571427,353.95,124.56428571428572,144.89674231695457,224.97813844411147,80.08139612715689
S11,S11_E0I102D0,data/outputs_webcam_sg/S11/S11_E0I102D0.arff,saccade,sg,13,8,-5,36.83846153846153,35.4125,-1.4259615384615287,14.099559003832855,14.551626075067055,0.4520670712342003
S11,S11_E0I103D0,data/outputs_webcam_sg/S11/S11_E0I103D0.arff,fixation,sg,8,7,-1,201.8,260.9428571428571,59.14285714285711,153.44554175900416,234.47144003156586,81.0258982725617
S11,S11_E0I103D0,data/outputs_webcam_sg/S11/S11_E0I103D0.arff,saccade,sg,7,7,0,44.60000000000001,31.171428571428574,-13.428571428571434,24.26032426274087,12.55822629271537,-11.7020979700255
S11,S11_E0I104D0,data/outputs_webcam_sg/S11/S11_E0I104D0.arff,fixation,sg,10,9,-1,160.94,229.93333333333334,68.99333333333334,70.11560612461552,180.0888391877742,109.97323306315867
S11,S11_E0I104D0,data/outputs_webcam_sg/S11/S11_E0I104D0.arff,saccade,sg,11,6,-5,54.9,34.03333333333333,-20.866666666666667,64.0864884355509,12.061287935650432,-52.02520049990047
S11,S11_E0I105D0,data/outputs_webcam_sg/S11/S11_E0I105D0.arff,fixation,sg,9,6,-3,182.03333333333333,310.6666666666667,128.63333333333335,72.6246514621585,180.58054897099706,107.95589750883856
S11,S11_E0I105D0,data/outputs_webcam_sg/S11/S11_E0I105D0.arff,saccade,sg,9,4,-5,44.43333333333333,40.95,-3.483333333333327,22.681545361813424,8.100411512180516,-14.581133849632907
S11,S11_E0I106D0,data/outputs_webcam_sg/S11/S11_E0I106D0.arff,fixation,sg,11,7,-4,155.6727272727273,260.1142857142857,104.44155844155841,80.97680026907818,171.9599316562963,90.98313138721812
S11,S11_E0I106D0,data/outputs_webcam_sg/S11/S11_E0I106D0.arff,saccade,sg,14,5,-9,32.51428571428571,34.8,2.2857142857142847,18.837436422958696,13.17858110723609,-5.658855315722606
S11,S11_E0I107D0,data/outputs_webcam_sg/S11/S11_E0I107D0.arff,fixation,sg,2,2,0,155.75,178.45,22.69999999999999,12.091525958289978,66.39732675341682,54.30580079512684
S11,S11_E0I107D0,data/outputs_webcam_sg/S11/S11_E0I107D0.arff,saccade,sg,2,1,-1,54.35,63.3,8.949999999999996,9.687362902255703,0.0,-9.687362902255703
S11,S11_E0I108D0,data/outputs_webcam_sg/S11/S11_E0I108D0.arff,fixation,sg,10,7,-3,156.14000000000001,297.1,140.96,88.92973755849177,236.69726093331403,147.76752337482225
S11,S11_E0I108D0,data/outputs_webcam_sg/S11/S11_E0I108D0.arff,saccade,sg,10,6,-4,51.61,33.75000000000001,-17.859999999999992,28.910338404568474,11.332916659007072,-17.577421745561402
S11,S11_E0I109D0,data/outputs_webcam_sg/S11/S11_E0I109D0.arff,fixation,sg,10,8,-2,130.73999999999998,212.875,82.13500000000002,93.16012737933183,130.58673909923408,37.426611719902255
S11,S11_E0I109D0,data/outputs_webcam_sg/S11/S11_E0I109D0.arff,saccade,sg,10,5,-5,43.22,29.78,-13.439999999999998,25.089209721401037,8.44523534307955,-16.643974378321488
S11,S11_E0I110D0,data/outputs_webcam_sg/S11/S11_E0I110D0.arff,fixation,sg,13,9,-4,152.71538461538464,318.3666666666666,165.65128205128198,79.5022100966785,181.79213404325284,102.28992394657435
S11,S11_E0I110D0,data/outputs_webcam_sg/S11/S11_E0I110D0.arff,saccade,sg,13,7,-6,68.23076923076923,42.81428571428571,-25.416483516483517,72.5361448361595,17.45531710505699,-55.0808277311025
S11,S11_E0I111D0,data/outputs_webcam_sg/S11/S11_E0I111D0.arff,fixation,sg,10,9,-1,136.95000000000002,195.35555555555558,58.405555555555566,46.60084047882971,119.77516553016228,73.17432505133257
S11,S11_E0I111D0,data/outputs_webcam_sg/S11/S11_E0I111D0.arff,saccade,sg,10,9,-1,50.32000000000001,31.522222222222222,-18.797777777777785,17.936480516905576,15.714704720243535,-2.2217757966620404
S11,S11_E0I112D0,data/outputs_webcam_sg/S11/S11_E0I112D0.arff,fixation,sg,6,6,0,176.11666666666667,193.03333333333333,16.916666666666657,73.80323615307574,148.62482520314924,74.8215890500735
S11,S11_E0I112D0,data/outputs_webcam_sg/S11/S11_E0I112D0.arff,saccade,sg,5,5,0,57.88000000000001,38.9,-18.98000000000001,18.477202169159703,10.923369443537098,-7.553832725622605
S11,S11_E0I113D0,data/outputs_webcam_sg/S11/S11_E0I113D0.arff,fixation,sg,8,6,-2,144.9125,206.16666666666666,61.25416666666666,52.187229896649185,174.27709736699964,122.08986747035046
S11,S11_E0I113D0,data/outputs_webcam_sg/S11/S11_E0I113D0.arff,saccade,sg,9,5,-4,31.355555555555554,29.68,-1.6755555555555546,18.894517135343197,13.779586350830709,-5.114930784512488
S11,S11_E0I114D0,data/outputs_webcam_sg/S11/S11_E0I114D0.arff,fixation,sg,9,8,-1,240.0,310.3125,70.3125,125.0891681961312,251.3825396681321,126.2933714720009
S11,S11_E0I114D0,data/outputs_webcam_sg/S11/S11_E0I114D0.arff,saccade,sg,8,8,0,52.775,35.6,-17.174999999999997,40.60945526774346,14.08707614395955,-26.522379123783914
S11,S11_E0I115D0,data/outputs_webcam_sg/S11/S11_E0I115D0.arff,fixation,sg,16,8,-8,131.075,343.5,212.425,66.27118529195023,338.9334911580315,272.6623058660812
S11,S11_E0I115D0,data/outputs_webcam_sg/S11/S11_E0I115D0.arff,saccade,sg,18,7,-11,41.511111111111106,28.199999999999996,-13.31111111111111,20.835204621841058,9.029765593118498,-11.80543902872256
S11,S11_E0I116D0,data/outputs_webcam_sg/S11/S11_E0I116D0.arff,fixation,sg,7,6,-1,153.55714285714288,202.83333333333337,49.27619047619049,133.16674831632278,126.76969143555831,-6.397056880764467
S11,S11_E0I116D0,data/outputs_webcam_sg/S11/S11_E0I116D0.arff,saccade,sg,9,4,-5,34.94444444444444,27.499999999999996,-7.444444444444446,18.880288074544247,15.041941364066009,-3.8383467104782376
S11,S11_E0I117D0,data/outputs_webcam_sg/S11/S11_E0I117D0.arff,fixation,sg,6,6,0,155.6833333333333,197.9666666666667,42.28333333333339,55.239348897924806,60.21121711663589,4.971868218711087
S11,S11_E0I117D0,data/outputs_webcam_sg/S11/S11_E0I117D0.arff,saccade,sg,6,5,-1,57.20000000000001,31.6,-25.60000000000001,23.266542502056463,11.102026841978,-12.164515660078463
S11,S11_E0I118D0,data/outputs_webcam_sg/S11/S11_E0I118D0.arff,fixation,sg,11,9,-2,170.0909090909091,250.4777777777778,80.3868686868687,69.3639164774518,184.64729065015942,115.28337417270762
S11,S11_E0I118D0,data/outputs_webcam_sg/S11/S11_E0I118D0.arff,saccade,sg,13,5,-8,50.19230769230769,34.46,-15.732307692307693,28.554406009652922,7.1325311075381945,-21.421874902114727
S11,S11_E0I119D0,data/outputs_webcam_sg/S11/S11_E0I119D0.arff,fixation,sg,14,7,-7,154.84285714285716,420.74285714285713,265.9,67.0459740578257,414.63432828273665,347.588354224911
S11,S11_E0I119D0,data/outputs_webcam_sg/S11/S11_E0I119D0.arff,saccade,sg,15,4,-11,57.019999999999996,31.575000000000003,-25.444999999999993,39.87369702304659,12.900742872666932,-26.972954150379657
S11,S11_E0I120D0,data/outputs_webcam_sg/S11/S11_E0I120D0.arff,fixation,sg,6,4,-2,135.11666666666667,250.975,115.85833333333332,64.81908412394198,115.25211133279366,50.433027208851684
S11,S11_E0I120D0,data/outputs_webcam_sg/S11/S11_E0I120D0.arff,saccade,sg,7,3,-4,42.771428571428565,31.566666666666663,-11.204761904761902,14.884971647684822,15.800105484879944,0.915133837195123
S11,S11_E0I121D0,data/outputs_webcam_sg/S11/S11_E0I121D0.arff,fixation,sg,10,9,-1,147.85,201.05555555555554,53.20555555555555,81.46380586902791,154.46748938782483,73.00368351879692
S11,S11_E0I121D0,data/outputs_webcam_sg/S11/S11_E0I121D0.arff,saccade,sg,10,6,-4,53.98,30.03333333333333,-23.946666666666665,21.821691552723912,7.5796218023504744,-14.242069750373439
S11,S11_E0I122D0,data/outputs_webcam_sg/S11/S11_E0I122D0.arff,fixation,sg,6,4,-2,168.29999999999998,336.575,168.275,47.029735274611106,265.7272583558814,218.6975230812703
S11,S11_E0I122D0,data/outputs_webcam_sg/S11/S11_E0I122D0.arff,saccade,sg,6,3,-3,57.81666666666667,42.099999999999994,-15.716666666666676,42.77641484120271,9.093404203047392,-33.68301063815532
S11,S11_E0I123D0,data/outputs_webcam_sg/S11/S11_E0I123D0.arff,fixation,sg,6,4,-2,127.39999999999998,265.4,138.0,80.7432226258031,206.77519193558982,126.03196930978672
S11,S11_E0I123D0,data/outputs_webcam_sg/S11/S11_E0I123D0.arff,saccade,sg,5,3,-2,65.76,36.300000000000004,-29.46,38.47022225046276,8.227393268830655,-30.24282898163211
S11,S11_E0I124D0,data/outputs_webcam_sg/S11/S11_E0I124D0.arff,fixation,sg,8,5,-3,124.95,230.76,105.80999999999999,58.298492996940205,232.94592290915935,174.64742991221914
S11,S11_E0I124D0,data/outputs_webcam_sg/S11/S11_E0I124D0.arff,saccade,sg,8,3,-5,46.0375,36.43333333333333,-9.604166666666671,22.306625377100094,8.98127682088317,-13.325348556216923
S11,S11_E0I125D0,data/outputs_webcam_sg/S11/S11_E0I125D0.arff,fixation,sg,7,7,0,136.02857142857144,168.58571428571432,32.55714285714288,89.9804740723548,90.81307594121434,0.8326018688595411
S11,S11_E0I125D0,data/outputs_webcam_sg/S11/S11_E0I125D0.arff,saccade,sg,6,6,0,60.23333333333333,37.83333333333333,-22.4,26.93768116721754,7.297853565718256,-19.639827601499285
S11,S11_E0I126D0,data/outputs_webcam_sg/S11/S11_E0I126D0.arff,fixation,sg,6,5,-1,146.41666666666666,242.6,96.18333333333334,81.9417943827609,149.33296688943136,67.39117250667046
S11,S11_E0I126D0,data/outputs_webcam_sg/S11/S11_E0I126D0.arff,saccade,sg,7,4,-3,48.05714285714286,39.599999999999994,-8.457142857142863,31.091309457942163,9.239047569960876,-21.852261887981285
S11,S11_E0I127D0,data/outputs_webcam_sg/S11/S11_E0I127D0.arff,fixation,sg,6,4,-2,92.39999999999999,169.875,77.47500000000001,58.17989343407223,73.23516345763602,15.055270023563793
S11,S11_E0I127D0,data/outputs_webcam_sg/S11/S11_E0I127D0.arff,saccade,sg,6,3,-3,46.76666666666667,41.76666666666667,-5.0,35.3052215212802,8.896253893259418,-26.408967628020783
S11,S11_E0I128D0,data/outputs_webcam_sg/S11/S11_E0I128D0.arff,fixation,sg,10,7,-3,180.60999999999999,284.85714285714283,104.24714285714285,62.72526427029046,207.32823297967934,144.60296870938888
S11,S11_E0I128D0,data/outputs_webcam_sg/S11/S11_E0I128D0.arff,saccade,sg,10,5,-5,51.89000000000001,40.96,-10.930000000000007,23.699716360234262,8.548567131396933,-15.15114922883733
S11,S11_E0I129D0,data/outputs_webcam_sg/S11/S11_E0I129D0.arff,fixation,sg,13,10,-3,131.76153846153846,198.96999999999997,67.2084615384615,53.894828732472696,105.5489675721916,51.654138839718904
S11,S11_E0I129D0,data/outputs_webcam_sg/S11/S11_E0I129D0.arff,saccade,sg,15,6,-9,39.84,36.85,-2.990000000000002,20.442490762415147,8.135047633542166,-12.30744312887298
S11,S11_E0I130D0,data/outputs_webcam_sg/S11/S11_E0I130D0.arff,fixation,sg,7,6,-1,131.08571428571426,200.9666666666667,69.88095238095244,29.905541770237644,137.6320408432087,107.72649907297105
S11,S11_E0I130D0,data/outputs_webcam_sg/S11/S11_E0I130D0.arff,saccade,sg,6,5,-1,60.28333333333333,41.019999999999996,-19.263333333333335,28.589887489576917,17.88161066570906,-10.708276823867855
S11,S11_E0I131D0,data/outputs_webcam_sg/S11/S11_E0I131D0.arff,fixation,sg,10,8,-2,141.63000000000002,210.76250000000002,69.1325,42.44374184991496,150.0774651162335,107.63372326631854
S11,S11_E0I131D0,data/outputs_webcam_sg/S11/S11_E0I131D0.arff,saccade,sg,9,7,-2,52.74444444444445,33.42857142857142,-19.315873015873024,25.18149673426458,9.675349138526263,-15.506147595738318
S11,S11_E0I132D0,data/outputs_webcam_sg/S11/S11_E0I132D0.arff,fixation,sg,10,9,-1,156.36,201.64444444444445,45.28444444444443,60.10541110785654,106.39185954657329,46.28644843871675
S11,S11_E0I132D0,data/outputs_webcam_sg/S11/S11_E0I132D0.arff,saccade,sg,10,9,-1,46.33,31.555555555555557,-14.774444444444441,22.264323729031407,7.881166016382205,-14.3831577126492
S11,S11_E0I133D0,data/outputs_webcam_sg/S11/S11_E0I133D0.arff,fixation,sg,10,7,-3,177.95999999999998,327.9428571428572,149.9828571428572,115.1987577093511,280.4159937018742,165.2172359925231
S11,S11_E0I133D0,data/outputs_webcam_sg/S11/S11_E0I133D0.arff,saccade,sg,12,5,-7,49.05833333333333,32.86,-16.19833333333333,24.70802071957177,13.801376742919526,-10.906643976652244
S11,S11_E0I134D0,data/outputs_webcam_sg/S11/S11_E0I134D0.arff,fixation,sg,8,6,-2,139.76250000000002,226.54999999999998,86.78749999999997,55.625429372339624,132.60532040608328,76.97989103374366
S11,S11_E0I134D0,data/outputs_webcam_sg/S11/S11_E0I134D0.arff,saccade,sg,7,4,-3,51.228571428571435,37.425,-13.803571428571438,21.412668702251498,17.367090525857616,-4.045578176393882
S11,S11_E0I135D0,data/outputs_webcam_sg/S11/S11_E0I135D0.arff,fixation,sg,6,5,-1,163.13333333333335,250.71999999999997,87.58666666666662,65.41497280184917,177.68402291708728,112.2690501152381
S11,S11_E0I135D0,data/outputs_webcam_sg/S11/S11_E0I135D0.arff,saccade,sg,6,4,-2,60.23333333333333,43.075,-17.158333333333324,20.771486867017167,7.985559884357932,-12.785926982659234
S11,S11_E0I136D0,data/outputs_webcam_sg/S11/S11_E0I136D0.arff,fixation,sg,6,5,-1,179.86666666666667,230.34,50.47333333333333,68.95452607818189,198.51052365051078,129.5559975723289
S11,S11_E0I136D0,data/outputs_webcam_sg/S11/S11_E0I136D0.arff,saccade,sg,7,3,-4,38.228571428571435,37.0,-1.2285714285714349,17.746146462984978,8.92356431029664,-8.822582152688337
S11,S11_E0I137D0,data/outputs_webcam_sg/S11/S11_E0I137D0.arff,fixation,sg,7,7,0,146.5,148.77142857142857,2.2714285714285722,44.88236476241717,63.69339877584684,18.81103401342967
S11,S11_E0I137D0,data/outputs_webcam_sg/S11/S11_E0I137D0.arff,saccade,sg,7,5,-2,40.34285714285715,34.68,-5.662857142857149,15.452061042986807,7.119480318113113,-8.332580724873694
S11,S11_E0I138D0,data/outputs_webcam_sg/S11/S11_E0I138D0.arff,fixation,sg,6,6,0,157.41666666666666,193.79999999999998,36.383333333333326,106.45576389593316,213.88069571609313,107.42493182015997
S11,S11_E0I138D0,data/outputs_webcam_sg/S11/S11_E0I138D0.arff,saccade,sg,7,4,-3,54.142857142857146,31.724999999999998,-22.417857142857148,33.77118382797465,13.147211364645608,-20.623972463329046
S11,S11_E0I139D0,data/outputs_webcam_sg/S11/S11_E0I139D0.arff,fixation,sg,5,4,-1,149.98,232.275,82.29500000000002,41.44553051898359,67.7470479061634,26.301517387179814
S11,S11_E0I139D0,data/outputs_webcam_sg/S11/S11_E0I139D0.arff,saccade,sg,7,2,-5,50.37142857142857,23.700000000000003,-26.671428571428564,18.895653317250357,11.172287142747452,-7.723366174502905
S11,S11_E0I140D0,data/outputs_webcam_sg/S11/S11_E0I140D0.arff,fixation,sg,7,7,0,144.6142857142857,142.31428571428572,-2.299999999999983,67.40710715672417,51.14389597242367,-16.263211184300495
S11,S11_E0I140D0,data/outputs_webcam_sg/S11/S11_E0I140D0.arff,saccade,sg,7,6,-1,37.92857142857143,26.333333333333332,-11.595238095238098,17.586710350499917,8.159575152338917,-9.427135198161
S13,S13_E0I101D0,data/outputs_webcam_sg/S13/S13_E0I101D0.arff,fixation,sg,8,4,-4,121.975,212.125,90.15,78.29119180524533,178.42827457179166,100.13708276654633
S13,S13_E0I101D0,data/outputs_webcam_sg/S13/S13_E0I101D0.arff,saccade,sg,7,3,-4,36.57142857142857,53.300000000000004,16.728571428571435,12.05179299049375,40.2128089046264,28.161015914132648
S13,S13_E0I102D0,data/outputs_webcam_sg/S13/S13_E0I102D0.arff,fixation,sg,7,6,-1,160.02857142857144,146.51666666666665,-13.511904761904788,84.61057290681259,70.22616084242871,-14.38441206438388
S13,S13_E0I102D0,data/outputs_webcam_sg/S13/S13_E0I102D0.arff,saccade,sg,6,4,-2,29.266666666666666,40.349999999999994,11.083333333333329,12.026914262048544,20.536228150920667,8.509313888872123
S13,S13_E0I103D0,data/outputs_webcam_sg/S13/S13_E0I103D0.arff,fixation,sg,9,7,-2,174.45555555555558,222.1,47.64444444444442,173.56973462495637,320.3372909918544,146.76755636689802
S13,S13_E0I103D0,data/outputs_webcam_sg/S13/S13_E0I103D0.arff,saccade,sg,8,5,-3,37.912499999999994,47.8,9.887500000000003,17.021367873520454,11.317464380328309,-5.703903493192145
S13,S13_E0I104D0,data/outputs_webcam_sg/S13/S13_E0I104D0.arff,fixation,sg,8,7,-1,122.0625,130.35714285714283,8.294642857142833,88.44820821087495,71.55107399945992,-16.897134211415036
S13,S13_E0I104D0,data/outputs_webcam_sg/S13/S13_E0I104D0.arff,saccade,sg,7,5,-2,27.471428571428568,47.980000000000004,20.508571428571436,7.837455855423639,15.876932953187147,8.039477097763509
S13,S13_E0I105D0,data/outputs_webcam_sg/S13/S13_E0I105D0.arff,fixation,sg,10,9,-1,136.05,133.4888888888889,-2.561111111111103,77.89206563501118,59.77801528246911,-18.114050352542066
S13,S13_E0I105D0,data/outputs_webcam_sg/S13/S13_E0I105D0.arff,saccade,sg,10,7,-3,43.08,45.55714285714286,2.4771428571428586,25.975022190130613,10.962642191074366,-15.012379999056247
S13,S13_E0I106D0,data/outputs_webcam_sg/S13/S13_E0I106D0.arff,fixation,sg,8,8,0,138.11249999999998,114.0625,-24.049999999999983,68.97619542794662,60.100771031422134,-8.875424396524487
S13,S13_E0I106D0,data/outputs_webcam_sg/S13/S13_E0I106D0.arff,saccade,sg,7,6,-1,38.714285714285715,45.26666666666666,6.552380952380943,15.708960136540817,18.746270740247688,3.037310603706871
S13,S13_E0I107D0,data/outputs_webcam_sg/S13/S13_E0I107D0.arff,fixation,sg,12,11,-1,169.7,155.8272727272727,-13.872727272727275,91.52486001081893,94.90346770175566,3.3786076909367324
S13,S13_E0I107D0,data/outputs_webcam_sg/S13/S13_E0I107D0.arff,saccade,sg,12,7,-5,53.29999999999999,47.98571428571428,-5.31428571428571,60.03574692706762,9.180491739086124,-50.8552551879815
S13,S13_E0I108D0,data/outputs_webcam_sg/S13/S13_E0I108D0.arff,fixation,sg,6,5,-1,189.26666666666665,207.95999999999998,18.693333333333328,138.59878306344058,131.9757856578244,-6.622997405616189
S13,S13_E0I108D0,data/outputs_webcam_sg/S13/S13_E0I108D0.arff,saccade,sg,5,3,-2,38.4,58.63333333333333,20.233333333333334,14.071424945612298,9.20887253323301,-4.862552412379289
S13,S13_E0I109D0,data/outputs_webcam_sg/S13/S13_E0I109D0.arff,fixation,sg,6,5,-1,176.35000000000002,131.16,-45.190000000000026,95.97351197075159,57.06428830713654,-38.909223663615045
S13,S13_E0I109D0,data/outputs_webcam_sg/S13/S13_E0I109D0.arff,saccade,sg,5,3,-2,22.3,37.46666666666667,15.166666666666668,8.626702730475879,9.21212968500408,0.5854269545282005
S13,S13_E0I110D0,data/outputs_webcam_sg/S13/S13_E0I110D0.arff,fixation,sg,9,7,-2,133.3111111111111,153.15714285714284,19.84603174603174,65.07285233575604,73.14157178930135,8.068719453545313
S13,S13_E0I110D0,data/outputs_webcam_sg/S13/S13_E0I110D0.arff,saccade,sg,8,6,-2,46.0375,47.9,1.8624999999999972,35.76063028767011,14.156129414497453,-21.604500873172658
S13,S13_E0I111D0,data/outputs_webcam_sg/S13/S13_E0I111D0.arff,fixation,sg,8,7,-1,145.97499999999997,148.77142857142857,2.7964285714286063,85.9544356039873,69.48740207849944,-16.467033525487864
S13,S13_E0I111D0,data/outputs_webcam_sg/S13/S13_E0I111D0.arff,saccade,sg,6,5,-1,37.13333333333333,44.6,7.466666666666669,19.238468407507565,7.1954846952793945,-12.042983712228171
S13,S13_E0I112D0,data/outputs_webcam_sg/S13/S13_E0I112D0.arff,fixation,sg,7,6,-1,157.64285714285714,183.96666666666667,26.32380952380953,74.77570588417197,90.91907757267813,16.143371688506164
S13,S13_E0I112D0,data/outputs_webcam_sg/S13/S13_E0I112D0.arff,saccade,sg,6,5,-1,32.06666666666667,47.88,15.813333333333333,14.333410852503555,11.636021656906625,-2.69738919559693
S13,S13_E0I113D0,data/outputs_webcam_sg/S13/S13_E0I113D0.arff,fixation,sg,7,6,-1,150.74285714285716,181.1833333333333,30.440476190476147,109.55864270095806,170.91422897660297,61.35558627564491
S13,S13_E0I113D0,data/outputs_webcam_sg/S13/S13_E0I113D0.arff,saccade,sg,7,5,-2,27.3,44.64,17.34,11.951150572225254,13.400671624959697,1.4495210527344433
S13,S13_E0I114D0,data/outputs_webcam_sg/S13/S13_E0I114D0.arff,fixation,sg,7,7,0,162.1285714285714,148.3142857142857,-13.814285714285717,82.41154276527276,76.1707386636852,-6.240804101587557
S13,S13_E0I114D0,data/outputs_webcam_sg/S13/S13_E0I114D0.arff,saccade,sg,7,6,-1,38.75714285714286,29.316666666666666,-9.440476190476193,8.649827964157657,12.066717311127608,3.416889346969951
S13,S13_E0I115D0,data/outputs_webcam_sg/S13/S13_E0I115D0.arff,fixation,sg,7,6,-1,143.94285714285715,157.01666666666668,13.07380952380953,76.10617270504098,102.37852151045483,26.272348805413856
S13,S13_E0I115D0,data/outputs_webcam_sg/S13/S13_E0I115D0.arff,saccade,sg,6,6,0,40.050000000000004,34.75,-5.300000000000004,16.48353724174517,11.780280132492607,-4.703257109252565
S13,S13_E0I116D0,data/outputs_webcam_sg/S13/S13_E0I116D0.arff,fixation,sg,6,6,0,197.53333333333333,151.96666666666667,-45.56666666666666,129.40192682748838,67.46411391744996,-61.93781291003842
S13,S13_E0I116D0,data/outputs_webcam_sg/S13/S13_E0I116D0.arff,saccade,sg,7,5,-2,43.51428571428572,41.760000000000005,-1.7542857142857144,35.313851322648105,14.23878506053097,-21.075066262117133
S13,S13_E0I117D0,data/outputs_webcam_sg/S13/S13_E0I117D0.arff,fixation,sg,8,8,0,128.25,106.35000000000001,-21.89999999999999,37.251768893762424,42.83119690799486,5.579428014232434
S13,S13_E0I117D0,data/outputs_webcam_sg/S13/S13_E0I117D0.arff,saccade,sg,6,6,0,61.28333333333333,39.96666666666667,-21.316666666666663,56.643107847880906,8.727580802643232,-47.915527045237674
S13,S13_E0I118D0,data/outputs_webcam_sg/S13/S13_E0I118D0.arff,fixation,sg,6,5,-1,149.25,166.38,17.129999999999995,82.06331092516314,168.77303398351287,86.70972305834974
S13,S13_E0I118D0,data/outputs_webcam_sg/S13/S13_E0I118D0.arff,saccade,sg,5,3,-2,70.67999999999999,48.43333333333334,-22.246666666666655,78.25846280115653,15.454557040993869,-62.80390576016266
S13,S13_E0I119D0,data/outputs_webcam_sg/S13/S13_E0I119D0.arff,fixation,sg,7,4,-3,158.22857142857143,164.0,5.771428571428572,83.86120903583719,111.86661700435926,28.005407968522064
S13,S13_E0I119D0,data/outputs_webcam_sg/S13/S13_E0I119D0.arff,saccade,sg,6,2,-4,53.333333333333336,56.0,2.6666666666666643,61.28058964033119,11.172287142747448,-50.10830249758374
S13,S13_E0I120D0,data/outputs_webcam_sg/S13/S13_E0I120D0.arff,fixation,sg,7,7,0,132.58571428571426,123.14285714285714,-9.442857142857122,38.83016132559107,30.338746246500094,-8.491415079090977
S13,S13_E0I120D0,data/outputs_webcam_sg/S13/S13_E0I120D0.arff,saccade,sg,6,6,0,42.96666666666667,53.63333333333333,10.666666666666664,8.149519413233314,19.32901101108556,11.179491597852245
S13,S13_E0I121D0,data/outputs_webcam_sg/S13/S13_E0I121D0.arff,fixation,sg,17,14,-3,161.9294117647059,162.38571428571427,0.4563025210083822,134.21440759427563,115.26395698664773,-18.9504506076279
S13,S13_E0I121D0,data/outputs_webcam_sg/S13/S13_E0I121D0.arff,saccade,sg,18,11,-7,45.34444444444444,36.236363636363635,-9.108080808080807,22.137809611140057,12.36626643148794,-9.771543179652117
S13,S13_E0I122D0,data/outputs_webcam_sg/S13/S13_E0I122D0.arff,fixation,sg,7,6,-1,167.08571428571426,200.33333333333334,33.24761904761908,71.26159387710018,115.0424907009,43.78089682379982
S13,S13_E0I122D0,data/outputs_webcam_sg/S13/S13_E0I122D0.arff,saccade,sg,5,5,0,35.0,38.26,3.259999999999998,17.346613502352554,8.80443070277687,-8.542182799575684
S13,S13_E0I123D0,data/outputs_webcam_sg/S13/S13_E0I123D0.arff,fixation,sg,7,6,-1,194.04285714285714,189.4333333333333,-4.609523809523836,171.93766173764698,190.4702461453407,18.53258440769372
S13,S13_E0I123D0,data/outputs_webcam_sg/S13/S13_E0I123D0.arff,saccade,sg,6,7,1,37.35,31.9,-5.450000000000003,13.007497837785714,15.917181492546558,2.909683654760844
S13,S13_E0I124D0,data/outputs_webcam_sg/S13/S13_E0I124D0.arff,fixation,sg,10,8,-2,140.87,165.85,24.97999999999999,55.270608021905375,103.42206175252385,48.15145373061847
S13,S13_E0I124D0,data/outputs_webcam_sg/S13/S13_E0I124D0.arff,saccade,sg,9,6,-3,55.25555555555555,42.76666666666667,-12.48888888888888,29.987210236662193,13.144834219824405,-16.84237601683779
S13,S13_E0I125D0,data/outputs_webcam_sg/S13/S13_E0I125D0.arff,fixation,sg,9,8,-1,195.15555555555557,213.8625,18.706944444444446,133.23719554905747,156.65578223335027,23.41858668429279
S13,S13_E0I125D0,data/outputs_webcam_sg/S13/S13_E0I125D0.arff,saccade,sg,8,7,-1,35.9125,48.07142857142857,12.158928571428568,22.27179109482281,13.377931365463333,-8.893859729359477
S13,S13_E0I126D0,data/outputs_webcam_sg/S13/S13_E0I126D0.arff,fixation,sg,8,6,-2,105.86250000000001,138.81666666666666,32.95416666666665,46.2680370234139,76.88322096964113,30.615183946227226
S13,S13_E0I126D0,data/outputs_webcam_sg/S13/S13_E0I126D0.arff,saccade,sg,8,5,-3,42.037499999999994,44.739999999999995,2.7025000000000006,19.030722341969653,17.627904016076332,-1.4028183258933211
S13,S13_E0I127D0,data/outputs_webcam_sg/S13/S13_E0I127D0.arff,fixation,sg,5,5,0,163.4,157.04000000000002,-6.359999999999985,75.35011612466168,63.40167978847248,-11.948436336189204
S13,S13_E0I127D0,data/outputs_webcam_sg/S13/S13_E0I127D0.arff,saccade,sg,4,4,0,44.224999999999994,48.1,3.875000000000007,20.227930360436446,22.756244564221632,2.528314203785186
S13,S13_E0I128D0,data/outputs_webcam_sg/S13/S13_E0I128D0.arff,fixation,sg,8,6,-2,165.8125,218.33333333333337,52.52083333333337,88.976761613035,249.86063849007243,160.88387687703744
S13,S13_E0I128D0,data/outputs_webcam_sg/S13/S13_E0I128D0.arff,saccade,sg,6,5,-1,24.05,54.54,30.49,19.718392429404584,26.748420514116344,7.030028084711759
S13,S13_E0I129D0,data/outputs_webcam_sg/S13/S13_E0I129D0.arff,fixation,sg,10,8,-2,217.71000000000004,234.0625,16.352499999999964,206.07047041674306,202.21778879995415,-3.8526816167889137
S13,S13_E0I129D0,data/outputs_webcam_sg/S13/S13_E0I129D0.arff,saccade,sg,8,7,-1,34.0625,36.6,2.5375000000000014,15.920511253456295,12.149485585818026,-3.77102566763827
S13,S13_E0I130D0,data/outputs_webcam_sg/S13/S13_E0I130D0.arff,fixation,sg,8,7,-1,192.22500000000002,217.21428571428572,24.9892857142857,226.3298335868,245.72337040237898,19.393536815578983
S13,S13_E0I130D0,data/outputs_webcam_sg/S13/S13_E0I130D0.arff,saccade,sg,7,5,-2,29.7,32.08,2.379999999999999,10.995453605922767,11.385165787110875,0.38971218118810746
S13,S13_E0I131D0,data/outputs_webcam_sg/S13/S13_E0I131D0.arff,fixation,sg,6,6,0,216.03333333333333,202.7166666666667,-13.316666666666634,216.0846377387034,192.0727093229714,-24.011928415732
S13,S13_E0I131D0,data/outputs_webcam_sg/S13/S13_E0I131D0.arff,saccade,sg,5,5,0,35.24,48.18,12.939999999999998,13.49473971590412,11.639888315615403,-1.854851400288716
S13,S13_E0I132D0,data/outputs_webcam_sg/S13/S13_E0I132D0.arff,fixation,sg,7,4,-3,155.58571428571432,283.79999999999995,128.21428571428564,106.26660542508841,249.42618146457679,143.15957603948837
S13,S13_E0I132D0,data/outputs_webcam_sg/S13/S13_E0I132D0.arff,saccade,sg,6,4,-2,40.00000000000001,43.925,3.92499999999999,21.99727255820594,20.113241906763815,-1.8840306514421243
S13,S13_E0I133D0,data/outputs_webcam_sg/S13/S13_E0I133D0.arff,fixation,sg,17,14,-3,118.44117647058822,132.47857142857143,14.03739495798321,56.686121083819195,95.51365732848751,38.827536244668316
S13,S13_E0I133D0,data/outputs_webcam_sg/S13/S13_E0I133D0.arff,saccade,sg,20,12,-8,36.864999999999995,42.708333333333336,5.843333333333341,14.782574200727018,15.672411100305203,0.8898368995781851
S13,S13_E0I134D0,data/outputs_webcam_sg/S13/S13_E0I134D0.arff,fixation,sg,8,7,-1,144.1375,144.20000000000002,0.06250000000002842,101.20445977609597,70.9909618660479,-30.213497910048076
S13,S13_E0I134D0,data/outputs_webcam_sg/S13/S13_E0I134D0.arff,saccade,sg,7,5,-2,43.371428571428574,44.68,1.308571428571426,45.95188477402983,28.577736089480567,-17.37414868454926
S13,S13_E0I135D0,data/outputs_webcam_sg/S13/S13_E0I135D0.arff,fixation,sg,7,6,-1,144.05714285714285,114.68333333333334,-29.373809523809513,97.35784264151256,84.96800378181581,-12.389838859696752
S13,S13_E0I135D0,data/outputs_webcam_sg/S13/S13_E0I135D0.arff,saccade,sg,7,4,-3,38.728571428571435,31.95,-6.778571428571436,12.63325166451803,13.065093442707047,0.4318417781890176
S13,S13_E0I136D0,data/outputs_webcam_sg/S13/S13_E0I136D0.arff,fixation,sg,9,7,-2,147.85555555555553,162.35714285714286,14.501587301587335,74.65224563117829,81.82882249229907,7.176576861120779
S13,S13_E0I136D0,data/outputs_webcam_sg/S13/S13_E0I136D0.arff,saccade,sg,8,5,-3,42.037499999999994,57.779999999999994,15.7425,22.61926722951033,8.563410535528469,-14.055856693981863
S13,S13_E0I137D0,data/outputs_webcam_sg/S13/S13_E0I137D0.arff,fixation,sg,7,6,-1,180.44285714285715,183.86666666666667,3.423809523809524,175.03253847159252,175.54512430331602,0.5125858317234986
S13,S13_E0I137D0,data/outputs_webcam_sg/S13/S13_E0I137D0.arff,saccade,sg,6,6,0,42.65,29.28333333333333,-13.366666666666667,34.66368416657411,12.059754005230234,-22.603930161343875
S13,S13_E0I138D0,data/outputs_webcam_sg/S13/S13_E0I138D0.arff,fixation,sg,6,6,0,181.53333333333333,149.41666666666669,-32.116666666666646,72.60974222972195,62.118126715691176,-10.49161551403077
S13,S13_E0I138D0,data/outputs_webcam_sg/S13/S13_E0I138D0.arff,saccade,sg,7,6,-1,38.857142857142854,40.05,1.192857142857143,15.59763413073247,22.090789936079695,6.493155805347225
S13,S13_E0I139D0,data/outputs_webcam_sg/S13/S13_E0I139D0.arff,fixation,sg,8,8,0,135.875,123.82499999999999,-12.050000000000011,87.59224933096046,87.4545718808179,-0.1376774501425615
S13,S13_E0I139D0,data/outputs_webcam_sg/S13/S13_E0I139D0.arff,saccade,sg,8,7,-1,33.975,36.51428571428571,2.539285714285711,15.831501147125264,12.076068423598326,-3.7554327235269387
S13,S13_E0I140D0,data/outputs_webcam_sg/S13/S13_E0I140D0.arff,fixation,sg,6,5,-1,176.11666666666667,172.62,-3.4966666666666697,138.94254088171365,102.20155086885913,-36.740990012854525
S13,S13_E0I140D0,data/outputs_webcam_sg/S13/S13_E0I140D0.arff,saccade,sg,4,6,2,36.0,42.666666666666664,6.666666666666664,15.497311594811103,24.088724886690592,8.591413291879489
S14,S14_E0I101D0,data/outputs_webcam_sg/S14/S14_E0I101D0.arff,fixation,sg,7,6,-1,212.37142857142857,266.49999999999994,54.12857142857138,174.97185215805155,224.40452758355838,49.43267542550683
S14,S14_E0I101D0,data/outputs_webcam_sg/S14/S14_E0I101D0.arff,saccade,sg,7,4,-3,43.48571428571428,40.1,-3.385714285714279,7.813114737719004,9.296235797353678,1.4831210596346738
S14,S14_E0I102D0,data/outputs_webcam_sg/S14/S14_E0I102D0.arff,fixation,sg,9,6,-3,172.43333333333334,258.79999999999995,86.36666666666662,174.44989251931338,273.7903650605696,99.34047254125625
S14,S14_E0I102D0,data/outputs_webcam_sg/S14/S14_E0I102D0.arff,saccade,sg,9,4,-5,35.46666666666667,51.925000000000004,16.458333333333336,13.330322576742093,24.083379469390643,10.75305689264855
S14,S14_E0I103D0,data/outputs_webcam_sg/S14/S14_E0I103D0.arff,fixation,sg,5,6,1,288.48,256.05,-32.43000000000001,277.4603341020118,307.7964895836208,30.336155481609012
S14,S14_E0I103D0,data/outputs_webcam_sg/S14/S14_E0I103D0.arff,saccade,sg,6,4,-2,45.300000000000004,51.599999999999994,6.29999999999999,23.72433349959488,42.310203655068044,18.585870155473163
S14,S14_E0I104D0,data/outputs_webcam_sg/S14/S14_E0I104D0.arff,fixation,sg,7,5,-2,169.44285714285715,201.85999999999999,32.417142857142835,71.45158867239779,148.14375788402293,76.69216921162514
S14,S14_E0I104D0,data/outputs_webcam_sg/S14/S14_E0I104D0.arff,saccade,sg,8,3,-5,37.8875,37.0,-0.8875000000000028,16.760790767229842,23.797268750846175,7.036477983616333
S14,S14_E0I105D0,data/outputs_webcam_sg/S14/S14_E0I105D0.arff,fixation,sg,13,11,-2,151.4230769230769,184.71818181818182,33.29510489510491,103.29098180904722,182.87670063833622,79.585718829289
S14,S14_E0I105D0,data/outputs_webcam_sg/S14/S14_E0I105D0.arff,saccade,sg,13,9,-4,35.784615384615385,49.78888888888889,14.004273504273506,18.897479821122804,31.45172667932734,12.554246858204536
S14,S14_E0I106D0,data/outputs_webcam_sg/S14/S14_E0I106D0.arff,fixation,sg,7,7,0,171.44285714285715,141.8142857142857,-29.628571428571462,161.6442581426145,75.89386072165584,-85.75039742095865
S14,S14_E0I106D0,data/outputs_webcam_sg/S14/S14_E0I106D0.arff,saccade,sg,8,5,-3,42.0125,60.660000000000004,18.6475,22.520050589894968,46.97002235468917,24.449971764794203
S14,S14_E0I107D0,data/outputs_webcam_sg/S14/S14_E0I107D0.arff,fixation,sg,9,8,-1,152.8,183.9875,31.1875,167.53913721874062,171.28826527648815,3.7491280577475266
S14,S14_E0I107D0,data/outputs_webcam_sg/S14/S14_E0I107D0.arff,saccade,sg,9,6,-3,32.077777777777776,39.983333333333334,7.9055555555555586,17.934518238426268,8.857859034025472,-9.076659204400796
S14,S14_E0I108D0,data/outputs_webcam_sg/S14/S14_E0I108D0.arff,fixation,sg,9,7,-2,181.36666666666667,216.97142857142856,35.60476190476189,158.7847757185808,258.71290210247673,99.92812638389594
S14,S14_E0I108D0,data/outputs_webcam_sg/S14/S14_E0I108D0.arff,saccade,sg,10,6,-4,30.740000000000002,43.43333333333333,12.693333333333328,16.166164940668175,8.906102776560951,-7.260062164107223
S14,S14_E0I109D0,data/outputs_webcam_sg/S14/S14_E0I109D0.arff,fixation,sg,12,10,-2,144.14166666666665,222.08999999999997,77.94833333333332,93.55413074144765,288.5484956351936,194.99436489374597
S14,S14_E0I109D0,data/outputs_webcam_sg/S14/S14_E0I109D0.arff,saccade,sg,13,9,-4,62.623076923076916,31.966666666666672,-30.656410256410243,61.79940875993009,13.885784097414161,-47.91362466251593
S14,S14_E0I110D0,data/outputs_webcam_sg/S14/S14_E0I110D0.arff,fixation,sg,10,10,0,130.06,134.69,4.6299999999999955,48.38264610833563,60.588566028033156,12.205919919697529
S14,S14_E0I110D0,data/outputs_webcam_sg/S14/S14_E0I110D0.arff,saccade,sg,11,8,-3,31.927272727272726,31.962500000000002,0.035227272727276215,14.245075704192724,17.091763889579763,2.8466881853870394
S14,S14_E0I111D0,data/outputs_webcam_sg/S14/S14_E0I111D0.arff,fixation,sg,9,10,1,161.66666666666666,156.89999999999998,-4.76666666666668,70.41148698898496,89.30377620484167,18.892289215856707
S14,S14_E0I111D0,data/outputs_webcam_sg/S14/S14_E0I111D0.arff,saccade,sg,10,8,-2,32.0,33.8875,1.8875000000000028,19.955840136550393,5.6829161276835425,-14.27292400886685
S14,S14_E0I112D0,data/outputs_webcam_sg/S14/S14_E0I112D0.arff,fixation,sg,9,7,-2,191.9111111111111,260.5142857142857,68.60317460317458,266.57691406254804,350.3210500315933,83.74413596904526
S14,S14_E0I112D0,data/outputs_webcam_sg/S14/S14_E0I112D0.arff,saccade,sg,8,6,-2,36.05,45.35,9.300000000000004,22.34598078274608,12.258180941722143,-10.087799841023935
S14,S14_E0I113D0,data/outputs_webcam_sg/S14/S14_E0I113D0.arff,fixation,sg,10,7,-3,147.22999999999996,239.8714285714286,92.64142857142863,106.3904762863878,221.57170934248887,115.18123305610108
S14,S14_E0I113D0,data/outputs_webcam_sg/S14/S14_E0I113D0.arff,saccade,sg,10,4,-6,33.43,39.95,6.520000000000003,25.564865212500795,9.012028998325887,-16.55283621417491
S14,S14_E0I114D0,data/outputs_webcam_sg/S14/S14_E0I114D0.arff,fixation,sg,10,6,-4,131.44,168.11666666666667,36.67666666666668,66.02794357946743,108.8955723005608,42.86762872109337
S14,S14_E0I114D0,data/outputs_webcam_sg/S14/S14_E0I114D0.arff,saccade,sg,8,5,-3,36.3,34.839999999999996,-1.4600000000000009,11.523516328422872,7.381260055031254,-4.1422562733916175
S14,S14_E0I115D0,data/outputs_webcam_sg/S14/S14_E0I115D0.arff,fixation,sg,7,6,-1,144.0,208.08333333333334,64.08333333333334,56.14751404410825,126.31901545953667,70.17150141542842
S14,S14_E0I115D0,data/outputs_webcam_sg/S14/S14_E0I115D0.arff,saccade,sg,7,5,-2,29.74285714285714,41.96,12.21714285714286,19.375573724224452,21.443017511535075,2.067443787310623
S14,S14_E0I116D0,data/outputs_webcam_sg/S14/S14_E0I116D0.arff,fixation,sg,9,7,-2,161.60000000000002,237.94285714285712,76.3428571428571,29.386944380115466,129.13735397039926,99.7504095902838
S14,S14_E0I116D0,data/outputs_webcam_sg/S14/S14_E0I116D0.arff,saccade,sg,10,6,-4,30.45,66.68333333333332,36.23333333333332,14.153621444704532,54.788882692264,40.63526124755947
S14,S14_E0I117D0,data/outputs_webcam_sg/S14/S14_E0I117D0.arff,fixation,sg,10,8,-2,140.89000000000001,224.26250000000002,83.3725,175.7269501243335,200.04080967571164,24.31385955137813
S14,S14_E0I117D0,data/outputs_webcam_sg/S14/S14_E0I117D0.arff,saccade,sg,11,4,-7,42.054545454545455,40.150000000000006,-1.904545454545449,19.199602268607734,9.07028114227999,-10.129321126327744
S14,S14_E0I118D0,data/outputs_webcam_sg/S14/S14_E0I118D0.arff,fixation,sg,8,5,-3,136.25,230.24,93.99000000000001,125.6533098876201,212.80840678882964,87.15509690120955
S14,S14_E0I118D0,data/outputs_webcam_sg/S14/S14_E0I118D0.arff,saccade,sg,8,3,-5,34.0625,32.0,-2.0625,16.01141891633236,0.20000000000000107,-15.811418916332359
S14,S14_E0I119D0,data/outputs_webcam_sg/S14/S14_E0I119D0.arff,fixation,sg,10,10,0,249.41000000000003,270.32,20.909999999999968,218.1649653613318,308.9626291677073,90.79766380637548
S14,S14_E0I119D0,data/outputs_webcam_sg/S14/S14_E0I119D0.arff,saccade,sg,11,10,-1,36.31818181818182,39.940000000000005,3.6218181818181847,23.745265556814402,15.550648432353766,-8.194617124460637
S14,S14_E0I120D0,data/outputs_webcam_sg/S14/S14_E0I120D0.arff,fixation,sg,8,7,-1,163.91250000000002,173.74285714285716,9.830357142857139,162.29206861616584,223.51246689422686,61.220398278061026
S14,S14_E0I120D0,data/outputs_webcam_sg/S14/S14_E0I120D0.arff,saccade,sg,10,5,-5,40.019999999999996,51.42,11.400000000000006,17.251589298767037,28.85648973801214,11.604900439245103
S14,S14_E0I121D0,data/outputs_webcam_sg/S14/S14_E0I121D0.arff,fixation,sg,12,6,-6,112.00000000000001,234.7166666666666,122.7166666666666,51.54658969409043,179.41162076818398,127.86503107409355
S14,S14_E0I121D0,data/outputs_webcam_sg/S14/S14_E0I121D0.arff,saccade,sg,11,4,-7,40.75454545454545,51.875,11.12045454545455,18.11056949056896,8.23706055985184,-9.87350893071712
S14,S14_E0I122D0,data/outputs_webcam_sg/S14/S14_E0I122D0.arff,fixation,sg,11,9,-2,164.36363636363637,190.3,25.936363636363637,79.33094317764377,180.57257543713553,101.24163225949175
S14,S14_E0I122D0,data/outputs_webcam_sg/S14/S14_E0I122D0.arff,saccade,sg,11,7,-4,30.70909090909091,47.95714285714286,17.248051948051952,23.342855632739305,24.137581841246174,0.7947262085068694
S14,S14_E0I123D0,data/outputs_webcam_sg/S14/S14_E0I123D0.arff,fixation,sg,7,6,-1,189.72857142857146,243.0,53.271428571428544,123.2815843815249,217.02951872959588,93.74793434807098
S14,S14_E0I123D0,data/outputs_webcam_sg/S14/S14_E0I123D0.arff,saccade,sg,7,4,-3,36.01428571428571,39.3,3.2857142857142847,11.634063287236689,8.403570669661795,-3.2304926175748943
S14,S14_E0I124D0,data/outputs_webcam_sg/S14/S14_E0I124D0.arff,fixation,sg,8,7,-1,210.15,258.2,48.04999999999998,226.09526437196462,262.2065153017115,36.11125092974686
S14,S14_E0I124D0,data/outputs_webcam_sg/S14/S14_E0I124D0.arff,saccade,sg,8,5,-3,43.9375,45.22,1.2824999999999989,22.219614083057337,21.18836945118713,-1.0312446318702087
S14,S14_E0I125D0,data/outputs_webcam_sg/S14/S14_E0I125D0.arff,fixation,sg,5,3,-2,124.35999999999999,234.63333333333333,110.27333333333334,47.47233931459456,143.26487124669933,95.79253193210477
S14,S14_E0I125D0,data/outputs_webcam_sg/S14/S14_E0I125D0.arff,saccade,sg,4,1,-3,55.99999999999999,32.4,-23.599999999999994,40.31897816165484,0.0,-40.31897816165484
S14,S14_E0I126D0,data/outputs_webcam_sg/S14/S14_E0I126D0.arff,fixation,sg,8,7,-1,142.025,180.52857142857144,38.50357142857143,63.196015923248105,153.46347789496707,90.26746197171897
S14,S14_E0I126D0,data/outputs_webcam_sg/S14/S14_E0I126D0.arff,saccade,sg,8,6,-2,44.2,42.6,-1.6000000000000014,11.441278649821319,8.290958931269651,-3.1503197185516676
S14,S14_E0I127D0,data/outputs_webcam_sg/S14/S14_E0I127D0.arff,fixation,sg,9,8,-1,161.9888888888889,183.95,21.96111111111108,113.19989448365713,186.40787843558851,73.20798395193138
S14,S14_E0I127D0,data/outputs_webcam_sg/S14/S14_E0I127D0.arff,saccade,sg,10,6,-4,28.8,45.66666666666666,16.866666666666656,10.149110524792034,21.292690451576725,11.14357992678469
S14,S14_E0I128D0,data/outputs_webcam_sg/S14/S14_E0I128D0.arff,fixation,sg,7,6,-1,151.0285714285714,218.48333333333335,67.45476190476194,64.60223717193583,174.17253993286852,109.57030276093269
S14,S14_E0I128D0,data/outputs_webcam_sg/S14/S14_E0I128D0.arff,saccade,sg,9,4,-5,45.988888888888894,47.9,1.9111111111111043,20.123086520489622,22.392260567734855,2.269174047245233
S14,S14_E0I129D0,data/outputs_webcam_sg/S14/S14_E0I129D0.arff,fixation,sg,10,9,-1,129.66,160.14444444444442,30.48444444444442,58.23937575978033,116.2638605834925,58.02448482371217
S14,S14_E0I129D0,data/outputs_webcam_sg/S14/S14_E0I129D0.arff,saccade,sg,10,7,-3,42.89,33.84285714285714,-9.047142857142859,25.601017774907135,6.265476077377558,-19.335541697529578
S14,S14_E0I130D0,data/outputs_webcam_sg/S14/S14_E0I130D0.arff,fixation,sg,7,7,0,201.11428571428573,212.5,11.385714285714272,173.7866261499182,216.48931459389246,42.70268844397427
S14,S14_E0I130D0,data/outputs_webcam_sg/S14/S14_E0I130D0.arff,saccade,sg,7,5,-2,38.72857142857142,32.0,-6.728571428571421,15.543992868169822,11.350110131624275,-4.193882736545547
S14,S14_E0I131D0,data/outputs_webcam_sg/S14/S14_E0I131D0.arff,fixation,sg,10,10,0,152.18,166.48000000000002,14.300000000000011,84.23593585215808,93.06080210748716,8.824866255329084
S14,S14_E0I131D0,data/outputs_webcam_sg/S14/S14_E0I131D0.arff,saccade,sg,11,8,-3,37.845454545454544,43.9375,6.092045454545456,20.673962544048667,11.293858950774975,-9.380103593273692
S14,S14_E0I132D0,data/outputs_webcam_sg/S14/S14_E0I132D0.arff,fixation,sg,13,11,-2,153.96153846153848,189.16363636363633,35.20209790209785,65.12154710566924,146.42990318051343,81.3083560748442
S14,S14_E0I132D0,data/outputs_webcam_sg/S14/S14_E0I132D0.arff,saccade,sg,12,9,-3,33.083333333333336,44.13333333333334,11.050000000000004,16.789706442467732,17.29942195566083,0.5097155131930968
S14,S14_E0I133D0,data/outputs_webcam_sg/S14/S14_E0I133D0.arff,fixation,sg,6,6,0,215.96666666666667,229.38333333333335,13.416666666666686,219.83562647275048,259.1959368251491,39.36031035239861
S14,S14_E0I133D0,data/outputs_webcam_sg/S14/S14_E0I133D0.arff,saccade,sg,7,4,-3,27.38571428571429,52.099999999999994,24.714285714285705,15.204541927927169,20.21303209977827,5.008490171851102
S14,S14_E0I134D0,data/outputs_webcam_sg/S14/S14_E0I134D0.arff,fixation,sg,11,12,1,178.96363636363637,182.79999999999998,3.8363636363636147,122.08047569310396,134.88984057707643,12.809364883972464
S14,S14_E0I134D0,data/outputs_webcam_sg/S14/S14_E0I134D0.arff,saccade,sg,13,10,-3,33.26923076923077,43.129999999999995,9.860769230769229,17.997008298389698,13.30280254516151,-4.694205753228188
S14,S14_E0I135D0,data/outputs_webcam_sg/S14/S14_E0I135D0.arff,fixation,sg,10,8,-2,161.49,218.10000000000002,56.610000000000014,120.7520457613682,171.9748403525519,51.2227945911837
S14,S14_E0I135D0,data/outputs_webcam_sg/S14/S14_E0I135D0.arff,saccade,sg,9,8,-1,37.27777777777778,31.9875,-5.290277777777778,17.840458078324232,12.114387844919893,-5.726070233404339
S14,S14_E0I136D0,data/outputs_webcam_sg/S14/S14_E0I136D0.arff,fixation,sg,7,8,1,203.6428571428571,187.83749999999998,-15.805357142857133,202.14409759000182,130.57270484293414,-71.57139274706768
S14,S14_E0I136D0,data/outputs_webcam_sg/S14/S14_E0I136D0.arff,saccade,sg,8,4,-4,39.724999999999994,44.375,4.650000000000006,22.515692940068014,8.186727062752244,-14.32896587731577
S14,S14_E0I137D0,data/outputs_webcam_sg/S14/S14_E0I137D0.arff,fixation,sg,8,6,-2,179.7625,272.1166666666667,92.35416666666669,149.68331272103399,289.7582676416096,140.07495492057564
S14,S14_E0I137D0,data/outputs_webcam_sg/S14/S14_E0I137D0.arff,saccade,sg,9,4,-5,40.81111111111111,47.65,6.838888888888889,16.380815337189755,32.23750403903297,15.856688701843215
S14,S14_E0I138D0,data/outputs_webcam_sg/S14/S14_E0I138D0.arff,fixation,sg,8,7,-1,166.27499999999998,189.94285714285712,23.667857142857144,102.16437385759426,117.52646307878717,15.362089221192917
S14,S14_E0I138D0,data/outputs_webcam_sg/S14/S14_E0I138D0.arff,saccade,sg,7,5,-2,29.671428571428574,50.94,21.268571428571423,11.03218235976217,17.589997157475608,6.557814797713437
S14,S14_E0I139D0,data/outputs_webcam_sg/S14/S14_E0I139D0.arff,fixation,sg,11,10,-1,133.65454545454546,179.12000000000003,45.46545454545458,66.73023847756522,208.1282766842496,141.3980382066844
S14,S14_E0I139D0,data/outputs_webcam_sg/S14/S14_E0I139D0.arff,saccade,sg,14,6,-8,48.957142857142856,40.25,-8.707142857142856,21.344634140537675,16.932188281495097,-4.4124458590425775
S14,S14_E0I140D0,data/outputs_webcam_sg/S14/S14_E0I140D0.arff,fixation,sg,6,5,-1,186.81666666666663,239.92999999999998,53.113333333333344,170.09325285462285,261.4580406107259,91.36478775610306
S14,S14_E0I140D0,data/outputs_webcam_sg/S14/S14_E0I140D0.arff,saccade,sg,7,3,-4,36.550000000000004,32.38333333333333,-4.166666666666671,11.974834723981234,0.5859465277082305,-11.388888196273003
S18,S18_E0I101D0,data/outputs_webcam_sg/S18/S18_E0I101D0.arff,fixation,sg,5,5,0,134.1,117.96,-16.14,73.07270352190345,80.14663436476918,7.073930842865735
S18,S18_E0I101D0,data/outputs_webcam_sg/S18/S18_E0I101D0.arff,saccade,sg,4,4,0,42.775,48.325,5.550000000000004,7.337744885181004,7.5552961556778175,0.21755127049681366
S18,S18_E0I102D0,data/outputs_webcam_sg/S18/S18_E0I102D0.arff,fixation,sg,4,3,-1,143.375,164.6,21.224999999999994,65.25526160139631,55.60674419528624,-9.648517406110074
S18,S18_E0I102D0,data/outputs_webcam_sg/S18/S18_E0I102D0.arff,saccade,sg,3,2,-1,51.46666666666666,36.8,-14.666666666666664,26.487418396916926,10.60660171779821,-15.880816679118716
S18,S18_E0I103D0,data/outputs_webcam_sg/S18/S18_E0I103D0.arff,fixation,sg,6,6,0,137.63333333333333,152.29999999999998,14.666666666666657,74.68380458082373,137.85493825032168,63.17113366949795
S18,S18_E0I103D0,data/outputs_webcam_sg/S18/S18_E0I103D0.arff,saccade,sg,5,5,0,32.32,35.14,2.8200000000000003,15.994123920990482,8.101728210696777,-7.892395710293705
S18,S18_E0I104D0,data/outputs_webcam_sg/S18/S18_E0I104D0.arff,fixation,sg,7,9,2,110.54285714285713,88.52222222222223,-22.020634920634905,27.15123429624377,56.49632239751933,29.345088101275557
S18,S18_E0I104D0,data/outputs_webcam_sg/S18/S18_E0I104D0.arff,saccade,sg,6,6,0,38.266666666666666,30.75,-7.516666666666666,17.91822163794908,15.04536473469487,-2.8728569032542115
S18,S18_E0I105D0,data/outputs_webcam_sg/S18/S18_E0I105D0.arff,fixation,sg,5,5,0,112.47,130.26999999999998,17.799999999999983,38.83358082896812,31.521294389666163,-7.312286439301953
S18,S18_E0I105D0,data/outputs_webcam_sg/S18/S18_E0I105D0.arff,saccade,sg,4,4,0,55.0,40.25,-14.75,41.55714940496601,28.092110398947725,-13.465039006018287
S18,S18_E0I106D0,data/outputs_webcam_sg/S18/S18_E0I106D0.arff,fixation,sg,5,5,0,154.74,179.56,24.819999999999993,45.89213440231343,61.25073877105483,15.358604368741396
S18,S18_E0I106D0,data/outputs_webcam_sg/S18/S18_E0I106D0.arff,saccade,sg,5,4,-1,50.18,31.4,-18.78,36.57413020155093,12.550962778475071,-24.023167423075858
S18,S18_E0I107D0,data/outputs_webcam_sg/S18/S18_E0I107D0.arff,fixation,sg,7,6,-1,153.74285714285716,175.5666666666667,21.82380952380953,88.66607500697693,66.67778240663579,-21.98829260034114
S18,S18_E0I107D0,data/outputs_webcam_sg/S18/S18_E0I107D0.arff,saccade,sg,7,4,-3,44.3142857142857,36.900000000000006,-7.414285714285697,12.837241210819474,8.603487664894974,-4.2337535459245
S18,S18_E0I108D0,data/outputs_webcam_sg/S18/S18_E0I108D0.arff,fixation,sg,11,10,-1,169.26363636363638,195.96999999999997,26.70636363636359,101.4942094183434,122.55913810619481,21.064928687851406
S18,S18_E0I108D0,data/outputs_webcam_sg/S18/S18_E0I108D0.arff,saccade,sg,9,10,1,33.62222222222223,38.41,4.7877777777777695,16.932570520876162,12.047908993311292,-4.8846615275648695
S18,S18_E0I109D0,data/outputs_webcam_sg/S18/S18_E0I109D0.arff,fixation,sg,4,3,-1,126.99999999999999,164.4333333333333,37.43333333333332,81.85609323685074,40.535211031069444,-41.320882205781295
S18,S18_E0I109D0,data/outputs_webcam_sg/S18/S18_E0I109D0.arff,saccade,sg,3,2,-1,56.36666666666667,29.25,-27.116666666666667,46.96768392558157,0.21213203435596223,-46.75555189122561
S18,S18_E0I111D0,data/outputs_webcam_sg/S18/S18_E0I111D0.arff,fixation,sg,6,6,0,278.7166666666667,294.79999999999995,16.083333333333258,222.34343180464467,226.953554719903,4.61012291525833
S18,S18_E0I111D0,data/outputs_webcam_sg/S18/S18_E0I111D0.arff,saccade,sg,6,5,-1,40.650000000000006,38.38,-2.270000000000003,16.09481282898313,13.322800006004742,-2.772012822978388
S18,S18_E0I112D0,data/outputs_webcam_sg/S18/S18_E0I112D0.arff,fixation,sg,5,3,-2,129.31,161.61666666666665,32.30666666666664,54.486126674594885,24.805711707857395,-29.68041496673749
S18,S18_E0I112D0,data/outputs_webcam_sg/S18/S18_E0I112D0.arff,saccade,sg,6,3,-3,72.48333333333333,24.55,-47.93333333333334,43.16205123330756,8.487048957087499,-34.675002276220056
S18,S18_E0I113D0,data/outputs_webcam_sg/S18/S18_E0I113D0.arff,fixation,sg,4,4,0,165.775,169.3,3.5250000000000057,50.01102378476169,36.55233690659646,-13.458686878165231
S18,S18_E0I113D0,data/outputs_webcam_sg/S18/S18_E0I113D0.arff,saccade,sg,4,4,0,51.675,42.50000000000001,-9.17499999999999,9.880747272684726,12.708265027138836,2.82751775445411
S18,S18_E0I114D0,data/outputs_webcam_sg/S18/S18_E0I114D0.arff,fixation,sg,3,4,1,151.79999999999998,132.175,-19.62499999999997,50.3405403228849,87.60355301013767,37.263012687252775
S18,S18_E0I114D0,data/outputs_webcam_sg/S18/S18_E0I114D0.arff,saccade,sg,3,3,0,58.866666666666674,49.23333333333333,-9.633333333333347,44.79066122902556,15.26084313966084,-29.529818089364717
S18,S18_E0I115D0,data/outputs_webcam_sg/S18/S18_E0I115D0.arff,fixation,sg,6,5,-1,125.21666666666665,154.66,29.443333333333342,66.9640326344424,73.95149085718286,6.987458222740457
S18,S18_E0I115D0,data/outputs_webcam_sg/S18/S18_E0I115D0.arff,saccade,sg,5,4,-1,32.46,49.725,17.265,21.076717011906766,12.321086261635646,-8.75563075027112
S18,S18_E0I116D0,data/outputs_webcam_sg/S18/S18_E0I116D0.arff,fixation,sg,6,5,-1,137.63333333333333,168.21,30.576666666666682,69.55873537282478,92.37054725398134,22.811811881156558
S18,S18_E0I116D0,data/outputs_webcam_sg/S18/S18_E0I116D0.arff,saccade,sg,5,4,-1,32.43,42.275000000000006,9.845000000000006,16.349678895929426,9.21678722042918,-7.132891675500245
S18,S18_E0I117D0,data/outputs_webcam_sg/S18/S18_E0I117D0.arff,fixation,sg,5,5,0,164.88,170.96,6.0800000000000125,64.50284489850041,55.16478043099601,-9.338064467504402
S18,S18_E0I117D0,data/outputs_webcam_sg/S18/S18_E0I117D0.arff,saccade,sg,4,4,0,45.95,44.175,-1.7750000000000057,24.500408159865422,18.22148457179052,-6.278923588074903
S18,S18_E0I118D0,data/outputs_webcam_sg/S18/S18_E0I118D0.arff,fixation,sg,3,3,0,189.0666666666667,201.46666666666667,12.399999999999977,29.93665534647004,22.444672716110905,-7.491982630359136
S18,S18_E0I118D0,data/outputs_webcam_sg/S18/S18_E0I118D0.arff,saccade,sg,2,2,0,29.5,40.400000000000006,10.900000000000006,20.7889393668845,5.374011537017762,-15.414927829866738
S18,S18_E0I119D0,data/outputs_webcam_sg/S18/S18_E0I119D0.arff,fixation,sg,5,4,-1,95.78,104.975,9.194999999999993,48.54649317921944,31.66053010716445,-16.885963072054988
S18,S18_E0I119D0,data/outputs_webcam_sg/S18/S18_E0I119D0.arff,saccade,sg,4,4,0,33.275,35.025,1.75,12.827412053878989,15.20315208545035,2.375740031571361
S18,S18_E0I120D0,data/outputs_webcam_sg/S18/S18_E0I120D0.arff,fixation,sg,4,4,0,168.05,193.77499999999998,25.724999999999966,62.43185618469683,66.06826646229892,3.6364102776020957
S18,S18_E0I120D0,data/outputs_webcam_sg/S18/S18_E0I120D0.arff,saccade,sg,3,3,0,51.5,41.76666666666667,-9.733333333333327,26.348434488599132,11.118603029757528,-15.229831458841604
S18,S18_E0I121D0,data/outputs_webcam_sg/S18/S18_E0I121D0.arff,fixation,sg,5,5,0,138.84,135.83999999999997,-3.0000000000000284,61.00945008767085,33.85030280514489,-27.159147282525957
S18,S18_E0I121D0,data/outputs_webcam_sg/S18/S18_E0I121D0.arff,saccade,sg,4,3,-1,53.6,39.300000000000004,-14.299999999999997,49.671923659145726,8.4870489570875,-41.184874702058224
S18,S18_E0I122D0,data/outputs_webcam_sg/S18/S18_E0I122D0.arff,fixation,sg,3,4,1,191.29999999999998,169.27499999999998,-22.025000000000006,33.3558090892726,40.7977429931281,7.4419339038554995
S18,S18_E0I122D0,data/outputs_webcam_sg/S18/S18_E0I122D0.arff,saccade,sg,3,4,1,120.33333333333333,55.325,-65.00833333333333,144.96214448376975,12.846108360122143,-132.1160361236476
S18,S18_E0I123D0,data/outputs_webcam_sg/S18/S18_E0I123D0.arff,fixation,sg,5,5,0,126.8,138.66,11.86,23.892572067485748,20.411834802388544,-3.480737265097204
S18,S18_E0I123D0,data/outputs_webcam_sg/S18/S18_E0I123D0.arff,saccade,sg,4,4,0,57.275,36.849999999999994,-20.425000000000004,38.5742897968755,8.48744170328531,-30.086848093590188
S18,S18_E0I124D0,data/outputs_webcam_sg/S18/S18_E0I124D0.arff,fixation,sg,10,12,2,227.20999999999998,175.18333333333337,-52.026666666666614,122.05476412022779,90.48483382045387,-31.569930299773915
S18,S18_E0I124D0,data/outputs_webcam_sg/S18/S18_E0I124D0.arff,saccade,sg,9,11,2,32.75555555555556,35.57272727272728,2.8171717171717177,26.552312098530663,12.730835864866918,-13.821476233663745
S18,S18_E0I125D0,data/outputs_webcam_sg/S18/S18_E0I125D0.arff,fixation,sg,6,7,1,125.06666666666668,109.27142857142856,-15.795238095238119,70.08793524328325,66.44987369653695,-3.6380615467463002
S18,S18_E0I125D0,data/outputs_webcam_sg/S18/S18_E0I125D0.arff,saccade,sg,7,5,-2,46.45714285714286,47.339999999999996,0.8828571428571337,13.942842505847118,15.363040063737385,1.4201975578902672
S18,S18_E0I126D0,data/outputs_webcam_sg/S18/S18_E0I126D0.arff,fixation,sg,5,4,-1,135.5,197.15,61.650000000000006,75.1661492960761,25.412005036989903,-49.754144259086196
S18,S18_E0I126D0,data/outputs_webcam_sg/S18/S18_E0I126D0.arff,saccade,sg,5,4,-1,45.839999999999996,42.575,-3.2649999999999935,19.776829877409575,17.658685304027212,-2.118144573382363
S18,S18_E0I128D0,data/outputs_webcam_sg/S18/S18_E0I128D0.arff,fixation,sg,4,5,1,410.12499999999994,328.28,-81.84499999999997,295.9822334195078,273.29155127811765,-22.69068214139014
S18,S18_E0I128D0,data/outputs_webcam_sg/S18/S18_E0I128D0.arff,saccade,sg,3,4,1,44.1,38.724999999999994,-5.375000000000007,0.3464101615137763,14.189050943127473,13.842640781613696
S18,S18_E0I129D0,data/outputs_webcam_sg/S18/S18_E0I129D0.arff,fixation,sg,10,10,0,193.96999999999997,393.71000000000004,199.74000000000007,63.913258057742254,705.7895097768959,641.8762517191536
S18,S18_E0I129D0,data/outputs_webcam_sg/S18/S18_E0I129D0.arff,saccade,sg,10,6,-4,48.67999999999999,34.483333333333334,-14.196666666666658,38.133706291882454,12.902002428563819,-25.231703863318636
S18,S18_E0I130D0,data/outputs_webcam_sg/S18/S18_E0I130D0.arff,fixation,sg,5,7,2,278.4,190.41428571428568,-87.9857142857143,181.2559378337714,191.32413533557326,10.068197501801848
S18,S18_E0I130D0,data/outputs_webcam_sg/S18/S18_E0I130D0.arff,saccade,sg,5,5,0,67.9,44.42,-23.480000000000004,61.056244561879176,18.028366537210182,-43.02787802466899
S18,S18_E0I131D0,data/outputs_webcam_sg/S18/S18_E0I131D0.arff,fixation,sg,3,3,0,157.13333333333333,149.7,-7.433333333333337,62.520823197822125,71.50041957918847,8.979596381366349
S18,S18_E0I131D0,data/outputs_webcam_sg/S18/S18_E0I131D0.arff,saccade,sg,3,2,-1,83.16666666666667,43.95,-39.21666666666667,94.41982489569304,0.21213203435596725,-94.20769286133708
S18,S18_E0I132D0,data/outputs_webcam_sg/S18/S18_E0I132D0.arff,fixation,sg,7,7,0,186.4,192.6142857142857,6.214285714285694,142.1510698752094,186.2034857225774,44.052415847367996
S18,S18_E0I132D0,data/outputs_webcam_sg/S18/S18_E0I132D0.arff,saccade,sg,6,6,0,36.7,44.06666666666666,7.36666666666666,22.011451565037685,15.757749416292503,-6.253702148745182
S18,S18_E0I133D0,data/outputs_webcam_sg/S18/S18_E0I133D0.arff,fixation,sg,8,8,0,149.33749999999998,162.2625,12.925000000000011,76.20982196728788,97.76806281778757,21.558240850499686
S18,S18_E0I133D0,data/outputs_webcam_sg/S18/S18_E0I133D0.arff,saccade,sg,8,7,-1,36.775,36.728571428571435,-0.046428571428563714,11.673627175328646,13.339629465832784,1.6660022905041387
S18,S18_E0I134D0,data/outputs_webcam_sg/S18/S18_E0I134D0.arff,fixation,sg,8,9,1,184.0,126.72222222222223,-57.27777777777777,55.018308640981374,69.43204911598421,14.41374047500284
S18,S18_E0I134D0,data/outputs_webcam_sg/S18/S18_E0I134D0.arff,saccade,sg,8,7,-1,29.4625,355.7714285714286,326.3089285714286,7.858923499527692,837.520120582755,829.6611970832273
S18,S18_E0I135D0,data/outputs_webcam_sg/S18/S18_E0I135D0.arff,fixation,sg,4,4,0,207.65,218.72500000000002,11.075000000000017,238.96109167254266,216.4505697998198,-22.510521872722876
S18,S18_E0I135D0,data/outputs_webcam_sg/S18/S18_E0I135D0.arff,saccade,sg,4,3,-1,71.775,27.066666666666666,-44.70833333333334,63.809109851180345,11.282434725418682,-52.52667512576166
S18,S18_E0I136D0,data/outputs_webcam_sg/S18/S18_E0I136D0.arff,fixation,sg,8,8,0,121.31250000000001,536.95,415.63750000000005,39.00679199099269,1126.9025892748166,1087.8957972838239
S18,S18_E0I136D0,data/outputs_webcam_sg/S18/S18_E0I136D0.arff,saccade,sg,7,6,-1,47.51428571428572,41.86666666666667,-5.647619047619052,16.450879264386707,8.92337753693447,-7.527501727452236
S18,S18_E0I137D0,data/outputs_webcam_sg/S18/S18_E0I137D0.arff,fixation,sg,6,6,0,207.66666666666666,592.1,384.4333333333334,101.58268881392473,913.2250719291495,811.6423831152248
S18,S18_E0I137D0,data/outputs_webcam_sg/S18/S18_E0I137D0.arff,saccade,sg,5,5,0,31.139999999999997,39.980000000000004,8.840000000000007,3.2784142508231016,6.496691465661579,3.2182772148384773
S18,S18_E0I138D0,data/outputs_webcam_sg/S18/S18_E0I138D0.arff,fixation,sg,7,7,0,213.9,216.91428571428568,3.014285714285677,135.87345828625493,142.2084670307577,6.3350087445027725
S18,S18_E0I138D0,data/outputs_webcam_sg/S18/S18_E0I138D0.arff,saccade,sg,7,4,-3,60.042857142857144,48.175,-11.867857142857147,36.9041938512349,15.497392253752459,-21.406801597482442
S18,S18_E0I139D0,data/outputs_webcam_sg/S18/S18_E0I139D0.arff,fixation,sg,5,5,0,154.94,157.83999999999997,2.8999999999999773,53.52735749128664,89.66271800475378,36.13536051346715
S18,S18_E0I139D0,data/outputs_webcam_sg/S18/S18_E0I139D0.arff,saccade,sg,5,4,-1,41.36,40.625,-0.7349999999999994,24.87132887483095,12.96183500383594,-11.90949387099501
S18,S18_E0I140D0,data/outputs_webcam_sg/S18/S18_E0I140D0.arff,fixation,sg,4,4,0,132.625,121.55,-11.075000000000003,62.968583436504275,76.23737053877625,13.268787102271972
S18,S18_E0I140D0,data/outputs_webcam_sg/S18/S18_E0I140D0.arff,saccade,sg,3,3,0,44.06666666666666,34.300000000000004,-9.766666666666659,14.800112612184183,8.401785524517987,-6.398327087666196
S19,S19_E0I101D0,data/outputs_webcam_sg/S19/S19_E0I101D0.arff,fixation,sg,7,7,0,274.0857142857143,298.3142857142857,24.2285714285714,152.71829653069761,147.63746620885712,-5.080830321840494
S19,S19_E0I101D0,data/outputs_webcam_sg/S19/S19_E0I101D0.arff,saccade,sg,6,6,0,38.13333333333333,40.550000000000004,2.4166666666666714,16.35783196718522,13.839183501926694,-2.5186484652585257
S19,S19_E0I102D0,data/outputs_webcam_sg/S19/S19_E0I102D0.arff,fixation,sg,7,8,1,162.22857142857143,162.275,0.046428571428577925,81.46338061333068,74.89266128457257,-6.570719328758116
S19,S19_E0I102D0,data/outputs_webcam_sg/S19/S19_E0I102D0.arff,saccade,sg,7,7,0,42.05714285714286,38.885714285714286,-3.171428571428571,15.724382037974989,10.968504694720025,-4.755877343254964
S19,S19_E0I103D0,data/outputs_webcam_sg/S19/S19_E0I103D0.arff,fixation,sg,11,12,1,160.99999999999997,158.54999999999998,-2.4499999999999886,50.3670328687327,73.3487125746842,22.9816797059515
S19,S19_E0I103D0,data/outputs_webcam_sg/S19/S19_E0I103D0.arff,saccade,sg,11,10,-1,37.50000000000001,35.410000000000004,-2.0900000000000034,12.040764095355412,11.94286862990258,-0.09789546545283123
S19,S19_E0I104D0,data/outputs_webcam_sg/S19/S19_E0I104D0.arff,fixation,sg,7,7,0,195.35714285714286,210.08571428571432,14.728571428571456,85.5513268383929,154.58542868558072,69.03410184718783
S19,S19_E0I104D0,data/outputs_webcam_sg/S19/S19_E0I104D0.arff,saccade,sg,8,6,-2,36.0125,34.46666666666667,-1.5458333333333343,10.781921045369021,7.581468635209583,-3.2004524101594383
S19,S19_E0I105D0,data/outputs_webcam_sg/S19/S19_E0I105D0.arff,fixation,sg,6,5,-1,221.23333333333335,270.08000000000004,48.84666666666669,105.60440647371996,174.72703568709682,69.12262921337685
S19,S19_E0I105D0,data/outputs_webcam_sg/S19/S19_E0I105D0.arff,saccade,sg,5,5,0,50.04,36.6,-13.439999999999998,45.23387005331292,7.405065833603371,-37.828804219709546
S19,S19_E0I106D0,data/outputs_webcam_sg/S19/S19_E0I106D0.arff,fixation,sg,8,8,0,162.16250000000002,175.9375,13.774999999999977,73.16910818683759,70.12609943115737,-3.0430087556802192
S19,S19_E0I106D0,data/outputs_webcam_sg/S19/S19_E0I106D0.arff,saccade,sg,7,7,0,41.107142857142854,37.86428571428571,-3.2428571428571473,18.492147625668682,15.518744426384131,-2.973403199284551
S19,S19_E0I107D0,data/outputs_webcam_sg/S19/S19_E0I107D0.arff,fixation,sg,6,6,0,181.79999999999998,185.43333333333337,3.6333333333333826,87.52946932319423,91.39001404238138,3.8605447191871463
S19,S19_E0I107D0,data/outputs_webcam_sg/S19/S19_E0I107D0.arff,saccade,sg,5,5,0,39.88,50.040000000000006,10.160000000000004,21.957162840403583,5.959278479816159,-15.997884360587424
S19,S19_E0I108D0,data/outputs_webcam_sg/S19/S19_E0I108D0.arff,fixation,sg,7,6,-1,228.6,296.25,67.65,96.29491159973097,134.49224141191195,38.19732981218098
S19,S19_E0I108D0,data/outputs_webcam_sg/S19/S19_E0I108D0.arff,saccade,sg,6,5,-1,41.7,39.78,-1.9200000000000017,22.966932751240424,17.68366477854633,-5.2832679726940945
S19,S19_E0I109D0,data/outputs_webcam_sg/S19/S19_E0I109D0.arff,fixation,sg,6,6,0,180.38333333333333,191.51666666666665,11.133333333333326,65.52231426519263,85.26906629409442,19.74675202890178
S19,S19_E0I109D0,data/outputs_webcam_sg/S19/S19_E0I109D0.arff,saccade,sg,6,5,-1,46.46666666666667,42.68,-3.786666666666669,33.18582026508711,13.176380383094592,-20.009439881992517
S19,S19_E0I110D0,data/outputs_webcam_sg/S19/S19_E0I110D0.arff,fixation,sg,10,10,0,173.07,173.07,0.0,34.02074693804094,24.60817614804749,-9.412570789993453
S19,S19_E0I110D0,data/outputs_webcam_sg/S19/S19_E0I110D0.arff,saccade,sg,6,8,2,36.916666666666664,38.775000000000006,1.8583333333333414,6.667358297456846,9.413174658044817,2.7458163605879706
S19,S19_E0I111D0,data/outputs_webcam_sg/S19/S19_E0I111D0.arff,fixation,sg,7,8,1,184.45714285714283,175.175,-9.282142857142816,45.649456263386725,81.66140459237766,36.01194832899094
S19,S19_E0I111D0,data/outputs_webcam_sg/S19/S19_E0I111D0.arff,saccade,sg,7,7,0,42.114285714285714,39.0,-3.114285714285714,17.905067119992278,16.146310208011407,-1.7587569119808713
S19,S19_E0I112D0,data/outputs_webcam_sg/S19/S19_E0I112D0.arff,fixation,sg,6,6,0,181.6833333333333,191.48333333333332,9.800000000000011,121.7554831071959,125.5493913432744,3.7939082360784937
S19,S19_E0I112D0,data/outputs_webcam_sg/S19/S19_E0I112D0.arff,saccade,sg,5,5,0,53.24000000000001,42.72,-10.52000000000001,24.20915116231877,18.487752702803007,-5.721398459515761
S19,S19_E0I113D0,data/outputs_webcam_sg/S19/S19_E0I113D0.arff,fixation,sg,7,7,0,153.70000000000002,159.05714285714288,5.357142857142861,43.00976633277609,52.859337148790694,9.849570816014605
S19,S19_E0I113D0,data/outputs_webcam_sg/S19/S19_E0I113D0.arff,saccade,sg,7,6,-1,36.857142857142854,40.583333333333336,3.7261904761904816,21.42590777095626,19.729816691157236,-1.6960910797990252
S19,S19_E0I114D0,data/outputs_webcam_sg/S19/S19_E0I114D0.arff,fixation,sg,6,6,0,200.13333333333333,217.3166666666667,17.183333333333366,54.23764989992346,43.88186033734973,-10.355789562573733
S19,S19_E0I114D0,data/outputs_webcam_sg/S19/S19_E0I114D0.arff,saccade,sg,6,5,-1,46.75,39.760000000000005,-6.989999999999995,28.341824217929233,19.268705197807144,-9.073119020122089
S19,S19_E0I115D0,data/outputs_webcam_sg/S19/S19_E0I115D0.arff,fixation,sg,7,7,0,151.29999999999998,179.65714285714287,28.35714285714289,59.25867025170241,60.69590478065928,1.4372345289568713
S19,S19_E0I115D0,data/outputs_webcam_sg/S19/S19_E0I115D0.arff,saccade,sg,6,6,0,46.88333333333333,33.21666666666666,-13.666666666666671,14.6499715585617,6.110128203783178,-8.539843354778522
S19,S19_E0I116D0,data/outputs_webcam_sg/S19/S19_E0I116D0.arff,fixation,sg,6,9,3,180.25,104.76666666666668,-75.48333333333332,49.37913526986878,118.01812360819842,68.63898833832964
S19,S19_E0I116D0,data/outputs_webcam_sg/S19/S19_E0I116D0.arff,saccade,sg,6,3,-3,45.633333333333326,44.29999999999999,-1.3333333333333357,35.233374329840544,7.5,-27.733374329840544
S19,S19_E0I117D0,data/outputs_webcam_sg/S19/S19_E0I117D0.arff,fixation,sg,9,9,0,159.10000000000002,177.14444444444447,18.04444444444445,41.491866672879404,42.78288533722075,1.291018664341344
S19,S19_E0I117D0,data/outputs_webcam_sg/S19/S19_E0I117D0.arff,saccade,sg,8,8,0,42.4,40.512499999999996,-1.8875000000000028,20.313401628340973,20.458699686371634,0.14529805803066154
S19,S19_E0I118D0,data/outputs_webcam_sg/S19/S19_E0I118D0.arff,fixation,sg,7,7,0,169.65714285714287,182.1428571428571,12.485714285714238,64.2652538868622,76.15433577376182,11.889081886899618
S19,S19_E0I118D0,data/outputs_webcam_sg/S19/S19_E0I118D0.arff,saccade,sg,6,6,0,33.15,33.233333333333334,0.0833333333333357,11.125421340335835,6.195051788860741,-4.930369551475095
S19,S19_E0I119D0,data/outputs_webcam_sg/S19/S19_E0I119D0.arff,fixation,sg,10,9,-1,156.85,173.24444444444447,16.394444444444474,59.63984965328691,50.06258860444371,-9.577261048843198
S19,S19_E0I119D0,data/outputs_webcam_sg/S19/S19_E0I119D0.arff,saccade,sg,9,8,-1,32.8,45.1125,12.3125,12.817761114952955,12.710337468825466,-0.10742364612748823
S19,S19_E0I120D0,data/outputs_webcam_sg/S19/S19_E0I120D0.arff,fixation,sg,7,6,-1,164.0142857142857,212.1,48.08571428571429,54.96685148255048,144.4703568210448,89.5035053384943
S19,S19_E0I120D0,data/outputs_webcam_sg/S19/S19_E0I120D0.arff,saccade,sg,6,5,-1,36.96666666666666,38.5,1.5333333333333385,25.907965313136167,13.529042833844528,-12.378922479291639
S19,S19_E0I121D0,data/outputs_webcam_sg/S19/S19_E0I121D0.arff,fixation,sg,9,6,-3,165.6111111111111,291.31666666666666,125.70555555555558,48.65101346437822,242.63732949953652,193.9863160351583
S19,S19_E0I121D0,data/outputs_webcam_sg/S19/S19_E0I121D0.arff,saccade,sg,8,5,-3,32.2875,42.879999999999995,10.592499999999994,18.438735430764073,9.68101234375827,-8.757723087005802
S19,S19_E0I122D0,data/outputs_webcam_sg/S19/S19_E0I122D0.arff,fixation,sg,6,6,0,203.88333333333333,212.54999999999995,8.666666666666629,44.7830957691255,44.37714501857911,-0.4059507505463955
S19,S19_E0I122D0,data/outputs_webcam_sg/S19/S19_E0I122D0.arff,saccade,sg,5,5,0,32.300000000000004,42.76,10.459999999999994,12.161619957883898,9.642769311769312,-2.5188506461145863
S19,S19_E0I123D0,data/outputs_webcam_sg/S19/S19_E0I123D0.arff,fixation,sg,11,7,-4,124.19090909090909,240.42857142857142,116.23766233766233,46.781202518649614,134.35775271373706,87.57655019508744
S19,S19_E0I123D0,data/outputs_webcam_sg/S19/S19_E0I123D0.arff,saccade,sg,10,6,-4,39.059999999999995,38.06666666666666,-0.9933333333333323,19.03681812815483,9.876976595429731,-9.1598415327251
S19,S19_E0I124D0,data/outputs_webcam_sg/S19/S19_E0I124D0.arff,fixation,sg,9,9,0,191.16666666666663,204.2888888888889,13.122222222222263,46.927710363920376,33.46320533229162,-13.464505031628754
S19,S19_E0I124D0,data/outputs_webcam_sg/S19/S19_E0I124D0.arff,saccade,sg,8,8,0,34.05,32.1875,-1.8624999999999972,10.407552202950647,5.50154199163419,-4.906010211316457
S19,S19_E0I125D0,data/outputs_webcam_sg/S19/S19_E0I125D0.arff,fixation,sg,9,6,-3,183.61111111111111,245.73333333333335,62.122222222222234,112.07988718370085,126.83685058636021,14.756963402659366
S19,S19_E0I125D0,data/outputs_webcam_sg/S19/S19_E0I125D0.arff,saccade,sg,7,6,-1,37.98571428571429,28.26666666666667,-9.719047619047618,17.287030646453676,11.806043650040714,-5.4809869964129625
S19,S19_E0I126D0,data/outputs_webcam_sg/S19/S19_E0I126D0.arff,fixation,sg,7,7,0,214.78571428571428,224.34285714285716,9.557142857142878,100.67203233886806,104.40394081232209,3.731908473454027
S19,S19_E0I126D0,data/outputs_webcam_sg/S19/S19_E0I126D0.arff,saccade,sg,6,6,0,47.93333333333334,46.68333333333334,-1.25,34.15052952249301,10.063680572567208,-24.086848949925802
S19,S19_E0I127D0,data/outputs_webcam_sg/S19/S19_E0I127D0.arff,fixation,sg,7,7,0,157.93571428571428,174.99285714285716,17.05714285714288,49.77410399566655,46.89580141629089,-2.8783025793756636
S19,S19_E0I127D0,data/outputs_webcam_sg/S19/S19_E0I127D0.arff,saccade,sg,6,6,0,33.333333333333336,41.900000000000006,8.56666666666667,15.924373352401238,9.815243247113134,-6.109130105288104
S19,S19_E0I128D0,data/outputs_webcam_sg/S19/S19_E0I128D0.arff,fixation,sg,12,12,0,208.10833333333332,230.6833333333333,22.57499999999999,82.53071558608659,90.3838866706725,7.8531710845859095
S19,S19_E0I128D0,data/outputs_webcam_sg/S19/S19_E0I128D0.arff,saccade,sg,11,11,0,42.98181818181818,36.154545454545456,-6.827272727272721,11.310952053812107,6.853227507731467,-4.45772454608064
S19,S19_E0I129D0,data/outputs_webcam_sg/S19/S19_E0I129D0.arff,fixation,sg,6,6,0,168.35,190.33333333333334,21.98333333333335,52.908931193136006,62.29788653450987,9.388955341373865
S19,S19_E0I129D0,data/outputs_webcam_sg/S19/S19_E0I129D0.arff,saccade,sg,6,5,-1,36.833333333333336,38.3,1.4666666666666615,11.336430949230301,6.068772528279505,-5.267658420950797
S19,S19_E0I130D0,data/outputs_webcam_sg/S19/S19_E0I130D0.arff,fixation,sg,10,10,0,168.08999999999997,179.06,10.970000000000027,41.29773870591733,49.22041581837087,7.922677112453535
S19,S19_E0I130D0,data/outputs_webcam_sg/S19/S19_E0I130D0.arff,saccade,sg,9,9,0,37.73333333333333,39.31111111111111,1.5777777777777828,10.00312451187128,8.217123043444774,-1.7860014684265053
S19,S19_E0I131D0,data/outputs_webcam_sg/S19/S19_E0I131D0.arff,fixation,sg,7,7,0,160.20000000000002,176.07142857142858,15.871428571428567,40.515881659747535,49.91531876707838,9.399437107330847
S19,S19_E0I131D0,data/outputs_webcam_sg/S19/S19_E0I131D0.arff,saccade,sg,6,6,0,46.76666666666667,41.88333333333333,-4.88333333333334,31.883893530537748,17.259364607848884,-14.624528922688864
S19,S19_E0I132D0,data/outputs_webcam_sg/S19/S19_E0I132D0.arff,fixation,sg,7,7,0,187.38571428571427,195.79999999999998,8.414285714285711,57.1216663088951,151.89674124220045,94.77507493330535
S19,S19_E0I132D0,data/outputs_webcam_sg/S19/S19_E0I132D0.arff,saccade,sg,7,6,-1,29.542857142857144,36.93333333333333,7.3904761904761855,17.07560219951819,18.1262976546968,1.0506954551786087
S19,S19_E0I134D0,data/outputs_webcam_sg/S19/S19_E0I134D0.arff,fixation,sg,5,5,0,182.73999999999998,197.42000000000002,14.680000000000035,34.169913666850256,24.861456111820964,-9.308457555029293
S19,S19_E0I134D0,data/outputs_webcam_sg/S19/S19_E0I134D0.arff,saccade,sg,4,4,0,49.625,46.075,-3.549999999999997,42.21108661635393,29.754145369455102,-12.456941246898829
S19,S19_E0I135D0,data/outputs_webcam_sg/S19/S19_E0I135D0.arff,fixation,sg,7,8,1,172.0,165.25,-6.75,69.08002605674088,104.58130125136411,35.50127519462323
S19,S19_E0I135D0,data/outputs_webcam_sg/S19/S19_E0I135D0.arff,saccade,sg,6,7,1,36.9,42.17142857142857,5.271428571428572,24.209419654341158,17.926490108748215,-6.282929545592943
S19,S19_E0I136D0,data/outputs_webcam_sg/S19/S19_E0I136D0.arff,fixation,sg,7,7,0,182.05714285714285,198.81428571428575,16.757142857142895,96.86825859800271,97.2592314139799,0.390972815977193
S19,S19_E0I136D0,data/outputs_webcam_sg/S19/S19_E0I136D0.arff,saccade,sg,6,6,0,39.38333333333333,41.76666666666667,2.38333333333334,18.43468650849986,14.487327795927955,-3.947358712571903
S19,S19_E0I137D0,data/outputs_webcam_sg/S19/S19_E0I137D0.arff,fixation,sg,8,9,1,170.225,151.3222222222222,-18.9027777777778,50.89967022065495,78.14175864699006,27.24208842633511
S19,S19_E0I137D0,data/outputs_webcam_sg/S19/S19_E0I137D0.arff,saccade,sg,7,8,1,34.871428571428574,36.900000000000006,2.028571428571432,15.250323962210802,10.488633303315957,-4.761690658894844
S19,S19_E0I138D0,data/outputs_webcam_sg/S19/S19_E0I138D0.arff,fixation,sg,6,6,0,169.43333333333334,179.26666666666665,9.833333333333314,28.41609872355223,34.68565505604106,6.2695563324888255
S19,S19_E0I138D0,data/outputs_webcam_sg/S19/S19_E0I138D0.arff,saccade,sg,5,5,0,45.9,48.72,2.8200000000000003,25.83882737277371,14.363739067526952,-11.475088305246759
S19,S19_E0I139D0,data/outputs_webcam_sg/S19/S19_E0I139D0.arff,fixation,sg,7,6,-1,182.09999999999997,236.9333333333333,54.83333333333334,124.94436095051802,204.3013427921282,79.35698184161018
S19,S19_E0I139D0,data/outputs_webcam_sg/S19/S19_E0I139D0.arff,saccade,sg,6,5,-1,34.43333333333334,38.220000000000006,3.786666666666669,17.16539153840269,9.646346458633964,-7.519045079768727
S19,S19_E0I140D0,data/outputs_webcam_sg/S19/S19_E0I140D0.arff,fixation,sg,9,8,-1,145.63333333333333,185.9125,40.27916666666667,58.981098667284925,47.08310092652291,-11.897997740762015
S19,S19_E0I140D0,data/outputs_webcam_sg/S19/S19_E0I140D0.arff,saccade,sg,6,7,1,40.483333333333334,46.199999999999996,5.7166666666666615,12.978045564208298,16.800793632048062,3.8227480678397647
S20,S20_E0I101D0,data/outputs_webcam_sg/S20/S20_E0I101D0.arff,fixation,sg,11,10,-1,182.36363636363635,203.48,21.116363636363644,100.34344296193223,88.18974241183986,-12.153700550092367
S20,S20_E0I101D0,data/outputs_webcam_sg/S20/S20_E0I101D0.arff,saccade,sg,9,10,1,24.48888888888889,32.379999999999995,7.891111111111105,10.337848475921435,8.58626810669222,-1.751580369229215
S20,S20_E0I103D0,data/outputs_webcam_sg/S20/S20_E0I103D0.arff,fixation,sg,10,5,-5,151.23,243.36000000000004,92.13000000000005,76.21654894662532,120.26675766811044,44.05020872148512
S20,S20_E0I103D0,data/outputs_webcam_sg/S20/S20_E0I103D0.arff,saccade,sg,9,3,-6,26.999999999999996,36.86666666666667,9.86666666666667,10.333198923857026,12.759440949090731,2.426242025233705
S20,S20_E0I104D0,data/outputs_webcam_sg/S20/S20_E0I104D0.arff,fixation,sg,8,7,-1,163.9875,212.54285714285714,48.55535714285713,26.480312767898237,106.84511932610455,80.36480655820631
S20,S20_E0I104D0,data/outputs_webcam_sg/S20/S20_E0I104D0.arff,saccade,sg,7,6,-1,28.52857142857143,30.933333333333334,2.404761904761905,12.52274121824162,9.771727926352977,-2.7510132918886434
S20,S20_E0I105D0,data/outputs_webcam_sg/S20/S20_E0I105D0.arff,fixation,sg,11,6,-5,111.51363636363637,208.9333333333333,97.41969696969694,57.9752062993703,114.3537042105181,56.378497911147804
S20,S20_E0I105D0,data/outputs_webcam_sg/S20/S20_E0I105D0.arff,saccade,sg,9,5,-4,26.272222222222222,38.37,12.097777777777775,12.779356182705154,16.893401078527674,4.11404489582252
S20,S20_E0I106D0,data/outputs_webcam_sg/S20/S20_E0I106D0.arff,fixation,sg,6,6,0,199.25,202.98333333333332,3.73333333333332,72.10965954710923,83.86406659986544,11.754407052756207
S20,S20_E0I106D0,data/outputs_webcam_sg/S20/S20_E0I106D0.arff,saccade,sg,5,5,0,20.66,33.99999999999999,13.339999999999993,8.024213357083669,6.517284710675144,-1.5069286464085252
S20,S20_E0I107D0,data/outputs_webcam_sg/S20/S20_E0I107D0.arff,fixation,sg,10,9,-1,135.78,187.73333333333332,51.95333333333332,61.45415273916718,121.35090646550607,59.89675372633889
S20,S20_E0I107D0,data/outputs_webcam_sg/S20/S20_E0I107D0.arff,saccade,sg,10,8,-2,33.9,26.7875,-7.112499999999997,19.967139671637167,7.824948653414374,-12.142191018222793
S20,S20_E0I108D0,data/outputs_webcam_sg/S20/S20_E0I108D0.arff,fixation,sg,8,8,0,222.54999999999998,229.8375,7.287500000000023,155.7420945024177,156.7858952976502,1.0438007952324995
S20,S20_E0I108D0,data/outputs_webcam_sg/S20/S20_E0I108D0.arff,saccade,sg,7,7,0,32.699999999999996,30.642857142857146,-2.05714285714285,13.250031446503565,2.805861212329852,-10.444170234173713
S20,S20_E0I109D0,data/outputs_webcam_sg/S20/S20_E0I109D0.arff,fixation,sg,10,9,-1,192.28000000000003,231.6222222222222,39.342222222222176,100.58798028481225,105.78194290352415,5.1939626187119075
S20,S20_E0I109D0,data/outputs_webcam_sg/S20/S20_E0I109D0.arff,saccade,sg,8,7,-1,31.4625,33.728571428571435,2.2660714285714363,16.34065372883577,11.928078119254904,-4.412575609580864
S20,S20_E0I110D0,data/outputs_webcam_sg/S20/S20_E0I110D0.arff,fixation,sg,12,11,-1,164.39166666666665,167.38181818181818,2.990151515151524,76.36725212399422,103.34418046684407,26.976928342849845
S20,S20_E0I110D0,data/outputs_webcam_sg/S20/S20_E0I110D0.arff,saccade,sg,10,9,-1,22.150000000000002,32.78888888888889,10.63888888888889,10.378851360124374,9.792017724203278,-0.5868336359210957
S20,S20_E0I111D0,data/outputs_webcam_sg/S20/S20_E0I111D0.arff,fixation,sg,11,6,-5,123.10909090909091,189.08333333333334,65.97424242424243,84.3337827272731,149.584055522862,65.2502727955889
S20,S20_E0I111D0,data/outputs_webcam_sg/S20/S20_E0I111D0.arff,saccade,sg,12,5,-7,32.6,36.7,4.100000000000001,19.251446226665205,10.377379245262263,-8.874066981402942
S20,S20_E0I112D0,data/outputs_webcam_sg/S20/S20_E0I112D0.arff,fixation,sg,7,7,0,156.82857142857142,168.41428571428574,11.585714285714317,57.934667637656425,58.31896285575925,0.3842952181028281
S20,S20_E0I112D0,data/outputs_webcam_sg/S20/S20_E0I112D0.arff,saccade,sg,6,6,0,41.88333333333333,34.51666666666667,-7.36666666666666,12.100316800260506,6.0852006266569925,-6.015116173603514
S20,S20_E0I113D0,data/outputs_webcam_sg/S20/S20_E0I113D0.arff,fixation,sg,11,12,1,177.51818181818183,135.78333333333333,-41.7348484848485,105.51162796755453,77.33392567693728,-28.177702290617248
S20,S20_E0I113D0,data/outputs_webcam_sg/S20/S20_E0I113D0.arff,saccade,sg,10,9,-1,34.739999999999995,39.31111111111111,4.571111111111115,17.035792386097636,11.075473403476309,-5.960318982621327
S20,S20_E0I114D0,data/outputs_webcam_sg/S20/S20_E0I114D0.arff,fixation,sg,10,10,0,148.92,164.37,15.450000000000017,45.84558139377592,41.2893596731921,-4.556221720583821
S20,S20_E0I114D0,data/outputs_webcam_sg/S20/S20_E0I114D0.arff,saccade,sg,9,9,0,27.166666666666668,33.699999999999996,6.533333333333328,11.827827357549651,6.56334518366968,-5.264482173879971
S20,S20_E0I115D0,data/outputs_webcam_sg/S20/S20_E0I115D0.arff,fixation,sg,8,6,-2,198.0125,292.1166666666667,94.10416666666669,58.46956320538551,135.4140526927197,76.9444894873342
S20,S20_E0I115D0,data/outputs_webcam_sg/S20/S20_E0I115D0.arff,saccade,sg,7,5,-2,31.62857142857143,35.56,3.9314285714285724,15.617587765690564,13.27226431322101,-2.345323452469554
S20,S20_E0I116D0,data/outputs_webcam_sg/S20/S20_E0I116D0.arff,fixation,sg,10,9,-1,117.13,156.4333333333333,39.30333333333331,59.15448794845954,68.9441440587959,9.78965611033636
S20,S20_E0I116D0,data/outputs_webcam_sg/S20/S20_E0I116D0.arff,saccade,sg,9,8,-1,39.47777777777778,39.775,0.29722222222221717,23.009388180576302,11.182224414540375,-11.827163766035927
S20,S20_E0I117D0,data/outputs_webcam_sg/S20/S20_E0I117D0.arff,fixation,sg,11,11,0,228.5363636363636,232.04545454545453,3.5090909090909292,118.95997034908233,129.72475757261114,10.764787223528813
S20,S20_E0I117D0,data/outputs_webcam_sg/S20/S20_E0I117D0.arff,saccade,sg,8,9,1,26.8,41.77777777777778,14.977777777777778,11.127443551867607,16.078928585090626,4.951485033223019
S20,S20_E0I118D0,data/outputs_webcam_sg/S20/S20_E0I118D0.arff,fixation,sg,7,6,-1,167.44285714285712,201.58333333333334,34.14047619047622,113.95030871894492,116.87118407317803,2.920875354233104
S20,S20_E0I118D0,data/outputs_webcam_sg/S20/S20_E0I118D0.arff,saccade,sg,5,5,0,32.54,41.32000000000001,8.780000000000008,4.118009227770138,18.56089976267314,14.442890534903004
S20,S20_E0I119D0,data/outputs_webcam_sg/S20/S20_E0I119D0.arff,fixation,sg,7,7,0,170.29999999999998,192.48571428571427,22.185714285714283,56.93827066803721,58.969297903553965,2.0310272355167527
S20,S20_E0I119D0,data/outputs_webcam_sg/S20/S20_E0I119D0.arff,saccade,sg,7,6,-1,25.371428571428574,35.699999999999996,10.328571428571422,11.166126497240704,7.263607918933949,-3.902518578306755
S20,S20_E0I120D0,data/outputs_webcam_sg/S20/S20_E0I120D0.arff,fixation,sg,10,8,-2,199.89,203.8125,3.9225000000000136,136.89320614584526,125.71376146400429,-11.179444681840963
S20,S20_E0I120D0,data/outputs_webcam_sg/S20/S20_E0I120D0.arff,saccade,sg,9,6,-3,27.744444444444444,33.166666666666664,5.422222222222221,11.442149176521767,9.03275520905259,-2.4093939674691764
S20,S20_E0I121D0,data/outputs_webcam_sg/S20/S20_E0I121D0.arff,fixation,sg,8,7,-1,173.125,215.77142857142857,42.64642857142857,86.279938903217,146.03986572491903,59.759926821702024
S20,S20_E0I121D0,data/outputs_webcam_sg/S20/S20_E0I121D0.arff,saccade,sg,7,5,-2,23.25714285714286,55.98,32.72285714285714,7.911143436709416,40.58832344406454,32.677180007355126
S20,S20_E0I122D0,data/outputs_webcam_sg/S20/S20_E0I122D0.arff,fixation,sg,11,10,-1,219.0,194.56,-24.439999999999998,114.94674419051634,79.63007806936606,-35.31666612115028
S20,S20_E0I122D0,data/outputs_webcam_sg/S20/S20_E0I122D0.arff,saccade,sg,9,7,-2,29.488888888888887,34.67142857142857,5.182539682539684,13.306900883042267,5.569474626842969,-7.737426256199298
S20,S20_E0I123D0,data/outputs_webcam_sg/S20/S20_E0I123D0.arff,fixation,sg,8,7,-1,159.91250000000002,196.35714285714286,36.44464285714284,80.7880195768089,84.77693981154029,3.9889202347313812
S20,S20_E0I123D0,data/outputs_webcam_sg/S20/S20_E0I123D0.arff,saccade,sg,7,6,-1,29.54285714285714,38.03333333333333,8.49047619047619,0.39520940802374105,14.587483219070611,14.19227381104687
S20,S20_E0I124D0,data/outputs_webcam_sg/S20/S20_E0I124D0.arff,fixation,sg,8,8,0,203.8,217.61249999999998,13.812499999999972,152.91428037582736,152.81764518069053,-0.09663519513682672
S20,S20_E0I124D0,data/outputs_webcam_sg/S20/S20_E0I124D0.arff,saccade,sg,7,7,0,24.47142857142857,31.74285714285714,7.271428571428569,9.280214488490065,11.056499919784311,1.7762854312942462
S20,S20_E0I125D0,data/outputs_webcam_sg/S20/S20_E0I125D0.arff,fixation,sg,8,10,2,151.225,90.07000000000001,-61.15499999999999,46.94625346378253,66.17298962231912,19.22673615853659
S20,S20_E0I125D0,data/outputs_webcam_sg/S20/S20_E0I125D0.arff,saccade,sg,8,7,-1,24.0875,35.92857142857143,11.841071428571432,10.918063342134317,11.570323286424669,0.6522599442903516
S20,S20_E0I126D0,data/outputs_webcam_sg/S20/S20_E0I126D0.arff,fixation,sg,8,7,-1,142.9875,161.24285714285716,18.25535714285715,33.48058872583592,101.3356938948111,67.85510516897517
S20,S20_E0I126D0,data/outputs_webcam_sg/S20/S20_E0I126D0.arff,saccade,sg,6,5,-1,29.533333333333335,36.88,7.346666666666668,13.988233150282657,12.918862179000133,-1.069370971282524
S20,S20_E0I127D0,data/outputs_webcam_sg/S20/S20_E0I127D0.arff,fixation,sg,8,8,0,181.35000000000002,169.425,-11.925000000000011,67.9656635998754,105.55269164870082,37.58702804882542
S20,S20_E0I127D0,data/outputs_webcam_sg/S20/S20_E0I127D0.arff,saccade,sg,6,6,0,28.433333333333334,35.7,7.266666666666669,20.237259366491962,7.404863266799732,-12.832396099692229
S20,S20_E0I129D0,data/outputs_webcam_sg/S20/S20_E0I129D0.arff,fixation,sg,9,9,0,193.1222222222222,182.55555555555554,-10.566666666666663,56.287049526906664,83.51561397593733,27.228564449030664
S20,S20_E0I129D0,data/outputs_webcam_sg/S20/S20_E0I129D0.arff,saccade,sg,7,7,0,30.557142857142857,37.9,7.342857142857142,2.8512319810081763,10.81727014238497,7.966038161376794
S20,S20_E0I130D0,data/outputs_webcam_sg/S20/S20_E0I130D0.arff,fixation,sg,7,8,1,167.54285714285714,159.5125,-8.030357142857156,47.38332537728356,79.70292049676902,32.31959511948546
S20,S20_E0I130D0,data/outputs_webcam_sg/S20/S20_E0I130D0.arff,saccade,sg,7,7,0,27.428571428571427,34.728571428571435,7.300000000000008,13.249995507636255,6.985392922786398,-6.264602584849857
S20,S20_E0I131D0,data/outputs_webcam_sg/S20/S20_E0I131D0.arff,fixation,sg,8,7,-1,197.1,231.27142857142854,34.17142857142855,94.81485718418365,111.26978796729017,16.45493078310652
S20,S20_E0I131D0,data/outputs_webcam_sg/S20/S20_E0I131D0.arff,saccade,sg,6,5,-1,23.46666666666667,31.119999999999997,7.653333333333329,9.84675919613487,10.969366435669837,1.1226072395349664
S20,S20_E0I132D0,data/outputs_webcam_sg/S20/S20_E0I132D0.arff,fixation,sg,12,10,-2,213.01666666666668,147.44,-65.57666666666668,142.7708579465287,138.19131022688157,-4.579547719647138
S20,S20_E0I132D0,data/outputs_webcam_sg/S20/S20_E0I132D0.arff,saccade,sg,9,4,-5,22.188888888888886,31.275,9.086111111111112,11.676733751829365,14.993192899890715,3.31645914806135
S20,S20_E0I133D0,data/outputs_webcam_sg/S20/S20_E0I133D0.arff,fixation,sg,9,8,-1,206.33333333333337,245.8625,39.52916666666664,159.7328472794497,257.0810430167332,97.3481957372835
S20,S20_E0I133D0,data/outputs_webcam_sg/S20/S20_E0I133D0.arff,saccade,sg,7,7,0,21.12857142857143,32.6,11.471428571428572,7.893396878766092,5.742821606144492,-2.1505752726216
S20,S20_E0I134D0,data/outputs_webcam_sg/S20/S20_E0I134D0.arff,fixation,sg,6,9,3,170.38333333333333,121.76666666666665,-48.616666666666674,66.52209908494069,80.81638138397439,14.294282299033696
S20,S20_E0I134D0,data/outputs_webcam_sg/S20/S20_E0I134D0.arff,saccade,sg,6,7,1,33.21666666666667,39.04285714285714,5.826190476190469,21.60688933342018,16.43277792937611,-5.174111404044073
S20,S20_E0I135D0,data/outputs_webcam_sg/S20/S20_E0I135D0.arff,fixation,sg,9,7,-2,261.0111111111111,293.5142857142857,32.50317460317456,129.8454604948171,125.29926081946677,-4.546199675350337
S20,S20_E0I135D0,data/outputs_webcam_sg/S20/S20_E0I135D0.arff,saccade,sg,9,6,-3,25.400000000000002,32.03333333333334,6.633333333333336,8.252120939491858,14.43629684741439,6.184175907922532
S20,S20_E0I136D0,data/outputs_webcam_sg/S20/S20_E0I136D0.arff,fixation,sg,9,8,-1,119.0,148.72500000000002,29.725000000000023,64.904179372364,80.54967854861815,15.645499176254148
S20,S20_E0I136D0,data/outputs_webcam_sg/S20/S20_E0I136D0.arff,saccade,sg,6,6,0,49.13333333333333,33.11666666666667,-16.016666666666666,23.567831182921065,12.856658456483423,-10.711172726437642
S20,S20_E0I137D0,data/outputs_webcam_sg/S20/S20_E0I137D0.arff,fixation,sg,7,6,-1,230.61428571428573,268.90000000000003,38.285714285714306,145.46105353405804,167.53516645767243,22.074112923614393
S20,S20_E0I137D0,data/outputs_webcam_sg/S20/S20_E0I137D0.arff,saccade,sg,6,5,-1,19.749999999999996,32.68,12.930000000000003,7.668572226953333,16.186630285516504,8.51805805856317
S20,S20_E0I138D0,data/outputs_webcam_sg/S20/S20_E0I138D0.arff,fixation,sg,12,12,0,189.1,187.1666666666667,-1.9333333333332803,90.09419313342916,137.25013881982272,47.155945686393565
S20,S20_E0I138D0,data/outputs_webcam_sg/S20/S20_E0I138D0.arff,saccade,sg,11,9,-2,26.854545454545452,38.544444444444444,11.689898989898992,14.497818017644148,12.01791486813656,-2.4799031495075887
S20,S20_E0I139D0,data/outputs_webcam_sg/S20/S20_E0I139D0.arff,fixation,sg,7,6,-1,143.07142857142856,198.95000000000002,55.87857142857146,52.97545703077084,72.72613697976814,19.750679948997302
S20,S20_E0I139D0,data/outputs_webcam_sg/S20/S20_E0I139D0.arff,saccade,sg,5,5,0,44.22,51.42,7.200000000000003,18.085823177284464,19.295517614202527,1.2096944369180633
S20,S20_E0I140D0,data/outputs_webcam_sg/S20/S20_E0I140D0.arff,fixation,sg,12,12,0,212.43333333333337,151.09166666666667,-61.3416666666667,154.04699007612953,99.97925656066984,-54.06773351545969
S20,S20_E0I140D0,data/outputs_webcam_sg/S20/S20_E0I140D0.arff,saccade,sg,10,8,-2,23.6,34.1375,10.537500000000001,14.123896220393453,10.404111481250366,-3.719784739143087
S21,S21_E0I101D0,data/outputs_webcam_sg/S21/S21_E0I101D0.arff,fixation,sg,4,4,0,235.95,232.3,-3.6499999999999773,149.96711861827134,153.69569501670065,3.728576398429311
S21,S21_E0I101D0,data/outputs_webcam_sg/S21/S21_E0I101D0.arff,saccade,sg,4,4,0,27.75,40.699999999999996,12.949999999999996,9.338272502627738,9.55440561556116,0.21613311293342186
S21,S21_E0I102D0,data/outputs_webcam_sg/S21/S21_E0I102D0.arff,fixation,sg,13,14,1,200.6615384615385,191.04999999999998,-9.611538461538515,91.12027343445163,84.6837987411451,-6.436474693306536
S21,S21_E0I102D0,data/outputs_webcam_sg/S21/S21_E0I102D0.arff,saccade,sg,11,12,1,32.21818181818182,36.96666666666667,4.74848484848485,11.517362387440814,11.0801487792221,-0.43721360821871436
S21,S21_E0I103D0,data/outputs_webcam_sg/S21/S21_E0I103D0.arff,fixation,sg,4,4,0,134.975,154.67499999999998,19.69999999999999,111.91733184215333,117.92264060250119,6.005308760347859
S21,S21_E0I103D0,data/outputs_webcam_sg/S21/S21_E0I103D0.arff,saccade,sg,2,2,0,36.900000000000006,29.5,-7.400000000000006,10.323759005323595,20.64751801064719,10.323759005323595
S21,S21_E0I104D0,data/outputs_webcam_sg/S21/S21_E0I104D0.arff,fixation,sg,5,3,-2,167.87,178.98333333333332,11.113333333333316,54.26884004656816,52.57302857296062,-1.6958114736075416
S21,S21_E0I104D0,data/outputs_webcam_sg/S21/S21_E0I104D0.arff,saccade,sg,4,3,-1,42.5,34.28333333333333,-8.216666666666669,15.126466871017833,4.037738641038239,-11.088728229979594
S21,S21_E0I105D0,data/outputs_webcam_sg/S21/S21_E0I105D0.arff,fixation,sg,7,7,0,152.65714285714287,166.29999999999998,13.64285714285711,57.59279055410949,78.62440248845563,21.031611934346138
S21,S21_E0I105D0,data/outputs_webcam_sg/S21/S21_E0I105D0.arff,saccade,sg,7,6,-1,39.0,44.21666666666667,5.216666666666669,14.005832118561658,12.322891976588396,-1.682940141973262
S21,S21_E0I106D0,data/outputs_webcam_sg/S21/S21_E0I106D0.arff,fixation,sg,5,5,0,147.42000000000002,140.02,-7.400000000000006,29.831476664757986,26.944424284070355,-2.8870523806876314
S21,S21_E0I106D0,data/outputs_webcam_sg/S21/S21_E0I106D0.arff,saccade,sg,4,4,0,25.85,33.125,7.274999999999999,7.369079544511196,7.31727408260754,-0.051805461903656536
S21,S21_E0I107D0,data/outputs_webcam_sg/S21/S21_E0I107D0.arff,fixation,sg,7,7,0,182.18571428571428,189.55714285714288,7.371428571428595,56.18622098496595,53.94092006207214,-2.2453009228938114
S21,S21_E0I107D0,data/outputs_webcam_sg/S21/S21_E0I107D0.arff,saccade,sg,6,6,0,43.0,35.65,-7.350000000000001,9.796734149705197,7.25306831623693,-2.5436658334682667
S21,S21_E0I108D0,data/outputs_webcam_sg/S21/S21_E0I108D0.arff,fixation,sg,5,5,0,195.54,188.07999999999998,-7.460000000000008,99.01915471261104,89.72341946225635,-9.295735250354696
S21,S21_E0I108D0,data/outputs_webcam_sg/S21/S21_E0I108D0.arff,saccade,sg,4,4,0,33.125,36.875,3.75,14.022214518399013,8.46182604406401,-5.560388474335003
S21,S21_E0I109D0,data/outputs_webcam_sg/S21/S21_E0I109D0.arff,fixation,sg,4,4,0,147.5,138.35000000000002,-9.149999999999977,27.895160870659986,28.813480641301677,0.9183197706416912
S21,S21_E0I109D0,data/outputs_webcam_sg/S21/S21_E0I109D0.arff,saccade,sg,4,3,-1,25.95,39.53333333333334,13.58333333333334,7.43527627821141,8.604843597261564,1.1695673190501532
S21,S21_E0I110D0,data/outputs_webcam_sg/S21/S21_E0I110D0.arff,fixation,sg,4,5,1,184.52499999999998,137.28,-47.244999999999976,75.88132730345018,81.52148183147801,5.640154528027836
S21,S21_E0I110D0,data/outputs_webcam_sg/S21/S21_E0I110D0.arff,saccade,sg,3,4,1,49.29999999999999,40.75000000000001,-8.549999999999983,4.330127018922194,19.528184759470093,15.198057740547899
S21,S21_E0I111D0,data/outputs_webcam_sg/S21/S21_E0I111D0.arff,fixation,sg,4,5,1,167.425,132.56,-34.86500000000001,45.81465376929089,38.07595041492726,-7.738703354363629
S21,S21_E0I111D0,data/outputs_webcam_sg/S21/S21_E0I111D0.arff,saccade,sg,4,3,-1,43.025,34.5,-8.524999999999999,9.517483911202584,8.66083136886985,-0.8566525423327338
S21,S21_E0I112D0,data/outputs_webcam_sg/S21/S21_E0I112D0.arff,fixation,sg,6,6,0,165.96666666666667,165.91666666666666,-0.05000000000001137,47.808646358861346,46.371086537482235,-1.4375598213791108
S21,S21_E0I112D0,data/outputs_webcam_sg/S21/S21_E0I112D0.arff,saccade,sg,5,5,0,42.84,39.76,-3.0800000000000054,13.213364446650218,6.675926901936541,-6.5374375447136766
S21,S21_E0I113D0,data/outputs_webcam_sg/S21/S21_E0I113D0.arff,fixation,sg,4,5,1,174.75,126.58,-48.17,42.073071356074465,73.12145376016535,31.048382404090887
S21,S21_E0I113D0,data/outputs_webcam_sg/S21/S21_E0I113D0.arff,saccade,sg,3,3,0,44.5,39.46666666666666,-5.0333333333333385,0.10000000000000142,17.00362706405117,16.903627064051168
S21,S21_E0I114D0,data/outputs_webcam_sg/S21/S21_E0I114D0.arff,fixation,sg,5,6,1,194.11999999999998,164.35,-29.769999999999982,82.11136949290275,96.02580382376397,13.914434330861212
S21,S21_E0I114D0,data/outputs_webcam_sg/S21/S21_E0I114D0.arff,saccade,sg,4,5,1,40.675,37.1,-3.5749999999999957,14.231040018213704,10.734523743510936,-3.4965162747027687
S21,S21_E0I115D0,data/outputs_webcam_sg/S21/S21_E0I115D0.arff,fixation,sg,15,15,0,182.5,183.0,0.5,70.30929627621899,128.19637280360158,57.88707652738259
S21,S21_E0I115D0,data/outputs_webcam_sg/S21/S21_E0I115D0.arff,saccade,sg,11,14,3,44.33636363636363,41.75714285714286,-2.579220779220769,10.869339697265213,11.736643097955703,0.8673034006904903
S21,S21_E0I116D0,data/outputs_webcam_sg/S21/S21_E0I116D0.arff,fixation,sg,5,4,-1,115.08,156.625,41.545,60.57835421996871,50.65157944230367,-9.926774777665038
S21,S21_E0I116D0,data/outputs_webcam_sg/S21/S21_E0I116D0.arff,saccade,sg,4,3,-1,35.025,41.76666666666666,6.74166666666666,21.971553578813367,21.24672523786509,-0.7248283409482781
S21,S21_E0I117D0,data/outputs_webcam_sg/S21/S21_E0I117D0.arff,fixation,sg,4,4,0,151.0,149.325,-1.6750000000000114,56.831857263334264,52.14347993757226,-4.688377325762005
S21,S21_E0I117D0,data/outputs_webcam_sg/S21/S21_E0I117D0.arff,saccade,sg,3,3,0,29.766666666666666,47.1,17.333333333333336,15.101765901156504,18.521069083613938,3.4193031824574334
S21,S21_E0I118D0,data/outputs_webcam_sg/S21/S21_E0I118D0.arff,fixation,sg,5,9,4,244.28000000000003,178.46666666666664,-65.81333333333339,222.40302830672067,171.6568524702699,-50.74617583645076
S21,S21_E0I118D0,data/outputs_webcam_sg/S21/S21_E0I118D0.arff,saccade,sg,4,6,2,45.975,36.86666666666667,-9.108333333333334,7.2518388472625785,13.999238074504863,6.747399227242284
S21,S21_E0I119D0,data/outputs_webcam_sg/S21/S21_E0I119D0.arff,fixation,sg,8,8,0,239.2625,250.275,11.012500000000017,136.1382903783607,124.80545718379922,-11.332833194561474
S21,S21_E0I119D0,data/outputs_webcam_sg/S21/S21_E0I119D0.arff,saccade,sg,6,6,0,34.449999999999996,45.5,11.050000000000004,12.027426990009126,10.818502669038818,-1.2089243209703078
S21,S21_E0I120D0,data/outputs_webcam_sg/S21/S21_E0I120D0.arff,fixation,sg,6,6,0,276.34999999999997,272.75000000000006,-3.599999999999909,208.91251518279128,194.40307353537392,-14.509441647417361
S21,S21_E0I120D0,data/outputs_webcam_sg/S21/S21_E0I120D0.arff,saccade,sg,5,5,0,32.64,47.34,14.700000000000003,6.742625601351451,11.099684680206009,4.357059078854558
S21,S21_E0I121D0,data/outputs_webcam_sg/S21/S21_E0I121D0.arff,fixation,sg,5,5,0,160.52,154.68,-5.840000000000003,49.79650590151883,32.03274886737009,-17.76375703414874
S21,S21_E0I121D0,data/outputs_webcam_sg/S21/S21_E0I121D0.arff,saccade,sg,4,5,1,38.650000000000006,33.9,-4.750000000000007,18.356197863392083,14.287756996813739,-4.068440866578344
S21,S21_E0I122D0,data/outputs_webcam_sg/S21/S21_E0I122D0.arff,fixation,sg,5,5,0,157.57999999999998,160.51999999999998,2.9399999999999977,101.30543914321679,99.60430211592268,-1.7011370272941093
S21,S21_E0I122D0,data/outputs_webcam_sg/S21/S21_E0I122D0.arff,saccade,sg,4,4,0,35.0,29.725,-5.274999999999999,7.001428425685717,0.25,-6.751428425685717
S21,S21_E0I123D0,data/outputs_webcam_sg/S21/S21_E0I123D0.arff,fixation,sg,4,4,0,174.575,147.05,-27.524999999999977,49.835955895317184,60.055224585376415,10.21926869005923
S21,S21_E0I123D0,data/outputs_webcam_sg/S21/S21_E0I123D0.arff,saccade,sg,3,2,-1,49.29999999999999,44.55,-4.749999999999993,8.231038816577165,0.3535533905932738,-7.877485425983891
S21,S21_E0I124D0,data/outputs_webcam_sg/S21/S21_E0I124D0.arff,fixation,sg,4,4,0,173.0,172.925,-0.07499999999998863,132.0034595506244,121.74789183664194,-10.255567713982458
S21,S21_E0I124D0,data/outputs_webcam_sg/S21/S21_E0I124D0.arff,saccade,sg,3,3,0,44.26666666666667,34.43333333333333,-9.833333333333343,14.700453507743674,8.63153134347164,-6.068922164272035
S21,S21_E0I125D0,data/outputs_webcam_sg/S21/S21_E0I125D0.arff,fixation,sg,6,6,0,131.85,135.45000000000002,3.6000000000000227,49.33671046999384,47.32216182720312,-2.0145486427907215
S21,S21_E0I125D0,data/outputs_webcam_sg/S21/S21_E0I125D0.arff,saccade,sg,5,4,-1,28.139999999999997,38.849999999999994,10.709999999999997,8.112213014954675,7.018309388069655,-1.0939036268850195
S21,S21_E0I126D0,data/outputs_webcam_sg/S21/S21_E0I126D0.arff,fixation,sg,4,4,0,243.20000000000002,254.25,11.049999999999983,148.93696653282555,139.34141523610273,-9.595551296722817
S21,S21_E0I126D0,data/outputs_webcam_sg/S21/S21_E0I126D0.arff,saccade,sg,3,3,0,44.1,37.266666666666666,-6.833333333333336,14.4,13.0193445815576,-1.3806554184423998
S21,S21_E0I127D0,data/outputs_webcam_sg/S21/S21_E0I127D0.arff,fixation,sg,4,5,1,254.52499999999998,193.34,-61.184999999999974,251.98192230131642,220.33155243859196,-31.65036986272446
S21,S21_E0I127D0,data/outputs_webcam_sg/S21/S21_E0I127D0.arff,saccade,sg,2,3,1,40.45,31.900000000000002,-8.55,15.344217151748078,18.358376834567917,3.014159682819839
S21,S21_E0I128D0,data/outputs_webcam_sg/S21/S21_E0I128D0.arff,fixation,sg,5,5,0,154.71999999999997,159.06,4.340000000000032,29.55092215143209,36.86852316000736,7.317601008575274
S21,S21_E0I128D0,data/outputs_webcam_sg/S21/S21_E0I128D0.arff,saccade,sg,4,4,0,42.45,44.175000000000004,1.7250000000000014,9.399822693363246,10.455102422581364,1.0552797292181175
S21,S21_E0I129D0,data/outputs_webcam_sg/S21/S21_E0I129D0.arff,fixation,sg,4,4,0,176.425,178.325,1.8999999999999773,102.27141585017779,99.05848020235318,-3.212935647824608
S21,S21_E0I129D0,data/outputs_webcam_sg/S21/S21_E0I129D0.arff,saccade,sg,3,3,0,41.73333333333334,29.46666666666667,-12.266666666666673,11.20818153552722,0.1154700538379268,-11.092711481689294
S21,S21_E0I130D0,data/outputs_webcam_sg/S21/S21_E0I130D0.arff,fixation,sg,5,5,0,310.65999999999997,296.06000000000006,-14.599999999999909,338.14851470914374,338.64447138555204,0.4959566764082979
S21,S21_E0I130D0,data/outputs_webcam_sg/S21/S21_E0I130D0.arff,saccade,sg,4,4,0,26.0,53.8,27.799999999999997,14.3092044968731,7.311634564172363,-6.9975699327007375
S21,S21_E0I131D0,data/outputs_webcam_sg/S21/S21_E0I131D0.arff,fixation,sg,3,3,0,295.3666666666666,290.5,-4.866666666666617,352.4329912668979,357.5757681946583,5.142776927760394
S21,S21_E0I131D0,data/outputs_webcam_sg/S21/S21_E0I131D0.arff,saccade,sg,1,1,0,29.7,29.7,0.0,0.0,0.0,0.0
S21,S21_E0I132D0,data/outputs_webcam_sg/S21/S21_E0I132D0.arff,fixation,sg,4,4,0,204.35000000000002,210.0,5.649999999999977,85.17904671924897,88.03548526967217,2.856438550423192
S21,S21_E0I132D0,data/outputs_webcam_sg/S21/S21_E0I132D0.arff,saccade,sg,3,3,0,39.166666666666664,51.56666666666666,12.399999999999999,8.285127237003262,6.90024154166601,-1.3848856953372524
S21,S21_E0I133D0,data/outputs_webcam_sg/S21/S21_E0I133D0.arff,fixation,sg,6,6,0,158.53333333333333,158.6,0.06666666666666288,52.25995280008074,34.258838275691716,-18.001114524389024
S21,S21_E0I133D0,data/outputs_webcam_sg/S21/S21_E0I133D0.arff,saccade,sg,5,5,0,41.46,37.0,-4.460000000000001,15.265582203112988,16.636706404814625,1.3711242017016367
S21,S21_E0I134D0,data/outputs_webcam_sg/S21/S21_E0I134D0.arff,fixation,sg,5,5,0,176.66000000000003,163.51999999999998,-13.140000000000043,53.17718495746085,45.62474109515581,-7.55244386230504
S21,S21_E0I134D0,data/outputs_webcam_sg/S21/S21_E0I134D0.arff,saccade,sg,4,4,0,37.7,50.5,12.799999999999997,19.83700246172961,14.196948028831175,-5.640054432898436
S21,S21_E0I135D0,data/outputs_webcam_sg/S21/S21_E0I135D0.arff,fixation,sg,4,4,0,171.7,171.7,0.0,33.57310431481327,25.114803071760942,-8.458301243052329
S21,S21_E0I135D0,data/outputs_webcam_sg/S21/S21_E0I135D0.arff,saccade,sg,3,3,0,42.0,49.166666666666664,7.166666666666664,23.829393613770367,8.689265408153519,-15.140128205616849
S21,S21_E0I137D0,data/outputs_webcam_sg/S21/S21_E0I137D0.arff,fixation,sg,5,5,0,196.92000000000002,193.96,-2.960000000000008,57.95504292121609,68.0610608204133,10.106017899197212
S21,S21_E0I137D0,data/outputs_webcam_sg/S21/S21_E0I137D0.arff,saccade,sg,4,4,0,44.25,36.875,-7.375,15.708490273309739,10.371555653163448,-5.336934620146291
S21,S21_E0I139D0,data/outputs_webcam_sg/S21/S21_E0I139D0.arff,fixation,sg,4,5,1,179.125,138.88,-40.245000000000005,75.54938230499747,83.21827924200308,7.668896937005613
S21,S21_E0I139D0,data/outputs_webcam_sg/S21/S21_E0I139D0.arff,saccade,sg,3,4,1,46.833333333333336,37.0,-9.833333333333336,4.301550108197431,8.487245332458189,4.1856952242607575
S21,S21_E0I140D0,data/outputs_webcam_sg/S21/S21_E0I140D0.arff,fixation,sg,5,5,0,192.88000000000002,194.52000000000004,1.6400000000000148,156.20421569215088,144.32188676704584,-11.882328925105043
S21,S21_E0I140D0,data/outputs_webcam_sg/S21/S21_E0I140D0.arff,saccade,sg,4,4,0,42.175,42.3,0.125,20.94522618641298,17.295278739201244,-3.649947447211737
S22,S22_E0I101D0,data/outputs_webcam_sg/S22/S22_E0I101D0.arff,fixation,sg,6,6,0,152.28333333333333,154.74999999999997,2.46666666666664,51.238361280066975,51.0848216205166,-0.15353965955037552
S22,S22_E0I101D0,data/outputs_webcam_sg/S22/S22_E0I101D0.arff,saccade,sg,5,5,0,27.26,33.04,5.779999999999998,17.69980225878244,14.11959631150976,-3.580205947272681
S22,S22_E0I102D0,data/outputs_webcam_sg/S22/S22_E0I102D0.arff,fixation,sg,5,4,-1,86.54,125.9,39.36,20.98268333650394,67.72202989672809,46.73934656022415
S22,S22_E0I102D0,data/outputs_webcam_sg/S22/S22_E0I102D0.arff,saccade,sg,4,4,0,25.125,30.425000000000004,5.300000000000004,7.151864558747366,12.13929569620907,4.987431137461703
S22,S22_E0I103D0,data/outputs_webcam_sg/S22/S22_E0I103D0.arff,fixation,sg,5,5,0,125.73999999999998,130.06,4.320000000000022,38.869435293042265,37.49723989842452,-1.3721953946177479
S22,S22_E0I103D0,data/outputs_webcam_sg/S22/S22_E0I103D0.arff,saccade,sg,4,4,0,32.425000000000004,43.225,10.799999999999997,13.642427692069083,17.448471757339284,3.8060440652702017
S22,S22_E0I104D0,data/outputs_webcam_sg/S22/S22_E0I104D0.arff,fixation,sg,5,4,-1,115.08,163.29999999999998,48.219999999999985,63.91304248742975,61.12915289232571,-2.7838895951040357
S22,S22_E0I104D0,data/outputs_webcam_sg/S22/S22_E0I104D0.arff,saccade,sg,4,3,-1,32.625,41.1,8.475000000000001,13.998422530175795,20.181427105138035,6.18300457496224
S22,S22_E0I105D0,data/outputs_webcam_sg/S22/S22_E0I105D0.arff,fixation,sg,9,7,-2,118.8111111111111,167.8571428571429,49.04603174603179,49.18641693710888,107.21122231593198,58.024805378823096
S22,S22_E0I105D0,data/outputs_webcam_sg/S22/S22_E0I105D0.arff,saccade,sg,7,7,0,30.58571428571429,31.585714285714285,0.9999999999999964,9.714152660153221,11.530167470802924,1.816014810649703
S22,S22_E0I106D0,data/outputs_webcam_sg/S22/S22_E0I106D0.arff,fixation,sg,6,5,-1,96.23333333333335,144.18,47.94666666666666,23.01865909792894,47.21320789779063,24.194548799861693
S22,S22_E0I106D0,data/outputs_webcam_sg/S22/S22_E0I106D0.arff,saccade,sg,4,3,-1,34.224999999999994,28.7,-5.524999999999995,6.734178989800219,12.299186964998947,5.5650079751987285
S22,S22_E0I107D0,data/outputs_webcam_sg/S22/S22_E0I107D0.arff,fixation,sg,5,4,-1,117.62,143.20000000000002,25.580000000000013,30.106593962120655,64.17876076501737,34.07216680289672
S22,S22_E0I107D0,data/outputs_webcam_sg/S22/S22_E0I107D0.arff,saccade,sg,4,3,-1,32.15,40.3,8.149999999999999,7.106100665390735,20.52535017971679,13.419249514326054
S22,S22_E0I108D0,data/outputs_webcam_sg/S22/S22_E0I108D0.arff,fixation,sg,6,5,-1,123.23333333333333,140.8,17.566666666666677,72.90593025719285,41.65873257793616,-31.247197679256686
S22,S22_E0I108D0,data/outputs_webcam_sg/S22/S22_E0I108D0.arff,saccade,sg,5,5,0,40.239999999999995,37.36,-2.8799999999999955,14.763400692252446,15.20963510410424,0.446234411851794
S22,S22_E0I109D0,data/outputs_webcam_sg/S22/S22_E0I109D0.arff,fixation,sg,5,5,0,134.08,141.35999999999999,7.279999999999973,21.47351857521259,25.515152360901155,4.041633785688564
S22,S22_E0I109D0,data/outputs_webcam_sg/S22/S22_E0I109D0.arff,saccade,sg,4,4,0,43.2,32.125,-11.075000000000003,12.097658175586437,7.250459755537345,-4.847198420049092
S22,S22_E0I110D0,data/outputs_webcam_sg/S22/S22_E0I110D0.arff,fixation,sg,6,6,0,135.11666666666667,133.98333333333335,-1.1333333333333258,21.63399331299394,29.63588477954837,8.00189146655443
S22,S22_E0I110D0,data/outputs_webcam_sg/S22/S22_E0I110D0.arff,saccade,sg,5,5,0,31.359999999999996,31.380000000000003,0.02000000000000668,10.88751578644091,3.660191251833707,-7.227324534607202
S22,S22_E0I111D0,data/outputs_webcam_sg/S22/S22_E0I111D0.arff,fixation,sg,11,11,0,143.02727272727273,156.8090909090909,13.781818181818181,39.83809962608887,43.40620818605225,3.5681085599633775
S22,S22_E0I111D0,data/outputs_webcam_sg/S22/S22_E0I111D0.arff,saccade,sg,9,9,0,35.17777777777778,32.011111111111106,-3.1666666666666714,11.834248790879986,9.598495252439891,-2.235753538440095
S22,S22_E0I112D0,data/outputs_webcam_sg/S22/S22_E0I112D0.arff,fixation,sg,5,4,-1,119.16,170.175,51.015000000000015,24.990858328596882,54.352269195192456,29.361410866595573
S22,S22_E0I112D0,data/outputs_webcam_sg/S22/S22_E0I112D0.arff,saccade,sg,4,3,-1,34.3,29.099999999999998,-5.199999999999999,18.002222085064943,0.3605551275463986,-17.641666957518545
S22,S22_E0I113D0,data/outputs_webcam_sg/S22/S22_E0I113D0.arff,fixation,sg,6,5,-1,115.63333333333333,148.66000000000003,33.0266666666667,32.89842954711769,32.90604807630354,0.007618529185847933
S22,S22_E0I113D0,data/outputs_webcam_sg/S22/S22_E0I113D0.arff,saccade,sg,4,4,0,46.75,45.150000000000006,-1.5999999999999943,30.247258828969393,14.845987112123375,-15.401271716846018
S22,S22_E0I114D0,data/outputs_webcam_sg/S22/S22_E0I114D0.arff,fixation,sg,5,4,-1,138.56,171.45,32.889999999999986,91.03146708693649,78.87291465811737,-12.158552428819121
S22,S22_E0I114D0,data/outputs_webcam_sg/S22/S22_E0I114D0.arff,saccade,sg,4,3,-1,46.8,33.4,-13.399999999999999,26.27051579242403,8.227393268830657,-18.04312252359337
S22,S22_E0I115D0,data/outputs_webcam_sg/S22/S22_E0I115D0.arff,fixation,sg,9,7,-2,145.7,197.44285714285715,51.74285714285716,47.72556966658439,106.24628396863042,58.52071430204603
S22,S22_E0I115D0,data/outputs_webcam_sg/S22/S22_E0I115D0.arff,saccade,sg,9,6,-3,27.188888888888886,33.63333333333333,6.444444444444446,11.756853793048169,5.585576663753409,-6.17127712929476
S22,S22_E0I116D0,data/outputs_webcam_sg/S22/S22_E0I116D0.arff,fixation,sg,4,5,1,153.55,140.07999999999998,-13.470000000000027,49.39949392453328,51.82284245388321,2.42334852934993
S22,S22_E0I116D0,data/outputs_webcam_sg/S22/S22_E0I116D0.arff,saccade,sg,3,4,1,35.63333333333333,39.275,3.6416666666666657,12.182501111567088,12.271206134687821,0.08870502312073292
S22,S22_E0I117D0,data/outputs_webcam_sg/S22/S22_E0I117D0.arff,fixation,sg,7,6,-1,94.32857142857142,120.76666666666667,26.438095238095244,46.18010806562043,71.31142031026073,25.1313122446403
S22,S22_E0I117D0,data/outputs_webcam_sg/S22/S22_E0I117D0.arff,saccade,sg,6,6,0,30.0,29.983333333333334,-0.01666666666666572,14.502275683491883,14.581552272191967,0.07927658870008436
S22,S22_E0I118D0,data/outputs_webcam_sg/S22/S22_E0I118D0.arff,fixation,sg,6,6,0,159.08333333333334,157.96666666666667,-1.1166666666666742,46.3462368123526,51.202291615382485,4.856054803029885
S22,S22_E0I118D0,data/outputs_webcam_sg/S22/S22_E0I118D0.arff,saccade,sg,5,5,0,37.88,38.76,0.8799999999999955,7.62869582563101,12.1592762942537,4.5305804686226905
S22,S22_E0I119D0,data/outputs_webcam_sg/S22/S22_E0I119D0.arff,fixation,sg,8,6,-2,143.0875,201.1,58.01249999999999,59.535498114270325,105.45281409237023,45.91731597809991
S22,S22_E0I119D0,data/outputs_webcam_sg/S22/S22_E0I119D0.arff,saccade,sg,6,5,-1,37.28333333333333,36.18,-1.1033333333333317,16.65622005938522,7.394389765220654,-9.261830294164564
S22,S22_E0I120D0,data/outputs_webcam_sg/S22/S22_E0I120D0.arff,fixation,sg,8,9,1,164.325,158.77777777777777,-5.547222222222217,44.441542663207734,28.349637465837976,-16.09190519736976
S22,S22_E0I120D0,data/outputs_webcam_sg/S22/S22_E0I120D0.arff,saccade,sg,7,8,1,53.01428571428571,35.925,-17.089285714285715,34.915442074218326,20.93204993032728,-13.983392143891045
S22,S22_E0I121D0,data/outputs_webcam_sg/S22/S22_E0I121D0.arff,fixation,sg,8,7,-1,117.825,157.07142857142858,39.24642857142858,59.111220834723326,66.67742532236115,7.566204487637819
S22,S22_E0I121D0,data/outputs_webcam_sg/S22/S22_E0I121D0.arff,saccade,sg,7,6,-1,49.371428571428574,30.2,-19.171428571428574,26.205451995447707,11.464205162155812,-14.741246833291894
S22,S22_E0I122D0,data/outputs_webcam_sg/S22/S22_E0I122D0.arff,fixation,sg,6,6,0,109.73333333333335,110.23333333333333,0.4999999999999858,30.900010787484636,43.63345811033852,12.733447322853888
S22,S22_E0I122D0,data/outputs_webcam_sg/S22/S22_E0I122D0.arff,saccade,sg,6,5,-1,35.99999999999999,30.279999999999994,-5.719999999999999,27.196690975190343,10.57293715104748,-16.623753824142863
S22,S22_E0I123D0,data/outputs_webcam_sg/S22/S22_E0I123D0.arff,fixation,sg,8,7,-1,171.6875,200.32857142857145,28.64107142857145,54.78014336548288,92.80249124324399,38.02234787776111
S22,S22_E0I123D0,data/outputs_webcam_sg/S22/S22_E0I123D0.arff,saccade,sg,7,6,-1,30.67142857142857,34.63333333333333,3.961904761904762,10.537032201670812,8.13306010470024,-2.4039720969705716
S22,S22_E0I124D0,data/outputs_webcam_sg/S22/S22_E0I124D0.arff,fixation,sg,5,4,-1,132.42,183.0,50.58000000000001,60.56638506630554,36.65978723342513,-23.906597832880415
S22,S22_E0I124D0,data/outputs_webcam_sg/S22/S22_E0I124D0.arff,saccade,sg,5,3,-2,27.380000000000003,38.166666666666664,10.786666666666662,12.70303113433955,4.188476254359494,-8.514554879980057
S22,S22_E0I125D0,data/outputs_webcam_sg/S22/S22_E0I125D0.arff,fixation,sg,6,6,0,150.3166666666667,151.4333333333333,1.1166666666666174,70.2640567193972,80.04900165940028,9.784944940003072
S22,S22_E0I125D0,data/outputs_webcam_sg/S22/S22_E0I125D0.arff,saccade,sg,6,5,-1,27.61666666666667,25.98,-1.6366666666666703,15.91608201369504,6.379811909453131,-9.536270104241908
S22,S22_E0I126D0,data/outputs_webcam_sg/S22/S22_E0I126D0.arff,fixation,sg,5,5,0,110.2,134.64000000000001,24.440000000000012,43.73791261594453,71.72393603254078,27.986023416596247
S22,S22_E0I126D0,data/outputs_webcam_sg/S22/S22_E0I126D0.arff,saccade,sg,4,3,-1,36.2,33.36666666666667,-2.8333333333333357,14.07006278119137,8.173330614463929,-5.896732166727441
S22,S22_E0I127D0,data/outputs_webcam_sg/S22/S22_E0I127D0.arff,fixation,sg,8,7,-1,94.2125,151.31428571428572,57.10178571428571,41.05374308669761,72.12453185455068,31.070788767853074
S22,S22_E0I127D0,data/outputs_webcam_sg/S22/S22_E0I127D0.arff,saccade,sg,7,5,-2,35.885714285714286,31.6,-4.285714285714285,8.927005576979807,3.8483762809787723,-5.078629296001035
S22,S22_E0I128D0,data/outputs_webcam_sg/S22/S22_E0I128D0.arff,fixation,sg,5,4,-1,141.32,182.25,40.93000000000001,46.176909814321704,79.324250180299,33.1473403659773
S22,S22_E0I128D0,data/outputs_webcam_sg/S22/S22_E0I128D0.arff,saccade,sg,4,3,-1,28.65,38.13333333333333,9.483333333333334,11.717934971657764,10.763518631624759,-0.9544163400330046
S22,S22_E0I129D0,data/outputs_webcam_sg/S22/S22_E0I129D0.arff,fixation,sg,7,6,-1,147.02142857142857,183.3166666666667,36.29523809523812,65.72986927026186,50.4830136448555,-15.246855625406361
S22,S22_E0I129D0,data/outputs_webcam_sg/S22/S22_E0I129D0.arff,saccade,sg,6,5,-1,29.983333333333338,33.11,3.1266666666666616,14.327688811063236,6.323211209504235,-8.004477601559001
S22,S22_E0I130D0,data/outputs_webcam_sg/S22/S22_E0I130D0.arff,fixation,sg,6,5,-1,181.13333333333333,225.92,44.78666666666666,58.98469858079013,157.4231780901402,98.43847950935006
S22,S22_E0I130D0,data/outputs_webcam_sg/S22/S22_E0I130D0.arff,saccade,sg,4,4,0,35.974999999999994,34.325,-1.6499999999999915,14.320003491619685,10.585327896039248,-3.7346755955804376
S22,S22_E0I131D0,data/outputs_webcam_sg/S22/S22_E0I131D0.arff,fixation,sg,8,8,0,128.125,138.9,10.775000000000006,48.45860530980467,96.24912615558794,47.79052084578328
S22,S22_E0I131D0,data/outputs_webcam_sg/S22/S22_E0I131D0.arff,saccade,sg,7,7,0,35.34285714285714,37.17142857142857,1.8285714285714292,17.636785151387155,21.84679337917537,4.210008227788215
S22,S22_E0I132D0,data/outputs_webcam_sg/S22/S22_E0I132D0.arff,fixation,sg,6,7,1,150.9,136.75714285714284,-14.142857142857167,27.580500358042812,45.58113122564559,18.00063086760278
S22,S22_E0I132D0,data/outputs_webcam_sg/S22/S22_E0I132D0.arff,saccade,sg,6,5,-1,28.78333333333333,41.9,13.116666666666667,9.20682717697398,7.650816949842677,-1.5560102271313019
S22,S22_E0I133D0,data/outputs_webcam_sg/S22/S22_E0I133D0.arff,fixation,sg,11,8,-3,102.75454545454545,156.6875,53.93295454545455,51.80031589935265,64.68423162895708,12.883915729604432
S22,S22_E0I133D0,data/outputs_webcam_sg/S22/S22_E0I133D0.arff,saccade,sg,10,7,-3,28.890000000000004,31.999999999999996,3.1099999999999923,15.044781302645927,17.642562172201632,2.597780869555706
S22,S22_E0I134D0,data/outputs_webcam_sg/S22/S22_E0I134D0.arff,fixation,sg,5,5,0,128.72,130.06,1.3400000000000034,33.448273498044706,34.1495680792598,0.7012945812150946
S22,S22_E0I134D0,data/outputs_webcam_sg/S22/S22_E0I134D0.arff,saccade,sg,4,5,1,46.599999999999994,37.519999999999996,-9.079999999999998,22.48599564173221,19.447287728626836,-3.038707913105373
S22,S22_E0I135D0,data/outputs_webcam_sg/S22/S22_E0I135D0.arff,fixation,sg,9,8,-1,147.8777777777778,168.0375,20.1597222222222,58.24151821891703,37.01246652914973,-21.229051689767303
S22,S22_E0I135D0,data/outputs_webcam_sg/S22/S22_E0I135D0.arff,saccade,sg,8,7,-1,31.325,34.771428571428565,3.446428571428566,15.621299561816231,6.574119531849693,-9.047180029966539
S22,S22_E0I136D0,data/outputs_webcam_sg/S22/S22_E0I136D0.arff,fixation,sg,6,4,-2,104.85000000000001,157.775,52.925,40.37017463425195,98.69317352279236,58.32299888854041
S22,S22_E0I136D0,data/outputs_webcam_sg/S22/S22_E0I136D0.arff,saccade,sg,5,3,-2,31.620000000000005,35.766666666666666,4.146666666666661,16.471399454812577,7.103754875650857,-9.36764457916172
S22,S22_E0I137D0,data/outputs_webcam_sg/S22/S22_E0I137D0.arff,fixation,sg,6,6,0,195.83333333333334,203.08333333333334,7.25,92.7737175425598,75.06830001183367,-17.705417530726123
S22,S22_E0I137D0,data/outputs_webcam_sg/S22/S22_E0I137D0.arff,saccade,sg,6,5,-1,27.966666666666665,28.98,1.0133333333333354,11.483843723539026,8.709305368397644,-2.7745383551413827
S22,S22_E0I138D0,data/outputs_webcam_sg/S22/S22_E0I138D0.arff,fixation,sg,8,7,-1,124.575,152.45714285714286,27.882142857142853,42.97260755411522,54.042818121154546,11.070210567039325
S22,S22_E0I138D0,data/outputs_webcam_sg/S22/S22_E0I138D0.arff,saccade,sg,7,6,-1,32.01428571428571,35.800000000000004,3.785714285714292,14.143128905517875,14.29209571756361,0.14896681204573525
S22,S22_E0I139D0,data/outputs_webcam_sg/S22/S22_E0I139D0.arff,fixation,sg,10,8,-2,126.34,168.6125,42.27250000000001,62.53161333810816,36.645383162724016,-25.886230175384142
S22,S22_E0I139D0,data/outputs_webcam_sg/S22/S22_E0I139D0.arff,saccade,sg,9,7,-2,24.233333333333334,33.042857142857144,8.80952380952381,9.516827202382105,8.065741780902142,-1.451085421479963
S22,S22_E0I140D0,data/outputs_webcam_sg/S22/S22_E0I140D0.arff,fixation,sg,7,5,-2,94.38571428571427,156.74,62.35428571428574,63.325651163158966,81.20001847290429,17.874367309745324
S22,S22_E0I140D0,data/outputs_webcam_sg/S22/S22_E0I140D0.arff,saccade,sg,6,4,-2,24.183333333333334,27.324999999999996,3.141666666666662,11.77478945317778,9.172558712449506,-2.602230740728274
S23,S23_E0I101D0,data/outputs_webcam_sg/S23/S23_E0I101D0.arff,fixation,sg,6,3,-3,161.6,354.7,193.1,58.71098704671894,447.71427272312866,389.00328567640975
S23,S23_E0I101D0,data/outputs_webcam_sg/S23/S23_E0I101D0.arff,saccade,sg,5,3,-2,27.04,25.166666666666668,-1.8733333333333313,12.417246071492666,8.732315462312005,-3.684930609180661
S23,S23_E0I102D0,data/outputs_webcam_sg/S23/S23_E0I102D0.arff,fixation,sg,6,5,-1,190.11666666666667,245.56,55.44333333333333,118.82783203722377,196.11898939164456,77.29115735442079
S23,S23_E0I102D0,data/outputs_webcam_sg/S23/S23_E0I102D0.arff,saccade,sg,5,4,-1,29.839999999999996,34.75,4.910000000000004,15.03173310034475,17.810203068278962,2.778469967934212
S23,S23_E0I103D0,data/outputs_webcam_sg/S23/S23_E0I103D0.arff,fixation,sg,7,4,-3,180.3142857142857,365.59999999999997,185.28571428571428,68.82607133374746,269.90779907220167,201.08172773845422
S23,S23_E0I103D0,data/outputs_webcam_sg/S23/S23_E0I103D0.arff,saccade,sg,6,3,-3,34.88333333333333,37.06666666666667,2.183333333333337,12.139920373160061,7.1114930452988085,-5.028427327861253
S23,S23_E0I104D0,data/outputs_webcam_sg/S23/S23_E0I104D0.arff,fixation,sg,11,8,-3,201.15454545454543,264.675,63.520454545454584,50.354470777406924,166.48711447350598,116.13264369609905
S23,S23_E0I104D0,data/outputs_webcam_sg/S23/S23_E0I104D0.arff,saccade,sg,10,6,-4,40.94,37.266666666666666,-3.673333333333332,17.692006983694956,14.534189577223309,-3.157817406471647
S23,S23_E0I105D0,data/outputs_webcam_sg/S23/S23_E0I105D0.arff,fixation,sg,7,8,1,210.58571428571426,189.08749999999998,-21.498214285714283,71.74353463486979,92.9231546955409,21.179620060671112
S23,S23_E0I105D0,data/outputs_webcam_sg/S23/S23_E0I105D0.arff,saccade,sg,6,7,1,33.63333333333333,35.47142857142857,1.8380952380952351,18.411699179235647,10.998138370608347,-7.413560808627301
S23,S23_E0I106D0,data/outputs_webcam_sg/S23/S23_E0I106D0.arff,fixation,sg,6,3,-3,234.76666666666665,504.1333333333334,269.36666666666673,125.36268450646175,161.7226123129766,36.35992780651485
S23,S23_E0I106D0,data/outputs_webcam_sg/S23/S23_E0I106D0.arff,saccade,sg,5,2,-3,31.060000000000002,40.400000000000006,9.340000000000003,16.568282952677986,5.23259018078045,-11.335692771897536
S23,S23_E0I107D0,data/outputs_webcam_sg/S23/S23_E0I107D0.arff,fixation,sg,8,4,-4,182.03749999999997,459.77500000000003,277.73750000000007,103.97292144042669,270.66779607728245,166.69487463685576
S23,S23_E0I107D0,data/outputs_webcam_sg/S23/S23_E0I107D0.arff,saccade,sg,7,3,-4,38.22857142857142,30.2,-8.028571428571421,16.954715596328384,0.2645751311064588,-16.690140465221926
S23,S23_E0I108D0,data/outputs_webcam_sg/S23/S23_E0I108D0.arff,fixation,sg,9,5,-4,198.43333333333334,388.76,190.32666666666665,70.80077683189641,227.0893502566776,156.2885734247812
S23,S23_E0I108D0,data/outputs_webcam_sg/S23/S23_E0I108D0.arff,saccade,sg,8,4,-4,32.5125,31.725,-0.7875000000000014,20.22512140171934,19.337420544977896,-0.8877008567414428
S23,S23_E0I109D0,data/outputs_webcam_sg/S23/S23_E0I109D0.arff,fixation,sg,4,1,-3,194.575,910.0,715.425,73.60694600375702,0.0,-73.60694600375702
S23,S23_E0I109D0,data/outputs_webcam_sg/S23/S23_E0I109D0.arff,saccade,sg,3,0,-3,27.700000000000003,0.0,-27.700000000000003,11.62970334961301,0.0,-11.62970334961301
S23,S23_E0I110D0,data/outputs_webcam_sg/S23/S23_E0I110D0.arff,fixation,sg,10,6,-4,187.78,323.3333333333333,135.5533333333333,57.98974622005745,73.99869368216352,16.00894746210607
S23,S23_E0I110D0,data/outputs_webcam_sg/S23/S23_E0I110D0.arff,saccade,sg,9,5,-4,27.37777777777778,31.1,3.7222222222222214,12.837228845994934,12.865263308615178,0.028034462620244227
S23,S23_E0I111D0,data/outputs_webcam_sg/S23/S23_E0I111D0.arff,fixation,sg,6,2,-4,203.01666666666665,676.05,473.0333333333333,190.86191256158645,913.6526719711379,722.7907594095515
S23,S23_E0I111D0,data/outputs_webcam_sg/S23/S23_E0I111D0.arff,saccade,sg,5,2,-3,31.28,29.25,-2.030000000000001,17.03458247213591,20.152543263816604,3.1179607916806944
S23,S23_E0I112D0,data/outputs_webcam_sg/S23/S23_E0I112D0.arff,fixation,sg,6,4,-2,214.20000000000002,348.55,134.35,90.24564255408677,280.0573096112056,189.81166705711883
S23,S23_E0I112D0,data/outputs_webcam_sg/S23/S23_E0I112D0.arff,saccade,sg,5,3,-2,34.68,42.199999999999996,7.519999999999996,16.314778576493154,11.45949388062143,-4.855284695871724
S23,S23_E0I113D0,data/outputs_webcam_sg/S23/S23_E0I113D0.arff,fixation,sg,13,8,-5,198.06923076923073,351.61249999999995,153.54326923076923,69.38052542098761,209.93295826116895,140.55243284018132
S23,S23_E0I113D0,data/outputs_webcam_sg/S23/S23_E0I113D0.arff,saccade,sg,12,7,-5,33.75,32.199999999999996,-1.5500000000000043,10.813333520158427,11.129839771233604,0.31650625107517705
S23,S23_E0I114D0,data/outputs_webcam_sg/S23/S23_E0I114D0.arff,fixation,sg,5,4,-1,211.13000000000002,273.07500000000005,61.94500000000002,42.70851203214647,145.98069221647086,103.27218018432438
S23,S23_E0I114D0,data/outputs_webcam_sg/S23/S23_E0I114D0.arff,saccade,sg,4,3,-1,30.025,34.71666666666667,4.69166666666667,11.696545073938145,8.9628864398325,-2.7336586341056446
S23,S23_E0I115D0,data/outputs_webcam_sg/S23/S23_E0I115D0.arff,fixation,sg,8,5,-3,208.0375,359.38,151.3425,99.75468392153681,171.80713605668421,72.0524521351474
S23,S23_E0I115D0,data/outputs_webcam_sg/S23/S23_E0I115D0.arff,saccade,sg,7,4,-3,36.58571428571428,35.800000000000004,-0.7857142857142776,11.567112657793873,7.448937284382695,-4.1181753734111775
S23,S23_E0I116D0,data/outputs_webcam_sg/S23/S23_E0I116D0.arff,fixation,sg,5,2,-3,212.28000000000003,613.5,401.21999999999997,145.63576827139684,623.243916937823,477.60814866642613
S23,S23_E0I116D0,data/outputs_webcam_sg/S23/S23_E0I116D0.arff,saccade,sg,4,1,-3,41.400000000000006,30.2,-11.200000000000006,14.34433686163289,0.0,-14.34433686163289
S23,S23_E0I117D0,data/outputs_webcam_sg/S23/S23_E0I117D0.arff,fixation,sg,6,4,-2,197.36666666666665,327.125,129.75833333333335,74.17246569089279,146.45737434489257,72.28490865399978
S23,S23_E0I117D0,data/outputs_webcam_sg/S23/S23_E0I117D0.arff,saccade,sg,6,3,-3,33.43333333333333,29.633333333333336,-3.7999999999999936,14.428813765055901,0.4041451884327384,-14.024668576623164
S23,S23_E0I118D0,data/outputs_webcam_sg/S23/S23_E0I118D0.arff,fixation,sg,5,1,-4,216.8,1332.3,1115.5,63.144714743199216,0.0,-63.144714743199216
S23,S23_E0I118D0,data/outputs_webcam_sg/S23/S23_E0I118D0.arff,saccade,sg,4,0,-4,42.6,0.0,-42.6,4.025750447639131,0.0,-4.025750447639131
S23,S23_E0I119D0,data/outputs_webcam_sg/S23/S23_E0I119D0.arff,fixation,sg,8,3,-5,177.78750000000002,543.6666666666666,365.8791666666666,79.808224379267,432.48742563609096,352.67920125682394
S23,S23_E0I119D0,data/outputs_webcam_sg/S23/S23_E0I119D0.arff,saccade,sg,7,2,-5,33.54285714285714,37.9,4.357142857142861,15.410695111172753,10.606601717798213,-4.80409339337454
S23,S23_E0I120D0,data/outputs_webcam_sg/S23/S23_E0I120D0.arff,fixation,sg,8,5,-3,151.85000000000002,280.3,128.45,79.24749658055903,287.216756126797,207.969259546238
S23,S23_E0I120D0,data/outputs_webcam_sg/S23/S23_E0I120D0.arff,saccade,sg,7,4,-3,34.95714285714286,33.25,-1.7071428571428626,13.46437981525788,7.176117799107444,-6.288262016150436
S23,S23_E0I121D0,data/outputs_webcam_sg/S23/S23_E0I121D0.arff,fixation,sg,6,4,-2,141.76666666666668,239.42499999999998,97.6583333333333,64.46858666565187,153.04274729630282,88.57416063065095
S23,S23_E0I121D0,data/outputs_webcam_sg/S23/S23_E0I121D0.arff,saccade,sg,5,4,-1,34.5,29.55,-4.949999999999999,19.847795847398267,10.277969968173029,-9.569825879225238
S23,S23_E0I122D0,data/outputs_webcam_sg/S23/S23_E0I122D0.arff,fixation,sg,5,4,-1,260.18,342.3,82.12,113.59829224068467,307.9565229054257,194.35823066474103
S23,S23_E0I122D0,data/outputs_webcam_sg/S23/S23_E0I122D0.arff,saccade,sg,4,3,-1,45.7,30.63333333333333,-15.066666666666674,12.261321299109651,15.20175428473087,2.940432985621218
S23,S23_E0I123D0,data/outputs_webcam_sg/S23/S23_E0I123D0.arff,fixation,sg,4,3,-1,242.77499999999998,330.46666666666664,87.69166666666666,58.20277055261201,176.2039821721783,118.0012116195663
S23,S23_E0I123D0,data/outputs_webcam_sg/S23/S23_E0I123D0.arff,saccade,sg,3,2,-1,30.0,33.95,3.950000000000003,0.3999999999999986,5.161879502661797,4.761879502661799
S23,S23_E0I124D0,data/outputs_webcam_sg/S23/S23_E0I124D0.arff,fixation,sg,6,1,-5,154.91666666666666,1145.6,990.6833333333333,58.7503673747379,0.0,-58.7503673747379
S23,S23_E0I124D0,data/outputs_webcam_sg/S23/S23_E0I124D0.arff,saccade,sg,5,0,-5,31.439999999999998,0.0,-31.439999999999998,15.257719357754619,0.0,-15.257719357754619
S23,S23_E0I125D0,data/outputs_webcam_sg/S23/S23_E0I125D0.arff,fixation,sg,8,2,-6,202.9875,965.7,762.7125000000001,68.90545152598595,323.2892203584895,254.38376883250356
S23,S23_E0I125D0,data/outputs_webcam_sg/S23/S23_E0I125D0.arff,saccade,sg,7,1,-6,29.642857142857142,52.0,22.357142857142858,11.888630022400553,0.0,-11.888630022400553
S23,S23_E0I126D0,data/outputs_webcam_sg/S23/S23_E0I126D0.arff,fixation,sg,9,3,-6,200.2,616.5333333333333,416.3333333333333,68.90451726846361,617.6215696794708,548.7170524110072
S23,S23_E0I126D0,data/outputs_webcam_sg/S23/S23_E0I126D0.arff,saccade,sg,8,3,-5,27.85,71.73333333333333,43.88333333333333,11.65222235087735,23.525376369642494,11.873154018765144
S23,S23_E0I127D0,data/outputs_webcam_sg/S23/S23_E0I127D0.arff,fixation,sg,3,2,-1,225.0,363.65000000000003,138.65000000000003,31.712615786150476,492.782715808905,461.0701000227545
S23,S23_E0I127D0,data/outputs_webcam_sg/S23/S23_E0I127D0.arff,saccade,sg,2,1,-1,38.15,61.6,23.450000000000003,11.950104602052654,0.0,-11.950104602052654
S23,S23_E0I128D0,data/outputs_webcam_sg/S23/S23_E0I128D0.arff,fixation,sg,8,4,-4,236.95,528.05,291.09999999999997,79.74781680845116,450.88865218218416,371.140835373733
S23,S23_E0I128D0,data/outputs_webcam_sg/S23/S23_E0I128D0.arff,saccade,sg,8,3,-5,35.712500000000006,37.3,1.5874999999999915,10.493186564896018,22.150169299578728,11.65698273468271
S23,S23_E0I129D0,data/outputs_webcam_sg/S23/S23_E0I129D0.arff,fixation,sg,6,4,-2,190.11666666666667,299.875,109.75833333333333,86.6102919211491,389.1133029080347,302.5030109868856
S23,S23_E0I129D0,data/outputs_webcam_sg/S23/S23_E0I129D0.arff,saccade,sg,5,3,-2,37.35,29.916666666666668,-7.433333333333334,15.025145589976823,0.6350852961085871,-14.390060293868236
S23,S23_E0I130D0,data/outputs_webcam_sg/S23/S23_E0I130D0.arff,fixation,sg,5,2,-3,209.31,591.8499999999999,382.5399999999999,93.70775314775187,382.8276113343968,289.11985818664493
S23,S23_E0I130D0,data/outputs_webcam_sg/S23/S23_E0I130D0.arff,saccade,sg,4,1,-3,39.2,75.55,36.349999999999994,16.24920510876353,0.0,-16.24920510876353
S23,S23_E0I131D0,data/outputs_webcam_sg/S23/S23_E0I131D0.arff,fixation,sg,7,2,-5,239.35714285714286,967.7,728.3428571428572,67.99639346178239,1032.658743244834,964.6623497830517
S23,S23_E0I131D0,data/outputs_webcam_sg/S23/S23_E0I131D0.arff,saccade,sg,6,1,-5,37.18333333333333,52.1,14.916666666666671,13.197790219073292,0.0,-13.197790219073292
S23,S23_E0I132D0,data/outputs_webcam_sg/S23/S23_E0I132D0.arff,fixation,sg,6,4,-2,203.35,314.04999999999995,110.69999999999996,64.91393532978877,157.68596428767316,92.77202895788439
S23,S23_E0I132D0,data/outputs_webcam_sg/S23/S23_E0I132D0.arff,saccade,sg,5,3,-2,24.04,42.43333333333333,18.39333333333333,8.16321015287491,11.209073705410868,3.045863552535957
S23,S23_E0I133D0,data/outputs_webcam_sg/S23/S23_E0I133D0.arff,fixation,sg,9,7,-2,134.36111111111111,190.7357142857143,56.37460317460318,42.2245913078044,108.84253807789534,66.61794677009094
S23,S23_E0I133D0,data/outputs_webcam_sg/S23/S23_E0I133D0.arff,saccade,sg,8,5,-3,35.5375,34.45,-1.0874999999999986,17.598655589886082,12.521182052825523,-5.077473537060559
S23,S23_E0I134D0,data/outputs_webcam_sg/S23/S23_E0I134D0.arff,fixation,sg,12,6,-6,236.35833333333335,535.9833333333332,299.6249999999999,88.49143213106035,419.0109755921277,330.5195434610673
S23,S23_E0I134D0,data/outputs_webcam_sg/S23/S23_E0I134D0.arff,saccade,sg,11,5,-6,37.09090909090909,33.160000000000004,-3.93090909090909,14.294226425060893,12.716642638684156,-1.5775837863767368
S23,S23_E0I135D0,data/outputs_webcam_sg/S23/S23_E0I135D0.arff,fixation,sg,6,3,-3,183.96666666666667,416.3999999999999,232.43333333333325,33.14264121440334,412.7477074436635,379.60506622926016
S23,S23_E0I135D0,data/outputs_webcam_sg/S23/S23_E0I135D0.arff,saccade,sg,5,2,-3,35.78,41.849999999999994,6.069999999999993,14.126995434274056,37.830212793480285,23.703217359206228
S23,S23_E0I136D0,data/outputs_webcam_sg/S23/S23_E0I136D0.arff,fixation,sg,6,5,-1,231.16666666666666,281.84,50.67333333333332,117.1221698341807,141.59192420473704,24.469754370556345
S23,S23_E0I136D0,data/outputs_webcam_sg/S23/S23_E0I136D0.arff,saccade,sg,5,4,-1,28.439999999999998,37.025,8.585,18.42872757408932,8.379091040600207,-10.049636533489112
S23,S23_E0I137D0,data/outputs_webcam_sg/S23/S23_E0I137D0.arff,fixation,sg,5,2,-3,142.36,452.95000000000005,310.59000000000003,0.9071934744033442,437.91122958882886,437.0040361144255
S23,S23_E0I137D0,data/outputs_webcam_sg/S23/S23_E0I137D0.arff,saccade,sg,4,1,-3,35.75,15.2,-20.55,10.7,0.0,-10.7
S23,S23_E0I138D0,data/outputs_webcam_sg/S23/S23_E0I138D0.arff,fixation,sg,6,4,-2,196.28333333333333,321.97499999999997,125.69166666666663,81.54202393040453,304.9521970735741,223.41017314316957
S23,S23_E0I138D0,data/outputs_webcam_sg/S23/S23_E0I138D0.arff,saccade,sg,5,3,-2,34.4,37.666666666666664,3.2666666666666657,14.448702363880294,7.45139807910793,-6.997304284772364
S23,S23_E0I139D0,data/outputs_webcam_sg/S23/S23_E0I139D0.arff,fixation,sg,6,2,-4,152.6833333333333,555.0,402.3166666666667,62.29201125880161,535.2091226800978,472.9171114212962
S23,S23_E0I139D0,data/outputs_webcam_sg/S23/S23_E0I139D0.arff,saccade,sg,5,1,-4,29.590000000000003,15.05,-14.540000000000003,14.575596042700964,0.0,-14.575596042700964
S23,S23_E0I140D0,data/outputs_webcam_sg/S23/S23_E0I140D0.arff,fixation,sg,9,4,-5,140.34444444444443,376.55000000000007,236.20555555555563,73.84800456192285,240.57074496566148,166.7227404037386
S23,S23_E0I140D0,data/outputs_webcam_sg/S23/S23_E0I140D0.arff,saccade,sg,8,3,-5,35.6,60.06666666666666,24.46666666666666,19.116111379820797,35.658425839250576,16.54231445942978
S25,S25_E0I101D0,data/outputs_webcam_sg/S25/S25_E0I101D0.arff,fixation,sg,13,12,-1,192.79230769230767,207.54999999999998,14.75769230769231,98.00979085052727,82.89492253339877,-15.114868317128497
S25,S25_E0I101D0,data/outputs_webcam_sg/S25/S25_E0I101D0.arff,saccade,sg,12,11,-1,29.016666666666662,43.06363636363636,14.0469696969697,11.520719148428613,9.497186186157744,-2.0235329622708687
S25,S25_E0I102D0,data/outputs_webcam_sg/S25/S25_E0I102D0.arff,fixation,sg,8,8,0,238.0875,232.5125,-5.575000000000017,123.60848835277108,124.24887970176172,0.6403913489906472
S25,S25_E0I102D0,data/outputs_webcam_sg/S25/S25_E0I102D0.arff,saccade,sg,7,7,0,24.75714285714286,46.228571428571435,21.471428571428575,9.257403729422403,14.571171799791795,5.313768070369392
S25,S25_E0I103D0,data/outputs_webcam_sg/S25/S25_E0I103D0.arff,fixation,sg,7,6,-1,191.59999999999997,216.21666666666667,24.616666666666703,126.42524800582095,128.41960000975968,1.9943520039387295
S25,S25_E0I103D0,data/outputs_webcam_sg/S25/S25_E0I103D0.arff,saccade,sg,6,5,-1,31.266666666666666,37.42,6.153333333333336,13.90045562802409,9.974818294084358,-3.925637333939733
S25,S25_E0I104D0,data/outputs_webcam_sg/S25/S25_E0I104D0.arff,fixation,sg,9,7,-2,176.3222222222222,165.21428571428572,-11.107936507936472,117.5463289279782,123.9951938392698,6.448864911291608
S25,S25_E0I104D0,data/outputs_webcam_sg/S25/S25_E0I104D0.arff,saccade,sg,8,5,-3,29.125,35.8,6.674999999999997,9.990245242235048,13.397201200250743,3.406955958015695
S25,S25_E0I105D0,data/outputs_webcam_sg/S25/S25_E0I105D0.arff,fixation,sg,9,8,-1,142.98888888888888,149.025,6.036111111111126,71.9177211201183,76.87087038850096,4.95314926838266
S25,S25_E0I105D0,data/outputs_webcam_sg/S25/S25_E0I105D0.arff,saccade,sg,8,8,0,30.0625,37.4875,7.424999999999997,11.931942423595581,17.12328719275929,5.191344769163708
S25,S25_E0I106D0,data/outputs_webcam_sg/S25/S25_E0I106D0.arff,fixation,sg,8,8,0,199.2,190.9875,-8.212499999999977,64.35766132659398,60.867759176290186,-3.4899021503037986
S25,S25_E0I106D0,data/outputs_webcam_sg/S25/S25_E0I106D0.arff,saccade,sg,7,7,0,32.9,39.72857142857142,6.828571428571422,10.17185659880568,11.423326177273454,1.2514695784677734
S25,S25_E0I107D0,data/outputs_webcam_sg/S25/S25_E0I107D0.arff,fixation,sg,6,6,0,158.26666666666668,155.91666666666666,-2.3500000000000227,66.68738011548112,79.41502166886733,12.727641553386206
S25,S25_E0I107D0,data/outputs_webcam_sg/S25/S25_E0I107D0.arff,saccade,sg,5,5,0,34.84,38.0,3.1599999999999966,7.2102704526252,7.779460135510689,0.5691896828854892
S25,S25_E0I108D0,data/outputs_webcam_sg/S25/S25_E0I108D0.arff,fixation,sg,9,9,0,149.89999999999998,143.3222222222222,-6.577777777777783,58.54000768705108,63.49542853185924,4.95542084480816
S25,S25_E0I108D0,data/outputs_webcam_sg/S25/S25_E0I108D0.arff,saccade,sg,8,8,0,30.0625,37.537499999999994,7.474999999999994,7.036829135748166,14.309131699722384,7.272302563974218
S25,S25_E0I109D0,data/outputs_webcam_sg/S25/S25_E0I109D0.arff,fixation,sg,8,7,-1,169.225,118.78571428571429,-50.4392857142857,52.696320012474715,52.446303605733384,-0.25001640674133085
S25,S25_E0I109D0,data/outputs_webcam_sg/S25/S25_E0I109D0.arff,saccade,sg,7,7,0,25.771428571428572,40.75714285714286,14.985714285714288,11.32294341675554,12.81468651494021,1.4917430981846689
S25,S25_E0I110D0,data/outputs_webcam_sg/S25/S25_E0I110D0.arff,fixation,sg,9,9,0,177.2111111111111,158.7111111111111,-18.5,52.10049050739457,54.92839530799267,2.8279048005981053
S25,S25_E0I110D0,data/outputs_webcam_sg/S25/S25_E0I110D0.arff,saccade,sg,8,8,0,28.3125,49.9,21.5875,8.652074482870734,9.735502041497398,1.0834275586266635
S25,S25_E0I111D0,data/outputs_webcam_sg/S25/S25_E0I111D0.arff,fixation,sg,8,7,-1,185.975,220.04285714285717,34.06785714285718,80.36318897889221,82.8803526605845,2.5171636816922955
S25,S25_E0I111D0,data/outputs_webcam_sg/S25/S25_E0I111D0.arff,saccade,sg,7,6,-1,29.828571428571426,48.63333333333333,18.804761904761907,11.947205291854422,13.66099069125906,1.7137853994046388
S25,S25_E0I112D0,data/outputs_webcam_sg/S25/S25_E0I112D0.arff,fixation,sg,8,7,-1,161.8125,186.12857142857143,24.316071428571433,48.265143811480115,73.61584327406962,25.350699462589503
S25,S25_E0I112D0,data/outputs_webcam_sg/S25/S25_E0I112D0.arff,saccade,sg,7,6,-1,23.685714285714283,39.71666666666666,16.030952380952378,11.728942630863843,11.891747839012845,0.16280520814900257
S25,S25_E0I113D0,data/outputs_webcam_sg/S25/S25_E0I113D0.arff,fixation,sg,12,12,0,168.88333333333335,163.2,-5.6833333333333655,77.15632105529578,69.96376984489251,-7.192551210403266
S25,S25_E0I113D0,data/outputs_webcam_sg/S25/S25_E0I113D0.arff,saccade,sg,11,11,0,26.2,38.945454545454545,12.745454545454546,7.010278168517994,12.566333087767779,5.556054919249785
S25,S25_E0I114D0,data/outputs_webcam_sg/S25/S25_E0I114D0.arff,fixation,sg,7,6,-1,164.82857142857142,208.31666666666663,43.48809523809521,79.44230011536075,79.86945390239417,0.42715378703341855
S25,S25_E0I114D0,data/outputs_webcam_sg/S25/S25_E0I114D0.arff,saccade,sg,6,5,-1,36.18333333333333,40.16,3.9766666666666666,13.72011904710257,10.048781020601457,-3.671338026501113
S25,S25_E0I115D0,data/outputs_webcam_sg/S25/S25_E0I115D0.arff,fixation,sg,8,8,0,155.79999999999998,160.53750000000002,4.73750000000004,91.16758509156953,109.98733612167747,18.819751030107938
S25,S25_E0I115D0,data/outputs_webcam_sg/S25/S25_E0I115D0.arff,saccade,sg,7,7,0,30.228571428571428,43.25714285714286,13.028571428571432,12.167540738335235,9.519953981481413,-2.6475867568538227
S25,S25_E0I116D0,data/outputs_webcam_sg/S25/S25_E0I116D0.arff,fixation,sg,10,10,0,211.29000000000002,198.84999999999997,-12.440000000000055,59.66261531869573,53.86828071014209,-5.7943346085536405
S25,S25_E0I116D0,data/outputs_webcam_sg/S25/S25_E0I116D0.arff,saccade,sg,8,9,1,32.9,51.61111111111111,18.71111111111111,9.65874880983187,14.760457686369726,5.101708876537856
S25,S25_E0I117D0,data/outputs_webcam_sg/S25/S25_E0I117D0.arff,fixation,sg,10,10,0,130.70999999999998,129.39,-1.3199999999999932,49.71767961868963,43.67657521168781,-6.041104407001818
S25,S25_E0I117D0,data/outputs_webcam_sg/S25/S25_E0I117D0.arff,saccade,sg,8,8,0,33.900000000000006,41.225,7.324999999999996,9.565264539691817,7.436733153744323,-2.128531385947494
S25,S25_E0I118D0,data/outputs_webcam_sg/S25/S25_E0I118D0.arff,fixation,sg,9,9,0,157.39999999999998,153.10000000000002,-4.2999999999999545,30.163554167239642,33.24345800304174,3.079903835802096
S25,S25_E0I118D0,data/outputs_webcam_sg/S25/S25_E0I118D0.arff,saccade,sg,8,8,0,32.575,38.962500000000006,6.387500000000003,5.366230387472065,11.351895688134459,5.985665300662394
S25,S25_E0I119D0,data/outputs_webcam_sg/S25/S25_E0I119D0.arff,fixation,sg,9,9,0,178.82222222222222,174.64444444444447,-4.177777777777749,81.06862490781772,89.44417408516766,8.375549177349939
S25,S25_E0I119D0,data/outputs_webcam_sg/S25/S25_E0I119D0.arff,saccade,sg,7,7,0,35.214285714285715,48.98571428571428,13.771428571428565,15.19368603197049,11.828979749106088,-3.364706282864402
S25,S25_E0I120D0,data/outputs_webcam_sg/S25/S25_E0I120D0.arff,fixation,sg,9,8,-1,184.03333333333336,202.5625,18.52916666666664,86.59499119464128,97.55405735869142,10.959066164050142
S25,S25_E0I120D0,data/outputs_webcam_sg/S25/S25_E0I120D0.arff,saccade,sg,6,7,1,25.149999999999995,52.214285714285715,27.06428571428572,7.717447764643439,13.418821181637451,5.701373416994012
S25,S25_E0I121D0,data/outputs_webcam_sg/S25/S25_E0I121D0.arff,fixation,sg,10,9,-1,131.38,147.55555555555554,16.175555555555547,37.18956842987022,70.51269586236069,33.323127432490466
S25,S25_E0I121D0,data/outputs_webcam_sg/S25/S25_E0I121D0.arff,saccade,sg,8,8,0,26.8875,30.4125,3.525000000000002,12.33559744340396,7.378818623988144,-4.956778819415817
S25,S25_E0I122D0,data/outputs_webcam_sg/S25/S25_E0I122D0.arff,fixation,sg,11,11,0,180.66363636363636,183.18181818181816,2.5181818181818016,65.24724166931922,57.25771246184776,-7.989529207471463
S25,S25_E0I122D0,data/outputs_webcam_sg/S25/S25_E0I122D0.arff,saccade,sg,10,10,0,38.92,38.89,-0.030000000000001137,10.957067734267838,9.636671855181355,-1.3203958790864831
S25,S25_E0I123D0,data/outputs_webcam_sg/S25/S25_E0I123D0.arff,fixation,sg,7,6,-1,151.65714285714284,182.13333333333335,30.47619047619051,79.84735138881894,68.71423918422343,-11.133112204595506
S25,S25_E0I123D0,data/outputs_webcam_sg/S25/S25_E0I123D0.arff,saccade,sg,6,5,-1,32.18333333333333,40.160000000000004,7.976666666666674,10.925276502984564,10.158395542604156,-0.7668809603804085
S25,S25_E0I124D0,data/outputs_webcam_sg/S25/S25_E0I124D0.arff,fixation,sg,9,8,-1,151.2111111111111,178.3,27.088888888888903,46.2247889244625,87.3130819849711,41.088293060508605
S25,S25_E0I124D0,data/outputs_webcam_sg/S25/S25_E0I124D0.arff,saccade,sg,7,7,0,34.27142857142857,37.24285714285714,2.971428571428568,11.554034545807552,11.824107738409857,0.27007319260230567
S25,S25_E0I125D0,data/outputs_webcam_sg/S25/S25_E0I125D0.arff,fixation,sg,9,9,0,153.63333333333333,147.32222222222222,-6.311111111111103,53.875806258468195,54.16315116797069,0.2873449095024938
S25,S25_E0I125D0,data/outputs_webcam_sg/S25/S25_E0I125D0.arff,saccade,sg,8,8,0,24.4875,43.1375,18.650000000000002,7.613603896034668,12.872555246392558,5.25895135035789
S25,S25_E0I126D0,data/outputs_webcam_sg/S25/S25_E0I126D0.arff,fixation,sg,7,7,0,204.67142857142855,198.14285714285714,-6.528571428571411,140.97803273661367,139.55639071886387,-1.4216420177498037
S25,S25_E0I126D0,data/outputs_webcam_sg/S25/S25_E0I126D0.arff,saccade,sg,6,7,1,33.56666666666666,38.10000000000001,4.533333333333346,11.377990449401276,12.092973166264779,0.7149827168635028
S25,S25_E0I127D0,data/outputs_webcam_sg/S25/S25_E0I127D0.arff,fixation,sg,7,7,0,197.17142857142855,200.6285714285714,3.4571428571428555,91.6473806551632,206.43816438412188,114.79078372895867
S25,S25_E0I127D0,data/outputs_webcam_sg/S25/S25_E0I127D0.arff,saccade,sg,5,5,0,28.48,40.44,11.959999999999997,15.067415173147648,8.297168191618148,-6.7702469815295
S25,S25_E0I128D0,data/outputs_webcam_sg/S25/S25_E0I128D0.arff,fixation,sg,5,4,-1,244.95,252.35000000000002,7.400000000000034,131.40934137267413,144.19715669873662,12.787815326062486
S25,S25_E0I128D0,data/outputs_webcam_sg/S25/S25_E0I128D0.arff,saccade,sg,4,4,0,33.85,34.0,0.14999999999999858,7.872737770305828,14.330038380967444,6.457300610661616
S25,S25_E0I129D0,data/outputs_webcam_sg/S25/S25_E0I129D0.arff,fixation,sg,10,10,0,107.67,104.60999999999999,-3.0600000000000165,60.3458559748168,50.207114369711924,-10.138741605104876
S25,S25_E0I129D0,data/outputs_webcam_sg/S25/S25_E0I129D0.arff,saccade,sg,7,8,1,31.928571428571427,34.787499999999994,2.8589285714285673,15.634866408736842,13.262238283401269,-2.3726281253355737
S25,S25_E0I130D0,data/outputs_webcam_sg/S25/S25_E0I130D0.arff,fixation,sg,9,8,-1,129.25555555555553,146.3875,17.131944444444457,67.94935818517918,63.98239573730976,-3.9669624478694203
S25,S25_E0I130D0,data/outputs_webcam_sg/S25/S25_E0I130D0.arff,saccade,sg,7,8,1,25.87142857142857,35.6125,9.741071428571427,11.351903553400826,11.680073079516974,0.3281695261161488
S25,S25_E0I131D0,data/outputs_webcam_sg/S25/S25_E0I131D0.arff,fixation,sg,7,7,0,162.45714285714283,160.41428571428574,-2.0428571428570876,60.91348666053238,65.81665008621624,4.903163425683864
S25,S25_E0I131D0,data/outputs_webcam_sg/S25/S25_E0I131D0.arff,saccade,sg,6,6,0,34.916666666666664,38.699999999999996,3.7833333333333314,12.23509978163916,7.188602089419053,-5.0464976922201075
S25,S25_E0I132D0,data/outputs_webcam_sg/S25/S25_E0I132D0.arff,fixation,sg,7,7,0,187.20000000000002,176.67142857142858,-10.52857142857144,62.26390072372059,61.676162718014865,-0.5877380057057238
S25,S25_E0I132D0,data/outputs_webcam_sg/S25/S25_E0I132D0.arff,saccade,sg,6,6,0,27.666666666666668,42.46666666666666,14.799999999999994,6.143506056533734,13.177354312101754,7.03384825556802
S25,S25_E0I133D0,data/outputs_webcam_sg/S25/S25_E0I133D0.arff,fixation,sg,10,8,-2,173.84,212.3125,38.4725,102.92258363557642,133.210847236359,30.288263600782585
S25,S25_E0I133D0,data/outputs_webcam_sg/S25/S25_E0I133D0.arff,saccade,sg,9,7,-2,25.92222222222222,40.82857142857143,14.906349206349208,11.218263878356776,5.458239730204323,-5.7600241481524534
S25,S25_E0I134D0,data/outputs_webcam_sg/S25/S25_E0I134D0.arff,fixation,sg,8,8,0,128.3625,133.0875,4.724999999999994,42.74315108044462,46.14766477608281,3.404513695638194
S25,S25_E0I134D0,data/outputs_webcam_sg/S25/S25_E0I134D0.arff,saccade,sg,6,6,0,28.78333333333333,43.849999999999994,15.066666666666663,11.88434544544489,16.36346540314734,4.479119957702451
S25,S25_E0I135D0,data/outputs_webcam_sg/S25/S25_E0I135D0.arff,fixation,sg,10,8,-2,178.70999999999998,230.075,51.36500000000001,96.93706090952924,149.57977088210444,52.642709972575204
S25,S25_E0I135D0,data/outputs_webcam_sg/S25/S25_E0I135D0.arff,saccade,sg,8,7,-1,32.787499999999994,36.464285714285715,3.676785714285721,13.118573256483126,5.230496653100472,-7.888076603382654
S25,S25_E0I136D0,data/outputs_webcam_sg/S25/S25_E0I136D0.arff,fixation,sg,8,8,0,147.9375,148.975,1.0374999999999943,122.43590670224157,122.02398768860397,-0.41191901363760053
S25,S25_E0I136D0,data/outputs_webcam_sg/S25/S25_E0I136D0.arff,saccade,sg,8,6,-2,25.525,31.350000000000005,5.825000000000006,8.929525663294134,3.182294769502032,-5.747230893792102
S25,S25_E0I137D0,data/outputs_webcam_sg/S25/S25_E0I137D0.arff,fixation,sg,10,11,1,186.95,159.31818181818178,-27.631818181818204,87.59873477016282,56.0699708967611,-31.528763873401722
S25,S25_E0I137D0,data/outputs_webcam_sg/S25/S25_E0I137D0.arff,saccade,sg,8,9,1,28.049999999999997,45.955555555555556,17.90555555555556,8.585203217496618,21.60758611640314,13.022382898906523
S25,S25_E0I138D0,data/outputs_webcam_sg/S25/S25_E0I138D0.arff,fixation,sg,9,9,0,133.35555555555553,127.66666666666667,-5.6888888888888545,48.27750799055165,58.51512624954338,10.23761825899173
S25,S25_E0I138D0,data/outputs_webcam_sg/S25/S25_E0I138D0.arff,saccade,sg,8,8,0,24.5,40.337500000000006,15.837500000000006,13.723389835293196,11.284874516676863,-2.438515318616332
S25,S25_E0I139D0,data/outputs_webcam_sg/S25/S25_E0I139D0.arff,fixation,sg,9,9,0,134.43888888888887,127.2611111111111,-7.177777777777763,50.22624922399751,51.483551850189116,1.2573026261916027
S25,S25_E0I139D0,data/outputs_webcam_sg/S25/S25_E0I139D0.arff,saccade,sg,7,8,1,35.121428571428574,36.2625,1.1410714285714292,5.193494098618092,7.191947381819275,1.998453283201183
S25,S25_E0I140D0,data/outputs_webcam_sg/S25/S25_E0I140D0.arff,fixation,sg,17,18,1,170.2294117647059,168.0611111111111,-2.168300653594798,81.94400347726705,80.90877316560547,-1.0352303116615786
S25,S25_E0I140D0,data/outputs_webcam_sg/S25/S25_E0I140D0.arff,saccade,sg,15,16,1,31.613333333333337,35.6625,4.049166666666665,9.24962290093622,9.815421539597777,0.5657986386615566
S26,S26_E0I101D0,data/outputs_webcam_sg/S26/S26_E0I101D0.arff,fixation,sg,13,14,1,191.7769230769231,154.45714285714286,-37.319780219780256,70.54776341654583,79.29295937593328,8.745195959387445
S26,S26_E0I101D0,data/outputs_webcam_sg/S26/S26_E0I101D0.arff,saccade,sg,11,11,0,32.30909090909091,31.818181818181824,-0.4909090909090885,7.307318871577255,10.878861905715889,3.5715430341386334
S26,S26_E0I102D0,data/outputs_webcam_sg/S26/S26_E0I102D0.arff,fixation,sg,9,10,1,195.54444444444445,169.02,-26.52444444444444,105.73909058516523,86.76325130939813,-18.9758392757671
S26,S26_E0I102D0,data/outputs_webcam_sg/S26/S26_E0I102D0.arff,saccade,sg,7,8,1,30.942857142857143,30.7,-0.24285714285714377,13.590420295543616,8.532291603080617,-5.058128692462999
S26,S26_E0I103D0,data/outputs_webcam_sg/S26/S26_E0I103D0.arff,fixation,sg,5,5,0,194.61999999999998,194.37999999999997,-0.2400000000000091,66.79616006927344,74.36122645572759,7.5650663864541485
S26,S26_E0I103D0,data/outputs_webcam_sg/S26/S26_E0I103D0.arff,saccade,sg,3,3,0,33.56666666666667,35.733333333333334,2.1666666666666643,8.3500499000505,6.650062656346429,-1.6999872437040713
S26,S26_E0I104D0,data/outputs_webcam_sg/S26/S26_E0I104D0.arff,fixation,sg,5,7,2,292.90000000000003,198.92857142857142,-93.97142857142862,218.12871200279892,94.38182583325589,-123.74688616954303
S26,S26_E0I104D0,data/outputs_webcam_sg/S26/S26_E0I104D0.arff,saccade,sg,4,6,2,27.525000000000002,36.56666666666667,9.041666666666668,16.991247747001985,17.72440878186538,0.7331610348633966
S26,S26_E0I105D0,data/outputs_webcam_sg/S26/S26_E0I105D0.arff,fixation,sg,10,11,1,237.27000000000004,205.30454545454543,-31.965454545454605,126.95427698366228,105.3446283740786,-21.609648609583687
S26,S26_E0I105D0,data/outputs_webcam_sg/S26/S26_E0I105D0.arff,saccade,sg,9,10,1,39.42777777777778,40.55,1.12222222222222,8.601857034643416,14.101063789657857,5.499206755014441
S26,S26_E0I106D0,data/outputs_webcam_sg/S26/S26_E0I106D0.arff,fixation,sg,4,4,0,354.125,325.525,-28.600000000000023,312.55579101977935,301.91101752006335,-10.644773499715996
S26,S26_E0I106D0,data/outputs_webcam_sg/S26/S26_E0I106D0.arff,saccade,sg,4,3,-1,34.4,59.76666666666667,25.366666666666674,6.7572183626104625,36.30789629451607,29.550677931905607
S26,S26_E0I107D0,data/outputs_webcam_sg/S26/S26_E0I107D0.arff,fixation,sg,7,8,1,185.52857142857144,144.4625,-41.06607142857143,65.61754628872053,69.90301316824619,4.285466879525657
S26,S26_E0I107D0,data/outputs_webcam_sg/S26/S26_E0I107D0.arff,saccade,sg,5,6,1,37.7,33.83333333333333,-3.8666666666666742,14.803209111540644,16.620308861951592,1.8170997504109483
S26,S26_E0I108D0,data/outputs_webcam_sg/S26/S26_E0I108D0.arff,fixation,sg,8,8,0,177.0,160.95,-16.05000000000001,77.93819896009181,76.65341293305677,-1.2847860270350395
S26,S26_E0I108D0,data/outputs_webcam_sg/S26/S26_E0I108D0.arff,saccade,sg,7,7,0,33.042857142857144,43.42857142857143,10.385714285714286,11.583588554913533,12.613447095027102,1.029858540113569
S26,S26_E0I109D0,data/outputs_webcam_sg/S26/S26_E0I109D0.arff,fixation,sg,6,6,0,242.79999999999998,235.54999999999995,-7.250000000000028,100.11615254293385,97.63541877822821,-2.480733764705633
S26,S26_E0I109D0,data/outputs_webcam_sg/S26/S26_E0I109D0.arff,saccade,sg,5,5,0,34.54,38.82,4.280000000000001,13.705765210304751,9.200923866656,-4.504841343648751
S26,S26_E0I110D0,data/outputs_webcam_sg/S26/S26_E0I110D0.arff,fixation,sg,6,6,0,210.20000000000002,212.6,2.3999999999999773,92.0987242039758,104.20657848715695,12.10785428318114
S26,S26_E0I110D0,data/outputs_webcam_sg/S26/S26_E0I110D0.arff,saccade,sg,5,5,0,39.11,39.410000000000004,0.30000000000000426,17.29416086429174,12.020732090850375,-5.273428773441365
S26,S26_E0I111D0,data/outputs_webcam_sg/S26/S26_E0I111D0.arff,fixation,sg,10,9,-1,192.57,213.85555555555553,21.285555555555533,134.45483380426802,150.5978013709954,16.14296756672738
S26,S26_E0I111D0,data/outputs_webcam_sg/S26/S26_E0I111D0.arff,saccade,sg,8,6,-2,43.675000000000004,53.05000000000001,9.375000000000007,8.458765529657049,20.363275767911215,11.904510238254167
S26,S26_E0I112D0,data/outputs_webcam_sg/S26/S26_E0I112D0.arff,fixation,sg,5,5,0,185.61999999999998,179.33999999999997,-6.280000000000001,97.80683513947274,119.81136423561831,22.004529096145575
S26,S26_E0I112D0,data/outputs_webcam_sg/S26/S26_E0I112D0.arff,saccade,sg,4,4,0,36.075,34.45,-1.625,17.283397621224054,7.059036761485238,-10.224360859738816
S26,S26_E0I113D0,data/outputs_webcam_sg/S26/S26_E0I113D0.arff,fixation,sg,9,9,0,179.53333333333336,182.1777777777778,2.6444444444444457,96.79249712658518,87.54625602756776,-9.24624109901741
S26,S26_E0I113D0,data/outputs_webcam_sg/S26/S26_E0I113D0.arff,saccade,sg,7,7,0,42.3142857142857,52.67142857142857,10.357142857142868,19.221639591133442,25.513376510222653,6.29173691908921
S26,S26_E0I114D0,data/outputs_webcam_sg/S26/S26_E0I114D0.arff,fixation,sg,7,7,0,352.27142857142866,344.09999999999997,-8.171428571428692,291.22496295410366,291.07022634867116,-0.1547366054325039
S26,S26_E0I114D0,data/outputs_webcam_sg/S26/S26_E0I114D0.arff,saccade,sg,6,6,0,32.4,34.76666666666667,2.3666666666666742,12.406127518287082,5.283433227236497,-7.1226942910505855
S26,S26_E0I115D0,data/outputs_webcam_sg/S26/S26_E0I115D0.arff,fixation,sg,7,7,0,162.02142857142857,153.82142857142858,-8.199999999999989,56.32254475446798,62.59964627923799,6.277101524770011
S26,S26_E0I115D0,data/outputs_webcam_sg/S26/S26_E0I115D0.arff,saccade,sg,6,6,0,41.083333333333336,37.333333333333336,-3.75,14.298624642484558,9.473630068071408,-4.82499457441315
S26,S26_E0I116D0,data/outputs_webcam_sg/S26/S26_E0I116D0.arff,fixation,sg,8,8,0,245.1625,247.7,2.5374999999999943,124.11875577733724,167.36324054497237,43.24448476763513
S26,S26_E0I116D0,data/outputs_webcam_sg/S26/S26_E0I116D0.arff,saccade,sg,6,7,1,42.36666666666667,37.471428571428575,-4.895238095238092,12.647318556384457,12.257611823640348,-0.3897067327441093
S26,S26_E0I117D0,data/outputs_webcam_sg/S26/S26_E0I117D0.arff,fixation,sg,7,8,1,207.14285714285714,167.775,-39.36785714285713,70.68719490692443,80.30173010055798,9.614535193633543
S26,S26_E0I117D0,data/outputs_webcam_sg/S26/S26_E0I117D0.arff,saccade,sg,6,7,1,37.449999999999996,49.557142857142864,12.107142857142868,10.45633779102416,24.750007215006168,14.293669423982008
S26,S26_E0I118D0,data/outputs_webcam_sg/S26/S26_E0I118D0.arff,fixation,sg,4,3,-1,191.475,276.56666666666666,85.09166666666667,201.6127868795363,244.0886177873383,42.47583090780202
S26,S26_E0I118D0,data/outputs_webcam_sg/S26/S26_E0I118D0.arff,saccade,sg,2,1,-1,36.4,65.0,28.6,0.14142135623731153,0.0,-0.14142135623731153
S26,S26_E0I119D0,data/outputs_webcam_sg/S26/S26_E0I119D0.arff,fixation,sg,9,8,-1,169.16666666666666,186.73749999999998,17.570833333333326,65.51198363658362,57.8337997442425,-7.678183892341124
S26,S26_E0I119D0,data/outputs_webcam_sg/S26/S26_E0I119D0.arff,saccade,sg,8,8,0,37.1,39.662499999999994,2.562499999999993,15.932357013323546,10.845662398265162,-5.086694615058384
S26,S26_E0I120D0,data/outputs_webcam_sg/S26/S26_E0I120D0.arff,fixation,sg,8,8,0,239.175,236.45,-2.7250000000000227,55.21603674917021,57.725087390888504,2.5090506417182965
S26,S26_E0I120D0,data/outputs_webcam_sg/S26/S26_E0I120D0.arff,saccade,sg,7,7,0,44.48571428571428,37.4,-7.085714285714282,22.982995784668613,10.56566767096776,-12.417328113700853
S26,S26_E0I121D0,data/outputs_webcam_sg/S26/S26_E0I121D0.arff,fixation,sg,7,6,-1,220.1285714285714,252.0,31.871428571428595,146.07639227798717,95.7183159066226,-50.35807637136456
S26,S26_E0I121D0,data/outputs_webcam_sg/S26/S26_E0I121D0.arff,saccade,sg,6,5,-1,29.900000000000002,38.779999999999994,8.879999999999992,16.993881251791777,9.700876249081832,-7.293005002709945
S26,S26_E0I122D0,data/outputs_webcam_sg/S26/S26_E0I122D0.arff,fixation,sg,7,7,0,227.43571428571428,230.49285714285716,3.0571428571428783,95.45292781560674,87.58384282394512,-7.869084991661623
S26,S26_E0I122D0,data/outputs_webcam_sg/S26/S26_E0I122D0.arff,saccade,sg,6,6,0,44.5,37.36666666666667,-7.133333333333333,11.519331577830373,13.297130016160128,1.7777984383297554
S26,S26_E0I123D0,data/outputs_webcam_sg/S26/S26_E0I123D0.arff,fixation,sg,6,6,0,165.21666666666667,165.23333333333335,0.01666666666667993,30.745563365576285,36.46881773058549,5.723254365009208
S26,S26_E0I123D0,data/outputs_webcam_sg/S26/S26_E0I123D0.arff,saccade,sg,4,5,1,41.949999999999996,36.260000000000005,-5.689999999999991,10.656609842409235,15.321814513953624,4.665204671544389
S26,S26_E0I124D0,data/outputs_webcam_sg/S26/S26_E0I124D0.arff,fixation,sg,8,7,-1,277.9125,319.5,41.58749999999998,97.66065792909066,90.11413133724734,-7.5465265918433175
S26,S26_E0I124D0,data/outputs_webcam_sg/S26/S26_E0I124D0.arff,saccade,sg,7,6,-1,42.199999999999996,39.65,-2.549999999999997,13.970564293065141,14.083571990088311,0.11300769702316948
S26,S26_E0I125D0,data/outputs_webcam_sg/S26/S26_E0I125D0.arff,fixation,sg,4,22,18,1468.9250000000002,195.73636363636362,-1273.1886363636365,1220.76751642836,91.95470181642257,-1128.8128146119375
S26,S26_E0I125D0,data/outputs_webcam_sg/S26/S26_E0I125D0.arff,saccade,sg,0,18,18,0.0,38.68333333333334,38.68333333333334,0.0,9.19701038381495,9.19701038381495
S26,S26_E0I126D0,data/outputs_webcam_sg/S26/S26_E0I126D0.arff,fixation,sg,11,11,0,182.22727272727275,172.43636363636364,-9.79090909090911,65.35682199907048,72.50601730514886,7.149195306078383
S26,S26_E0I126D0,data/outputs_webcam_sg/S26/S26_E0I126D0.arff,saccade,sg,10,10,0,36.63,46.68,10.049999999999997,10.318920055466613,15.552334587164433,5.23341453169782
S26,S26_E0I127D0,data/outputs_webcam_sg/S26/S26_E0I127D0.arff,fixation,sg,6,7,1,256.15,203.45714285714286,-52.69285714285712,134.9038583584621,147.16674054897567,12.26288219051358
S26,S26_E0I127D0,data/outputs_webcam_sg/S26/S26_E0I127D0.arff,saccade,sg,4,6,2,34.225,37.35,3.125,6.4860748274026765,14.626106795726608,8.140031968323932
S26,S26_E0I128D0,data/outputs_webcam_sg/S26/S26_E0I128D0.arff,fixation,sg,8,8,0,237.32500000000002,221.1625,-16.162500000000023,91.8260272782956,126.81222831414956,34.986201035853966
S26,S26_E0I128D0,data/outputs_webcam_sg/S26/S26_E0I128D0.arff,saccade,sg,6,6,0,23.016666666666666,45.550000000000004,22.53333333333334,9.62510606002171,8.519389649499546,-1.1057164105221648
S26,S26_E0I129D0,data/outputs_webcam_sg/S26/S26_E0I129D0.arff,fixation,sg,7,8,1,209.82857142857142,173.825,-36.00357142857143,82.27493977078143,113.16208034748844,30.88714057670701
S26,S26_E0I129D0,data/outputs_webcam_sg/S26/S26_E0I129D0.arff,saccade,sg,6,6,0,38.51666666666666,40.83333333333333,2.31666666666667,14.086222583314047,19.446919207593442,5.360696624279395
S26,S26_E0I130D0,data/outputs_webcam_sg/S26/S26_E0I130D0.arff,fixation,sg,9,9,0,273.2277777777778,277.1055555555556,3.877777777777794,146.94719100562773,141.7408296073428,-5.20636139828494
S26,S26_E0I130D0,data/outputs_webcam_sg/S26/S26_E0I130D0.arff,saccade,sg,7,6,-1,31.164285714285715,31.5,0.3357142857142854,9.99957141938736,5.65994699621825,-4.33962442316911
S26,S26_E0I131D0,data/outputs_webcam_sg/S26/S26_E0I131D0.arff,fixation,sg,3,3,0,352.93333333333334,362.56666666666666,9.633333333333326,245.8062312744193,255.08144451004924,9.275213235629934
S26,S26_E0I131D0,data/outputs_webcam_sg/S26/S26_E0I131D0.arff,saccade,sg,3,2,-1,24.0,46.6,22.6,16.10807251039056,5.515432893255069,-10.592639617135491
S26,S26_E0I132D0,data/outputs_webcam_sg/S26/S26_E0I132D0.arff,fixation,sg,11,10,-1,234.9181818181818,270.68,35.7618181818182,51.76956283728534,107.5122504647726,55.742687627487264
S26,S26_E0I132D0,data/outputs_webcam_sg/S26/S26_E0I132D0.arff,saccade,sg,10,9,-1,42.88,42.800000000000004,-0.0799999999999983,14.277316897014572,10.611079115716743,-3.666237781297829
S26,S26_E0I133D0,data/outputs_webcam_sg/S26/S26_E0I133D0.arff,fixation,sg,8,8,0,229.025,221.91250000000002,-7.112499999999983,95.94225569878702,142.10278410361988,46.16052840483286
S26,S26_E0I133D0,data/outputs_webcam_sg/S26/S26_E0I133D0.arff,saccade,sg,7,7,0,41.25714285714285,47.41428571428572,6.1571428571428655,12.857534385572938,12.794325379040579,-0.06320900653235917
S26,S26_E0I134D0,data/outputs_webcam_sg/S26/S26_E0I134D0.arff,fixation,sg,9,9,0,296.68333333333334,296.04999999999995,-0.6333333333333826,147.52385400334416,142.6818050768913,-4.842048926452861
S26,S26_E0I134D0,data/outputs_webcam_sg/S26/S26_E0I134D0.arff,saccade,sg,8,8,0,42.3375,38.2125,-4.125,8.801856541175194,15.623511357657636,6.821654816482441
S26,S26_E0I135D0,data/outputs_webcam_sg/S26/S26_E0I135D0.arff,fixation,sg,9,10,1,252.57777777777775,228.81,-23.767777777777752,103.56700461268754,114.09307555188829,10.52607093920075
S26,S26_E0I135D0,data/outputs_webcam_sg/S26/S26_E0I135D0.arff,saccade,sg,8,8,0,32.875,44.375,11.5,11.004382243971197,13.105914695281669,2.1015324513104723
S26,S26_E0I136D0,data/outputs_webcam_sg/S26/S26_E0I136D0.arff,fixation,sg,9,7,-2,141.65555555555557,172.52857142857144,30.873015873015873,71.65759051055079,53.29148506987191,-18.36610544067888
S26,S26_E0I136D0,data/outputs_webcam_sg/S26/S26_E0I136D0.arff,saccade,sg,7,7,0,36.07142857142857,44.32857142857142,8.257142857142853,10.925919379425892,22.002705461352875,11.076786081926983
S26,S26_E0I137D0,data/outputs_webcam_sg/S26/S26_E0I137D0.arff,fixation,sg,4,3,-1,237.5,273.09999999999997,35.599999999999966,160.92161653011902,131.45368005499122,-29.4679364751278
S26,S26_E0I137D0,data/outputs_webcam_sg/S26/S26_E0I137D0.arff,saccade,sg,3,2,-1,41.13333333333333,47.349999999999994,6.2166666666666615,10.3016179958943,24.395183950935884,14.093565955041583
S26,S26_E0I138D0,data/outputs_webcam_sg/S26/S26_E0I138D0.arff,fixation,sg,6,6,0,304.2,296.9166666666667,-7.283333333333303,263.3331426159647,258.1815827410365,-5.151559874928182
S26,S26_E0I138D0,data/outputs_webcam_sg/S26/S26_E0I138D0.arff,saccade,sg,5,5,0,39.08,36.18,-2.8999999999999986,14.022553262512501,6.784688644293119,-7.2378646182193815
S26,S26_E0I139D0,data/outputs_webcam_sg/S26/S26_E0I139D0.arff,fixation,sg,13,14,1,217.8692307692308,196.90000000000003,-20.969230769230762,96.34697179651769,62.93587701291383,-33.411094783603865
S26,S26_E0I139D0,data/outputs_webcam_sg/S26/S26_E0I139D0.arff,saccade,sg,12,13,1,39.825,31.292307692307695,-8.532692307692308,11.27548628259956,15.031049061773297,3.7555627791737365
S26,S26_E0I140D0,data/outputs_webcam_sg/S26/S26_E0I140D0.arff,fixation,sg,9,6,-3,282.93333333333334,366.6499999999999,83.71666666666658,181.23034376174428,218.80090264896077,37.57055888721649
S26,S26_E0I140D0,data/outputs_webcam_sg/S26/S26_E0I140D0.arff,saccade,sg,8,6,-2,39.1125,38.9,-0.21249999999999858,13.855523653557297,11.881077392223318,-1.9744462613339788
S27,S27_E0I101D0,data/outputs_webcam_sg/S27/S27_E0I101D0.arff,fixation,sg,6,6,0,171.9,177.66666666666666,5.7666666666666515,72.43774568551952,71.57673970408729,-0.8610059814322284
S27,S27_E0I101D0,data/outputs_webcam_sg/S27/S27_E0I101D0.arff,saccade,sg,5,5,0,41.63,30.23,-11.400000000000002,3.3146643872344,3.09628810029041,-0.21837628694399003
S27,S27_E0I102D0,data/outputs_webcam_sg/S27/S27_E0I102D0.arff,fixation,sg,9,9,0,125.46666666666667,137.52222222222224,12.055555555555571,53.70526044997827,41.86158076858117,-11.843679681397099
S27,S27_E0I102D0,data/outputs_webcam_sg/S27/S27_E0I102D0.arff,saccade,sg,7,7,0,31.97142857142857,37.128571428571426,5.157142857142855,13.142769150844162,10.552205817697436,-2.5905633331467257
S27,S27_E0I103D0,data/outputs_webcam_sg/S27/S27_E0I103D0.arff,fixation,sg,6,6,0,173.03333333333333,166.58333333333334,-6.449999999999989,68.09639246440788,55.59382759503672,-12.502564869371163
S27,S27_E0I103D0,data/outputs_webcam_sg/S27/S27_E0I103D0.arff,saccade,sg,5,5,0,33.339999999999996,39.160000000000004,5.820000000000007,17.479788328237845,9.893078388449169,-7.586709939788676
S27,S27_E0I104D0,data/outputs_webcam_sg/S27/S27_E0I104D0.arff,fixation,sg,7,7,0,142.35714285714283,144.24285714285713,1.8857142857143003,77.06754304164748,78.91117067401076,1.8436276323632796
S27,S27_E0I104D0,data/outputs_webcam_sg/S27/S27_E0I104D0.arff,saccade,sg,6,6,0,31.599999999999998,31.38333333333333,-0.21666666666666856,10.95700689057007,5.659475829674216,-5.297531060895855
S27,S27_E0I105D0,data/outputs_webcam_sg/S27/S27_E0I105D0.arff,fixation,sg,7,6,-1,166.1142857142857,195.9333333333333,29.81904761904761,72.33955645821607,166.38493521550163,94.04537875728556
S27,S27_E0I105D0,data/outputs_webcam_sg/S27/S27_E0I105D0.arff,saccade,sg,5,5,0,31.46,35.96,4.5,3.8292296875481355,6.955788955970415,3.1265592684222794
S27,S27_E0I106D0,data/outputs_webcam_sg/S27/S27_E0I106D0.arff,fixation,sg,6,6,0,224.13333333333335,220.38333333333333,-3.7500000000000284,83.16031305055715,83.40008792960992,0.23977487905277428
S27,S27_E0I106D0,data/outputs_webcam_sg/S27/S27_E0I106D0.arff,saccade,sg,5,5,0,37.31,40.07,2.759999999999998,15.481214422647856,8.082821289624063,-7.398393133023793
S27,S27_E0I107D0,data/outputs_webcam_sg/S27/S27_E0I107D0.arff,fixation,sg,6,6,0,162.66666666666666,150.68333333333334,-11.98333333333332,71.07431791207473,68.774193318909,-2.3001245931657337
S27,S27_E0I107D0,data/outputs_webcam_sg/S27/S27_E0I107D0.arff,saccade,sg,5,5,0,27.439999999999998,30.3,2.860000000000003,7.929249649241723,3.354101966249683,-4.57514768299204
S27,S27_E0I108D0,data/outputs_webcam_sg/S27/S27_E0I108D0.arff,fixation,sg,7,7,0,128.4857142857143,133.51428571428573,5.028571428571439,44.4314989082981,62.35103390138314,17.919534993085037
S27,S27_E0I108D0,data/outputs_webcam_sg/S27/S27_E0I108D0.arff,saccade,sg,6,6,0,38.449999999999996,37.199999999999996,-1.25,5.839434904166668,7.104927867332644,1.2654929631659755
S27,S27_E0I109D0,data/outputs_webcam_sg/S27/S27_E0I109D0.arff,fixation,sg,9,7,-2,163.83333333333334,138.84285714285713,-24.990476190476215,92.17183680495903,82.64802593211884,-9.523810872840187
S27,S27_E0I109D0,data/outputs_webcam_sg/S27/S27_E0I109D0.arff,saccade,sg,8,5,-3,24.5875,34.779999999999994,10.192499999999995,11.429715344536927,5.881921454762891,-5.547793889774036
S27,S27_E0I110D0,data/outputs_webcam_sg/S27/S27_E0I110D0.arff,fixation,sg,7,7,0,201.84285714285716,200.4857142857143,-1.3571428571428612,98.65807716794501,91.28666256307524,-7.37141460486977
S27,S27_E0I110D0,data/outputs_webcam_sg/S27/S27_E0I110D0.arff,saccade,sg,6,6,0,34.75,32.25,-2.5,9.47348932548087,5.9203885007658075,-3.553100824715062
S27,S27_E0I111D0,data/outputs_webcam_sg/S27/S27_E0I111D0.arff,fixation,sg,4,5,1,180.2,181.78,1.5800000000000125,124.23577047962743,128.07500536794834,3.8392348883209024
S27,S27_E0I111D0,data/outputs_webcam_sg/S27/S27_E0I111D0.arff,saccade,sg,3,3,0,53.400000000000006,40.800000000000004,-12.600000000000001,35.812148776637244,33.570969601725835,-2.2411791749114087
S27,S27_E0I112D0,data/outputs_webcam_sg/S27/S27_E0I112D0.arff,fixation,sg,6,6,0,146.33333333333331,140.38333333333333,-5.949999999999989,28.54082456178635,35.9380810097961,7.397256448009749
S27,S27_E0I112D0,data/outputs_webcam_sg/S27/S27_E0I112D0.arff,saccade,sg,5,5,0,34.6,38.71999999999999,4.11999999999999,12.916462363975674,6.679970059813144,-6.23649230416253
S27,S27_E0I113D0,data/outputs_webcam_sg/S27/S27_E0I113D0.arff,fixation,sg,7,7,0,174.05714285714288,182.0285714285714,7.9714285714285325,91.95098072964126,93.39437374713235,1.4433930174910898
S27,S27_E0I113D0,data/outputs_webcam_sg/S27/S27_E0I113D0.arff,saccade,sg,5,6,1,36.28,37.23333333333333,0.953333333333326,14.366697602441556,10.50231720462997,-3.864380397811587
S27,S27_E0I114D0,data/outputs_webcam_sg/S27/S27_E0I114D0.arff,fixation,sg,7,6,-1,136.74285714285716,158.66666666666666,21.923809523809496,60.83290932663715,45.03987862624262,-15.793030700394532
S27,S27_E0I114D0,data/outputs_webcam_sg/S27/S27_E0I114D0.arff,saccade,sg,6,5,-1,33.61666666666667,38.980000000000004,5.363333333333337,15.473515006832374,6.201370816198626,-9.272144190633748
S27,S27_E0I115D0,data/outputs_webcam_sg/S27/S27_E0I115D0.arff,fixation,sg,7,7,0,137.21428571428572,146.24285714285713,9.02857142857141,43.164971468828305,54.46037878258704,11.295407313758737
S27,S27_E0I115D0,data/outputs_webcam_sg/S27/S27_E0I115D0.arff,saccade,sg,5,5,0,27.18,40.059999999999995,12.879999999999995,11.577866815609859,9.849263931888514,-1.7286028837213454
S27,S27_E0I116D0,data/outputs_webcam_sg/S27/S27_E0I116D0.arff,fixation,sg,7,6,-1,127.82857142857142,130.28333333333333,2.4547619047619094,49.49180788392204,38.08550467916458,-11.406303204757464
S27,S27_E0I116D0,data/outputs_webcam_sg/S27/S27_E0I116D0.arff,saccade,sg,6,6,0,33.5,37.16666666666667,3.6666666666666714,5.88829347094725,5.281540179404741,-0.6067532915425087
S27,S27_E0I117D0,data/outputs_webcam_sg/S27/S27_E0I117D0.arff,fixation,sg,5,5,0,123.3,114.54,-8.759999999999991,24.123328957670825,39.84762226281513,15.724293305144304
S27,S27_E0I117D0,data/outputs_webcam_sg/S27/S27_E0I117D0.arff,saccade,sg,4,4,0,21.95,41.875,19.925,14.299999999999999,17.083983727456545,2.7839837274565458
S27,S27_E0I118D0,data/outputs_webcam_sg/S27/S27_E0I118D0.arff,fixation,sg,7,7,0,143.4,156.21428571428572,12.814285714285717,67.92171964843058,81.74363234265668,13.8219126942261
S27,S27_E0I118D0,data/outputs_webcam_sg/S27/S27_E0I118D0.arff,saccade,sg,7,6,-1,28.457142857142856,30.916666666666668,2.4595238095238123,10.761173595052592,3.634510512664212,-7.126663082388379
S27,S27_E0I119D0,data/outputs_webcam_sg/S27/S27_E0I119D0.arff,fixation,sg,6,6,0,159.91666666666666,156.2,-3.7166666666666686,63.73474457991236,127.97015277008931,64.23540819017695
S27,S27_E0I119D0,data/outputs_webcam_sg/S27/S27_E0I119D0.arff,saccade,sg,4,4,0,33.975,37.825,3.8500000000000014,7.070301738021275,7.098063116090192,0.02776137806891743
S27,S27_E0I120D0,data/outputs_webcam_sg/S27/S27_E0I120D0.arff,fixation,sg,6,6,0,171.5333333333333,171.71666666666667,0.18333333333336554,99.5740210429742,100.74944499433566,1.1754239513614664
S27,S27_E0I120D0,data/outputs_webcam_sg/S27/S27_E0I120D0.arff,saccade,sg,5,5,0,33.31,38.970000000000006,5.660000000000004,14.3444414321367,6.44724747469802,-7.897193957438679
S27,S27_E0I121D0,data/outputs_webcam_sg/S27/S27_E0I121D0.arff,fixation,sg,7,7,0,137.22857142857143,129.07142857142856,-8.157142857142873,34.27475817010307,38.826911383975,4.552153213871932
S27,S27_E0I121D0,data/outputs_webcam_sg/S27/S27_E0I121D0.arff,saccade,sg,5,5,0,28.68,33.00000000000001,4.320000000000007,15.062934641031939,6.300793600809347,-8.762141040222591
S27,S27_E0I122D0,data/outputs_webcam_sg/S27/S27_E0I122D0.arff,fixation,sg,6,5,-1,178.48333333333335,209.86000000000004,31.376666666666694,113.61608014126638,261.8760164658077,148.25993632454134
S27,S27_E0I122D0,data/outputs_webcam_sg/S27/S27_E0I122D0.arff,saccade,sg,5,4,-1,27.1,37.474999999999994,10.374999999999993,7.691553809211764,9.148178325036445,1.4566245158246813
S27,S27_E0I123D0,data/outputs_webcam_sg/S27/S27_E0I123D0.arff,fixation,sg,4,4,0,146.675,150.35000000000002,3.6750000000000114,44.54199329471759,37.091463528238776,-7.450529766478816
S27,S27_E0I123D0,data/outputs_webcam_sg/S27/S27_E0I123D0.arff,saccade,sg,3,3,0,45.4,38.333333333333336,-7.066666666666663,4.243819034784588,7.9964575490234,3.7526385142388117
S27,S27_E0I124D0,data/outputs_webcam_sg/S27/S27_E0I124D0.arff,fixation,sg,6,6,0,150.45000000000002,143.11666666666665,-7.333333333333371,64.22179536574791,58.5384118905413,-5.683383475206611
S27,S27_E0I124D0,data/outputs_webcam_sg/S27/S27_E0I124D0.arff,saccade,sg,5,6,1,34.739999999999995,36.06666666666667,1.326666666666675,5.901101592075838,14.351538825738047,8.450437233662209
S27,S27_E0I125D0,data/outputs_webcam_sg/S27/S27_E0I125D0.arff,fixation,sg,6,6,0,133.91666666666669,135.33333333333334,1.4166666666666572,34.91517817034115,32.18569040220618,-2.729487768134973
S27,S27_E0I125D0,data/outputs_webcam_sg/S27/S27_E0I125D0.arff,saccade,sg,5,5,0,31.799999999999994,30.360000000000003,-1.4399999999999906,11.753510114004241,3.125379976898808,-8.628130137105433
S27,S27_E0I126D0,data/outputs_webcam_sg/S27/S27_E0I126D0.arff,fixation,sg,5,5,0,143.15,172.48999999999998,29.339999999999975,30.627357052151922,29.664675963172094,-0.9626810889798278
S27,S27_E0I126D0,data/outputs_webcam_sg/S27/S27_E0I126D0.arff,saccade,sg,3,3,0,33.550000000000004,23.95,-9.600000000000005,8.662563131083084,8.227393268830657,-0.4351698622524278
S27,S27_E0I127D0,data/outputs_webcam_sg/S27/S27_E0I127D0.arff,fixation,sg,7,7,0,135.15714285714287,128.91428571428574,-6.242857142857133,35.09467467403268,40.939118561242,5.844443887209316
S27,S27_E0I127D0,data/outputs_webcam_sg/S27/S27_E0I127D0.arff,saccade,sg,6,6,0,31.116666666666664,31.3,0.18333333333333712,14.763660341076216,3.680217384883671,-11.083442956192545
S27,S27_E0I128D0,data/outputs_webcam_sg/S27/S27_E0I128D0.arff,fixation,sg,6,6,0,172.0,169.63333333333333,-2.3666666666666742,87.00033907979899,80.96802866975747,-6.032310410041518
S27,S27_E0I128D0,data/outputs_webcam_sg/S27/S27_E0I128D0.arff,saccade,sg,5,5,0,27.45,34.589999999999996,7.139999999999997,12.88681496724462,6.055823643403099,-6.830991323841521
S27,S27_E0I129D0,data/outputs_webcam_sg/S27/S27_E0I129D0.arff,fixation,sg,8,8,0,164.65,171.7625,7.112499999999983,52.475191417332766,61.644625243638,9.16943382630523
S27,S27_E0I129D0,data/outputs_webcam_sg/S27/S27_E0I129D0.arff,saccade,sg,8,7,-1,27.1875,35.1,7.912500000000001,5.140160503330611,13.124023773218335,7.983863269887724
S27,S27_E0I130D0,data/outputs_webcam_sg/S27/S27_E0I130D0.arff,fixation,sg,7,7,0,135.87857142857143,158.25,22.371428571428567,58.542512025755386,38.2506644822457,-20.291847543509682
S27,S27_E0I130D0,data/outputs_webcam_sg/S27/S27_E0I130D0.arff,saccade,sg,5,6,1,34.55,29.016666666666666,-5.533333333333331,7.9053779163301225,9.211225036153804,1.3058471198236816
S27,S27_E0I131D0,data/outputs_webcam_sg/S27/S27_E0I131D0.arff,fixation,sg,6,6,0,157.79999999999998,170.88333333333333,13.083333333333343,34.37417635376883,43.94011454999481,9.565938196225979
S27,S27_E0I131D0,data/outputs_webcam_sg/S27/S27_E0I131D0.arff,saccade,sg,4,4,0,37.925,32.525,-5.399999999999999,16.012781353239877,4.202677717836571,-11.810103635403305
S27,S27_E0I132D0,data/outputs_webcam_sg/S27/S27_E0I132D0.arff,fixation,sg,6,5,-1,197.48333333333335,207.44,9.95666666666665,127.0822319077953,135.47403072175862,8.39179881396332
S27,S27_E0I132D0,data/outputs_webcam_sg/S27/S27_E0I132D0.arff,saccade,sg,5,5,0,33.36,33.220000000000006,-0.13999999999999346,12.16667579908333,9.324805628001046,-2.8418701710822845
S27,S27_E0I133D0,data/outputs_webcam_sg/S27/S27_E0I133D0.arff,fixation,sg,8,6,-2,136.7375,132.95000000000002,-3.7874999999999943,56.676284722977385,50.77483628727916,-5.901448435698228
S27,S27_E0I133D0,data/outputs_webcam_sg/S27/S27_E0I133D0.arff,saccade,sg,6,5,-1,42.00000000000001,38.89,-3.1100000000000065,13.152908423614907,9.659606617248965,-3.493301806365942
S27,S27_E0I134D0,data/outputs_webcam_sg/S27/S27_E0I134D0.arff,fixation,sg,5,6,1,202.3,166.25,-36.05000000000001,168.58079665252504,151.4858640269778,-17.094932625547244
S27,S27_E0I134D0,data/outputs_webcam_sg/S27/S27_E0I134D0.arff,saccade,sg,4,4,0,37.825,41.45,3.625,8.868436540149943,10.611471779792533,1.7430352396425892
S27,S27_E0I135D0,data/outputs_webcam_sg/S27/S27_E0I135D0.arff,fixation,sg,6,6,0,108.38333333333334,136.93333333333334,28.549999999999997,41.31277849124489,50.2813152837778,8.968536792532909
S27,S27_E0I135D0,data/outputs_webcam_sg/S27/S27_E0I135D0.arff,saccade,sg,5,5,0,32.98,28.939999999999998,-4.039999999999999,6.143044847630529,0.05477225575051739,-6.088272591880012
S27,S27_E0I136D0,data/outputs_webcam_sg/S27/S27_E0I136D0.arff,fixation,sg,7,6,-1,152.5,187.58333333333334,35.08333333333334,38.56120675843362,97.59920935472104,59.03800259628742
S27,S27_E0I136D0,data/outputs_webcam_sg/S27/S27_E0I136D0.arff,saccade,sg,6,5,-1,38.36666666666667,38.7,0.3333333333333357,13.885484027093426,12.19282575943739,-1.6926582676560358
S27,S27_E0I137D0,data/outputs_webcam_sg/S27/S27_E0I137D0.arff,fixation,sg,5,5,0,147.01000000000002,147.17,0.15999999999996817,26.042906903800116,30.006449306774034,3.9635424029739177
S27,S27_E0I137D0,data/outputs_webcam_sg/S27/S27_E0I137D0.arff,saccade,sg,4,4,0,34.075,37.4,3.3249999999999957,6.672518265242889,10.61461256947233,3.9420943042294407
S27,S27_E0I138D0,data/outputs_webcam_sg/S27/S27_E0I138D0.arff,fixation,sg,7,6,-1,109.73571428571428,140.04999999999998,30.314285714285703,44.12801183569716,30.556112318159848,-13.571899517537311
S27,S27_E0I138D0,data/outputs_webcam_sg/S27/S27_E0I138D0.arff,saccade,sg,5,5,0,30.15,36.03,5.880000000000003,10.518792706389833,10.079037652474565,-0.4397550539152686
S27,S27_E0I139D0,data/outputs_webcam_sg/S27/S27_E0I139D0.arff,fixation,sg,6,6,0,140.04999999999998,149.9,9.850000000000023,26.296767862229764,37.788344763961284,11.49157690173152
S27,S27_E0I139D0,data/outputs_webcam_sg/S27/S27_E0I139D0.arff,saccade,sg,5,5,0,43.589999999999996,31.890000000000004,-11.699999999999992,8.85313503793995,3.6664696916789032,-5.186665346261046
S27,S27_E0I140D0,data/outputs_webcam_sg/S27/S27_E0I140D0.arff,fixation,sg,6,6,0,105.96666666666665,116.76666666666667,10.800000000000011,44.10490524495735,34.53981277694867,-9.565092468008679
S27,S27_E0I140D0,data/outputs_webcam_sg/S27/S27_E0I140D0.arff,saccade,sg,4,5,1,39.900000000000006,44.99999999999999,5.099999999999987,9.279008567729635,12.205531532874756,2.9265229651451214
S28,S28_E0I103D0,data/outputs_webcam_sg/S28/S28_E0I103D0.arff,fixation,sg,8,8,0,196.875,235.21249999999998,38.33749999999998,127.50808097640603,157.79300579737819,30.28492482097215
S28,S28_E0I103D0,data/outputs_webcam_sg/S28/S28_E0I103D0.arff,saccade,sg,6,8,2,44.833333333333336,45.8375,1.0041666666666629,15.429149900972078,18.475925455266687,3.0467755542946087
S28,S28_E0I104D0,data/outputs_webcam_sg/S28/S28_E0I104D0.arff,fixation,sg,10,11,1,181.39000000000001,183.63636363636365,2.2463636363636397,89.97017345271216,166.46102410310513,76.49085065039297
S28,S28_E0I104D0,data/outputs_webcam_sg/S28/S28_E0I104D0.arff,saccade,sg,9,10,1,30.444444444444443,42.96999999999999,12.525555555555549,21.424816866843408,14.362609635980347,-7.062207230863061
S28,S28_E0I105D0,data/outputs_webcam_sg/S28/S28_E0I105D0.arff,fixation,sg,10,11,1,142.31,151.17272727272726,8.862727272727255,77.5618527370253,91.96549451733614,14.403641780310835
S28,S28_E0I105D0,data/outputs_webcam_sg/S28/S28_E0I105D0.arff,saccade,sg,8,10,2,43.125,41.949999999999996,-1.1750000000000043,20.169549183997997,14.113685242030556,-6.055863941967441
S28,S28_E0I106D0,data/outputs_webcam_sg/S28/S28_E0I106D0.arff,fixation,sg,10,9,-1,180.27000000000004,221.5111111111111,41.24111111111105,110.14118262989149,139.01476939919408,28.87358676930259
S28,S28_E0I106D0,data/outputs_webcam_sg/S28/S28_E0I106D0.arff,saccade,sg,8,7,-1,36.5375,42.542857142857144,6.005357142857143,12.137184599403604,23.880874993940033,11.74369039453643
S28,S28_E0I107D0,data/outputs_webcam_sg/S28/S28_E0I107D0.arff,fixation,sg,9,10,1,135.95555555555555,150.32999999999998,14.374444444444435,139.27747584508336,83.14057773835029,-56.13689810673307
S28,S28_E0I107D0,data/outputs_webcam_sg/S28/S28_E0I107D0.arff,saccade,sg,6,8,2,44.73333333333334,35.3875,-9.345833333333339,16.19094397083341,7.639827503662259,-8.55111646717115
S28,S28_E0I108D0,data/outputs_webcam_sg/S28/S28_E0I108D0.arff,fixation,sg,11,13,2,122.67272727272726,128.7846153846154,6.111888111888135,49.98808039741257,56.800129784972704,6.812049387560137
S28,S28_E0I108D0,data/outputs_webcam_sg/S28/S28_E0I108D0.arff,saccade,sg,7,11,4,39.557142857142864,38.554545454545455,-1.0025974025974094,16.704575934242005,15.472450590411567,-1.2321253438304378
S28,S28_E0I109D0,data/outputs_webcam_sg/S28/S28_E0I109D0.arff,fixation,sg,10,10,0,135.35999999999999,154.11999999999998,18.75999999999999,42.43667700887471,62.764529968942036,20.327852960067325
S28,S28_E0I109D0,data/outputs_webcam_sg/S28/S28_E0I109D0.arff,saccade,sg,8,9,1,39.1875,56.32222222222222,17.134722222222223,11.538065881494795,30.554041376623886,19.01597549512909
S28,S28_E0I110D0,data/outputs_webcam_sg/S28/S28_E0I110D0.arff,fixation,sg,13,13,0,130.36923076923077,160.3230769230769,29.953846153846143,59.596188141739745,106.40619619995628,46.81000805821654
S28,S28_E0I110D0,data/outputs_webcam_sg/S28/S28_E0I110D0.arff,saccade,sg,10,13,3,33.519999999999996,43.50769230769231,9.987692307692313,18.03279728100379,23.505831245971763,5.473033964967971
S28,S28_E0I111D0,data/outputs_webcam_sg/S28/S28_E0I111D0.arff,fixation,sg,9,9,0,216.13333333333333,244.29999999999998,28.166666666666657,142.47879666813586,148.52266662028393,6.043869952148071
S28,S28_E0I111D0,data/outputs_webcam_sg/S28/S28_E0I111D0.arff,saccade,sg,8,7,-1,44.525000000000006,39.08571428571428,-5.439285714285724,28.18473497683251,10.239047574754952,-17.945687402077557
S28,S28_E0I112D0,data/outputs_webcam_sg/S28/S28_E0I112D0.arff,fixation,sg,10,8,-2,208.82,284.9625,76.14249999999998,162.841223282067,275.42832584643764,112.58710256437064
S28,S28_E0I112D0,data/outputs_webcam_sg/S28/S28_E0I112D0.arff,saccade,sg,8,8,0,29.775,44.95,15.175000000000004,11.146652284110111,23.57219912160449,12.42554683749438
S28,S28_E0I113D0,data/outputs_webcam_sg/S28/S28_E0I113D0.arff,fixation,sg,7,7,0,141.99285714285716,156.53571428571428,14.542857142857116,46.569154925510404,42.48644601797254,-4.082708907537864
S28,S28_E0I113D0,data/outputs_webcam_sg/S28/S28_E0I113D0.arff,saccade,sg,7,7,0,37.02142857142858,28.849999999999998,-8.171428571428581,9.346784524764704,10.84927032876712,1.5024858040024167
S28,S28_E0I114D0,data/outputs_webcam_sg/S28/S28_E0I114D0.arff,fixation,sg,8,6,-2,195.375,283.8,88.42500000000001,114.71894537769874,218.8013619701669,104.08241659246816
S28,S28_E0I114D0,data/outputs_webcam_sg/S28/S28_E0I114D0.arff,saccade,sg,6,4,-2,41.23333333333333,41.1,-0.13333333333332575,16.830765480710216,12.60608318762546,-4.224682293084756
S28,S28_E0I115D0,data/outputs_webcam_sg/S28/S28_E0I115D0.arff,fixation,sg,12,15,3,159.50833333333333,154.66,-4.848333333333329,54.29413928414429,76.86237980033813,22.56824051619384
S28,S28_E0I115D0,data/outputs_webcam_sg/S28/S28_E0I115D0.arff,saccade,sg,9,14,5,47.66666666666666,43.378571428571426,-4.288095238095231,13.784955567574384,24.777631927931374,10.99267636035699
S28,S28_E0I116D0,data/outputs_webcam_sg/S28/S28_E0I116D0.arff,fixation,sg,5,8,3,140.8,158.1875,17.38749999999999,62.71259841531046,79.32456721776498,16.61196880245452
S28,S28_E0I116D0,data/outputs_webcam_sg/S28/S28_E0I116D0.arff,saccade,sg,3,7,4,53.166666666666664,39.642857142857146,-13.523809523809518,19.856065404136174,12.177829191178688,-7.678236212957486
S28,S28_E0I117D0,data/outputs_webcam_sg/S28/S28_E0I117D0.arff,fixation,sg,7,6,-1,319.5285714285714,380.06666666666666,60.53809523809525,402.5146445132388,592.4801217481197,189.9654772348809
S28,S28_E0I117D0,data/outputs_webcam_sg/S28/S28_E0I117D0.arff,saccade,sg,5,4,-1,44.879999999999995,37.125,-7.7549999999999955,10.359391874043572,19.226262420623165,8.866870546579593
S28,S28_E0I118D0,data/outputs_webcam_sg/S28/S28_E0I118D0.arff,fixation,sg,9,8,-1,136.03333333333333,164.0,27.96666666666667,82.8579959931448,97.70788826175412,14.849892268609324
S28,S28_E0I118D0,data/outputs_webcam_sg/S28/S28_E0I118D0.arff,saccade,sg,7,6,-1,49.685714285714276,46.81666666666666,-2.8690476190476133,17.037451743284905,16.78754498628869,-0.24990675699621434
S28,S28_E0I119D0,data/outputs_webcam_sg/S28/S28_E0I119D0.arff,fixation,sg,7,6,-1,152.84285714285713,201.63333333333333,48.7904761904762,46.563535702767005,92.14609414764504,45.58255844487804
S28,S28_E0I119D0,data/outputs_webcam_sg/S28/S28_E0I119D0.arff,saccade,sg,5,3,-2,41.36,48.9,7.539999999999999,19.99507439346,18.864516956444977,-1.1305574370150246
S28,S28_E0I120D0,data/outputs_webcam_sg/S28/S28_E0I120D0.arff,fixation,sg,10,12,2,222.91,206.51666666666665,-16.393333333333345,144.56721965922978,166.2038662351606,21.636646575930826
S28,S28_E0I120D0,data/outputs_webcam_sg/S28/S28_E0I120D0.arff,saccade,sg,7,11,4,41.82857142857143,47.43636363636363,5.607792207792201,11.85393243973131,18.183029050588505,6.329096610857196
S28,S28_E0I121D0,data/outputs_webcam_sg/S28/S28_E0I121D0.arff,fixation,sg,12,11,-1,136.54166666666666,160.96363636363637,24.42196969696971,44.57270788137947,59.44466793123288,14.871960049853406
S28,S28_E0I121D0,data/outputs_webcam_sg/S28/S28_E0I121D0.arff,saccade,sg,10,10,0,34.21,40.18,5.969999999999999,12.172049037765898,10.24291625140679,-1.9291327863591086
S28,S28_E0I122D0,data/outputs_webcam_sg/S28/S28_E0I122D0.arff,fixation,sg,8,7,-1,133.75,194.58571428571426,60.83571428571426,54.31350792258904,63.380318411197344,9.066810488608304
S28,S28_E0I122D0,data/outputs_webcam_sg/S28/S28_E0I122D0.arff,saccade,sg,7,7,0,51.88571428571429,54.271428571428565,2.385714285714272,10.816719861928043,24.388707379011453,13.57198751708341
S28,S28_E0I123D0,data/outputs_webcam_sg/S28/S28_E0I123D0.arff,fixation,sg,10,9,-1,145.69,172.7555555555556,27.06555555555559,45.35804351061795,88.90524606443523,43.547202553817286
S28,S28_E0I123D0,data/outputs_webcam_sg/S28/S28_E0I123D0.arff,saccade,sg,8,9,1,37.849999999999994,48.05555555555556,10.205555555555563,19.644701212140784,29.25316697005262,9.608465757911837
S28,S28_E0I124D0,data/outputs_webcam_sg/S28/S28_E0I124D0.arff,fixation,sg,12,9,-3,178.2833333333333,277.7666666666667,99.4833333333334,86.5445952656604,194.19514025845243,107.65054499279202
S28,S28_E0I124D0,data/outputs_webcam_sg/S28/S28_E0I124D0.arff,saccade,sg,9,8,-1,35.955555555555556,49.6375,13.681944444444447,17.434313229312412,15.204034943771623,-2.2302782855407894
S28,S28_E0I125D0,data/outputs_webcam_sg/S28/S28_E0I125D0.arff,fixation,sg,8,7,-1,135.425,166.3857142857143,30.96071428571429,80.47897240894666,84.60091466352337,4.121942254576709
S28,S28_E0I125D0,data/outputs_webcam_sg/S28/S28_E0I125D0.arff,saccade,sg,6,5,-1,43.18333333333333,39.760000000000005,-3.423333333333325,11.614201077416677,14.529039885691002,2.9148388082743253
S28,S28_E0I126D0,data/outputs_webcam_sg/S28/S28_E0I126D0.arff,fixation,sg,15,13,-2,158.36,221.14615384615382,62.78615384615381,74.65009616298465,117.75085007042493,43.10075390744028
S28,S28_E0I126D0,data/outputs_webcam_sg/S28/S28_E0I126D0.arff,saccade,sg,12,11,-1,36.825,38.10909090909092,1.2840909090909136,17.19509047267959,15.722306099644195,-1.4727843730353936
S28,S28_E0I127D0,data/outputs_webcam_sg/S28/S28_E0I127D0.arff,fixation,sg,6,5,-1,172.74999999999997,237.06,64.31000000000003,145.64935633225434,229.62568018407697,83.97632385182263
S28,S28_E0I127D0,data/outputs_webcam_sg/S28/S28_E0I127D0.arff,saccade,sg,4,3,-1,37.3,41.800000000000004,4.500000000000007,25.639032743065798,10.769865365917997,-14.8691673771478
S28,S28_E0I128D0,data/outputs_webcam_sg/S28/S28_E0I128D0.arff,fixation,sg,6,5,-1,176.33333333333334,249.24,72.90666666666667,63.43200033631816,93.43325425136383,30.001253915045673
S28,S28_E0I128D0,data/outputs_webcam_sg/S28/S28_E0I128D0.arff,saccade,sg,4,5,1,46.925,53.81999999999999,6.894999999999996,23.20292725785549,15.878035142926217,-7.324892114929272
S28,S28_E0I129D0,data/outputs_webcam_sg/S28/S28_E0I129D0.arff,fixation,sg,6,6,0,187.35,211.20000000000002,23.850000000000023,132.13585433182018,149.88259071686744,17.746736385047257
S28,S28_E0I129D0,data/outputs_webcam_sg/S28/S28_E0I129D0.arff,saccade,sg,5,4,-1,43.769999999999996,39.375,-4.394999999999996,10.372415340700543,6.9404010450885805,-3.432014295611963
S28,S28_E0I130D0,data/outputs_webcam_sg/S28/S28_E0I130D0.arff,fixation,sg,8,6,-2,144.22500000000002,234.54999999999998,90.32499999999996,65.93873238523341,151.13278598636367,85.19405360113026
S28,S28_E0I130D0,data/outputs_webcam_sg/S28/S28_E0I130D0.arff,saccade,sg,6,6,0,30.183333333333334,48.06666666666667,17.883333333333336,13.266411220321292,46.570577263618574,33.304166043297286
S28,S28_E0I131D0,data/outputs_webcam_sg/S28/S28_E0I131D0.arff,fixation,sg,11,8,-3,151.19090909090912,250.15,98.95909090909089,72.2806952726031,109.85127608336126,37.57058081075816
S28,S28_E0I131D0,data/outputs_webcam_sg/S28/S28_E0I131D0.arff,saccade,sg,10,8,-2,36.55,48.2625,11.712500000000006,18.857491879886886,34.15527307124668,15.297781191359796
S28,S28_E0I132D0,data/outputs_webcam_sg/S28/S28_E0I132D0.arff,fixation,sg,5,4,-1,215.0,270.65000000000003,55.650000000000034,107.64545972775629,366.7810473111536,259.1355875833973
S28,S28_E0I132D0,data/outputs_webcam_sg/S28/S28_E0I132D0.arff,saccade,sg,3,3,0,32.4,35.06666666666667,2.6666666666666714,30.137684051698468,9.058881461490339,-21.078802590208127
S28,S28_E0I133D0,data/outputs_webcam_sg/S28/S28_E0I133D0.arff,fixation,sg,13,10,-3,153.6923076923077,208.69,54.99769230769229,74.49083233904761,137.9836741550729,63.492841816025276
S28,S28_E0I133D0,data/outputs_webcam_sg/S28/S28_E0I133D0.arff,saccade,sg,11,9,-2,33.83636363636364,40.56666666666667,6.730303030303027,13.669621262293461,8.195730595865143,-5.473890666428318
S28,S28_E0I134D0,data/outputs_webcam_sg/S28/S28_E0I134D0.arff,fixation,sg,7,8,1,128.32857142857145,146.33749999999998,18.008928571428527,82.52182972373056,111.28248402152066,28.760654297790097
S28,S28_E0I134D0,data/outputs_webcam_sg/S28/S28_E0I134D0.arff,saccade,sg,4,7,3,37.175,35.21428571428571,-1.960714285714289,14.760843471834526,11.209434801604788,-3.5514086702297387
S28,S28_E0I135D0,data/outputs_webcam_sg/S28/S28_E0I135D0.arff,fixation,sg,9,9,0,177.03333333333336,198.2111111111111,21.17777777777775,72.86983257837224,72.32187505251169,-0.5479575258605536
S28,S28_E0I135D0,data/outputs_webcam_sg/S28/S28_E0I135D0.arff,saccade,sg,7,9,2,37.01428571428572,46.87777777777777,9.863492063492053,12.670625947630286,23.827073770071816,11.15644782244153
S28,S28_E0I136D0,data/outputs_webcam_sg/S28/S28_E0I136D0.arff,fixation,sg,11,9,-2,135.83636363636361,212.2111111111111,76.3747474747475,70.98681951922163,103.86163204528953,32.8748125260679
S28,S28_E0I136D0,data/outputs_webcam_sg/S28/S28_E0I136D0.arff,saccade,sg,8,7,-1,39.45,37.32857142857143,-2.1214285714285737,8.835318734649992,11.411502133916505,2.5761833992665135
S28,S28_E0I137D0,data/outputs_webcam_sg/S28/S28_E0I137D0.arff,fixation,sg,10,12,2,168.81,144.975,-23.835000000000008,81.72053257562902,78.74265478010112,-2.9778777955279025
S28,S28_E0I137D0,data/outputs_webcam_sg/S28/S28_E0I137D0.arff,saccade,sg,8,10,2,33.650000000000006,36.64,2.989999999999995,10.275769001463031,11.59005320666533,1.3142842052022985
S28,S28_E0I138D0,data/outputs_webcam_sg/S28/S28_E0I138D0.arff,fixation,sg,7,7,0,199.8857142857143,244.32857142857142,44.44285714285712,219.9672962705398,202.8146996175385,-17.152596653001297
S28,S28_E0I138D0,data/outputs_webcam_sg/S28/S28_E0I138D0.arff,saccade,sg,4,4,0,40.375,40.725,0.3500000000000014,13.95955467293519,13.874527018965367,-0.08502765396982248
S28,S28_E0I139D0,data/outputs_webcam_sg/S28/S28_E0I139D0.arff,fixation,sg,7,7,0,248.35714285714286,261.8857142857143,13.52857142857144,55.59157181752336,44.63669747981768,-10.954874337705682
S28,S28_E0I139D0,data/outputs_webcam_sg/S28/S28_E0I139D0.arff,saccade,sg,5,6,1,44.68,42.18333333333334,-2.4966666666666626,13.929536962871376,13.356109713036451,-0.5734272498349249
S28,S28_E0I140D0,data/outputs_webcam_sg/S28/S28_E0I140D0.arff,fixation,sg,6,6,0,211.38333333333335,213.98333333333335,2.5999999999999943,79.9623015343272,82.64982556948725,2.6875240351600524
S28,S28_E0I140D0,data/outputs_webcam_sg/S28/S28_E0I140D0.arff,saccade,sg,4,5,1,29.625,38.940000000000005,9.315000000000005,11.839869087114097,16.41182500516015,4.5719559180460525
S29,S29_E0I102D0,data/outputs_webcam_sg/S29/S29_E0I102D0.arff,fixation,sg,6,6,0,163.46666666666667,151.6333333333333,-11.833333333333371,92.48382921714835,107.77550123597973,15.291672018831377
S29,S29_E0I102D0,data/outputs_webcam_sg/S29/S29_E0I102D0.arff,saccade,sg,6,6,0,31.266666666666662,37.199999999999996,5.933333333333334,14.127656092454497,13.051589941459241,-1.0760661509952563
S29,S29_E0I103D0,data/outputs_webcam_sg/S29/S29_E0I103D0.arff,fixation,sg,4,4,0,170.875,182.025,11.150000000000006,82.4186214800191,89.73075931176926,7.312137831750164
S29,S29_E0I103D0,data/outputs_webcam_sg/S29/S29_E0I103D0.arff,saccade,sg,3,3,0,41.199999999999996,36.03333333333333,-5.166666666666664,23.243923937235724,7.300913184892238,-15.943010752343486
S29,S29_E0I104D0,data/outputs_webcam_sg/S29/S29_E0I104D0.arff,fixation,sg,5,5,0,100.9,116.48000000000002,15.580000000000013,23.263275779648914,24.24504073001322,0.9817649503643047
S29,S29_E0I104D0,data/outputs_webcam_sg/S29/S29_E0I104D0.arff,saccade,sg,4,5,1,32.625,33.3,0.6749999999999972,7.117759478937174,13.272339658100977,6.154580179163803
S29,S29_E0I105D0,data/outputs_webcam_sg/S29/S29_E0I105D0.arff,fixation,sg,4,5,1,149.15,119.22,-29.930000000000007,65.10988148251128,71.18228009835032,6.072398615839035
S29,S29_E0I105D0,data/outputs_webcam_sg/S29/S29_E0I105D0.arff,saccade,sg,3,4,1,43.0,52.02499999999999,9.024999999999991,25.62732916243907,12.179867268023353,-13.447461894415719
S29,S29_E0I106D0,data/outputs_webcam_sg/S29/S29_E0I106D0.arff,fixation,sg,5,5,0,98.02,108.2,10.180000000000007,47.23554805440496,58.225338126970115,10.989790072565157
S29,S29_E0I106D0,data/outputs_webcam_sg/S29/S29_E0I106D0.arff,saccade,sg,3,3,0,28.833333333333332,43.300000000000004,14.466666666666672,0.40414518843273833,12.04284019656493,11.638695008132192
S29,S29_E0I107D0,data/outputs_webcam_sg/S29/S29_E0I107D0.arff,fixation,sg,6,4,-2,72.2,140.075,67.87499999999999,33.00502991969557,36.23822797360085,3.2331980539052765
S29,S29_E0I107D0,data/outputs_webcam_sg/S29/S29_E0I107D0.arff,saccade,sg,5,3,-2,37.4,52.46666666666667,15.06666666666667,7.808008709011536,24.920741026970557,17.112732317959022
S29,S29_E0I108D0,data/outputs_webcam_sg/S29/S29_E0I108D0.arff,fixation,sg,6,6,0,120.21666666666665,116.71666666666668,-3.4999999999999716,41.73078799479668,55.80117083598395,14.070382841187275
S29,S29_E0I108D0,data/outputs_webcam_sg/S29/S29_E0I108D0.arff,saccade,sg,5,5,0,36.31,42.57,6.259999999999998,14.479744472883493,12.091815413741646,-2.3879290591418467
S29,S29_E0I109D0,data/outputs_webcam_sg/S29/S29_E0I109D0.arff,fixation,sg,6,6,0,117.95,118.93333333333332,0.9833333333333201,43.393547907494266,55.97861794173439,12.585070034240125
S29,S29_E0I109D0,data/outputs_webcam_sg/S29/S29_E0I109D0.arff,saccade,sg,6,5,-1,26.38333333333333,47.55,21.166666666666668,5.811941729462424,20.732944798074392,14.921003068611968
S29,S29_E0I110D0,data/outputs_webcam_sg/S29/S29_E0I110D0.arff,fixation,sg,5,3,-2,161.72000000000003,119.60000000000001,-42.12000000000002,69.77819860099571,62.03579611804785,-7.74240248294786
S29,S29_E0I110D0,data/outputs_webcam_sg/S29/S29_E0I110D0.arff,saccade,sg,4,2,-2,32.325,46.900000000000006,14.575000000000003,13.641205958418778,4.666904755831214,-8.974301202587565
S29,S29_E0I111D0,data/outputs_webcam_sg/S29/S29_E0I111D0.arff,fixation,sg,6,5,-1,104.18333333333334,123.64000000000001,19.456666666666678,44.33966245548862,33.257976486851994,-11.081685968636627
S29,S29_E0I111D0,data/outputs_webcam_sg/S29/S29_E0I111D0.arff,saccade,sg,5,4,-1,29.8,39.125,9.325,10.38388174046681,8.872194392219622,-1.5116873482471878
S29,S29_E0I112D0,data/outputs_webcam_sg/S29/S29_E0I112D0.arff,fixation,sg,12,11,-1,128.025,151.98181818181817,23.956818181818164,47.068385935205534,60.68286114187133,13.614475206665794
S29,S29_E0I112D0,data/outputs_webcam_sg/S29/S29_E0I112D0.arff,saccade,sg,9,13,4,34.57777777777778,35.03846153846154,0.46068376068375727,11.665523753541647,16.87520560178643,5.209681848244783
S29,S29_E0I113D0,data/outputs_webcam_sg/S29/S29_E0I113D0.arff,fixation,sg,6,8,2,143.71666666666667,104.0375,-39.679166666666674,73.95799934196886,55.93248321477805,-18.025516127190805
S29,S29_E0I113D0,data/outputs_webcam_sg/S29/S29_E0I113D0.arff,saccade,sg,5,5,0,34.68,47.82,13.14,7.874769837906375,20.872278265680535,12.99750842777416
S29,S29_E0I114D0,data/outputs_webcam_sg/S29/S29_E0I114D0.arff,fixation,sg,5,5,0,123.26000000000002,144.76,21.49999999999997,84.84260722066479,70.12016828274159,-14.7224389379232
S29,S29_E0I114D0,data/outputs_webcam_sg/S29/S29_E0I114D0.arff,saccade,sg,4,3,-1,21.65,19.166666666666668,-2.4833333333333307,8.259741723161406,8.082903768654761,-0.1768379545066452
S29,S29_E0I115D0,data/outputs_webcam_sg/S29/S29_E0I115D0.arff,fixation,sg,5,4,-1,111.20000000000002,161.9,50.69999999999999,53.01518650349163,43.087275770618554,-9.927910732873073
S29,S29_E0I115D0,data/outputs_webcam_sg/S29/S29_E0I115D0.arff,saccade,sg,4,3,-1,28.924999999999997,43.36666666666667,14.44166666666667,11.557789581057444,12.568346483660186,1.0105569026027421
S29,S29_E0I116D0,data/outputs_webcam_sg/S29/S29_E0I116D0.arff,fixation,sg,4,2,-2,94.85000000000001,196.45,101.59999999999998,47.35852615949952,193.81796872323267,146.45944256373315
S29,S29_E0I116D0,data/outputs_webcam_sg/S29/S29_E0I116D0.arff,saccade,sg,3,3,0,31.733333333333334,36.7,4.966666666666669,3.478984526170438,21.702764800826646,18.223780274656207
S29,S29_E0I117D0,data/outputs_webcam_sg/S29/S29_E0I117D0.arff,fixation,sg,6,5,-1,118.81666666666666,148.07999999999998,29.26333333333332,54.586277274299135,62.08560219567819,7.499324921379056
S29,S29_E0I117D0,data/outputs_webcam_sg/S29/S29_E0I117D0.arff,saccade,sg,6,4,-2,36.36666666666667,63.724999999999994,27.358333333333327,12.918307422672163,45.98314002617335,33.06483260350119
S29,S29_E0I118D0,data/outputs_webcam_sg/S29/S29_E0I118D0.arff,fixation,sg,4,4,0,102.075,116.575,14.5,53.99175091314104,55.22785378170452,1.2361028685634778
S29,S29_E0I118D0,data/outputs_webcam_sg/S29/S29_E0I118D0.arff,saccade,sg,2,2,0,29.200000000000003,35.95,6.75,0.8485281374238565,10.96015510839149,10.111626970967633
S29,S29_E0I119D0,data/outputs_webcam_sg/S29/S29_E0I119D0.arff,fixation,sg,5,4,-1,112.85,115.67500000000001,2.825000000000017,38.66897981586791,60.898022682733036,22.22904286686513
S29,S29_E0I119D0,data/outputs_webcam_sg/S29/S29_E0I119D0.arff,saccade,sg,4,3,-1,30.625,34.01666666666667,3.391666666666673,3.556566696501934,8.865852092908687,5.309285396406754
S29,S29_E0I120D0,data/outputs_webcam_sg/S29/S29_E0I120D0.arff,fixation,sg,4,4,0,102.04999999999998,107.62500000000001,5.575000000000031,35.931184227631576,40.02427388473151,4.093089657099931
S29,S29_E0I120D0,data/outputs_webcam_sg/S29/S29_E0I120D0.arff,saccade,sg,3,3,0,41.13333333333333,41.13333333333333,0.0,4.707794954470014,4.707794954470014,0.0
S29,S29_E0I121D0,data/outputs_webcam_sg/S29/S29_E0I121D0.arff,fixation,sg,6,5,-1,123.01666666666667,169.48,46.463333333333324,61.13416120849837,145.83145065451419,84.69728944601582
S29,S29_E0I121D0,data/outputs_webcam_sg/S29/S29_E0I121D0.arff,saccade,sg,5,4,-1,32.120000000000005,34.074999999999996,1.9549999999999912,12.128767455928898,15.647230851921796,3.5184633959928977
S29,S29_E0I122D0,data/outputs_webcam_sg/S29/S29_E0I122D0.arff,fixation,sg,4,4,0,129.875,142.525,12.650000000000006,26.101771970500398,14.1325569755323,-11.969214994968098
S29,S29_E0I122D0,data/outputs_webcam_sg/S29/S29_E0I122D0.arff,saccade,sg,3,3,0,40.63333333333333,38.300000000000004,-2.3333333333333286,10.884086242461208,3.7242448899072143,-7.159841352553994
S29,S29_E0I123D0,data/outputs_webcam_sg/S29/S29_E0I123D0.arff,fixation,sg,4,4,0,145.975,138.77499999999998,-7.200000000000017,23.629836365634585,21.081963064825498,-2.547873300809087
S29,S29_E0I123D0,data/outputs_webcam_sg/S29/S29_E0I123D0.arff,saccade,sg,3,3,0,36.63333333333333,44.03333333333333,7.399999999999999,8.00333263917809,7.610738028163452,-0.3925946110146388
S29,S29_E0I124D0,data/outputs_webcam_sg/S29/S29_E0I124D0.arff,fixation,sg,5,5,0,114.6,103.44000000000001,-11.159999999999982,61.67045483860161,59.87309913475334,-1.7973557038482681
S29,S29_E0I124D0,data/outputs_webcam_sg/S29/S29_E0I124D0.arff,saccade,sg,4,3,-1,37.55,45.4,7.850000000000001,17.782856913330885,15.087743370033838,-2.6951135432970474
S29,S29_E0I125D0,data/outputs_webcam_sg/S29/S29_E0I125D0.arff,fixation,sg,4,4,0,105.125,108.77499999999999,3.6499999999999915,51.626632339003734,64.40705836060724,12.780426021603503
S29,S29_E0I125D0,data/outputs_webcam_sg/S29/S29_E0I125D0.arff,saccade,sg,5,3,-2,30.48,36.46666666666667,5.986666666666668,12.613564127557286,6.750061728112814,-5.863502399444472
S29,S29_E0I126D0,data/outputs_webcam_sg/S29/S29_E0I126D0.arff,fixation,sg,6,4,-2,74.21666666666667,112.85,38.633333333333326,42.715321216943536,27.264017801246148,-15.451303415697389
S29,S29_E0I126D0,data/outputs_webcam_sg/S29/S29_E0I126D0.arff,saccade,sg,4,3,-1,18.15,38.28333333333333,20.133333333333333,7.199999999999998,25.211373094961196,18.011373094961197
S29,S29_E0I127D0,data/outputs_webcam_sg/S29/S29_E0I127D0.arff,fixation,sg,4,4,0,146.275,128.575,-17.700000000000017,41.84426483999928,63.48398091907385,21.639716079074567
S29,S29_E0I127D0,data/outputs_webcam_sg/S29/S29_E0I127D0.arff,saccade,sg,3,3,0,28.5,35.666666666666664,7.166666666666664,14.1,12.240234202552388,-1.8597657974476114
S29,S29_E0I128D0,data/outputs_webcam_sg/S29/S29_E0I128D0.arff,fixation,sg,6,5,-1,133.78333333333333,161.7,27.916666666666657,68.39033313756168,51.669623571301535,-16.720709566260147
S29,S29_E0I128D0,data/outputs_webcam_sg/S29/S29_E0I128D0.arff,saccade,sg,5,4,-1,27.48,50.49999999999999,23.019999999999992,17.840179371295573,10.255080041943442,-7.585099329352131
S29,S29_E0I129D0,data/outputs_webcam_sg/S29/S29_E0I129D0.arff,fixation,sg,6,5,-1,129.71666666666667,152.88,23.163333333333327,61.6668927923782,69.88388226193504,8.216989469556843
S29,S29_E0I129D0,data/outputs_webcam_sg/S29/S29_E0I129D0.arff,saccade,sg,4,4,0,25.525,48.974999999999994,23.449999999999996,7.085842692768916,12.242650856738504,5.156808163969587
S29,S29_E0I130D0,data/outputs_webcam_sg/S29/S29_E0I130D0.arff,fixation,sg,4,5,1,203.675,142.57000000000002,-61.10499999999999,92.84781006212981,68.75406897049803,-24.093741091631784
S29,S29_E0I130D0,data/outputs_webcam_sg/S29/S29_E0I130D0.arff,saccade,sg,2,3,1,36.35,41.21666666666667,4.866666666666667,10.748023074035524,11.154072499913804,0.40604942587827964
S29,S29_E0I131D0,data/outputs_webcam_sg/S29/S29_E0I131D0.arff,fixation,sg,14,12,-2,238.23571428571427,262.20833333333337,23.972619047619105,141.35393035346993,247.12606815268612,105.77213779921618
S29,S29_E0I131D0,data/outputs_webcam_sg/S29/S29_E0I131D0.arff,saccade,sg,13,10,-3,29.788461538461544,41.61,11.821538461538456,15.200248817126779,20.6262077087487,5.425958891621923
S29,S29_E0I132D0,data/outputs_webcam_sg/S29/S29_E0I132D0.arff,fixation,sg,5,5,0,131.45999999999998,140.14000000000001,8.680000000000035,25.814492053883217,46.44160849927573,20.627116445392513
S29,S29_E0I132D0,data/outputs_webcam_sg/S29/S29_E0I132D0.arff,saccade,sg,5,4,-1,28.96,45.224999999999994,16.264999999999993,10.509662221023092,15.148899850044115,4.639237629021023
S29,S29_E0I133D0,data/outputs_webcam_sg/S29/S29_E0I133D0.arff,fixation,sg,6,6,0,142.10000000000002,143.41666666666666,1.3166666666666345,44.49804490087177,42.511100511121406,-1.986944389750363
S29,S29_E0I133D0,data/outputs_webcam_sg/S29/S29_E0I133D0.arff,saccade,sg,5,5,0,31.339999999999996,41.260000000000005,9.920000000000009,11.73213535550967,7.823234625140678,-3.908900730368991
S29,S29_E0I134D0,data/outputs_webcam_sg/S29/S29_E0I134D0.arff,fixation,sg,5,4,-1,100.26,134.225,33.96499999999999,40.88756534693647,41.0725678931003,0.1850025461638296
S29,S29_E0I134D0,data/outputs_webcam_sg/S29/S29_E0I134D0.arff,saccade,sg,4,5,1,37.9,23.1,-14.799999999999997,6.928684338795256,12.801562404644208,5.872878065848952
S29,S29_E0I135D0,data/outputs_webcam_sg/S29/S29_E0I135D0.arff,fixation,sg,5,4,-1,109.56000000000002,160.27499999999998,50.71499999999996,36.167775712642324,60.02707028222073,23.859294569578402
S29,S29_E0I135D0,data/outputs_webcam_sg/S29/S29_E0I135D0.arff,saccade,sg,4,3,-1,33.025,34.06666666666666,1.0416666666666643,15.476299083867994,8.962886439832502,-6.513412644035492
S29,S29_E0I136D0,data/outputs_webcam_sg/S29/S29_E0I136D0.arff,fixation,sg,5,6,1,109.75999999999999,84.48333333333333,-25.276666666666657,50.13863779561626,65.27775782505604,15.13912002943978
S29,S29_E0I136D0,data/outputs_webcam_sg/S29/S29_E0I136D0.arff,saccade,sg,4,4,0,45.324999999999996,43.55,-1.7749999999999986,19.19138261477444,10.447487736293352,-8.743894878481088
S29,S29_E0I137D0,data/outputs_webcam_sg/S29/S29_E0I137D0.arff,fixation,sg,6,4,-2,102.78333333333332,180.65,77.86666666666669,55.27999336710042,66.88649589665566,11.606502529555243
S29,S29_E0I137D0,data/outputs_webcam_sg/S29/S29_E0I137D0.arff,saccade,sg,4,3,-1,30.724999999999998,28.96666666666667,-1.7583333333333293,12.19818975640785,14.550715904495329,2.3525261480874793
S29,S29_E0I139D0,data/outputs_webcam_sg/S29/S29_E0I139D0.arff,fixation,sg,5,5,0,145.01999999999998,157.54000000000002,12.520000000000039,40.28978778797427,113.1262480594137,72.83646027143942
S29,S29_E0I139D0,data/outputs_webcam_sg/S29/S29_E0I139D0.arff,saccade,sg,5,4,-1,34.42,43.075,8.655000000000001,5.954158210864069,8.17694930888042,2.2227910980163514
S29,S29_E0I140D0,data/outputs_webcam_sg/S29/S29_E0I140D0.arff,fixation,sg,6,6,0,138.35,131.35,-7.0,29.68169469555268,64.66036653159337,34.97867183604069
S29,S29_E0I140D0,data/outputs_webcam_sg/S29/S29_E0I140D0.arff,saccade,sg,6,6,0,37.11666666666667,37.11666666666667,0.0,9.329612353504654,15.155648012099867,5.826035658595213
S30,S30_E0I101D0,data/outputs_webcam_sg/S30/S30_E0I101D0.arff,fixation,sg,6,5,-1,178.91666666666666,244.99,66.07333333333335,78.04500411087609,120.40013704311137,42.35513293223528
S30,S30_E0I101D0,data/outputs_webcam_sg/S30/S30_E0I101D0.arff,saccade,sg,5,4,-1,37.769999999999996,39.825,2.055000000000007,7.522100770396526,9.464098830140493,1.941998059743967
S30,S30_E0I102D0,data/outputs_webcam_sg/S30/S30_E0I102D0.arff,fixation,sg,6,6,0,169.88333333333335,175.76666666666668,5.883333333333326,128.3415819859903,133.05258609537307,4.71100410938277
S30,S30_E0I102D0,data/outputs_webcam_sg/S30/S30_E0I102D0.arff,saccade,sg,6,5,-1,39.666666666666664,42.1,2.433333333333337,17.407661148662868,13.556363819254779,-3.851297329408089
S30,S30_E0I103D0,data/outputs_webcam_sg/S30/S30_E0I103D0.arff,fixation,sg,5,5,0,132.45999999999998,147.0,14.54000000000002,88.15865243979175,56.13893479573691,-32.01971764405484
S30,S30_E0I103D0,data/outputs_webcam_sg/S30/S30_E0I103D0.arff,saccade,sg,3,4,1,24.166666666666668,48.925,24.75833333333333,16.22354256422848,13.730592364012075,-2.4929502002164057
S30,S30_E0I104D0,data/outputs_webcam_sg/S30/S30_E0I104D0.arff,fixation,sg,6,6,0,204.30000000000004,209.08333333333334,4.783333333333303,136.22901306256315,133.58142710222356,-2.6475859603395975
S30,S30_E0I104D0,data/outputs_webcam_sg/S30/S30_E0I104D0.arff,saccade,sg,4,5,1,33.5,36.28,2.780000000000001,14.416888244925348,12.099876032422811,-2.3170122125025365
S30,S30_E0I105D0,data/outputs_webcam_sg/S30/S30_E0I105D0.arff,fixation,sg,9,7,-2,202.65555555555557,287.91428571428577,85.2587301587302,145.4869849085401,158.73756569226063,13.250580783720523
S30,S30_E0I105D0,data/outputs_webcam_sg/S30/S30_E0I105D0.arff,saccade,sg,6,6,0,29.183333333333337,49.699999999999996,20.51666666666666,8.98741712989147,13.899352502904584,4.9119353730131134
S30,S30_E0I106D0,data/outputs_webcam_sg/S30/S30_E0I106D0.arff,fixation,sg,5,6,1,163.57,142.21666666666667,-21.353333333333325,116.90866948177967,92.70364969442501,-24.205019787354658
S30,S30_E0I106D0,data/outputs_webcam_sg/S30/S30_E0I106D0.arff,saccade,sg,4,5,1,34.475,54.95,20.475,10.652190698005114,17.556480285068528,6.904289587063413
S30,S30_E0I107D0,data/outputs_webcam_sg/S30/S30_E0I107D0.arff,fixation,sg,6,6,0,164.93333333333334,213.73333333333335,48.80000000000001,164.0827281180645,155.05496337320733,-9.027764744857166
S30,S30_E0I107D0,data/outputs_webcam_sg/S30/S30_E0I107D0.arff,saccade,sg,5,5,0,51.89,49.17,-2.719999999999999,39.60066918626502,20.165738270641125,-19.434930915623898
S30,S30_E0I108D0,data/outputs_webcam_sg/S30/S30_E0I108D0.arff,fixation,sg,5,4,-1,124.42,194.95,70.52999999999999,24.48503624665481,50.27620378137819,25.79116753472338
S30,S30_E0I108D0,data/outputs_webcam_sg/S30/S30_E0I108D0.arff,saccade,sg,3,3,0,43.76666666666667,46.1,2.3333333333333286,14.400462955521025,17.743449495518057,3.3429865399970318
S30,S30_E0I109D0,data/outputs_webcam_sg/S30/S30_E0I109D0.arff,fixation,sg,5,6,1,208.9,186.06666666666663,-22.83333333333337,53.782013722061386,98.24765985338617,44.46564613132478
S30,S30_E0I109D0,data/outputs_webcam_sg/S30/S30_E0I109D0.arff,saccade,sg,4,5,1,38.075,34.6,-3.4750000000000014,21.584620296251064,7.715892689767012,-13.868727606484052
S30,S30_E0I110D0,data/outputs_webcam_sg/S30/S30_E0I110D0.arff,fixation,sg,6,5,-1,128.35,155.48,27.129999999999995,71.9204491087201,73.24497935012337,1.3245302414032665
S30,S30_E0I110D0,data/outputs_webcam_sg/S30/S30_E0I110D0.arff,saccade,sg,5,4,-1,52.08,40.1,-11.979999999999997,28.060060584396464,9.29623579735368,-18.763824787042786
S30,S30_E0I111D0,data/outputs_webcam_sg/S30/S30_E0I111D0.arff,fixation,sg,8,7,-1,84.6125,110.10714285714286,25.494642857142864,64.85762291357894,62.04704820115289,-2.810574712426046
S30,S30_E0I111D0,data/outputs_webcam_sg/S30/S30_E0I111D0.arff,saccade,sg,6,6,0,39.96666666666666,42.46666666666666,2.5,21.907570989652562,16.052092283146973,-5.85547870650559
S30,S30_E0I112D0,data/outputs_webcam_sg/S30/S30_E0I112D0.arff,fixation,sg,5,5,0,199.8,212.46000000000004,12.660000000000025,129.66501070065124,132.75672487674592,3.0917141760946834
S30,S30_E0I112D0,data/outputs_webcam_sg/S30/S30_E0I112D0.arff,saccade,sg,3,4,1,34.199999999999996,50.8,16.6,16.803571049035977,20.92032504527595,4.1167539962399715
S30,S30_E0I113D0,data/outputs_webcam_sg/S30/S30_E0I113D0.arff,fixation,sg,7,6,-1,126.8142857142857,149.14999999999998,22.335714285714275,50.04309571330923,51.82681738250961,1.783721669200382
S30,S30_E0I113D0,data/outputs_webcam_sg/S30/S30_E0I113D0.arff,saccade,sg,6,5,-1,32.93333333333333,35.019999999999996,2.086666666666666,17.63946333272831,13.548505452632034,-4.090957880096278
S30,S30_E0I114D0,data/outputs_webcam_sg/S30/S30_E0I114D0.arff,fixation,sg,9,9,0,125.1222222222222,128.2444444444444,3.122222222222206,60.97851625322187,62.71481306499906,1.7362968117771942
S30,S30_E0I114D0,data/outputs_webcam_sg/S30/S30_E0I114D0.arff,saccade,sg,6,9,3,34.85,36.77777777777778,1.9277777777777771,9.309940923550483,14.769205951724162,5.459265028173679
S30,S30_E0I115D0,data/outputs_webcam_sg/S30/S30_E0I115D0.arff,fixation,sg,7,7,0,109.17142857142858,170.6285714285714,61.45714285714283,45.060763208720516,53.17921631256941,8.118453103848893
S30,S30_E0I115D0,data/outputs_webcam_sg/S30/S30_E0I115D0.arff,saccade,sg,4,6,2,36.175,41.13333333333333,4.958333333333336,8.343210812790641,14.682597408723929,6.339386595933288
S30,S30_E0I117D0,data/outputs_webcam_sg/S30/S30_E0I117D0.arff,fixation,sg,7,7,0,132.83571428571426,157.39285714285714,24.55714285714288,68.42741722855999,82.09114562774838,13.663728399188386
S30,S30_E0I117D0,data/outputs_webcam_sg/S30/S30_E0I117D0.arff,saccade,sg,5,6,1,42.13000000000001,43.26666666666667,1.1366666666666632,9.280463350501417,18.019702180298832,8.739238829797415
S30,S30_E0I118D0,data/outputs_webcam_sg/S30/S30_E0I118D0.arff,fixation,sg,8,5,-3,133.0875,207.85999999999999,74.77249999999998,77.65008393887469,143.3322817790884,65.6821978402137
S30,S30_E0I118D0,data/outputs_webcam_sg/S30/S30_E0I118D0.arff,saccade,sg,6,3,-3,27.316666666666663,36.46666666666667,9.150000000000006,9.885022340220921,11.64230790407698,1.7572855638560583
S30,S30_E0I119D0,data/outputs_webcam_sg/S30/S30_E0I119D0.arff,fixation,sg,6,6,0,147.08333333333334,183.66666666666666,36.583333333333314,68.22842271859044,74.42162768084737,6.193204962256928
S30,S30_E0I119D0,data/outputs_webcam_sg/S30/S30_E0I119D0.arff,saccade,sg,5,5,0,35.08,30.68,-4.399999999999999,18.562246631267453,10.66123820201012,-7.901008429257333
S30,S30_E0I120D0,data/outputs_webcam_sg/S30/S30_E0I120D0.arff,fixation,sg,7,6,-1,137.17142857142858,175.48333333333335,38.31190476190477,88.9956312464403,76.74298447849594,-12.252646767944356
S30,S30_E0I120D0,data/outputs_webcam_sg/S30/S30_E0I120D0.arff,saccade,sg,5,5,0,36.239999999999995,43.42,7.180000000000007,15.799462016157385,13.752345254537495,-2.0471167616198898
S30,S30_E0I121D0,data/outputs_webcam_sg/S30/S30_E0I121D0.arff,fixation,sg,7,7,0,167.44285714285712,158.05714285714285,-9.385714285714272,67.47865976595507,122.24165761778126,54.762997851826185
S30,S30_E0I121D0,data/outputs_webcam_sg/S30/S30_E0I121D0.arff,saccade,sg,5,6,1,24.56,46.96666666666667,22.40666666666667,13.900467618033574,23.46168507730565,9.561217459272076
S30,S30_E0I122D0,data/outputs_webcam_sg/S30/S30_E0I122D0.arff,fixation,sg,5,5,0,161.45999999999998,168.84,7.380000000000024,106.14783558791954,106.05695639607994,-0.0908791918396048
S30,S30_E0I122D0,data/outputs_webcam_sg/S30/S30_E0I122D0.arff,saccade,sg,4,4,0,37.875,41.45,3.575000000000003,16.805430669875737,6.882102391953589,-9.923328277922147
S30,S30_E0I123D0,data/outputs_webcam_sg/S30/S30_E0I123D0.arff,fixation,sg,6,6,0,201.45000000000002,212.38333333333333,10.933333333333309,205.9213223539515,200.58963499310394,-5.331687360847553
S30,S30_E0I123D0,data/outputs_webcam_sg/S30/S30_E0I123D0.arff,saccade,sg,4,5,1,37.9,39.1,1.2000000000000028,6.936377536822323,10.853801177467737,3.9174236406454144
S30,S30_E0I124D0,data/outputs_webcam_sg/S30/S30_E0I124D0.arff,fixation,sg,6,6,0,131.16666666666666,174.35,43.18333333333334,112.65900171165492,121.74760367251587,9.088601960860942
S30,S30_E0I124D0,data/outputs_webcam_sg/S30/S30_E0I124D0.arff,saccade,sg,4,5,1,32.475,33.42,0.9450000000000003,13.727678852109946,18.634296337667273,4.906617485557327
S30,S30_E0I125D0,data/outputs_webcam_sg/S30/S30_E0I125D0.arff,fixation,sg,7,7,0,95.90714285714286,120.23571428571427,24.328571428571408,66.06690692378591,77.36399740989407,11.29709048610816
S30,S30_E0I125D0,data/outputs_webcam_sg/S30/S30_E0I125D0.arff,saccade,sg,5,6,1,43.589999999999996,35.03333333333333,-8.556666666666665,32.522115552343756,15.838613154776736,-16.68350239756702
S30,S30_E0I126D0,data/outputs_webcam_sg/S30/S30_E0I126D0.arff,fixation,sg,10,8,-2,134.43,193.7375,59.307500000000005,82.77824526340777,81.78083843856264,-0.9974068248451289
S30,S30_E0I126D0,data/outputs_webcam_sg/S30/S30_E0I126D0.arff,saccade,sg,6,7,1,35.15,41.75714285714285,6.607142857142854,13.551789549723683,12.748576017586846,-0.8032135321368372
S30,S30_E0I127D0,data/outputs_webcam_sg/S30/S30_E0I127D0.arff,fixation,sg,6,6,0,156.86666666666667,157.9333333333333,1.0666666666666345,93.99409910556442,99.27939698984208,5.285297884277668
S30,S30_E0I127D0,data/outputs_webcam_sg/S30/S30_E0I127D0.arff,saccade,sg,4,5,1,35.824999999999996,33.0,-2.8249999999999957,5.675312032537654,13.813037319865606,8.137725287327951
S30,S30_E0I128D0,data/outputs_webcam_sg/S30/S30_E0I128D0.arff,fixation,sg,5,5,0,139.23,154.89000000000001,15.660000000000025,49.01848630873866,55.55279470917732,6.534308400438661
S30,S30_E0I128D0,data/outputs_webcam_sg/S30/S30_E0I128D0.arff,saccade,sg,3,3,0,33.38333333333333,28.78333333333333,-4.600000000000001,4.2770706486254495,14.050029655959213,9.772959007333764
S30,S30_E0I129D0,data/outputs_webcam_sg/S30/S30_E0I129D0.arff,fixation,sg,6,5,-1,123.30000000000001,167.84,44.53999999999999,24.140919617943304,115.17974214244447,91.03882252450117
S30,S30_E0I129D0,data/outputs_webcam_sg/S30/S30_E0I129D0.arff,saccade,sg,5,4,-1,27.68,43.675000000000004,15.995000000000005,12.89251720960651,15.595806060177418,2.7032888505709085
S30,S30_E0I130D0,data/outputs_webcam_sg/S30/S30_E0I130D0.arff,fixation,sg,5,5,0,179.5,175.35999999999999,-4.140000000000015,85.96880248090001,95.46676385004363,9.497961369143624
S30,S30_E0I130D0,data/outputs_webcam_sg/S30/S30_E0I130D0.arff,saccade,sg,4,4,0,41.575,41.55,-0.025000000000005684,16.75835612463227,3.5911929308610886,-13.167163193771183
S30,S30_E0I131D0,data/outputs_webcam_sg/S30/S30_E0I131D0.arff,fixation,sg,5,6,1,145.6,127.56666666666668,-18.033333333333317,73.96897998485582,61.30310486971004,-12.66587511514578
S30,S30_E0I131D0,data/outputs_webcam_sg/S30/S30_E0I131D0.arff,saccade,sg,3,5,2,45.93333333333334,33.660000000000004,-12.273333333333333,8.429313930168533,14.033816302061245,5.604502371892712
S30,S30_E0I132D0,data/outputs_webcam_sg/S30/S30_E0I132D0.arff,fixation,sg,10,10,0,155.19,164.56,9.370000000000005,70.76933501014248,98.28612652183759,27.516791511695104
S30,S30_E0I132D0,data/outputs_webcam_sg/S30/S30_E0I132D0.arff,saccade,sg,8,9,1,33.550000000000004,40.52222222222222,6.972222222222214,10.860413041342923,8.845306351079337,-2.015106690263586
S30,S30_E0I133D0,data/outputs_webcam_sg/S30/S30_E0I133D0.arff,fixation,sg,8,7,-1,103.71249999999999,143.8142857142857,40.1017857142857,37.497140367157144,79.11861198166183,41.621471614504685
S30,S30_E0I133D0,data/outputs_webcam_sg/S30/S30_E0I133D0.arff,saccade,sg,6,6,0,37.51666666666667,39.86666666666667,2.3499999999999943,8.321398119707208,8.934577027854575,0.6131789081473666
S30,S30_E0I134D0,data/outputs_webcam_sg/S30/S30_E0I134D0.arff,fixation,sg,7,6,-1,162.91428571428568,205.79999999999998,42.8857142857143,107.15825413178132,109.48784407412542,2.3295899423441
S30,S30_E0I134D0,data/outputs_webcam_sg/S30/S30_E0I134D0.arff,saccade,sg,5,5,0,33.28,40.28,7.0,21.303919827111628,17.60843547848587,-3.695484348625758
S30,S30_E0I135D0,data/outputs_webcam_sg/S30/S30_E0I135D0.arff,fixation,sg,6,5,-1,142.31666666666666,179.37999999999997,37.063333333333304,68.25863803700354,137.4176917285398,69.15905369153627
S30,S30_E0I135D0,data/outputs_webcam_sg/S30/S30_E0I135D0.arff,saccade,sg,4,4,0,22.125,36.125,14.0,8.25,17.884327403250776,9.634327403250776
S30,S30_E0I136D0,data/outputs_webcam_sg/S30/S30_E0I136D0.arff,fixation,sg,5,6,1,146.62000000000003,129.33333333333334,-17.28666666666669,47.037400013181006,75.26036584196669,28.222965828785682
S30,S30_E0I136D0,data/outputs_webcam_sg/S30/S30_E0I136D0.arff,saccade,sg,4,5,1,52.175000000000004,45.940000000000005,-6.234999999999999,47.93456477324061,20.52591045483732,-27.40865431840329
S30,S30_E0I137D0,data/outputs_webcam_sg/S30/S30_E0I137D0.arff,fixation,sg,4,4,0,262.325,246.075,-16.25,281.221980826535,282.40088969406594,1.1789088675309358
S30,S30_E0I137D0,data/outputs_webcam_sg/S30/S30_E0I137D0.arff,saccade,sg,3,3,0,26.883333333333336,36.28333333333333,9.399999999999995,10.789501069712786,7.405628490096795,-3.383872579615991
S30,S30_E0I138D0,data/outputs_webcam_sg/S30/S30_E0I138D0.arff,fixation,sg,5,5,0,115.2,109.5,-5.700000000000003,48.54848092371171,58.820914647767935,10.272433724056228
S30,S30_E0I138D0,data/outputs_webcam_sg/S30/S30_E0I138D0.arff,saccade,sg,4,4,0,43.675,48.775000000000006,5.1000000000000085,27.532934823589002,10.358692002371727,-17.174242821217277
S30,S30_E0I139D0,data/outputs_webcam_sg/S30/S30_E0I139D0.arff,fixation,sg,6,6,0,129.16666666666666,137.8,8.633333333333354,56.915610043876946,73.2669639059788,16.351353862101853
S30,S30_E0I139D0,data/outputs_webcam_sg/S30/S30_E0I139D0.arff,saccade,sg,5,6,1,30.46,36.48333333333333,6.023333333333326,16.15481352414815,14.456336557602228,-1.6984769665459218
S30,S30_E0I140D0,data/outputs_webcam_sg/S30/S30_E0I140D0.arff,fixation,sg,7,8,1,164.1,158.925,-5.174999999999983,64.99766662478483,72.98864393080024,7.9909773060154095
S30,S30_E0I140D0,data/outputs_webcam_sg/S30/S30_E0I140D0.arff,saccade,sg,5,7,2,34.14,35.51428571428571,1.374285714285712,14.413812819653236,10.950864284221067,-3.4629485354321687
S31,S31_E0I101D0,data/outputs_webcam_sg/S31/S31_E0I101D0.arff,fixation,sg,3,3,0,249.33333333333334,249.13333333333335,-0.19999999999998863,153.52662092722986,173.3361570282823,19.80953610105243
S31,S31_E0I101D0,data/outputs_webcam_sg/S31/S31_E0I101D0.arff,saccade,sg,2,2,0,29.75,30.6,0.8500000000000014,20.57680733252853,0.141421356237309,-20.435385976291222
S31,S31_E0I102D0,data/outputs_webcam_sg/S31/S31_E0I102D0.arff,fixation,sg,5,5,0,271.64,271.64,0.0,178.84009058373908,178.84009058373908,0.0
S31,S31_E0I102D0,data/outputs_webcam_sg/S31/S31_E0I102D0.arff,saccade,sg,4,4,0,35.4,35.4,0.0,6.593936608733813,6.593936608733813,0.0
S31,S31_E0I103D0,data/outputs_webcam_sg/S31/S31_E0I103D0.arff,fixation,sg,4,4,0,191.75,200.95,9.199999999999989,133.1731829861653,143.58877625589915,10.415593269733847
S31,S31_E0I103D0,data/outputs_webcam_sg/S31/S31_E0I103D0.arff,saccade,sg,3,4,1,46.0,36.2,-9.799999999999997,14.992331373072036,21.759748773059552,6.767417399987517
S31,S31_E0I104D0,data/outputs_webcam_sg/S31/S31_E0I104D0.arff,fixation,sg,6,5,-1,174.30000000000004,221.6,47.299999999999955,92.06921309536645,92.06351068691656,-0.005702408449892005
S31,S31_E0I104D0,data/outputs_webcam_sg/S31/S31_E0I104D0.arff,saccade,sg,5,4,-1,25.32,40.475,15.155000000000001,16.233822716784854,12.44357263811322,-3.790250078671633
S31,S31_E0I105D0,data/outputs_webcam_sg/S31/S31_E0I105D0.arff,fixation,sg,8,7,-1,112.95,149.09285714285716,36.14285714285715,55.128473327569765,70.21058460429019,15.082111276720426
S31,S31_E0I105D0,data/outputs_webcam_sg/S31/S31_E0I105D0.arff,saccade,sg,7,6,-1,33.56428571428572,42.916666666666664,9.352380952380948,12.232392593905274,14.056125592305534,1.82373299840026
S31,S31_E0I106D0,data/outputs_webcam_sg/S31/S31_E0I106D0.arff,fixation,sg,5,5,0,285.30000000000007,285.0,-0.3000000000000682,99.86070298170347,113.04538911428455,13.184686132581078
S31,S31_E0I106D0,data/outputs_webcam_sg/S31/S31_E0I106D0.arff,saccade,sg,4,4,0,29.725,37.375,7.649999999999999,0.35939764421413056,15.083406997978496,14.724009353764366
S31,S31_E0I107D0,data/outputs_webcam_sg/S31/S31_E0I107D0.arff,fixation,sg,6,6,0,168.66666666666666,186.0833333333333,17.41666666666663,46.551376635569724,47.83816119654544,1.2867845609757183
S31,S31_E0I107D0,data/outputs_webcam_sg/S31/S31_E0I107D0.arff,saccade,sg,6,5,-1,39.9,41.9,2.0,12.902867898261997,8.633655077659752,-4.269212820602245
S31,S31_E0I108D0,data/outputs_webcam_sg/S31/S31_E0I108D0.arff,fixation,sg,7,6,-1,148.22857142857143,160.41666666666666,12.18809523809523,133.87481359197372,131.76799940299114,-2.1068141889825824
S31,S31_E0I108D0,data/outputs_webcam_sg/S31/S31_E0I108D0.arff,saccade,sg,6,6,0,28.36666666666667,43.28333333333333,14.91666666666666,7.157839525070862,11.988230339239678,4.830390814168815
S31,S31_E0I109D0,data/outputs_webcam_sg/S31/S31_E0I109D0.arff,fixation,sg,4,4,0,235.325,248.3,12.975000000000023,168.12129301985124,185.09158994040402,16.970296920552784
S31,S31_E0I109D0,data/outputs_webcam_sg/S31/S31_E0I109D0.arff,saccade,sg,3,3,0,34.78333333333333,49.449999999999996,14.666666666666664,17.008919228843826,16.974097914174997,-0.03482131466882876
S31,S31_E0I110D0,data/outputs_webcam_sg/S31/S31_E0I110D0.arff,fixation,sg,7,7,0,104.8,118.52857142857144,13.728571428571442,59.40266548452743,53.45420826232843,-5.9484572221990035
S31,S31_E0I110D0,data/outputs_webcam_sg/S31/S31_E0I110D0.arff,saccade,sg,6,6,0,32.349999999999994,38.7,6.3500000000000085,14.271475046399372,13.626444877516658,-0.6450301688827142
S31,S31_E0I111D0,data/outputs_webcam_sg/S31/S31_E0I111D0.arff,fixation,sg,6,5,-1,131.06666666666663,164.44,33.37333333333336,59.43566830335693,21.114757872161356,-38.32091043119557
S31,S31_E0I111D0,data/outputs_webcam_sg/S31/S31_E0I111D0.arff,saccade,sg,5,4,-1,45.5,34.2,-11.299999999999997,10.33247308247159,7.137693371577869,-3.1947797108937213
S31,S31_E0I112D0,data/outputs_webcam_sg/S31/S31_E0I112D0.arff,fixation,sg,5,5,0,171.57999999999998,168.56,-3.019999999999982,62.23019363620845,56.12871813964755,-6.101475496560894
S31,S31_E0I112D0,data/outputs_webcam_sg/S31/S31_E0I112D0.arff,saccade,sg,4,4,0,39.0,51.599999999999994,12.599999999999994,16.28639514032085,12.7559136612527,-3.5304814790681487
S31,S31_E0I113D0,data/outputs_webcam_sg/S31/S31_E0I113D0.arff,fixation,sg,6,6,0,133.15,136.56666666666666,3.416666666666657,50.53599707139457,32.813330624407314,-17.722666446987255
S31,S31_E0I113D0,data/outputs_webcam_sg/S31/S31_E0I113D0.arff,saccade,sg,5,5,0,28.339999999999996,39.779999999999994,11.439999999999998,7.876103097344523,9.5891605472012,1.7130574498566764
S31,S31_E0I114D0,data/outputs_webcam_sg/S31/S31_E0I114D0.arff,fixation,sg,7,7,0,166.31428571428572,166.42857142857142,0.11428571428569967,88.02032773875644,67.964861369331,-20.05546636942543
S31,S31_E0I114D0,data/outputs_webcam_sg/S31/S31_E0I114D0.arff,saccade,sg,6,5,-1,33.833333333333336,42.0,8.166666666666664,11.551565550464002,13.621857435753759,2.070291885289757
S31,S31_E0I115D0,data/outputs_webcam_sg/S31/S31_E0I115D0.arff,fixation,sg,5,5,0,170.12,174.35999999999999,4.239999999999981,62.49105535994731,53.814059501212135,-8.676995858735175
S31,S31_E0I115D0,data/outputs_webcam_sg/S31/S31_E0I115D0.arff,saccade,sg,5,4,-1,30.160000000000004,54.65,24.489999999999995,10.195243989233411,12.70524825941364,2.5100042701802288
S31,S31_E0I116D0,data/outputs_webcam_sg/S31/S31_E0I116D0.arff,fixation,sg,5,5,0,144.78,150.58,5.800000000000011,49.61277053340198,38.178226779147295,-11.434543754254683
S31,S31_E0I116D0,data/outputs_webcam_sg/S31/S31_E0I116D0.arff,saccade,sg,4,4,0,37.725,32.275,-5.450000000000003,6.466000824827249,3.5311707218239494,-2.9348301030033
S31,S31_E0I117D0,data/outputs_webcam_sg/S31/S31_E0I117D0.arff,fixation,sg,6,6,0,169.6,172.25,2.6500000000000057,104.08823180360017,97.75571083062104,-6.332520972979125
S31,S31_E0I117D0,data/outputs_webcam_sg/S31/S31_E0I117D0.arff,saccade,sg,5,5,0,33.18,39.06,5.880000000000003,6.781740189656338,13.39656672435143,6.6148265346950925
S31,S31_E0I118D0,data/outputs_webcam_sg/S31/S31_E0I118D0.arff,fixation,sg,6,6,0,172.75,183.85000000000002,11.100000000000023,64.24798051300913,61.951295385972365,-2.29668512703676
S31,S31_E0I118D0,data/outputs_webcam_sg/S31/S31_E0I118D0.arff,saccade,sg,5,5,0,33.0,42.16,9.159999999999997,12.194875973129042,12.461661205473368,0.2667852323443256
S31,S31_E0I119D0,data/outputs_webcam_sg/S31/S31_E0I119D0.arff,fixation,sg,8,8,0,134.3625,146.2375,11.875,78.85897788366992,82.45143050825222,3.592452624582293
S31,S31_E0I119D0,data/outputs_webcam_sg/S31/S31_E0I119D0.arff,saccade,sg,6,7,1,30.05,28.964285714285715,-1.0857142857142854,13.351554216644592,12.326993222386466,-1.0245609942581257
S31,S31_E0I120D0,data/outputs_webcam_sg/S31/S31_E0I120D0.arff,fixation,sg,6,5,-1,156.63333333333333,184.78,28.146666666666675,73.38069682598187,42.916511973831234,-30.464184852150638
S31,S31_E0I120D0,data/outputs_webcam_sg/S31/S31_E0I120D0.arff,saccade,sg,5,6,1,40.38,38.766666666666666,-1.6133333333333368,6.621329171699592,15.561576612498703,8.940247440799112
S31,S31_E0I121D0,data/outputs_webcam_sg/S31/S31_E0I121D0.arff,fixation,sg,6,6,0,203.41666666666666,224.4,20.98333333333335,173.71396508820663,168.08703697787047,-5.626928110336166
S31,S31_E0I121D0,data/outputs_webcam_sg/S31/S31_E0I121D0.arff,saccade,sg,5,5,0,46.8,34.9,-11.899999999999999,37.836292101631734,14.59212116177768,-23.244170939854055
S31,S31_E0I122D0,data/outputs_webcam_sg/S31/S31_E0I122D0.arff,fixation,sg,7,5,-2,116.3714285714286,146.24,29.868571428571414,77.80849812811182,65.43411189891707,-12.374386229194755
S31,S31_E0I122D0,data/outputs_webcam_sg/S31/S31_E0I122D0.arff,saccade,sg,5,4,-1,32.7,46.4,13.699999999999996,13.381330277666716,19.12798996235621,5.746659684689494
S31,S31_E0I123D0,data/outputs_webcam_sg/S31/S31_E0I123D0.arff,fixation,sg,8,7,-1,146.33749999999998,183.18571428571428,36.848214285714306,61.765453531889484,43.68140064037282,-18.084052891516663
S31,S31_E0I123D0,data/outputs_webcam_sg/S31/S31_E0I123D0.arff,saccade,sg,7,6,-1,28.24285714285714,37.699999999999996,9.457142857142856,13.756314567361073,17.554828395629507,3.798513828268433
S31,S31_E0I124D0,data/outputs_webcam_sg/S31/S31_E0I124D0.arff,fixation,sg,5,3,-2,121.64000000000001,207.16666666666666,85.52666666666664,68.25659675079032,93.80875936357614,25.55216261278582
S31,S31_E0I124D0,data/outputs_webcam_sg/S31/S31_E0I124D0.arff,saccade,sg,4,3,-1,24.375,57.03333333333333,32.65833333333333,10.90210224375709,46.30359957209951,35.401497328342415
S31,S31_E0I125D0,data/outputs_webcam_sg/S31/S31_E0I125D0.arff,fixation,sg,12,10,-2,125.66666666666667,151.82999999999998,26.163333333333313,64.59255984924879,58.58816812671689,-6.004391722531899
S31,S31_E0I125D0,data/outputs_webcam_sg/S31/S31_E0I125D0.arff,saccade,sg,10,11,1,28.369999999999997,47.43636363636363,19.066363636363633,15.111662163155096,17.54185125505702,2.430189091901923
S31,S31_E0I126D0,data/outputs_webcam_sg/S31/S31_E0I126D0.arff,fixation,sg,8,7,-1,171.2625,201.31428571428572,30.051785714285728,75.56643127549617,42.610617947933605,-32.955813327562566
S31,S31_E0I126D0,data/outputs_webcam_sg/S31/S31_E0I126D0.arff,saccade,sg,7,7,0,39.25714285714286,46.871428571428574,7.614285714285714,11.863368990700907,10.870405433364215,-0.992963557336692
S31,S31_E0I128D0,data/outputs_webcam_sg/S31/S31_E0I128D0.arff,fixation,sg,5,5,0,178.8,178.14000000000001,-0.6599999999999966,76.90728183988821,75.76366543403242,-1.143616405855795
S31,S31_E0I128D0,data/outputs_webcam_sg/S31/S31_E0I128D0.arff,saccade,sg,4,4,0,26.400000000000002,46.650000000000006,20.250000000000004,7.4828693248869005,8.794505860668544,1.311636535781643
S31,S31_E0I129D0,data/outputs_webcam_sg/S31/S31_E0I129D0.arff,fixation,sg,5,4,-1,138.48000000000002,165.22500000000002,26.745000000000005,100.22675291557638,59.3547737479191,-40.87197916765729
S31,S31_E0I129D0,data/outputs_webcam_sg/S31/S31_E0I129D0.arff,saccade,sg,4,3,-1,39.474999999999994,32.733333333333334,-6.74166666666666,7.527449767351489,18.927581285873092,11.400131518521604
S31,S31_E0I130D0,data/outputs_webcam_sg/S31/S31_E0I130D0.arff,fixation,sg,6,5,-1,132.8,183.07999999999998,50.27999999999997,63.79485872701656,53.96459024212079,-9.830268484895768
S31,S31_E0I130D0,data/outputs_webcam_sg/S31/S31_E0I130D0.arff,saccade,sg,5,4,-1,28.459999999999997,33.625,5.165000000000003,15.171123887174609,7.586116705315484,-7.585007181859125
S31,S31_E0I131D0,data/outputs_webcam_sg/S31/S31_E0I131D0.arff,fixation,sg,7,8,1,186.32857142857142,161.22500000000002,-25.1035714285714,47.21404149493786,72.14110676801602,24.927065273078156
S31,S31_E0I131D0,data/outputs_webcam_sg/S31/S31_E0I131D0.arff,saccade,sg,6,7,1,43.18333333333334,41.42857142857143,-1.7547619047619065,16.77848821159602,14.269514624508,-2.50897358708802
S31,S31_E0I132D0,data/outputs_webcam_sg/S31/S31_E0I132D0.arff,fixation,sg,7,7,0,210.30714285714288,234.67857142857142,24.371428571428538,88.77144543043964,91.57657477553443,2.805129345094784
S31,S31_E0I132D0,data/outputs_webcam_sg/S31/S31_E0I132D0.arff,saccade,sg,6,6,0,56.88333333333333,43.46666666666667,-13.416666666666664,20.23043911205752,16.348506557684914,-3.8819325543726073
S31,S31_E0I133D0,data/outputs_webcam_sg/S31/S31_E0I133D0.arff,fixation,sg,6,7,1,142.51666666666668,126.62857142857142,-15.88809523809526,83.20717316834329,90.02212161992396,6.814948451580676
S31,S31_E0I133D0,data/outputs_webcam_sg/S31/S31_E0I133D0.arff,saccade,sg,6,6,0,32.4,35.95000000000001,3.5500000000000114,10.714662850505377,14.984091564055525,4.269428713550148
S31,S31_E0I134D0,data/outputs_webcam_sg/S31/S31_E0I134D0.arff,fixation,sg,5,5,0,171.07000000000002,160.17,-10.900000000000034,44.53180885614236,49.099358447947154,4.5675495918047915
S31,S31_E0I134D0,data/outputs_webcam_sg/S31/S31_E0I134D0.arff,saccade,sg,4,4,0,35.75,34.0,-1.75,14.201173660417414,7.10046946804693,-7.100704192370484
S31,S31_E0I135D0,data/outputs_webcam_sg/S31/S31_E0I135D0.arff,fixation,sg,7,6,-1,148.27142857142854,187.8166666666667,39.54523809523815,87.67444922906016,106.26038615903231,18.58593692997215
S31,S31_E0I135D0,data/outputs_webcam_sg/S31/S31_E0I135D0.arff,saccade,sg,6,5,-1,33.583333333333336,41.4,7.816666666666663,19.77052519956581,15.165586042088842,-4.604939157476968
S31,S31_E0I136D0,data/outputs_webcam_sg/S31/S31_E0I136D0.arff,fixation,sg,7,6,-1,157.07142857142858,193.21666666666667,36.145238095238085,102.97685361746291,87.68549290884249,-15.291360708620417
S31,S31_E0I136D0,data/outputs_webcam_sg/S31/S31_E0I136D0.arff,saccade,sg,6,5,-1,25.149999999999995,35.98,10.830000000000002,7.794805962947378,19.45191507281481,11.65710910986743
S31,S31_E0I137D0,data/outputs_webcam_sg/S31/S31_E0I137D0.arff,fixation,sg,5,5,0,152.82,170.68,17.860000000000014,46.23880405027795,38.385635334067345,-7.853168716210604
S31,S31_E0I137D0,data/outputs_webcam_sg/S31/S31_E0I137D0.arff,saccade,sg,4,4,0,35.55,39.449999999999996,3.8999999999999986,11.905880899790658,11.35385397122933,-0.5520269285613271
S31,S31_E0I138D0,data/outputs_webcam_sg/S31/S31_E0I138D0.arff,fixation,sg,6,6,0,129.0666666666667,134.20000000000002,5.133333333333326,46.064592331493245,55.18311335907027,9.118521027577025
S31,S31_E0I138D0,data/outputs_webcam_sg/S31/S31_E0I138D0.arff,saccade,sg,5,6,1,40.12,33.416666666666664,-6.703333333333333,6.6721061142640705,11.328445024215224,4.656338909951153
S31,S31_E0I139D0,data/outputs_webcam_sg/S31/S31_E0I139D0.arff,fixation,sg,5,5,0,201.02,203.7,2.6799999999999784,60.30237972087006,74.46794612449037,14.16556640362031
S31,S31_E0I139D0,data/outputs_webcam_sg/S31/S31_E0I139D0.arff,saccade,sg,5,4,-1,36.72,41.825,5.105000000000004,13.673587678440505,7.621624936105598,-6.051962742334907
S31,S31_E0I140D0,data/outputs_webcam_sg/S31/S31_E0I140D0.arff,fixation,sg,7,7,0,153.42857142857142,154.77142857142854,1.3428571428571274,44.92748654909428,38.78379018291509,-6.143696366179192
S31,S31_E0I140D0,data/outputs_webcam_sg/S31/S31_E0I140D0.arff,saccade,sg,6,6,0,40.800000000000004,43.333333333333336,2.5333333333333314,22.07949274779654,21.130231107743867,-0.9492616400526721
S32,S32_E0I101D0,data/outputs_webcam_sg/S32/S32_E0I101D0.arff,fixation,sg,4,4,0,211.825,184.075,-27.75,219.0630255580952,217.19445012860402,-1.8685754294911874
S32,S32_E0I101D0,data/outputs_webcam_sg/S32/S32_E0I101D0.arff,saccade,sg,2,2,0,22.6,47.800000000000004,25.200000000000003,10.606601717798215,25.597265478953027,14.990663761154812
S32,S32_E0I102D0,data/outputs_webcam_sg/S32/S32_E0I102D0.arff,fixation,sg,7,7,0,203.68571428571428,198.31428571428572,-5.371428571428567,107.70095060817597,116.52373761844163,8.822787010265657
S32,S32_E0I102D0,data/outputs_webcam_sg/S32/S32_E0I102D0.arff,saccade,sg,5,6,1,26.859999999999996,36.45,9.590000000000007,12.420265697641092,13.80503531324712,1.3847696156060287
S32,S32_E0I103D0,data/outputs_webcam_sg/S32/S32_E0I103D0.arff,fixation,sg,6,7,1,123.36666666666667,115.02857142857142,-8.33809523809525,35.90842055377355,47.535625737816,11.627205184042445
S32,S32_E0I103D0,data/outputs_webcam_sg/S32/S32_E0I103D0.arff,saccade,sg,4,6,2,40.825,40.75000000000001,-0.07499999999999574,17.504547028320005,7.803268545936376,-9.701278482383628
S32,S32_E0I104D0,data/outputs_webcam_sg/S32/S32_E0I104D0.arff,fixation,sg,4,5,1,239.92499999999998,190.28,-49.64499999999998,41.82912661451746,81.8826416281253,40.053515013607836
S32,S32_E0I104D0,data/outputs_webcam_sg/S32/S32_E0I104D0.arff,saccade,sg,3,3,0,29.566666666666666,42.233333333333334,12.666666666666668,14.300466192867045,11.40453126320119,-2.895934929665856
S32,S32_E0I105D0,data/outputs_webcam_sg/S32/S32_E0I105D0.arff,fixation,sg,6,6,0,144.58333333333331,135.73333333333335,-8.849999999999966,51.093146963821546,53.59181529549701,2.4986683316754608
S32,S32_E0I105D0,data/outputs_webcam_sg/S32/S32_E0I105D0.arff,saccade,sg,4,5,1,32.125,34.760000000000005,2.635000000000005,12.935577554429745,16.628379355788102,3.692801801358357
S32,S32_E0I106D0,data/outputs_webcam_sg/S32/S32_E0I106D0.arff,fixation,sg,5,4,-1,151.82,193.45000000000002,41.630000000000024,88.10704852621042,68.90309620522626,-19.203952320984158
S32,S32_E0I106D0,data/outputs_webcam_sg/S32/S32_E0I106D0.arff,saccade,sg,4,3,-1,30.2,34.46666666666667,4.266666666666669,0.4242640687119284,8.516063253248728,8.0917991845368
S32,S32_E0I107D0,data/outputs_webcam_sg/S32/S32_E0I107D0.arff,fixation,sg,4,6,2,262.59999999999997,110.8,-151.79999999999995,142.0761063655673,59.39649821327853,-82.67960815228878
S32,S32_E0I107D0,data/outputs_webcam_sg/S32/S32_E0I107D0.arff,saccade,sg,4,3,-1,35.675,25.2,-10.474999999999998,6.7830057250946405,8.660254037844387,1.8772483127497468
S32,S32_E0I108D0,data/outputs_webcam_sg/S32/S32_E0I108D0.arff,fixation,sg,4,3,-1,142.125,162.51666666666665,20.39166666666665,67.67798140212713,18.39193663900931,-49.28604476311782
S32,S32_E0I108D0,data/outputs_webcam_sg/S32/S32_E0I108D0.arff,saccade,sg,2,2,0,45.2,30.3,-14.900000000000002,0.49497474683058024,0.3535533905932738,-0.14142135623730645
S32,S32_E0I109D0,data/outputs_webcam_sg/S32/S32_E0I109D0.arff,fixation,sg,5,5,0,339.12,331.9,-7.220000000000027,206.9352483266203,255.03078245576552,48.09553412914522
S32,S32_E0I109D0,data/outputs_webcam_sg/S32/S32_E0I109D0.arff,saccade,sg,5,4,-1,34.44,36.050000000000004,1.6100000000000065,20.606261184407035,16.92680320281023,-3.679457981596805
S32,S32_E0I110D0,data/outputs_webcam_sg/S32/S32_E0I110D0.arff,fixation,sg,6,5,-1,147.65,181.38000000000002,33.73000000000002,124.68072425198692,125.04078134752677,0.3600570955398581
S32,S32_E0I110D0,data/outputs_webcam_sg/S32/S32_E0I110D0.arff,saccade,sg,4,3,-1,29.674999999999997,39.36666666666667,9.69166666666667,17.923239104581516,4.618802153517007,-13.30443695106451
S32,S32_E0I111D0,data/outputs_webcam_sg/S32/S32_E0I111D0.arff,fixation,sg,6,6,0,158.18333333333334,164.5,6.316666666666663,71.41443598227649,49.63196550611309,-21.782470476163397
S32,S32_E0I111D0,data/outputs_webcam_sg/S32/S32_E0I111D0.arff,saccade,sg,4,5,1,43.075,41.739999999999995,-1.335000000000008,16.942525392239098,19.968800665037445,3.0262752727983475
S32,S32_E0I112D0,data/outputs_webcam_sg/S32/S32_E0I112D0.arff,fixation,sg,8,8,0,188.1125,189.225,1.112499999999983,116.68446386363034,106.93382132355106,-9.750642540079284
S32,S32_E0I112D0,data/outputs_webcam_sg/S32/S32_E0I112D0.arff,saccade,sg,7,5,-2,42.74285714285714,46.56,3.817142857142862,17.801952808878127,3.2791767259481452,-14.522776082929981
S32,S32_E0I113D0,data/outputs_webcam_sg/S32/S32_E0I113D0.arff,fixation,sg,6,7,1,224.7833333333333,197.22857142857146,-27.554761904761847,227.014478980233,206.58161191391744,-20.432867066315566
S32,S32_E0I113D0,data/outputs_webcam_sg/S32/S32_E0I113D0.arff,saccade,sg,4,6,2,40.8,44.833333333333336,4.0333333333333385,7.487322618933952,22.243440980807502,14.75611836187355
S32,S32_E0I114D0,data/outputs_webcam_sg/S32/S32_E0I114D0.arff,fixation,sg,6,6,0,188.43333333333337,177.18333333333337,-11.25,67.66853527797589,76.9787871213016,9.310251843325702
S32,S32_E0I114D0,data/outputs_webcam_sg/S32/S32_E0I114D0.arff,saccade,sg,4,4,0,44.725,52.425,7.699999999999996,16.715137849665894,14.800084459218464,-1.9150533904474294
S32,S32_E0I115D0,data/outputs_webcam_sg/S32/S32_E0I115D0.arff,fixation,sg,8,9,1,215.2625,195.81111111111107,-19.451388888888914,118.13719551557719,134.50029223429632,16.363096718719135
S32,S32_E0I115D0,data/outputs_webcam_sg/S32/S32_E0I115D0.arff,saccade,sg,4,5,1,33.575,33.96,0.384999999999998,14.247192705933333,6.26362514842643,-7.983567557506904
S32,S32_E0I116D0,data/outputs_webcam_sg/S32/S32_E0I116D0.arff,fixation,sg,4,5,1,283.2,201.32,-81.88,219.19645678401525,141.98042822868229,-77.21602855533297
S32,S32_E0I116D0,data/outputs_webcam_sg/S32/S32_E0I116D0.arff,saccade,sg,2,4,2,22.45,43.425,20.974999999999998,10.39446968344225,19.777491414905647,9.383021731463398
S32,S32_E0I117D0,data/outputs_webcam_sg/S32/S32_E0I117D0.arff,fixation,sg,8,8,0,278.3125,283.1875,4.875,101.87056826469276,126.47322062679628,24.602652362103512
S32,S32_E0I117D0,data/outputs_webcam_sg/S32/S32_E0I117D0.arff,saccade,sg,7,6,-1,41.528571428571425,51.199999999999996,9.67142857142857,17.95083231920963,18.97493082991345,1.0240985107038192
S32,S32_E0I118D0,data/outputs_webcam_sg/S32/S32_E0I118D0.arff,fixation,sg,5,5,0,195.9,188.28000000000003,-7.619999999999976,75.36176086053192,63.65871503572783,-11.703045824804086
S32,S32_E0I118D0,data/outputs_webcam_sg/S32/S32_E0I118D0.arff,saccade,sg,3,5,2,29.833333333333332,34.12,4.286666666666665,0.20816659994661224,14.541561126646616,14.333394526700005
S32,S32_E0I119D0,data/outputs_webcam_sg/S32/S32_E0I119D0.arff,fixation,sg,5,6,1,218.56000000000003,166.16666666666666,-52.39333333333337,95.03890256100394,72.58850230350993,-22.45040025749401
S32,S32_E0I119D0,data/outputs_webcam_sg/S32/S32_E0I119D0.arff,saccade,sg,3,4,1,34.800000000000004,50.275,15.474999999999994,17.062532051251946,16.310196197471075,-0.7523358537808704
S32,S32_E0I120D0,data/outputs_webcam_sg/S32/S32_E0I120D0.arff,fixation,sg,5,4,-1,137.10000000000002,189.775,52.67499999999998,66.30607061197338,70.86872253211098,4.562651920137597
S32,S32_E0I120D0,data/outputs_webcam_sg/S32/S32_E0I120D0.arff,saccade,sg,2,3,1,36.8,29.7,-7.099999999999998,9.333809511662427,14.171450172794597,4.83764066113217
S32,S32_E0I121D0,data/outputs_webcam_sg/S32/S32_E0I121D0.arff,fixation,sg,6,6,0,165.9333333333333,165.98333333333335,0.05000000000003979,60.9638144038467,50.878577679281356,-10.085236724565341
S32,S32_E0I121D0,data/outputs_webcam_sg/S32/S32_E0I121D0.arff,saccade,sg,4,5,1,27.625,44.14,16.515,17.274330667206762,19.02834727452702,1.7540166073202599
S32,S32_E0I122D0,data/outputs_webcam_sg/S32/S32_E0I122D0.arff,fixation,sg,4,4,0,220.375,214.7,-5.675000000000011,118.98115747181707,116.35586219295814,-2.6252952788589283
S32,S32_E0I122D0,data/outputs_webcam_sg/S32/S32_E0I122D0.arff,saccade,sg,2,2,0,37.4,45.7,8.300000000000004,11.313708498984761,0.4242640687119295,-10.889444430272832
S32,S32_E0I123D0,data/outputs_webcam_sg/S32/S32_E0I123D0.arff,fixation,sg,5,5,0,246.68,225.58,-21.099999999999994,211.89471914136982,218.48652590034013,6.591806758970307
S32,S32_E0I123D0,data/outputs_webcam_sg/S32/S32_E0I123D0.arff,saccade,sg,3,5,2,40.46666666666667,35.8,-4.666666666666671,9.174057626444982,14.33649190004305,5.162434273598068
S32,S32_E0I124D0,data/outputs_webcam_sg/S32/S32_E0I124D0.arff,fixation,sg,6,5,-1,196.2166666666667,241.4,45.18333333333331,152.2718282108239,165.49013565768806,13.218307446864145
S32,S32_E0I124D0,data/outputs_webcam_sg/S32/S32_E0I124D0.arff,saccade,sg,5,4,-1,41.86,43.05,1.1899999999999977,16.437548479015962,9.082033546146663,-7.3555149328692995
S32,S32_E0I125D0,data/outputs_webcam_sg/S32/S32_E0I125D0.arff,fixation,sg,8,9,1,150.2625,124.61111111111111,-25.651388888888874,70.15887964368547,73.97915997840953,3.8202803347240604
S32,S32_E0I125D0,data/outputs_webcam_sg/S32/S32_E0I125D0.arff,saccade,sg,5,7,2,46.06,34.82857142857143,-11.231428571428573,11.168169053161757,12.532985050885294,1.3648159977235377
S32,S32_E0I126D0,data/outputs_webcam_sg/S32/S32_E0I126D0.arff,fixation,sg,7,9,2,159.84285714285713,130.11111111111111,-29.731746031746013,53.86040156871147,78.31675179111498,24.456350222403515
S32,S32_E0I126D0,data/outputs_webcam_sg/S32/S32_E0I126D0.arff,saccade,sg,6,8,2,35.06666666666667,35.3875,0.32083333333333286,7.456719564705827,14.208190545295645,6.7514709805898185
S32,S32_E0I128D0,data/outputs_webcam_sg/S32/S32_E0I128D0.arff,fixation,sg,8,8,0,291.225,279.9625,-11.262500000000045,162.3360337606622,156.52326105087386,-5.812772709788334
S32,S32_E0I128D0,data/outputs_webcam_sg/S32/S32_E0I128D0.arff,saccade,sg,6,7,1,28.28333333333333,41.371428571428574,13.088095238095242,11.561559871689749,13.988771006979645,2.4272111352898964
S32,S32_E0I129D0,data/outputs_webcam_sg/S32/S32_E0I129D0.arff,fixation,sg,5,5,0,93.97999999999999,94.56,0.5800000000000125,70.25302128734393,70.64147506953688,0.3884537821929541
S32,S32_E0I129D0,data/outputs_webcam_sg/S32/S32_E0I129D0.arff,saccade,sg,2,2,0,22.55,45.4,22.849999999999998,10.535891039679559,21.778888860545663,11.242997820866105
S32,S32_E0I130D0,data/outputs_webcam_sg/S32/S32_E0I130D0.arff,fixation,sg,4,4,0,262.45000000000005,253.25,-9.200000000000045,137.54282969315412,131.56586436711717,-5.976965326036947
S32,S32_E0I130D0,data/outputs_webcam_sg/S32/S32_E0I130D0.arff,saccade,sg,3,3,0,32.699999999999996,42.5,9.800000000000004,3.7242448899072143,11.20535586226515,7.4811109723579365
S32,S32_E0I131D0,data/outputs_webcam_sg/S32/S32_E0I131D0.arff,fixation,sg,7,8,1,169.8857142857143,161.08749999999998,-8.798214285714323,75.59068347734018,84.86758488543028,9.276901408090097
S32,S32_E0I131D0,data/outputs_webcam_sg/S32/S32_E0I131D0.arff,saccade,sg,5,7,2,34.279999999999994,33.385714285714286,-0.8942857142857079,17.811007832236783,14.963558909500614,-2.8474489227361683
S32,S32_E0I132D0,data/outputs_webcam_sg/S32/S32_E0I132D0.arff,fixation,sg,4,5,1,167.42499999999998,118.02000000000001,-49.40499999999997,33.16296880558193,64.9531908377102,31.790222032128263
S32,S32_E0I132D0,data/outputs_webcam_sg/S32/S32_E0I132D0.arff,saccade,sg,3,3,0,34.63333333333333,49.699999999999996,15.066666666666663,8.297188278768498,3.7509998667022098,-4.5461884120662885
S32,S32_E0I133D0,data/outputs_webcam_sg/S32/S32_E0I133D0.arff,fixation,sg,7,7,0,246.02857142857147,252.8857142857143,6.857142857142833,139.167114342023,232.76575799553956,93.59864365351655
S32,S32_E0I133D0,data/outputs_webcam_sg/S32/S32_E0I133D0.arff,saccade,sg,5,5,0,34.519999999999996,35.760000000000005,1.240000000000009,14.691562204204153,7.7561588431387865,-6.935403361065367
S32,S32_E0I134D0,data/outputs_webcam_sg/S32/S32_E0I134D0.arff,fixation,sg,5,5,0,200.38,197.58,-2.799999999999983,139.71394704896142,143.4342079142908,3.7202608653293794
S32,S32_E0I134D0,data/outputs_webcam_sg/S32/S32_E0I134D0.arff,saccade,sg,3,4,1,39.76666666666667,35.724999999999994,-4.0416666666666785,8.565823564219224,22.507535775083568,13.941712210864344
S32,S32_E0I135D0,data/outputs_webcam_sg/S32/S32_E0I135D0.arff,fixation,sg,2,3,1,497.05,358.3833333333334,-138.66666666666663,94.32804461028542,264.9984968510828,170.67045224079737
S32,S32_E0I135D0,data/outputs_webcam_sg/S32/S32_E0I135D0.arff,saccade,sg,1,2,1,45.55,30.299999999999997,-15.25,0.0,21.566756826189696,21.566756826189696
S32,S32_E0I136D0,data/outputs_webcam_sg/S32/S32_E0I136D0.arff,fixation,sg,9,10,1,239.11111111111111,191.35,-47.76111111111112,69.3303765395163,81.3084968909564,11.978120351440111
S32,S32_E0I136D0,data/outputs_webcam_sg/S32/S32_E0I136D0.arff,saccade,sg,7,9,2,38.24285714285714,42.422222222222224,4.179365079365084,14.512851447694802,20.957562941440603,6.444711493745801
S32,S32_E0I137D0,data/outputs_webcam_sg/S32/S32_E0I137D0.arff,fixation,sg,2,4,2,465.95000000000005,225.775,-240.17500000000004,425.183307527471,262.6913445471701,-162.4919629803009
S32,S32_E0I137D0,data/outputs_webcam_sg/S32/S32_E0I137D0.arff,saccade,sg,1,3,2,15.1,30.2,15.1,0.0,26.153967194290047,26.153967194290047
S32,S32_E0I138D0,data/outputs_webcam_sg/S32/S32_E0I138D0.arff,fixation,sg,7,7,0,147.34285714285716,147.29999999999998,-0.0428571428571729,77.63686532275023,75.44406316382137,-2.192802158928856
S32,S32_E0I138D0,data/outputs_webcam_sg/S32/S32_E0I138D0.arff,saccade,sg,4,8,4,30.275,28.225,-2.049999999999997,12.289121205358828,13.096209920649343,0.8070887152905151
S32,S32_E0I139D0,data/outputs_webcam_sg/S32/S32_E0I139D0.arff,fixation,sg,5,6,1,177.74,130.6166666666667,-47.123333333333306,43.818865800018145,71.38748956691688,27.56862376689874
S32,S32_E0I139D0,data/outputs_webcam_sg/S32/S32_E0I139D0.arff,saccade,sg,3,4,1,37.46666666666666,31.849999999999998,-5.616666666666664,7.005949852327899,12.52850084141488,5.522550989086981
S32,S32_E0I140D0,data/outputs_webcam_sg/S32/S32_E0I140D0.arff,fixation,sg,6,6,0,142.36666666666667,141.08333333333334,-1.2833333333333314,94.42606984655599,79.26001303726026,-15.166056809295725
S32,S32_E0I140D0,data/outputs_webcam_sg/S32/S32_E0I140D0.arff,saccade,sg,4,4,0,27.975,42.775,14.799999999999997,17.405434974934312,15.457549396114938,-1.947885578819374
S33,S33_E0I101D0,data/outputs_webcam_sg/S33/S33_E0I101D0.arff,fixation,sg,7,5,-2,155.4857142857143,250.63999999999996,95.15428571428566,87.80631011059567,113.25852285810548,25.452212747509805
S33,S33_E0I101D0,data/outputs_webcam_sg/S33/S33_E0I101D0.arff,saccade,sg,5,3,-2,28.959999999999997,33.46666666666667,4.506666666666671,14.350714267938026,8.003957354542399,-6.346756913395627
S33,S33_E0I102D0,data/outputs_webcam_sg/S33/S33_E0I102D0.arff,fixation,sg,9,9,0,161.08888888888887,167.66666666666666,6.577777777777783,122.94073210743099,67.05710253209573,-55.88362957533526
S33,S33_E0I102D0,data/outputs_webcam_sg/S33/S33_E0I102D0.arff,saccade,sg,7,7,0,28.97142857142857,30.957142857142856,1.985714285714284,8.20156779437409,9.970766794795196,1.7691990004211053
S33,S33_E0I103D0,data/outputs_webcam_sg/S33/S33_E0I103D0.arff,fixation,sg,6,4,-2,209.61666666666667,338.975,129.35833333333335,127.23655790167646,289.11208178374926,161.8755238820728
S33,S33_E0I103D0,data/outputs_webcam_sg/S33/S33_E0I103D0.arff,saccade,sg,4,2,-2,32.175,35.85,3.6750000000000043,13.730106821628642,10.253048327204938,-3.4770584944237033
S33,S33_E0I104D0,data/outputs_webcam_sg/S33/S33_E0I104D0.arff,fixation,sg,6,6,0,140.41666666666666,148.55,8.133333333333354,84.5104352530897,88.1998356007538,3.6894003476641046
S33,S33_E0I104D0,data/outputs_webcam_sg/S33/S33_E0I104D0.arff,saccade,sg,4,4,0,34.2,41.35000000000001,7.150000000000006,6.4791974811700275,10.967983710175114,4.488786229005086
S33,S33_E0I105D0,data/outputs_webcam_sg/S33/S33_E0I105D0.arff,fixation,sg,5,4,-1,309.18,399.025,89.84499999999997,292.8624199176125,311.29440914778195,18.43198923016945
S33,S33_E0I105D0,data/outputs_webcam_sg/S33/S33_E0I105D0.arff,saccade,sg,5,3,-2,45.1,36.5,-8.600000000000001,20.78677464158401,7.175653280364096,-13.611121361219915
S33,S33_E0I106D0,data/outputs_webcam_sg/S33/S33_E0I106D0.arff,fixation,sg,8,7,-1,145.78750000000002,198.15714285714287,52.36964285714285,61.89007392142944,112.08260134298064,50.1925274215512
S33,S33_E0I106D0,data/outputs_webcam_sg/S33/S33_E0I106D0.arff,saccade,sg,6,5,-1,35.300000000000004,35.199999999999996,-0.10000000000000853,13.202878474029818,12.859043510308224,-0.3438349637215943
S33,S33_E0I107D0,data/outputs_webcam_sg/S33/S33_E0I107D0.arff,fixation,sg,6,4,-2,244.39999999999998,389.79999999999995,145.39999999999998,166.45489479135182,260.9807783471163,94.5258835557645
S33,S33_E0I107D0,data/outputs_webcam_sg/S33/S33_E0I107D0.arff,saccade,sg,5,3,-2,30.8,34.26666666666667,3.466666666666672,3.417601498127012,4.6479386111838155,1.2303371130568035
S33,S33_E0I108D0,data/outputs_webcam_sg/S33/S33_E0I108D0.arff,fixation,sg,8,6,-2,164.1375,154.35,-9.787499999999994,90.21390354516947,115.2408738252188,25.026970280049326
S33,S33_E0I108D0,data/outputs_webcam_sg/S33/S33_E0I108D0.arff,saccade,sg,7,4,-3,33.49999999999999,29.299999999999997,-4.199999999999996,13.970325694127535,0.21602468994692844,-13.754301004180606
S33,S33_E0I109D0,data/outputs_webcam_sg/S33/S33_E0I109D0.arff,fixation,sg,8,7,-1,262.17499999999995,294.4,32.22500000000002,193.46137119036746,276.0002234298613,82.53885223949385
S33,S33_E0I109D0,data/outputs_webcam_sg/S33/S33_E0I109D0.arff,saccade,sg,6,6,0,27.766666666666666,37.68333333333333,9.916666666666664,19.651022026008384,10.043986592318143,-9.60703543369024
S33,S33_E0I110D0,data/outputs_webcam_sg/S33/S33_E0I110D0.arff,fixation,sg,7,6,-1,150.72857142857143,163.78333333333333,13.054761904761904,94.31554686769505,94.73148191951114,0.415935051816092
S33,S33_E0I110D0,data/outputs_webcam_sg/S33/S33_E0I110D0.arff,saccade,sg,5,4,-1,29.1,43.724999999999994,14.624999999999993,10.290529626797642,0.49244289008980335,-9.79808673670784
S33,S33_E0I111D0,data/outputs_webcam_sg/S33/S33_E0I111D0.arff,fixation,sg,7,5,-2,200.0142857142857,299.68,99.6657142857143,172.0640813628402,202.98063208099438,30.916550718154184
S33,S33_E0I111D0,data/outputs_webcam_sg/S33/S33_E0I111D0.arff,saccade,sg,6,4,-2,33.25000000000001,30.35,-2.9000000000000057,11.587536407709795,3.7009007912488903,-7.886635616460905
S33,S33_E0I112D0,data/outputs_webcam_sg/S33/S33_E0I112D0.arff,fixation,sg,9,5,-4,149.64444444444445,292.2799999999999,142.63555555555547,55.54277880857041,204.61054958139377,149.06777077282337
S33,S33_E0I112D0,data/outputs_webcam_sg/S33/S33_E0I112D0.arff,saccade,sg,8,5,-3,32.7625,33.8,1.0374999999999943,18.47924994612683,19.167550704250136,0.6883007581233045
S33,S33_E0I113D0,data/outputs_webcam_sg/S33/S33_E0I113D0.arff,fixation,sg,5,3,-2,210.54000000000002,212.26666666666665,1.726666666666631,91.69290048853291,192.75384129332764,101.06094080479473
S33,S33_E0I113D0,data/outputs_webcam_sg/S33/S33_E0I113D0.arff,saccade,sg,4,2,-2,32.724999999999994,29.05,-3.6749999999999936,7.734500630292816,0.6363961030678917,-7.098104527224924
S33,S33_E0I114D0,data/outputs_webcam_sg/S33/S33_E0I114D0.arff,fixation,sg,6,5,-1,195.9,243.56,47.66,81.12868789768511,32.425345025149696,-48.703342872535416
S33,S33_E0I114D0,data/outputs_webcam_sg/S33/S33_E0I114D0.arff,saccade,sg,4,3,-1,29.474999999999998,48.1,18.625000000000004,12.04778679536896,17.842645543752756,5.794858748383795
S33,S33_E0I115D0,data/outputs_webcam_sg/S33/S33_E0I115D0.arff,fixation,sg,5,5,0,274.41999999999996,273.04,-1.3799999999999386,81.92183469625178,107.8556118150558,25.933777118804016
S33,S33_E0I115D0,data/outputs_webcam_sg/S33/S33_E0I115D0.arff,saccade,sg,4,4,0,29.0,32.5,3.5,0.38297084310253576,6.869740412368818,6.486769569266283
S33,S33_E0I116D0,data/outputs_webcam_sg/S33/S33_E0I116D0.arff,fixation,sg,7,6,-1,173.4857142857143,216.88333333333335,43.39761904761906,37.909824081691035,80.19534691406146,42.285522832370425
S33,S33_E0I116D0,data/outputs_webcam_sg/S33/S33_E0I116D0.arff,saccade,sg,7,5,-2,33.214285714285715,36.14,2.9257142857142853,10.98414441690515,13.575271636324628,2.5911272194194783
S33,S33_E0I117D0,data/outputs_webcam_sg/S33/S33_E0I117D0.arff,fixation,sg,9,7,-2,174.26666666666665,229.85714285714286,55.59047619047621,112.29578130989604,174.17543700861742,61.87965569872138
S33,S33_E0I117D0,data/outputs_webcam_sg/S33/S33_E0I117D0.arff,saccade,sg,7,6,-1,34.042857142857144,42.18333333333334,8.140476190476193,12.245796168870516,15.596335039574734,3.3505388707042183
S33,S33_E0I118D0,data/outputs_webcam_sg/S33/S33_E0I118D0.arff,fixation,sg,6,5,-1,218.01666666666665,230.35999999999999,12.343333333333334,61.14731119735901,208.7725748272507,147.6252636298917
S33,S33_E0I118D0,data/outputs_webcam_sg/S33/S33_E0I118D0.arff,saccade,sg,5,4,-1,34.8,30.7,-4.099999999999998,11.964113005150027,14.908834070219354,2.944721065069327
S33,S33_E0I119D0,data/outputs_webcam_sg/S33/S33_E0I119D0.arff,fixation,sg,7,5,-2,238.22857142857143,356.52,118.29142857142855,187.85456000397147,311.43240358061655,123.57784357664508
S33,S33_E0I119D0,data/outputs_webcam_sg/S33/S33_E0I119D0.arff,saccade,sg,6,4,-2,43.88333333333333,34.875,-9.008333333333333,25.881222279225273,7.310893698219572,-18.5703285810057
S33,S33_E0I120D0,data/outputs_webcam_sg/S33/S33_E0I120D0.arff,fixation,sg,6,5,-1,174.41666666666666,230.95,56.53333333333333,128.88608406909827,130.2675899830806,1.3815059139823234
S33,S33_E0I120D0,data/outputs_webcam_sg/S33/S33_E0I120D0.arff,saccade,sg,4,5,1,43.125,34.21,-8.915,11.817324852379521,12.746097441962384,0.9287725895828629
S33,S33_E0I121D0,data/outputs_webcam_sg/S33/S33_E0I121D0.arff,fixation,sg,7,6,-1,176.45714285714286,224.98333333333335,48.52619047619049,79.70478566022781,139.76118798388438,60.05640232365657
S33,S33_E0I121D0,data/outputs_webcam_sg/S33/S33_E0I121D0.arff,saccade,sg,5,5,0,30.24,33.16,2.919999999999998,10.512516349571115,4.075291400624008,-6.437224948947107
S33,S33_E0I122D0,data/outputs_webcam_sg/S33/S33_E0I122D0.arff,fixation,sg,7,6,-1,168.48571428571427,224.23333333333332,55.747619047619054,53.35942367790431,72.54178565948502,19.182361981580705
S33,S33_E0I122D0,data/outputs_webcam_sg/S33/S33_E0I122D0.arff,saccade,sg,6,4,-2,32.583333333333336,37.775,5.191666666666663,11.768673105608238,6.985878613317009,-4.782794492291229
S33,S33_E0I123D0,data/outputs_webcam_sg/S33/S33_E0I123D0.arff,fixation,sg,8,7,-1,151.3875,174.8857142857143,23.49821428571431,78.87142226434109,103.09942496722002,24.228002702878925
S33,S33_E0I123D0,data/outputs_webcam_sg/S33/S33_E0I123D0.arff,saccade,sg,7,6,-1,24.685714285714287,32.46666666666667,7.780952380952382,13.613771039089864,10.938129029530904,-2.6756420095589597
S33,S33_E0I124D0,data/outputs_webcam_sg/S33/S33_E0I124D0.arff,fixation,sg,5,5,0,294.76000000000005,308.98,14.21999999999997,154.22161975546751,159.2228846617219,5.0012649062543915
S33,S33_E0I124D0,data/outputs_webcam_sg/S33/S33_E0I124D0.arff,saccade,sg,3,3,0,43.166666666666664,45.53333333333333,2.366666666666667,0.20816659994661224,17.597253573593044,17.38908697364643
S33,S33_E0I125D0,data/outputs_webcam_sg/S33/S33_E0I125D0.arff,fixation,sg,8,7,-1,314.725,374.22857142857146,59.50357142857143,214.94563930711146,316.671258112077,101.72561880496553
S33,S33_E0I125D0,data/outputs_webcam_sg/S33/S33_E0I125D0.arff,saccade,sg,7,6,-1,27.128571428571433,26.849999999999998,-0.2785714285714356,5.534652739999227,6.004914653848131,0.4702619138489039
S33,S33_E0I126D0,data/outputs_webcam_sg/S33/S33_E0I126D0.arff,fixation,sg,6,6,0,207.61666666666667,233.79999999999998,26.18333333333331,129.23098183743193,123.51218158546145,-5.718800251970478
S33,S33_E0I126D0,data/outputs_webcam_sg/S33/S33_E0I126D0.arff,saccade,sg,5,4,-1,28.830000000000002,28.85,0.019999999999999574,10.044749872445806,0.2828427124746197,-9.761907159971186
S33,S33_E0I127D0,data/outputs_webcam_sg/S33/S33_E0I127D0.arff,fixation,sg,6,6,0,153.96666666666667,180.04999999999998,26.083333333333314,88.50316755160047,73.59211234908263,-14.911055202517844
S33,S33_E0I127D0,data/outputs_webcam_sg/S33/S33_E0I127D0.arff,saccade,sg,4,5,1,39.95,47.839999999999996,7.8899999999999935,9.225508116087697,13.031999079189655,3.8064909631019574
S33,S33_E0I128D0,data/outputs_webcam_sg/S33/S33_E0I128D0.arff,fixation,sg,6,6,0,262.15,268.3333333333333,6.183333333333337,165.48807509908377,173.58112416581093,8.093049066727161
S33,S33_E0I128D0,data/outputs_webcam_sg/S33/S33_E0I128D0.arff,saccade,sg,5,5,0,40.08,45.88,5.800000000000004,12.787376587869772,12.902402876983805,0.11502628911403256
S33,S33_E0I129D0,data/outputs_webcam_sg/S33/S33_E0I129D0.arff,fixation,sg,7,5,-2,144.12857142857143,233.01999999999998,88.89142857142855,63.22319496001749,142.00886239949955,78.78566743948207
S33,S33_E0I129D0,data/outputs_webcam_sg/S33/S33_E0I129D0.arff,saccade,sg,6,3,-3,28.78333333333333,40.53333333333334,11.750000000000007,13.37331920903209,10.692209001573685,-2.6811102074584046
S33,S33_E0I130D0,data/outputs_webcam_sg/S33/S33_E0I130D0.arff,fixation,sg,9,8,-1,202.5,250.4875,47.98750000000001,127.65565009038966,174.73097229332706,47.0753222029374
S33,S33_E0I130D0,data/outputs_webcam_sg/S33/S33_E0I130D0.arff,saccade,sg,7,6,-1,33.385714285714286,31.516666666666666,-1.8690476190476204,11.883241501014298,11.853002432576593,-0.030239068437705185
S33,S33_E0I131D0,data/outputs_webcam_sg/S33/S33_E0I131D0.arff,fixation,sg,9,8,-1,192.57777777777775,265.7625,73.18472222222223,98.75268069497884,175.01075018001444,76.2580694850356
S33,S33_E0I131D0,data/outputs_webcam_sg/S33/S33_E0I131D0.arff,saccade,sg,6,6,0,35.21666666666667,36.449999999999996,1.2333333333333272,16.02141275501841,18.441230978435254,2.4198182234168435
S33,S33_E0I132D0,data/outputs_webcam_sg/S33/S33_E0I132D0.arff,fixation,sg,8,8,0,148.1,138.875,-9.224999999999994,60.65353599396682,66.59823571236703,5.944699718400209
S33,S33_E0I132D0,data/outputs_webcam_sg/S33/S33_E0I132D0.arff,saccade,sg,7,7,0,28.985714285714288,41.07142857142857,12.085714285714282,11.842216652219095,13.435737702822559,1.5935210506034636
S33,S33_E0I133D0,data/outputs_webcam_sg/S33/S33_E0I133D0.arff,fixation,sg,7,7,0,210.45714285714283,222.04285714285714,11.585714285714317,162.6976322009928,171.3098640586978,8.612231857704984
S33,S33_E0I133D0,data/outputs_webcam_sg/S33/S33_E0I133D0.arff,saccade,sg,6,5,-1,33.61666666666667,37.580000000000005,3.9633333333333383,10.832066592606724,6.115308659421861,-4.716757933184863
S33,S33_E0I134D0,data/outputs_webcam_sg/S33/S33_E0I134D0.arff,fixation,sg,7,7,0,190.42857142857142,198.68571428571428,8.257142857142867,117.88430365243309,128.20313865855533,10.318835006122242
S33,S33_E0I134D0,data/outputs_webcam_sg/S33/S33_E0I134D0.arff,saccade,sg,6,6,0,38.68333333333333,36.11666666666667,-2.566666666666663,12.700774254614034,14.428640499598936,1.7278662449849023
S33,S33_E0I135D0,data/outputs_webcam_sg/S33/S33_E0I135D0.arff,fixation,sg,8,8,0,165.9375,185.5125,19.57499999999999,55.858032738618455,73.007425013781,17.149392275162548
S33,S33_E0I135D0,data/outputs_webcam_sg/S33/S33_E0I135D0.arff,saccade,sg,6,6,0,34.833333333333336,39.6,4.766666666666666,9.430729911659366,9.827919413589024,0.39718950192965785
S33,S33_E0I136D0,data/outputs_webcam_sg/S33/S33_E0I136D0.arff,fixation,sg,6,5,-1,152.95000000000002,177.32,24.369999999999976,74.18991171311636,96.41707317690162,22.227161463785265
S33,S33_E0I136D0,data/outputs_webcam_sg/S33/S33_E0I136D0.arff,saccade,sg,4,3,-1,38.275000000000006,36.333333333333336,-1.94166666666667,15.965457504667173,11.924903912960195,-4.040553591706978
S33,S33_E0I137D0,data/outputs_webcam_sg/S33/S33_E0I137D0.arff,fixation,sg,1,6,5,557.7,175.1666666666667,-382.5333333333333,0.0,175.55824864319723,175.55824864319723
S33,S33_E0I137D0,data/outputs_webcam_sg/S33/S33_E0I137D0.arff,saccade,sg,0,3,3,0.0,33.9,33.9,0.0,3.7509998667022098,3.7509998667022098
S33,S33_E0I138D0,data/outputs_webcam_sg/S33/S33_E0I138D0.arff,fixation,sg,7,5,-2,199.65,300.99,101.34,74.86803946500358,151.2764786739829,76.40843920897932
S33,S33_E0I138D0,data/outputs_webcam_sg/S33/S33_E0I138D0.arff,saccade,sg,6,4,-2,30.133333333333336,37.925000000000004,7.791666666666668,14.688964111422791,17.75075115781489,3.061787046392098
S33,S33_E0I139D0,data/outputs_webcam_sg/S33/S33_E0I139D0.arff,fixation,sg,9,7,-2,145.73333333333332,192.5142857142857,46.780952380952385,80.34637515158975,124.86215637749531,44.515781225905556
S33,S33_E0I139D0,data/outputs_webcam_sg/S33/S33_E0I139D0.arff,saccade,sg,7,4,-3,30.071428571428573,37.75,7.678571428571427,8.923510946877784,17.367114517577946,8.443603570700162
S33,S33_E0I140D0,data/outputs_webcam_sg/S33/S33_E0I140D0.arff,fixation,sg,5,5,0,192.76999999999998,223.19,30.420000000000016,82.76682306335069,130.97310029162477,48.20627722827409
S33,S33_E0I140D0,data/outputs_webcam_sg/S33/S33_E0I140D0.arff,saccade,sg,4,3,-1,44.875,35.983333333333334,-8.891666666666666,12.397412364414329,12.444409722173782,0.04699735775945335
S34,S34_E0I101D0,data/outputs_webcam_sg/S34/S34_E0I101D0.arff,fixation,sg,5,5,0,115.96,111.58,-4.3799999999999955,25.813426738811714,34.57747821921084,8.764051480399125
S34,S34_E0I101D0,data/outputs_webcam_sg/S34/S34_E0I101D0.arff,saccade,sg,4,3,-1,28.774999999999995,31.53333333333333,2.7583333333333364,11.512999898665276,4.647938611183815,-6.865061287481462
S34,S34_E0I102D0,data/outputs_webcam_sg/S34/S34_E0I102D0.arff,fixation,sg,6,6,0,135.0666666666667,127.98333333333333,-7.083333333333357,69.37517327305689,73.96102802602643,4.585854752969539
S34,S34_E0I102D0,data/outputs_webcam_sg/S34/S34_E0I102D0.arff,saccade,sg,4,6,2,25.35,37.2,11.850000000000001,7.252355939049507,15.37010084547268,8.117744906423173
S34,S34_E0I103D0,data/outputs_webcam_sg/S34/S34_E0I103D0.arff,fixation,sg,7,7,0,163.4714285714286,164.87142857142857,1.3999999999999773,131.58644451824202,82.78578207811843,-48.80066244012359
S34,S34_E0I103D0,data/outputs_webcam_sg/S34/S34_E0I103D0.arff,saccade,sg,6,5,-1,29.983333333333334,27.22,-2.7633333333333354,14.405334660002406,7.7001298690346776,-6.705204790967729
S34,S34_E0I104D0,data/outputs_webcam_sg/S34/S34_E0I104D0.arff,fixation,sg,4,3,-1,116.675,150.7,34.02499999999999,50.242835310121585,12.31218908236874,-37.930646227752845
S34,S34_E0I104D0,data/outputs_webcam_sg/S34/S34_E0I104D0.arff,saccade,sg,3,2,-1,36.0,28.9,-7.100000000000001,6.600000000000001,0.7071067811865476,-5.8928932188134535
S34,S34_E0I105D0,data/outputs_webcam_sg/S34/S34_E0I105D0.arff,fixation,sg,8,5,-3,88.125,165.57999999999998,77.45499999999998,32.040365166458386,65.85906923120004,33.81870406474165
S34,S34_E0I105D0,data/outputs_webcam_sg/S34/S34_E0I105D0.arff,saccade,sg,7,4,-3,33.75714285714286,37.325,3.567857142857143,11.96451101422552,20.95111373332374,8.98660271909822
S34,S34_E0I106D0,data/outputs_webcam_sg/S34/S34_E0I106D0.arff,fixation,sg,5,5,0,129.36,132.01999999999998,2.659999999999968,53.5349698795096,60.98275985883224,7.447789979322636
S34,S34_E0I106D0,data/outputs_webcam_sg/S34/S34_E0I106D0.arff,saccade,sg,4,5,1,27.375,37.72,10.344999999999999,9.112765771158612,15.764421968470648,6.651656197312036
S34,S34_E0I107D0,data/outputs_webcam_sg/S34/S34_E0I107D0.arff,fixation,sg,6,4,-2,133.78333333333333,170.17499999999998,36.39166666666665,52.123599901260334,60.04467087094408,7.921070969683747
S34,S34_E0I107D0,data/outputs_webcam_sg/S34/S34_E0I107D0.arff,saccade,sg,5,4,-1,31.639999999999997,32.599999999999994,0.9599999999999973,18.68737541764493,14.989551916807477,-3.697823500837453
S34,S34_E0I108D0,data/outputs_webcam_sg/S34/S34_E0I108D0.arff,fixation,sg,5,5,0,116.05999999999999,130.23999999999998,14.179999999999993,35.31894675666307,30.192432826786252,-5.126513929876815
S34,S34_E0I108D0,data/outputs_webcam_sg/S34/S34_E0I108D0.arff,saccade,sg,4,4,0,41.724999999999994,30.849999999999998,-10.874999999999996,9.287042945236479,3.3030289129827475,-5.984014032253731
S34,S34_E0I109D0,data/outputs_webcam_sg/S34/S34_E0I109D0.arff,fixation,sg,5,5,0,199.18,206.34,7.159999999999997,114.49033583669846,119.12712957173105,4.636793735032583
S34,S34_E0I109D0,data/outputs_webcam_sg/S34/S34_E0I109D0.arff,saccade,sg,4,4,0,31.025,41.575,10.550000000000004,12.407893992669882,15.034488130073912,2.6265941374040302
S34,S34_E0I110D0,data/outputs_webcam_sg/S34/S34_E0I110D0.arff,fixation,sg,5,5,0,137.71999999999997,144.82,7.100000000000023,64.88183104691174,80.68858035682622,15.80674930991448
S34,S34_E0I110D0,data/outputs_webcam_sg/S34/S34_E0I110D0.arff,saccade,sg,4,4,0,30.725,39.75,9.024999999999999,12.471667891665493,9.53222604292058,-2.939441848744913
S34,S34_E0I111D0,data/outputs_webcam_sg/S34/S34_E0I111D0.arff,fixation,sg,7,7,0,103.92142857142856,126.46428571428571,22.542857142857144,53.27988095224795,58.910594083221525,5.630713130973575
S34,S34_E0I111D0,data/outputs_webcam_sg/S34/S34_E0I111D0.arff,saccade,sg,6,6,0,42.050000000000004,35.03333333333333,-7.016666666666673,8.457422775290354,8.65873354865864,0.20131077336828618
S34,S34_E0I112D0,data/outputs_webcam_sg/S34/S34_E0I112D0.arff,fixation,sg,6,6,0,117.18333333333332,132.96666666666667,15.783333333333346,58.16327592791406,22.15178698585436,-36.0114889420597
S34,S34_E0I112D0,data/outputs_webcam_sg/S34/S34_E0I112D0.arff,saccade,sg,6,5,-1,36.03333333333333,31.690000000000005,-4.343333333333327,12.652022236254043,6.408041822585117,-6.243980413668925
S34,S34_E0I113D0,data/outputs_webcam_sg/S34/S34_E0I113D0.arff,fixation,sg,4,4,0,184.75,177.55,-7.199999999999989,62.873974478051466,35.4959622116845,-27.378012266366966
S34,S34_E0I113D0,data/outputs_webcam_sg/S34/S34_E0I113D0.arff,saccade,sg,2,2,0,36.1,36.1,0.0,10.323759005323593,10.323759005323593,0.0
S34,S34_E0I114D0,data/outputs_webcam_sg/S34/S34_E0I114D0.arff,fixation,sg,5,5,0,154.6,153.6,-1.0,74.9039051051412,86.01648097893798,11.112575873796771
S34,S34_E0I114D0,data/outputs_webcam_sg/S34/S34_E0I114D0.arff,saccade,sg,4,4,0,32.1,31.950000000000003,-0.14999999999999858,13.69038592102745,6.969218033610369,-6.7211678874170815
S34,S34_E0I115D0,data/outputs_webcam_sg/S34/S34_E0I115D0.arff,fixation,sg,6,6,0,108.03333333333335,116.43333333333332,8.399999999999977,53.11710333467617,51.10493779143721,-2.0121655432389645
S34,S34_E0I115D0,data/outputs_webcam_sg/S34/S34_E0I115D0.arff,saccade,sg,5,5,0,33.019999999999996,38.54,5.520000000000003,6.223905526275282,24.43374715429461,18.20984162801933
S34,S34_E0I116D0,data/outputs_webcam_sg/S34/S34_E0I116D0.arff,fixation,sg,6,6,0,113.3,127.71666666666665,14.416666666666657,89.66087217956336,90.6015765131417,0.9407043335783385
S34,S34_E0I116D0,data/outputs_webcam_sg/S34/S34_E0I116D0.arff,saccade,sg,5,5,0,30.619999999999997,35.0,4.380000000000003,16.63045399260044,7.856844150166146,-8.773609842434293
S34,S34_E0I117D0,data/outputs_webcam_sg/S34/S34_E0I117D0.arff,fixation,sg,5,4,-1,78.06,106.5,28.439999999999998,32.5649811914578,28.42006333560852,-4.144917855849275
S34,S34_E0I117D0,data/outputs_webcam_sg/S34/S34_E0I117D0.arff,saccade,sg,4,2,-2,36.325,36.6,0.2749999999999986,14.48456074584245,10.040916292848976,-4.443644452993473
S34,S34_E0I118D0,data/outputs_webcam_sg/S34/S34_E0I118D0.arff,fixation,sg,4,5,1,123.225,107.05999999999999,-16.165000000000006,26.471541322711072,55.73547344375932,29.263932121048246
S34,S34_E0I118D0,data/outputs_webcam_sg/S34/S34_E0I118D0.arff,saccade,sg,4,4,0,37.525,28.675,-8.849999999999998,10.618027123717473,0.2362907813126304,-10.381736342404842
S34,S34_E0I119D0,data/outputs_webcam_sg/S34/S34_E0I119D0.arff,fixation,sg,5,4,-1,107.67999999999999,129.275,21.595000000000013,64.17092020533912,77.83107241541346,13.660152210074344
S34,S34_E0I119D0,data/outputs_webcam_sg/S34/S34_E0I119D0.arff,saccade,sg,4,3,-1,41.55,43.400000000000006,1.8500000000000085,9.13692143631176,12.21924711264978,3.082325676338021
S34,S34_E0I120D0,data/outputs_webcam_sg/S34/S34_E0I120D0.arff,fixation,sg,5,5,0,126.38999999999999,126.17,-0.21999999999998465,40.87319414971138,39.7348965016898,-1.1382976480215774
S34,S34_E0I120D0,data/outputs_webcam_sg/S34/S34_E0I120D0.arff,saccade,sg,5,4,-1,28.99,44.849999999999994,15.859999999999996,14.233165494716907,15.151017567587116,0.9178520728702093
S34,S34_E0I121D0,data/outputs_webcam_sg/S34/S34_E0I121D0.arff,fixation,sg,7,7,0,206.77142857142854,204.72857142857143,-2.042857142857116,108.0785781161977,110.42118930540029,2.342611189202586
S34,S34_E0I121D0,data/outputs_webcam_sg/S34/S34_E0I121D0.arff,saccade,sg,6,6,0,35.03333333333334,32.65,-2.38333333333334,12.550166001558173,8.750942806349498,-3.7992231952086755
S34,S34_E0I122D0,data/outputs_webcam_sg/S34/S34_E0I122D0.arff,fixation,sg,5,4,-1,108.78,137.45,28.669999999999987,57.060161233561196,35.94797166276098,-21.11218957080022
S34,S34_E0I122D0,data/outputs_webcam_sg/S34/S34_E0I122D0.arff,saccade,sg,3,3,0,33.666666666666664,40.63333333333333,6.966666666666669,7.827089710315922,3.6665151483845446,-4.1605745619313765
S34,S34_E0I123D0,data/outputs_webcam_sg/S34/S34_E0I123D0.arff,fixation,sg,5,5,0,205.56000000000003,219.7,14.139999999999958,113.22141140261412,127.99880858820522,14.777397185591099
S34,S34_E0I123D0,data/outputs_webcam_sg/S34/S34_E0I123D0.arff,saccade,sg,4,4,0,43.650000000000006,34.474999999999994,-9.175000000000011,5.838093296045663,10.884660460176665,5.046567164131002
S34,S34_E0I124D0,data/outputs_webcam_sg/S34/S34_E0I124D0.arff,fixation,sg,11,11,0,220.89999999999998,216.03636363636363,-4.8636363636363455,228.82130582618393,229.56628355543538,0.7449777292514455
S34,S34_E0I124D0,data/outputs_webcam_sg/S34/S34_E0I124D0.arff,saccade,sg,9,9,0,31.511111111111113,42.66666666666667,11.155555555555559,15.814901552368612,10.398317171542711,-5.416584380825901
S34,S34_E0I125D0,data/outputs_webcam_sg/S34/S34_E0I125D0.arff,fixation,sg,5,4,-1,106.8,106.325,-0.4749999999999943,57.79044038593234,31.938208570091508,-25.852231815840835
S34,S34_E0I125D0,data/outputs_webcam_sg/S34/S34_E0I125D0.arff,saccade,sg,4,3,-1,25.325,41.13333333333333,15.808333333333334,13.726221864251892,4.291076011134425,-9.435145853117467
S34,S34_E0I126D0,data/outputs_webcam_sg/S34/S34_E0I126D0.arff,fixation,sg,5,5,0,133.37999999999997,133.74,0.36000000000004206,63.046149763486746,65.75365389086754,2.707504127380794
S34,S34_E0I126D0,data/outputs_webcam_sg/S34/S34_E0I126D0.arff,saccade,sg,4,4,0,29.099999999999998,29.175,0.07500000000000284,11.928397489464652,0.2362907813126304,-11.692106708152021
S34,S34_E0I127D0,data/outputs_webcam_sg/S34/S34_E0I127D0.arff,fixation,sg,5,4,-1,247.10000000000005,296.42499999999995,49.3249999999999,259.99571150309384,282.27964119527525,22.283929692181403
S34,S34_E0I127D0,data/outputs_webcam_sg/S34/S34_E0I127D0.arff,saccade,sg,4,3,-1,25.625,33.93333333333333,8.30833333333333,7.354080499967349,7.766809726865549,0.41272922689820035
S34,S34_E0I128D0,data/outputs_webcam_sg/S34/S34_E0I128D0.arff,fixation,sg,5,4,-1,119.06000000000002,182.925,63.864999999999995,60.072814150828655,54.35459962137519,-5.718214529453462
S34,S34_E0I128D0,data/outputs_webcam_sg/S34/S34_E0I128D0.arff,saccade,sg,4,3,-1,32.6,36.166666666666664,3.566666666666663,12.617712418131374,12.070349345952392,-0.5473630721789817
S34,S34_E0I129D0,data/outputs_webcam_sg/S34/S34_E0I129D0.arff,fixation,sg,6,6,0,151.4333333333333,154.83333333333334,3.400000000000034,25.70047989175818,35.36550108038435,9.665021188626167
S34,S34_E0I129D0,data/outputs_webcam_sg/S34/S34_E0I129D0.arff,saccade,sg,5,5,0,37.54,36.14,-1.3999999999999986,15.73810662055636,8.861038313877218,-6.877068306679142
S34,S34_E0I130D0,data/outputs_webcam_sg/S34/S34_E0I130D0.arff,fixation,sg,4,4,0,111.025,114.45,3.424999999999997,22.24355711960956,17.736309274103974,-4.507247845505585
S34,S34_E0I130D0,data/outputs_webcam_sg/S34/S34_E0I130D0.arff,saccade,sg,3,3,0,33.76666666666667,45.666666666666664,11.899999999999991,8.000208330620731,16.919022824422612,8.91881449380188
S34,S34_E0I131D0,data/outputs_webcam_sg/S34/S34_E0I131D0.arff,fixation,sg,4,4,0,140.475,154.72499999999997,14.249999999999972,74.57981742178421,82.8078649646276,8.228047542843385
S34,S34_E0I131D0,data/outputs_webcam_sg/S34/S34_E0I131D0.arff,saccade,sg,3,3,0,45.53333333333333,33.36666666666667,-12.166666666666664,14.693649421887448,8.256714439371954,-6.436934982515494
S34,S34_E0I132D0,data/outputs_webcam_sg/S34/S34_E0I132D0.arff,fixation,sg,5,5,0,234.17,241.21000000000004,7.040000000000049,152.99048009598508,143.44782326685896,-9.542656829126116
S34,S34_E0I132D0,data/outputs_webcam_sg/S34/S34_E0I132D0.arff,saccade,sg,4,4,0,32.55,30.95,-1.5999999999999979,7.147493733237313,15.397835345701465,8.250341612464151
S34,S34_E0I133D0,data/outputs_webcam_sg/S34/S34_E0I133D0.arff,fixation,sg,7,7,0,122.04285714285713,130.12857142857143,8.085714285714303,72.16732541214796,74.84360837296472,2.6762829608167635
S34,S34_E0I133D0,data/outputs_webcam_sg/S34/S34_E0I133D0.arff,saccade,sg,7,6,-1,28.957142857142856,37.26666666666667,8.309523809523817,11.746468567596127,9.53114193927814,-2.215326628317987
S34,S34_E0I134D0,data/outputs_webcam_sg/S34/S34_E0I134D0.arff,fixation,sg,6,5,-1,113.56666666666666,126.22,12.653333333333336,58.96268876727609,60.705288072786544,1.7425993055104527
S34,S34_E0I134D0,data/outputs_webcam_sg/S34/S34_E0I134D0.arff,saccade,sg,4,3,-1,36.275,38.666666666666664,2.3916666666666657,6.1004781233386405,10.664114277957326,4.563636154618686
S34,S34_E0I135D0,data/outputs_webcam_sg/S34/S34_E0I135D0.arff,fixation,sg,6,6,0,137.61666666666665,138.88333333333335,1.2666666666667084,112.02828958199206,101.70914249302601,-10.319147088966048
S34,S34_E0I135D0,data/outputs_webcam_sg/S34/S34_E0I135D0.arff,saccade,sg,4,4,0,27.375,23.65,-3.7250000000000014,15.304329452805177,10.845736489515131,-4.458592963290046
S34,S34_E0I136D0,data/outputs_webcam_sg/S34/S34_E0I136D0.arff,fixation,sg,5,5,0,168.82,179.1,10.280000000000001,101.68784096439455,110.34575207048073,8.657911106086175
S34,S34_E0I136D0,data/outputs_webcam_sg/S34/S34_E0I136D0.arff,saccade,sg,4,4,0,29.150000000000002,38.050000000000004,8.900000000000002,11.843845096364047,10.234093348541757,-1.6097517478222905
S34,S34_E0I137D0,data/outputs_webcam_sg/S34/S34_E0I137D0.arff,fixation,sg,5,5,0,144.98000000000002,147.78000000000003,2.8000000000000114,52.92118668359583,57.40241284127349,4.481226157677661
S34,S34_E0I137D0,data/outputs_webcam_sg/S34/S34_E0I137D0.arff,saccade,sg,4,4,0,37.949999999999996,28.974999999999998,-8.974999999999998,7.096712854084864,0.6499999999999999,-6.446712854084865
S34,S34_E0I138D0,data/outputs_webcam_sg/S34/S34_E0I138D0.arff,fixation,sg,6,6,0,111.58333333333333,116.25,4.666666666666671,42.91994485861633,46.29340125763067,3.373456399014337
S34,S34_E0I138D0,data/outputs_webcam_sg/S34/S34_E0I138D0.arff,saccade,sg,5,5,0,30.639999999999997,33.22,2.580000000000002,10.672066341622882,6.554921814941807,-4.117144526681075
S34,S34_E0I139D0,data/outputs_webcam_sg/S34/S34_E0I139D0.arff,fixation,sg,6,7,1,122.13333333333333,109.95714285714284,-12.176190476190484,78.05533080236523,61.66368075139144,-16.391650050973794
S34,S34_E0I139D0,data/outputs_webcam_sg/S34/S34_E0I139D0.arff,saccade,sg,4,5,1,37.775,31.939999999999998,-5.835000000000001,15.682766550155193,3.481091782760116,-12.201674767395078
S34,S34_E0I140D0,data/outputs_webcam_sg/S34/S34_E0I140D0.arff,fixation,sg,5,5,0,123.38,129.2,5.819999999999993,44.49490982123685,58.70719717377078,14.212287352533927
S34,S34_E0I140D0,data/outputs_webcam_sg/S34/S34_E0I140D0.arff,saccade,sg,4,4,0,39.400000000000006,32.6,-6.800000000000004,8.934577027854575,4.5158978435448835,-4.418679184309691
S35,S35_E0I101D0,data/outputs_webcam_sg/S35/S35_E0I101D0.arff,fixation,sg,18,15,-3,175.94999999999996,182.76666666666668,6.81666666666672,110.47455522852842,129.92234860356652,19.447793375038103
S35,S35_E0I101D0,data/outputs_webcam_sg/S35/S35_E0I101D0.arff,saccade,sg,14,13,-1,26.921428571428567,39.96153846153846,13.040109890109893,13.20263252137639,24.590056881510005,11.387424360133615
S35,S35_E0I102D0,data/outputs_webcam_sg/S35/S35_E0I102D0.arff,fixation,sg,13,10,-3,176.7076923076923,240.29000000000002,63.58230769230772,82.97555324249086,88.10031466711368,5.124761424622818
S35,S35_E0I102D0,data/outputs_webcam_sg/S35/S35_E0I102D0.arff,saccade,sg,9,10,1,31.211111111111116,38.160000000000004,6.948888888888888,17.865990347895945,18.317277818132983,0.4512874702370375
S35,S35_E0I103D0,data/outputs_webcam_sg/S35/S35_E0I103D0.arff,fixation,sg,9,9,0,207.88333333333333,205.18333333333334,-2.6999999999999886,120.87713803693401,83.8712853126742,-37.00585272425981
S35,S35_E0I103D0,data/outputs_webcam_sg/S35/S35_E0I103D0.arff,saccade,sg,6,6,0,28.05,41.199999999999996,13.149999999999995,15.962455951387932,11.875142104412898,-4.087313846975034
S35,S35_E0I104D0,data/outputs_webcam_sg/S35/S35_E0I104D0.arff,fixation,sg,14,13,-1,167.46428571428575,193.2230769230769,25.758791208791138,66.4111043442268,74.27721895985509,7.866114615628291
S35,S35_E0I104D0,data/outputs_webcam_sg/S35/S35_E0I104D0.arff,saccade,sg,11,12,1,20.800000000000004,34.208333333333336,13.408333333333331,8.547631250820311,9.343394198657956,0.7957629478376447
S35,S35_E0I105D0,data/outputs_webcam_sg/S35/S35_E0I105D0.arff,fixation,sg,12,10,-2,197.83333333333334,252.70000000000005,54.8666666666667,213.70922613058457,267.95856644886976,54.24934031828519
S35,S35_E0I105D0,data/outputs_webcam_sg/S35/S35_E0I105D0.arff,saccade,sg,11,9,-2,29.709090909090904,34.733333333333334,5.024242424242431,12.591938257905692,7.998593626382078,-4.593344631523614
S35,S35_E0I106D0,data/outputs_webcam_sg/S35/S35_E0I106D0.arff,fixation,sg,16,12,-4,165.33125,214.375,49.04374999999999,61.14534289979355,141.8560289679133,80.71068606811974
S35,S35_E0I106D0,data/outputs_webcam_sg/S35/S35_E0I106D0.arff,saccade,sg,15,10,-5,28.233333333333338,34.89,6.656666666666663,13.292944781062658,14.89634183281251,1.6033970517498517
S35,S35_E0I107D0,data/outputs_webcam_sg/S35/S35_E0I107D0.arff,fixation,sg,14,13,-1,182.60714285714286,200.8846153846154,18.277472527472526,80.66457104564569,95.07364554345793,14.409074497812242
S35,S35_E0I107D0,data/outputs_webcam_sg/S35/S35_E0I107D0.arff,saccade,sg,12,12,0,28.041666666666668,29.808333333333334,1.7666666666666657,11.86442032705221,9.885200906895975,-1.9792194201562356
S35,S35_E0I108D0,data/outputs_webcam_sg/S35/S35_E0I108D0.arff,fixation,sg,13,12,-1,187.87692307692308,216.69999999999996,28.823076923076883,108.22261896854214,127.1466797907762,18.92406082223407
S35,S35_E0I108D0,data/outputs_webcam_sg/S35/S35_E0I108D0.arff,saccade,sg,10,11,1,19.759999999999998,41.93636363636363,22.176363636363632,11.799830507257298,17.72310766921381,5.923277161956513
S35,S35_E0I109D0,data/outputs_webcam_sg/S35/S35_E0I109D0.arff,fixation,sg,11,9,-2,215.88181818181818,296.4555555555555,80.57373737373734,101.39067825181779,143.2991984547638,41.90852020294601
S35,S35_E0I109D0,data/outputs_webcam_sg/S35/S35_E0I109D0.arff,saccade,sg,9,9,0,27.400000000000002,34.888888888888886,7.488888888888884,13.76172227593625,18.86335365493398,5.10163137899773
S35,S35_E0I110D0,data/outputs_webcam_sg/S35/S35_E0I110D0.arff,fixation,sg,15,14,-1,179.8,211.20714285714286,31.407142857142844,80.70678852665192,86.3778146755975,5.671026148945586
S35,S35_E0I110D0,data/outputs_webcam_sg/S35/S35_E0I110D0.arff,saccade,sg,12,13,1,29.108333333333334,30.423076923076927,1.3147435897435926,7.332053951759708,7.759741602887931,0.42768765112822305
S35,S35_E0I111D0,data/outputs_webcam_sg/S35/S35_E0I111D0.arff,fixation,sg,14,10,-4,158.95,245.3,86.35000000000002,77.73229949393873,153.48097963953418,75.74868014559546
S35,S35_E0I111D0,data/outputs_webcam_sg/S35/S35_E0I111D0.arff,saccade,sg,13,9,-4,20.71538461538461,37.166666666666664,16.451282051282053,9.983556994198524,15.073735436181703,5.090178441983179
S35,S35_E0I112D0,data/outputs_webcam_sg/S35/S35_E0I112D0.arff,fixation,sg,12,11,-1,208.98333333333335,234.56363636363633,25.580303030302986,106.67206189006934,82.16923113583664,-24.502830754232704
S35,S35_E0I112D0,data/outputs_webcam_sg/S35/S35_E0I112D0.arff,saccade,sg,10,9,-1,20.389999999999997,32.233333333333334,11.843333333333337,7.481451136718806,5.342986056504359,-2.1384650802144467
S35,S35_E0I113D0,data/outputs_webcam_sg/S35/S35_E0I113D0.arff,fixation,sg,19,16,-3,180.70526315789473,231.29375,50.588486842105254,88.27201314172893,147.21572592061398,58.94371277888504
S35,S35_E0I113D0,data/outputs_webcam_sg/S35/S35_E0I113D0.arff,saccade,sg,18,15,-3,26.83888888888889,35.40666666666666,8.56777777777777,13.012172531400283,10.157155582337484,-2.855016949062799
S35,S35_E0I114D0,data/outputs_webcam_sg/S35/S35_E0I114D0.arff,fixation,sg,13,10,-3,276.5230769230769,345.15,68.62692307692305,154.14604629942215,201.23641845131093,47.09037215188877
S35,S35_E0I114D0,data/outputs_webcam_sg/S35/S35_E0I114D0.arff,saccade,sg,11,9,-2,29.900000000000002,40.388888888888886,10.488888888888884,13.354549786495987,12.376736690707737,-0.9778130957882496
S35,S35_E0I115D0,data/outputs_webcam_sg/S35/S35_E0I115D0.arff,fixation,sg,14,11,-3,240.37857142857138,290.10909090909087,49.73051948051949,151.60076201640953,230.76663300635755,79.16587098994802
S35,S35_E0I115D0,data/outputs_webcam_sg/S35/S35_E0I115D0.arff,saccade,sg,13,11,-2,24.161538461538463,32.31818181818182,8.156643356643357,9.848649523457388,15.051233715667175,5.2025841922097875
S35,S35_E0I116D0,data/outputs_webcam_sg/S35/S35_E0I116D0.arff,fixation,sg,11,11,0,203.34545454545457,209.8909090909091,6.5454545454545325,139.30353451105512,117.6761611758767,-21.62737333517842
S35,S35_E0I116D0,data/outputs_webcam_sg/S35/S35_E0I116D0.arff,saccade,sg,9,9,0,21.066666666666663,40.6888888888889,19.622222222222234,10.452272480183437,11.229475103989104,0.7772026238056675
S35,S35_E0I117D0,data/outputs_webcam_sg/S35/S35_E0I117D0.arff,fixation,sg,10,11,1,300.2,263.9181818181818,-36.28181818181821,147.28165006016346,158.71612909960865,11.434479039445193
S35,S35_E0I117D0,data/outputs_webcam_sg/S35/S35_E0I117D0.arff,saccade,sg,8,10,2,26.5875,34.239999999999995,7.652499999999996,12.186812251657233,11.155885342624217,-1.0309269090330169
S35,S35_E0I118D0,data/outputs_webcam_sg/S35/S35_E0I118D0.arff,fixation,sg,13,12,-1,189.99999999999997,211.1583333333333,21.15833333333333,90.00672197119502,112.905418650329,22.898696679133977
S35,S35_E0I118D0,data/outputs_webcam_sg/S35/S35_E0I118D0.arff,saccade,sg,12,11,-1,26.86666666666667,35.727272727272734,8.860606060606063,10.512013329635016,13.712409774295027,3.2003964446600115
S35,S35_E0I119D0,data/outputs_webcam_sg/S35/S35_E0I119D0.arff,fixation,sg,14,8,-6,202.14285714285714,383.55,181.40714285714287,111.44755727236924,349.33553661609795,237.88797934372872
S35,S35_E0I119D0,data/outputs_webcam_sg/S35/S35_E0I119D0.arff,saccade,sg,10,6,-4,27.660000000000004,37.583333333333336,9.923333333333332,10.508641946300937,16.004426471031902,5.495784524730965
S35,S35_E0I120D0,data/outputs_webcam_sg/S35/S35_E0I120D0.arff,fixation,sg,11,10,-1,225.7090909090909,253.51999999999998,27.810909090909092,96.7574746936427,170.16226112481908,73.40478643117638
S35,S35_E0I120D0,data/outputs_webcam_sg/S35/S35_E0I120D0.arff,saccade,sg,9,9,0,25.26666666666667,41.3,16.033333333333328,8.211577193207162,7.977781646548118,-0.233795546659044
S35,S35_E0I121D0,data/outputs_webcam_sg/S35/S35_E0I121D0.arff,fixation,sg,12,12,0,187.79166666666666,186.53333333333333,-1.2583333333333258,72.65993591986431,73.25893471209854,0.5989987922342266
S35,S35_E0I121D0,data/outputs_webcam_sg/S35/S35_E0I121D0.arff,saccade,sg,9,11,2,26.87777777777778,33.945454545454545,7.067676767676765,7.138238189108321,9.768250983299275,2.6300127941909537
S35,S35_E0I122D0,data/outputs_webcam_sg/S35/S35_E0I122D0.arff,fixation,sg,13,11,-2,210.13846153846154,254.11818181818182,43.97972027972028,105.05771856826719,153.17085113155062,48.11313256328343
S35,S35_E0I122D0,data/outputs_webcam_sg/S35/S35_E0I122D0.arff,saccade,sg,11,10,-1,20.036363636363635,38.64,18.603636363636365,9.873021090555081,12.363045291872425,2.4900242013173433
S35,S35_E0I123D0,data/outputs_webcam_sg/S35/S35_E0I123D0.arff,fixation,sg,13,13,0,166.23076923076923,168.59230769230768,2.3615384615384585,57.84145550000427,69.87136348961165,12.02990798960738
S35,S35_E0I123D0,data/outputs_webcam_sg/S35/S35_E0I123D0.arff,saccade,sg,11,11,0,28.363636363636363,36.227272727272734,7.86363636363637,13.732317555844151,12.87680790484124,-0.8555096510029117
S35,S35_E0I124D0,data/outputs_webcam_sg/S35/S35_E0I124D0.arff,fixation,sg,16,14,-2,206.96875,233.0642857142857,26.09553571428569,120.3697787029618,177.67667526736855,57.306896564406756
S35,S35_E0I124D0,data/outputs_webcam_sg/S35/S35_E0I124D0.arff,saccade,sg,12,13,1,24.400000000000006,35.13846153846154,10.738461538461536,13.114530456364387,16.958112044168246,3.8435815878038593
S35,S35_E0I125D0,data/outputs_webcam_sg/S35/S35_E0I125D0.arff,fixation,sg,10,8,-2,201.61999999999998,223.4375,21.817500000000024,98.88862478117042,159.87604517697008,60.98742039579966
S35,S35_E0I125D0,data/outputs_webcam_sg/S35/S35_E0I125D0.arff,saccade,sg,7,6,-1,23.97857142857143,39.86666666666667,15.888095238095236,13.64816401397569,8.775970981416624,-4.872193032559066
S35,S35_E0I126D0,data/outputs_webcam_sg/S35/S35_E0I126D0.arff,fixation,sg,14,11,-3,176.82857142857145,237.11818181818188,60.28961038961043,78.57585681827005,137.27460666985584,58.69874985158579
S35,S35_E0I126D0,data/outputs_webcam_sg/S35/S35_E0I126D0.arff,saccade,sg,9,9,0,21.95555555555556,41.24444444444445,19.288888888888888,8.810520857348775,16.02506716921267,7.214546311863893
S35,S35_E0I127D0,data/outputs_webcam_sg/S35/S35_E0I127D0.arff,fixation,sg,17,15,-2,174.9764705882353,209.64000000000001,34.66352941176473,53.742866147654475,98.18363116411732,44.44076501646284
S35,S35_E0I127D0,data/outputs_webcam_sg/S35/S35_E0I127D0.arff,saccade,sg,13,14,1,24.092307692307692,33.72857142857143,9.636263736263736,8.005566973306923,7.055322984639499,-0.9502439886674239
S35,S35_E0I128D0,data/outputs_webcam_sg/S35/S35_E0I128D0.arff,fixation,sg,15,13,-2,143.73999999999998,177.13846153846154,33.39846153846156,50.536829568712974,75.86229342764798,25.32546385893501
S35,S35_E0I128D0,data/outputs_webcam_sg/S35/S35_E0I128D0.arff,saccade,sg,12,12,0,29.708333333333332,32.8,3.091666666666665,11.621489368902557,10.838231992685557,-0.7832573762169996
S35,S35_E0I129D0,data/outputs_webcam_sg/S35/S35_E0I129D0.arff,fixation,sg,13,10,-3,164.56923076923073,182.28,17.710769230769273,85.39685186054757,111.66640596984496,26.26955410929739
S35,S35_E0I129D0,data/outputs_webcam_sg/S35/S35_E0I129D0.arff,saccade,sg,11,8,-3,18.809090909090912,31.1125,12.303409090909089,6.873929668749099,9.229833228643487,2.3559035598943883
S35,S35_E0I130D0,data/outputs_webcam_sg/S35/S35_E0I130D0.arff,fixation,sg,15,15,0,211.49333333333337,211.06666666666666,-0.42666666666670494,111.874115904993,141.19069509338206,29.316579188389056
S35,S35_E0I130D0,data/outputs_webcam_sg/S35/S35_E0I130D0.arff,saccade,sg,10,13,3,24.73,41.792307692307695,17.062307692307694,11.714003964865682,18.176975433152673,6.462971468286991
S35,S35_E0I131D0,data/outputs_webcam_sg/S35/S35_E0I131D0.arff,fixation,sg,14,16,2,193.82857142857142,190.96249999999998,-2.866071428571445,86.62188769919199,111.38370242843727,24.761814729245287
S35,S35_E0I131D0,data/outputs_webcam_sg/S35/S35_E0I131D0.arff,saccade,sg,12,14,2,23.108333333333338,44.05714285714286,20.94880952380952,11.361054555192517,16.873179185446226,5.512124630253709
S35,S35_E0I132D0,data/outputs_webcam_sg/S35/S35_E0I132D0.arff,fixation,sg,14,11,-3,169.82857142857142,245.3909090909091,75.56233766233768,90.68016006035404,158.10765607360992,67.42749601325588
S35,S35_E0I132D0,data/outputs_webcam_sg/S35/S35_E0I132D0.arff,saccade,sg,11,9,-2,25.063636363636366,33.900000000000006,8.83636363636364,8.746116021100192,11.533863186287586,2.787747165187394
S35,S35_E0I133D0,data/outputs_webcam_sg/S35/S35_E0I133D0.arff,fixation,sg,12,11,-1,188.8333333333333,223.6090909090909,34.77575757575761,104.66216936873465,134.70226022265143,30.04009085391678
S35,S35_E0I133D0,data/outputs_webcam_sg/S35/S35_E0I133D0.arff,saccade,sg,10,10,0,21.86,34.6,12.740000000000002,10.05796533433411,7.992913528036361,-2.065051806297749
S35,S35_E0I135D0,data/outputs_webcam_sg/S35/S35_E0I135D0.arff,fixation,sg,10,9,-1,191.91000000000003,218.31111111111113,26.401111111111106,166.36318002090087,172.46221647396018,6.099036453059313
S35,S35_E0I135D0,data/outputs_webcam_sg/S35/S35_E0I135D0.arff,saccade,sg,8,6,-2,28.2,42.383333333333326,14.183333333333326,12.3532528972274,13.849392285102859,1.4961393878754592
S35,S35_E0I136D0,data/outputs_webcam_sg/S35/S35_E0I136D0.arff,fixation,sg,18,17,-1,185.31666666666666,172.1294117647059,-13.187254901960756,68.42332118768383,131.8388304176063,63.41550922992246
S35,S35_E0I136D0,data/outputs_webcam_sg/S35/S35_E0I136D0.arff,saccade,sg,14,13,-1,23.642857142857146,33.51538461538461,9.872527472527466,12.097343273864483,9.451705856074001,-2.645637417790482
S35,S35_E0I137D0,data/outputs_webcam_sg/S35/S35_E0I137D0.arff,fixation,sg,13,13,0,264.1384615384615,270.1230769230769,5.984615384615381,114.98829316109777,139.82607144738873,24.837778286290956
S35,S35_E0I137D0,data/outputs_webcam_sg/S35/S35_E0I137D0.arff,saccade,sg,11,10,-1,25.845454545454547,44.22,18.37454545454545,9.75862322629208,16.08662660583491,6.328003379542828
S35,S35_E0I138D0,data/outputs_webcam_sg/S35/S35_E0I138D0.arff,fixation,sg,13,10,-3,216.8615384615385,279.96,63.09846153846149,116.78612602004243,162.2318656190029,45.44573959896046
S35,S35_E0I138D0,data/outputs_webcam_sg/S35/S35_E0I138D0.arff,saccade,sg,9,8,-1,27.38888888888889,29.887500000000003,2.4986111111111136,8.52883996280333,12.445933070686184,3.917093107882854
S35,S35_E0I139D0,data/outputs_webcam_sg/S35/S35_E0I139D0.arff,fixation,sg,17,14,-3,211.9,273.7785714285714,61.878571428571405,126.16028495529012,202.3466985857971,76.18641363050698
S35,S35_E0I139D0,data/outputs_webcam_sg/S35/S35_E0I139D0.arff,saccade,sg,14,13,-1,26.514285714285712,33.57692307692308,7.062637362637368,10.326206924643214,10.420984746026791,0.09477782138357682
S35,S35_E0I140D0,data/outputs_webcam_sg/S35/S35_E0I140D0.arff,fixation,sg,14,14,0,223.17857142857147,224.72857142857137,1.5499999999998977,86.55890994062882,129.40024627590063,42.841336335271805
S35,S35_E0I140D0,data/outputs_webcam_sg/S35/S35_E0I140D0.arff,saccade,sg,12,11,-1,25.65833333333333,36.83636363636363,11.178030303030297,8.935776746349813,9.75799904973071,0.8222223033808973
