subject,trial,file,event_type,smoothing,gt_event_count,pred_event_count,event_count_error,gt_mean_duration_ms,pred_mean_duration_ms,mean_duration_error_ms,gt_sd_duration_ms,pred_sd_duration_ms,sd_duration_error_ms
S11,S11_E0I101D0,data/outputs_webcam_median/S11/S11_E0I101D0.arff,fixation,median,7,8,1,178.3857142857143,170.83749999999998,-7.548214285714323,35.724568043641376,72.59055305518166,36.86598501154028
S11,S11_E0I101D0,data/outputs_webcam_median/S11/S11_E0I101D0.arff,saccade,median,7,7,0,43.75714285714286,29.08571428571429,-14.67142857142857,12.491711537770039,10.79790544062884,-1.6938060971411986
S11,S11_E0I102D0,data/outputs_webcam_median/S11/S11_E0I102D0.arff,fixation,median,14,10,-4,229.38571428571427,351.45,122.06428571428572,144.89674231695457,237.45402011056095,92.55727779360637
S11,S11_E0I102D0,data/outputs_webcam_median/S11/S11_E0I102D0.arff,saccade,median,13,8,-5,36.83846153846153,36.4,-0.4384615384615316,14.099559003832855,10.306031521118383,-3.793527482714472
S11,S11_E0I103D0,data/outputs_webcam_median/S11/S11_E0I103D0.arff,fixation,median,8,7,-1,201.8,248.70000000000002,46.900000000000006,153.44554175900416,114.39415777623144,-39.05138398277272
S11,S11_E0I103D0,data/outputs_webcam_median/S11/S11_E0I103D0.arff,saccade,median,7,6,-1,44.60000000000001,39.083333333333336,-5.516666666666673,24.26032426274087,13.023581176721963,-11.236743086018906
S11,S11_E0I104D0,data/outputs_webcam_median/S11/S11_E0I104D0.arff,fixation,median,10,10,0,160.94,206.95,46.00999999999999,70.11560612461552,126.39451684661358,56.27891072199806
S11,S11_E0I104D0,data/outputs_webcam_median/S11/S11_E0I104D0.arff,saccade,median,11,7,-4,54.9,25.800000000000004,-29.099999999999994,64.0864884355509,13.414047363367501,-50.6724410721834
S11,S11_E0I105D0,data/outputs_webcam_median/S11/S11_E0I105D0.arff,fixation,median,9,8,-1,182.03333333333333,226.1,44.06666666666666,72.6246514621585,142.77201606557415,70.14736460341565
S11,S11_E0I105D0,data/outputs_webcam_median/S11/S11_E0I105D0.arff,saccade,median,9,6,-3,44.43333333333333,37.833333333333336,-6.599999999999994,22.681545361813424,16.140218916317917,-6.541326445495507
S11,S11_E0I106D0,data/outputs_webcam_median/S11/S11_E0I106D0.arff,fixation,median,11,7,-4,155.6727272727273,261.4,105.72727272727269,80.97680026907818,171.5372748607913,90.56047459171313
S11,S11_E0I106D0,data/outputs_webcam_median/S11/S11_E0I106D0.arff,saccade,median,14,4,-10,32.51428571428571,33.1,0.585714285714289,18.837436422958696,15.354695264532824,-3.4827411584258723
S11,S11_E0I107D0,data/outputs_webcam_median/S11/S11_E0I107D0.arff,fixation,median,2,2,0,155.75,194.05,38.30000000000001,12.091525958289978,88.45905832643712,76.36753236814714
S11,S11_E0I107D0,data/outputs_webcam_median/S11/S11_E0I107D0.arff,saccade,median,2,1,-1,54.35,63.3,8.949999999999996,9.687362902255703,0.0,-9.687362902255703
S11,S11_E0I108D0,data/outputs_webcam_median/S11/S11_E0I108D0.arff,fixation,median,10,10,0,156.14000000000001,194.13,37.98999999999998,88.92973755849177,91.1546798944885,2.2249423359967295
S11,S11_E0I108D0,data/outputs_webcam_median/S11/S11_E0I108D0.arff,saccade,median,10,8,-2,51.61,25.6375,-25.9725,28.910338404568474,8.14632914701024,-20.764009257558236
S11,S11_E0I109D0,data/outputs_webcam_median/S11/S11_E0I109D0.arff,fixation,median,10,8,-2,130.73999999999998,190.625,59.88500000000002,93.16012737933183,114.94001851897735,21.779891139645528
S11,S11_E0I109D0,data/outputs_webcam_median/S11/S11_E0I109D0.arff,saccade,median,10,5,-5,43.22,32.9,-10.32,25.089209721401037,22.29843043803756,-2.7907792833634772
S11,S11_E0I110D0,data/outputs_webcam_median/S11/S11_E0I110D0.arff,fixation,median,13,9,-4,152.71538461538464,314.87777777777774,162.1623931623931,79.5022100966785,182.0695044329073,102.56729433622881
S11,S11_E0I110D0,data/outputs_webcam_median/S11/S11_E0I110D0.arff,saccade,median,13,8,-5,68.23076923076923,45.3375,-22.893269230769228,72.5361448361595,13.068821949313456,-59.467322886846034
S11,S11_E0I111D0,data/outputs_webcam_median/S11/S11_E0I111D0.arff,fixation,median,10,8,-2,136.95000000000002,215.7375,78.7875,46.60084047882971,113.18760580179641,66.5867653229667
S11,S11_E0I111D0,data/outputs_webcam_median/S11/S11_E0I111D0.arff,saccade,median,10,7,-3,50.32000000000001,43.02857142857143,-7.291428571428575,17.936480516905576,17.505971770200237,-0.430508746705339
S11,S11_E0I112D0,data/outputs_webcam_median/S11/S11_E0I112D0.arff,fixation,median,6,6,0,176.11666666666667,193.04999999999998,16.93333333333331,73.80323615307574,155.544884197456,81.74164804438027
S11,S11_E0I112D0,data/outputs_webcam_median/S11/S11_E0I112D0.arff,saccade,median,5,5,0,57.88000000000001,35.76,-22.12000000000001,18.477202169159703,7.1870021566714435,-11.29020001248826
S11,S11_E0I113D0,data/outputs_webcam_median/S11/S11_E0I113D0.arff,fixation,median,8,6,-2,144.9125,222.1,77.1875,52.187229896649185,168.8732779334848,116.6860480368356
S11,S11_E0I113D0,data/outputs_webcam_median/S11/S11_E0I113D0.arff,saccade,median,9,4,-5,31.355555555555554,19.924999999999997,-11.430555555555557,18.894517135343197,8.249999999999998,-10.644517135343198
S11,S11_E0I114D0,data/outputs_webcam_median/S11/S11_E0I114D0.arff,fixation,median,9,7,-2,240.0,361.30000000000007,121.30000000000007,125.0891681961312,241.34085853829228,116.25169034216108
S11,S11_E0I114D0,data/outputs_webcam_median/S11/S11_E0I114D0.arff,saccade,median,8,6,-2,52.775,42.050000000000004,-10.724999999999994,40.60945526774346,13.081857666249086,-27.527597601494378
S11,S11_E0I115D0,data/outputs_webcam_median/S11/S11_E0I115D0.arff,fixation,median,16,11,-5,131.075,230.85454545454542,99.77954545454543,66.27118529195023,177.30019381623,111.02900852427977
S11,S11_E0I115D0,data/outputs_webcam_median/S11/S11_E0I115D0.arff,saccade,median,18,9,-9,41.511111111111106,28.84444444444445,-12.666666666666657,20.835204621841058,11.04786304123009,-9.787341580610967
S11,S11_E0I116D0,data/outputs_webcam_median/S11/S11_E0I116D0.arff,fixation,median,7,7,0,153.55714285714288,164.84285714285716,11.285714285714278,133.16674831632278,132.1569503424225,-1.0097979739002767
S11,S11_E0I116D0,data/outputs_webcam_median/S11/S11_E0I116D0.arff,saccade,median,9,4,-5,34.94444444444444,51.2,16.25555555555556,18.880288074544247,15.080671956735438,-3.7996161178088084
S11,S11_E0I117D0,data/outputs_webcam_median/S11/S11_E0I117D0.arff,fixation,median,6,6,0,155.6833333333333,177.23333333333335,21.55000000000004,55.239348897924806,86.9988199153682,31.759471017443396
S11,S11_E0I117D0,data/outputs_webcam_median/S11/S11_E0I117D0.arff,saccade,median,6,4,-2,57.20000000000001,39.475,-17.72500000000001,23.266542502056463,9.035992843438217,-14.230549658618246
S11,S11_E0I118D0,data/outputs_webcam_median/S11/S11_E0I118D0.arff,fixation,median,11,7,-4,170.0909090909091,327.81428571428575,157.72337662337665,69.3639164774518,169.44587561196278,100.08195913451098
S11,S11_E0I118D0,data/outputs_webcam_median/S11/S11_E0I118D0.arff,saccade,median,13,4,-9,50.19230769230769,31.275,-18.917307692307695,28.554406009652922,12.826892323032368,-15.727513686620554
S11,S11_E0I119D0,data/outputs_webcam_median/S11/S11_E0I119D0.arff,fixation,median,14,10,-4,154.84285714285716,287.45,132.60714285714283,67.0459740578257,216.42753598683635,149.38156192901064
S11,S11_E0I119D0,data/outputs_webcam_median/S11/S11_E0I119D0.arff,saccade,median,15,7,-8,57.019999999999996,30.428571428571427,-26.59142857142857,39.87369702304659,7.028445604758397,-32.84525141828819
S11,S11_E0I120D0,data/outputs_webcam_median/S11/S11_E0I120D0.arff,fixation,median,6,3,-3,135.11666666666667,316.2,181.08333333333331,64.81908412394198,265.0992455666368,200.2801614426948
S11,S11_E0I120D0,data/outputs_webcam_median/S11/S11_E0I120D0.arff,saccade,median,7,2,-5,42.771428571428565,39.45,-3.3214285714285623,14.884971647684822,11.242997820866105,-3.6419738268187167
S11,S11_E0I121D0,data/outputs_webcam_median/S11/S11_E0I121D0.arff,fixation,median,10,9,-1,147.85,194.7888888888889,46.9388888888889,81.46380586902791,159.4065670263026,77.9427611572747
S11,S11_E0I121D0,data/outputs_webcam_median/S11/S11_E0I121D0.arff,saccade,median,10,7,-3,53.98,32.371428571428574,-21.608571428571423,21.821691552723912,9.4176632426723,-12.404028310051613
S11,S11_E0I122D0,data/outputs_webcam_median/S11/S11_E0I122D0.arff,fixation,median,6,5,-1,168.29999999999998,266.15999999999997,97.85999999999999,47.029735274611106,226.37034478924133,179.34060951463022
S11,S11_E0I122D0,data/outputs_webcam_median/S11/S11_E0I122D0.arff,saccade,median,6,4,-2,57.81666666666667,27.575,-30.24166666666667,42.77641484120271,7.85,-34.92641484120271
S11,S11_E0I123D0,data/outputs_webcam_median/S11/S11_E0I123D0.arff,fixation,median,6,5,-1,127.39999999999998,202.98000000000002,75.58000000000004,80.7432226258031,140.92743522820533,60.184212602402226
S11,S11_E0I123D0,data/outputs_webcam_median/S11/S11_E0I123D0.arff,saccade,median,5,4,-1,65.76,38.925,-26.835000000000008,38.47022225046276,8.525794195655125,-29.944428054807638
S11,S11_E0I124D0,data/outputs_webcam_median/S11/S11_E0I124D0.arff,fixation,median,8,6,-2,124.95,194.91666666666666,69.96666666666665,58.298492996940205,214.412904617858,156.1144116209178
S11,S11_E0I124D0,data/outputs_webcam_median/S11/S11_E0I124D0.arff,saccade,median,8,4,-4,46.0375,27.475,-18.5625,22.306625377100094,7.787757486379931,-14.518867890720163
S11,S11_E0I125D0,data/outputs_webcam_median/S11/S11_E0I125D0.arff,fixation,median,7,6,-1,136.02857142857144,182.5666666666667,46.53809523809525,89.9804740723548,102.96744469329452,12.98697062093973
S11,S11_E0I125D0,data/outputs_webcam_median/S11/S11_E0I125D0.arff,saccade,median,6,4,-2,60.23333333333333,31.599999999999998,-28.63333333333333,26.93768116721754,12.740486646906387,-14.197194520311154
S11,S11_E0I126D0,data/outputs_webcam_median/S11/S11_E0I126D0.arff,fixation,median,6,5,-1,146.41666666666666,233.28000000000003,86.86333333333337,81.9417943827609,154.13162232325982,72.18982794049892
S11,S11_E0I126D0,data/outputs_webcam_median/S11/S11_E0I126D0.arff,saccade,median,7,4,-3,48.05714285714286,39.55,-8.50714285714286,31.091309457942163,8.95860852290503,-22.132700935037136
S11,S11_E0I127D0,data/outputs_webcam_median/S11/S11_E0I127D0.arff,fixation,median,6,4,-2,92.39999999999999,154.075,61.675,58.17989343407223,71.49146219421355,13.311568760141327
S11,S11_E0I127D0,data/outputs_webcam_median/S11/S11_E0I127D0.arff,saccade,median,6,2,-4,46.76666666666667,31.5,-15.266666666666673,35.3052215212802,22.203152929257595,-13.102068592022608
S11,S11_E0I128D0,data/outputs_webcam_median/S11/S11_E0I128D0.arff,fixation,median,10,8,-2,180.60999999999999,259.125,78.51500000000001,62.72526427029046,131.07700844487238,68.35174417458191
S11,S11_E0I128D0,data/outputs_webcam_median/S11/S11_E0I128D0.arff,saccade,median,10,6,-4,51.89000000000001,36.766666666666666,-15.123333333333342,23.699716360234262,7.967350040425401,-15.732366319808861
S11,S11_E0I129D0,data/outputs_webcam_median/S11/S11_E0I129D0.arff,fixation,median,13,12,-1,131.76153846153846,160.04166666666666,28.280128205128193,53.894828732472696,74.89174561062161,20.996916878148916
S11,S11_E0I129D0,data/outputs_webcam_median/S11/S11_E0I129D0.arff,saccade,median,15,8,-7,39.84,35.5875,-4.252500000000005,20.442490762415147,7.326163973828907,-13.11632678858624
S11,S11_E0I130D0,data/outputs_webcam_median/S11/S11_E0I130D0.arff,fixation,median,7,5,-2,131.08571428571426,220.82000000000002,89.73428571428576,29.905541770237644,213.4519079324427,183.54636616220506
S11,S11_E0I130D0,data/outputs_webcam_median/S11/S11_E0I130D0.arff,saccade,median,6,3,-3,60.28333333333333,31.46666666666667,-28.816666666666663,28.589887489576917,15.600427344574037,-12.98946014500288
S11,S11_E0I131D0,data/outputs_webcam_median/S11/S11_E0I131D0.arff,fixation,median,10,9,-1,141.63000000000002,176.2,34.569999999999965,42.44374184991496,75.00078332924264,32.55704147932768
S11,S11_E0I131D0,data/outputs_webcam_median/S11/S11_E0I131D0.arff,saccade,median,9,8,-1,52.74444444444445,39.1125,-13.63194444444445,25.18149673426458,15.111153638478905,-10.070343095785676
S11,S11_E0I132D0,data/outputs_webcam_median/S11/S11_E0I132D0.arff,fixation,median,10,8,-2,156.36,214.9625,58.60249999999999,60.10541110785654,94.4844648984311,34.37905379057456
S11,S11_E0I132D0,data/outputs_webcam_median/S11/S11_E0I132D0.arff,saccade,median,10,6,-4,46.33,29.0,-17.33,22.264323729031407,6.473020933072903,-15.791302795958504
S11,S11_E0I133D0,data/outputs_webcam_median/S11/S11_E0I133D0.arff,fixation,median,10,9,-1,177.95999999999998,222.83333333333334,44.87333333333336,115.1987577093511,195.14005867581366,79.94130096646256
S11,S11_E0I133D0,data/outputs_webcam_median/S11/S11_E0I133D0.arff,saccade,median,12,6,-6,49.05833333333333,28.75,-20.30833333333333,24.70802071957177,11.704828063666719,-13.003192655905051
S11,S11_E0I134D0,data/outputs_webcam_median/S11/S11_E0I134D0.arff,fixation,median,8,7,-1,139.76250000000002,189.68571428571428,49.923214285714266,55.625429372339624,51.36180255700497,-4.2636268153346535
S11,S11_E0I134D0,data/outputs_webcam_median/S11/S11_E0I134D0.arff,saccade,median,7,6,-1,51.228571428571435,42.98333333333333,-8.245238095238108,21.412668702251498,11.344675696848572,-10.067993005402926
S11,S11_E0I135D0,data/outputs_webcam_median/S11/S11_E0I135D0.arff,fixation,median,6,4,-2,163.13333333333335,325.17499999999995,162.0416666666666,65.41497280184917,127.82369042291548,62.4087176210663
S11,S11_E0I135D0,data/outputs_webcam_median/S11/S11_E0I135D0.arff,saccade,median,6,3,-3,60.23333333333333,36.63333333333333,-23.599999999999994,20.771486867017167,9.154416056381386,-11.61707081063578
S11,S11_E0I136D0,data/outputs_webcam_median/S11/S11_E0I136D0.arff,fixation,median,6,5,-1,179.86666666666667,230.25999999999993,50.39333333333326,68.95452607818189,199.7265831080079,130.77205702982602
S11,S11_E0I136D0,data/outputs_webcam_median/S11/S11_E0I136D0.arff,saccade,median,7,3,-4,38.228571428571435,31.566666666666663,-6.661904761904772,17.746146462984978,15.750026455004235,-1.9961200079807426
S11,S11_E0I137D0,data/outputs_webcam_median/S11/S11_E0I137D0.arff,fixation,median,7,7,0,146.5,142.0142857142857,-4.485714285714295,44.88236476241717,68.0040545009739,23.121689738556725
S11,S11_E0I137D0,data/outputs_webcam_median/S11/S11_E0I137D0.arff,saccade,median,7,5,-2,40.34285714285715,31.46,-8.882857142857148,15.452061042986807,19.150143602594735,3.6980825596079274
S11,S11_E0I138D0,data/outputs_webcam_median/S11/S11_E0I138D0.arff,fixation,median,6,5,-1,157.41666666666666,226.21999999999997,68.80333333333331,106.45576389593316,296.3328314581426,189.87706756220945
S11,S11_E0I138D0,data/outputs_webcam_median/S11/S11_E0I138D0.arff,saccade,median,7,3,-4,54.142857142857146,42.300000000000004,-11.842857142857142,33.77118382797465,9.357884376289332,-24.41329945168532
S11,S11_E0I139D0,data/outputs_webcam_median/S11/S11_E0I139D0.arff,fixation,median,5,6,1,149.98,136.61666666666667,-13.363333333333316,41.44553051898359,63.46200175433066,22.01647123534707
S11,S11_E0I139D0,data/outputs_webcam_median/S11/S11_E0I139D0.arff,saccade,median,7,4,-3,50.37142857142857,35.5,-14.871428571428567,18.895653317250357,15.075145107095983,-3.820508210154374
S11,S11_E0I140D0,data/outputs_webcam_median/S11/S11_E0I140D0.arff,fixation,median,7,7,0,144.6142857142857,146.81428571428572,2.200000000000017,67.40710715672417,61.136552857010955,-6.270554299713211
S11,S11_E0I140D0,data/outputs_webcam_median/S11/S11_E0I140D0.arff,saccade,median,7,6,-1,37.92857142857143,31.53333333333333,-6.395238095238099,17.586710350499917,9.835988342137593,-7.750722008362324
S13,S13_E0I101D0,data/outputs_webcam_median/S13/S13_E0I101D0.arff,fixation,median,8,6,-2,121.975,173.4,51.42500000000001,78.29119180524533,174.60438711555906,96.31319531031373
S13,S13_E0I101D0,data/outputs_webcam_median/S13/S13_E0I101D0.arff,saccade,median,7,5,-2,36.57142857142857,25.660000000000004,-10.911428571428566,12.05179299049375,8.819467104082875,-3.232325886410875
S13,S13_E0I102D0,data/outputs_webcam_median/S13/S13_E0I102D0.arff,fixation,median,7,7,0,160.02857142857144,155.48571428571427,-4.542857142857173,84.61057290681259,99.76092134985235,15.15034844303976
S13,S13_E0I102D0,data/outputs_webcam_median/S13/S13_E0I102D0.arff,saccade,median,6,6,0,29.266666666666666,37.583333333333336,8.31666666666667,12.026914262048544,19.35080532346565,7.323891061417106
S13,S13_E0I103D0,data/outputs_webcam_median/S13/S13_E0I103D0.arff,fixation,median,9,8,-1,174.45555555555558,208.35,33.89444444444442,173.56973462495637,275.2093696494673,101.63963502451094
S13,S13_E0I103D0,data/outputs_webcam_median/S13/S13_E0I103D0.arff,saccade,median,8,7,-1,37.912499999999994,43.4,5.487500000000004,17.021367873520454,15.226621424334422,-1.7947464491860323
S13,S13_E0I104D0,data/outputs_webcam_median/S13/S13_E0I104D0.arff,fixation,median,8,7,-1,122.0625,139.42857142857144,17.366071428571445,88.44820821087495,81.01519845653888,-7.433009754336069
S13,S13_E0I104D0,data/outputs_webcam_median/S13/S13_E0I104D0.arff,saccade,median,7,7,0,27.471428571428568,36.60000000000001,9.12857142857144,7.837455855423639,15.192542030000553,7.355086174576914
S13,S13_E0I105D0,data/outputs_webcam_median/S13/S13_E0I105D0.arff,fixation,median,10,10,0,136.05,137.65,1.5999999999999943,77.89206563501118,81.03592139018076,3.1438557551695823
S13,S13_E0I105D0,data/outputs_webcam_median/S13/S13_E0I105D0.arff,saccade,median,10,9,-1,43.08,38.86666666666667,-4.213333333333331,25.975022190130613,8.39270516579726,-17.582317024333353
S13,S13_E0I106D0,data/outputs_webcam_median/S13/S13_E0I106D0.arff,fixation,median,8,7,-1,138.11249999999998,153.15714285714287,15.04464285714289,68.97619542794662,56.01767153148659,-12.95852389646003
S13,S13_E0I106D0,data/outputs_webcam_median/S13/S13_E0I106D0.arff,saccade,median,7,6,-1,38.714285714285715,53.26666666666667,14.552380952380958,15.708960136540817,39.145659614658,23.436699478117184
S13,S13_E0I107D0,data/outputs_webcam_median/S13/S13_E0I107D0.arff,fixation,median,12,13,1,169.7,165.03076923076924,-4.669230769230751,91.52486001081893,170.67907694762212,79.1542169368032
S13,S13_E0I107D0,data/outputs_webcam_median/S13/S13_E0I107D0.arff,saccade,median,12,11,-1,53.29999999999999,48.01818181818182,-5.281818181818167,60.03574692706762,18.923520717975194,-41.11222620909243
S13,S13_E0I108D0,data/outputs_webcam_median/S13/S13_E0I108D0.arff,fixation,median,6,5,-1,189.26666666666665,224.01999999999998,34.75333333333333,138.59878306344058,121.30623232134447,-17.29255074209611
S13,S13_E0I108D0,data/outputs_webcam_median/S13/S13_E0I108D0.arff,saccade,median,5,5,0,38.4,41.28,2.8800000000000026,14.071424945612298,13.759433127858138,-0.3119918177541603
S13,S13_E0I109D0,data/outputs_webcam_median/S13/S13_E0I109D0.arff,fixation,median,6,6,0,176.35000000000002,168.11666666666667,-8.233333333333348,95.97351197075159,93.74203788411401,-2.2314740866375757
S13,S13_E0I109D0,data/outputs_webcam_median/S13/S13_E0I109D0.arff,saccade,median,5,5,0,22.3,35.260000000000005,12.960000000000004,8.626702730475879,6.843829337439676,-1.782873393036203
S13,S13_E0I110D0,data/outputs_webcam_median/S13/S13_E0I110D0.arff,fixation,median,9,9,0,133.3111111111111,140.4111111111111,7.099999999999994,65.07285233575604,80.39462737715196,15.321775041395924
S13,S13_E0I110D0,data/outputs_webcam_median/S13/S13_E0I110D0.arff,saccade,median,8,8,0,46.0375,38.025,-8.012500000000003,35.76063028767011,14.693900581047712,-21.066729706622397
S13,S13_E0I111D0,data/outputs_webcam_median/S13/S13_E0I111D0.arff,fixation,median,8,6,-2,145.97499999999997,192.1,46.12500000000003,85.9544356039873,112.88626134299957,26.931825739012268
S13,S13_E0I111D0,data/outputs_webcam_median/S13/S13_E0I111D0.arff,saccade,median,6,5,-1,37.13333333333333,41.36,4.226666666666667,19.238468407507565,8.666198705314805,-10.57226970219276
S13,S13_E0I112D0,data/outputs_webcam_median/S13/S13_E0I112D0.arff,fixation,median,7,6,-1,157.64285714285714,186.61666666666667,28.973809523809535,74.77570588417197,88.03170830255804,13.256002418386075
S13,S13_E0I112D0,data/outputs_webcam_median/S13/S13_E0I112D0.arff,saccade,median,6,5,-1,32.06666666666667,44.66,12.593333333333327,14.333410852503555,13.61866366425135,-0.7147471882522041
S13,S13_E0I113D0,data/outputs_webcam_median/S13/S13_E0I113D0.arff,fixation,median,7,6,-1,150.74285714285716,189.18333333333337,38.440476190476204,109.55864270095806,170.56087964907624,61.00223694811818
S13,S13_E0I113D0,data/outputs_webcam_median/S13/S13_E0I113D0.arff,saccade,median,7,5,-2,27.3,31.76,4.460000000000001,11.951150572225254,11.137908241676262,-0.8132423305489915
S13,S13_E0I114D0,data/outputs_webcam_median/S13/S13_E0I114D0.arff,fixation,median,7,7,0,162.1285714285714,173.55714285714285,11.428571428571445,82.41154276527276,87.95835865421124,5.546815888938482
S13,S13_E0I114D0,data/outputs_webcam_median/S13/S13_E0I114D0.arff,saccade,median,7,6,-1,38.75714285714286,29.28333333333333,-9.473809523809528,8.649827964157657,6.50766215062419,-2.1421658135334667
S13,S13_E0I115D0,data/outputs_webcam_median/S13/S13_E0I115D0.arff,fixation,median,7,6,-1,143.94285714285715,167.91666666666666,23.973809523809507,76.10617270504098,104.03313734895563,27.92696464391466
S13,S13_E0I115D0,data/outputs_webcam_median/S13/S13_E0I115D0.arff,saccade,median,6,6,0,40.050000000000004,32.1,-7.950000000000003,16.48353724174517,10.14889156509222,-6.334645676652952
S13,S13_E0I116D0,data/outputs_webcam_median/S13/S13_E0I116D0.arff,fixation,median,6,7,1,197.53333333333333,169.4285714285714,-28.104761904761943,129.40192682748838,134.7077913396959,5.305864512207506
S13,S13_E0I116D0,data/outputs_webcam_median/S13/S13_E0I116D0.arff,saccade,median,7,6,-1,43.51428571428572,42.699999999999996,-0.8142857142857238,35.313851322648105,19.29362589043335,-16.020225432214755
S13,S13_E0I117D0,data/outputs_webcam_median/S13/S13_E0I117D0.arff,fixation,median,8,9,1,128.25,108.66666666666669,-19.583333333333314,37.251768893762424,54.189528508744196,16.937759614981772
S13,S13_E0I117D0,data/outputs_webcam_median/S13/S13_E0I117D0.arff,saccade,median,6,8,2,61.28333333333333,50.05,-11.233333333333334,56.643107847880906,33.715320807354885,-22.92778704052602
S13,S13_E0I118D0,data/outputs_webcam_median/S13/S13_E0I118D0.arff,fixation,median,6,5,-1,149.25,175.95999999999998,26.70999999999998,82.06331092516314,129.53151354014204,47.46820261497891
S13,S13_E0I118D0,data/outputs_webcam_median/S13/S13_E0I118D0.arff,saccade,median,5,5,0,70.67999999999999,35.440000000000005,-35.23999999999999,78.25846280115653,17.480646441135978,-60.77781636002055
S13,S13_E0I119D0,data/outputs_webcam_median/S13/S13_E0I119D0.arff,fixation,median,7,6,-1,158.22857142857143,146.66666666666666,-11.56190476190477,83.86120903583719,111.1041073348176,27.242898298980407
S13,S13_E0I119D0,data/outputs_webcam_median/S13/S13_E0I119D0.arff,saccade,median,6,5,-1,53.333333333333336,50.8,-2.5333333333333385,61.28058964033119,13.572951042422574,-47.70763859790862
S13,S13_E0I120D0,data/outputs_webcam_median/S13/S13_E0I120D0.arff,fixation,median,7,7,0,132.58571428571426,132.28571428571428,-0.29999999999998295,38.83016132559107,35.592341337776055,-3.2378199878150156
S13,S13_E0I120D0,data/outputs_webcam_median/S13/S13_E0I120D0.arff,saccade,median,6,6,0,42.96666666666667,32.083333333333336,-10.883333333333333,8.149519413233314,10.11956850199981,1.9700490887664959
S13,S13_E0I121D0,data/outputs_webcam_median/S13/S13_E0I121D0.arff,fixation,median,17,15,-2,161.9294117647059,161.13333333333333,-0.796078431372564,134.21440759427563,154.17109543188266,19.956687837607035
S13,S13_E0I121D0,data/outputs_webcam_median/S13/S13_E0I121D0.arff,saccade,median,18,12,-6,45.34444444444444,45.34166666666666,-0.0027777777777799884,22.137809611140057,21.40953306498313,-0.7282765461569269
S13,S13_E0I122D0,data/outputs_webcam_median/S13/S13_E0I122D0.arff,fixation,median,7,6,-1,167.08571428571426,200.21666666666667,33.13095238095241,71.26159387710018,107.8550400614949,36.59344618439472
S13,S13_E0I122D0,data/outputs_webcam_median/S13/S13_E0I122D0.arff,saccade,median,5,5,0,35.0,35.04,0.03999999999999915,17.346613502352554,7.138137011854003,-10.208476490498551
S13,S13_E0I123D0,data/outputs_webcam_median/S13/S13_E0I123D0.arff,fixation,median,7,6,-1,194.04285714285714,232.06666666666663,38.02380952380949,171.93766173764698,247.06943693356058,75.1317751959136
S13,S13_E0I123D0,data/outputs_webcam_median/S13/S13_E0I123D0.arff,saccade,median,6,6,0,37.35,34.55,-2.8000000000000043,13.007497837785714,11.969920634657527,-1.037577203128187
S13,S13_E0I124D0,data/outputs_webcam_median/S13/S13_E0I124D0.arff,fixation,median,10,9,-1,140.87,167.04444444444445,26.174444444444447,55.270608021905375,100.30699266640276,45.03638464449739
S13,S13_E0I124D0,data/outputs_webcam_median/S13/S13_E0I124D0.arff,saccade,median,9,7,-2,55.25555555555555,41.285714285714285,-13.969841269841268,29.987210236662193,15.74340375855113,-14.243806478111063
S13,S13_E0I125D0,data/outputs_webcam_median/S13/S13_E0I125D0.arff,fixation,median,9,8,-1,195.15555555555557,215.875,20.719444444444434,133.23719554905747,155.25446163361252,22.017266084555047
S13,S13_E0I125D0,data/outputs_webcam_median/S13/S13_E0I125D0.arff,saccade,median,8,7,-1,35.9125,43.528571428571425,7.6160714285714235,22.27179109482281,12.261690243153579,-10.01010085166923
S13,S13_E0I126D0,data/outputs_webcam_median/S13/S13_E0I126D0.arff,fixation,median,8,6,-2,105.86250000000001,157.58333333333331,51.7208333333333,46.2680370234139,73.2046560449994,26.936619021585493
S13,S13_E0I126D0,data/outputs_webcam_median/S13/S13_E0I126D0.arff,saccade,median,8,4,-4,42.037499999999994,44.0,1.9625000000000057,19.030722341969653,24.044819261814663,5.014096919845009
S13,S13_E0I127D0,data/outputs_webcam_median/S13/S13_E0I127D0.arff,fixation,median,5,5,0,163.4,176.3,12.900000000000006,75.35011612466168,59.90872223641563,-15.441393888246054
S13,S13_E0I127D0,data/outputs_webcam_median/S13/S13_E0I127D0.arff,saccade,median,4,4,0,44.224999999999994,48.125,3.9000000000000057,20.227930360436446,0.6849574196011514,-19.542972940835295
S13,S13_E0I128D0,data/outputs_webcam_median/S13/S13_E0I128D0.arff,fixation,median,8,5,-3,165.8125,265.20000000000005,99.38750000000005,88.976761613035,254.71766723178035,165.74090561874536
S13,S13_E0I128D0,data/outputs_webcam_median/S13/S13_E0I128D0.arff,saccade,median,6,5,-1,24.05,44.67999999999999,20.629999999999992,19.718392429404584,20.903038056703625,1.1846456272990409
S13,S13_E0I129D0,data/outputs_webcam_median/S13/S13_E0I129D0.arff,fixation,median,10,8,-2,217.71000000000004,260.07500000000005,42.36500000000001,206.07047041674306,224.06316552003176,17.992695103288696
S13,S13_E0I129D0,data/outputs_webcam_median/S13/S13_E0I129D0.arff,saccade,median,8,7,-1,34.0625,41.199999999999996,7.137499999999996,15.920511253456295,8.638286867197685,-7.28222438625861
S13,S13_E0I130D0,data/outputs_webcam_median/S13/S13_E0I130D0.arff,fixation,median,8,6,-2,192.22500000000002,264.24999999999994,72.02499999999992,226.3298335868,343.54940110557607,117.21956751877607
S13,S13_E0I130D0,data/outputs_webcam_median/S13/S13_E0I130D0.arff,saccade,median,7,6,-1,29.7,34.9,5.199999999999999,10.995453605922767,12.277459020497684,1.2820054145749165
S13,S13_E0I131D0,data/outputs_webcam_median/S13/S13_E0I131D0.arff,fixation,median,6,6,0,216.03333333333333,210.54999999999998,-5.4833333333333485,216.0846377387034,203.50910299050508,-12.575534748198322
S13,S13_E0I131D0,data/outputs_webcam_median/S13/S13_E0I131D0.arff,saccade,median,5,5,0,35.24,41.82000000000001,6.580000000000005,13.49473971590412,9.06156719337224,-4.43317252253188
S13,S13_E0I132D0,data/outputs_webcam_median/S13/S13_E0I132D0.arff,fixation,median,7,5,-2,155.58571428571432,214.44,58.85428571428568,106.26660542508841,143.4162229317172,37.14961750662877
S13,S13_E0I132D0,data/outputs_webcam_median/S13/S13_E0I132D0.arff,saccade,median,6,4,-2,40.00000000000001,43.9,3.8999999999999915,21.99727255820594,15.31883372410141,-6.678438834104529
S13,S13_E0I133D0,data/outputs_webcam_median/S13/S13_E0I133D0.arff,fixation,median,17,15,-2,118.44117647058822,141.88,23.438823529411778,56.686121083819195,92.63672674947632,35.95060566565713
S13,S13_E0I133D0,data/outputs_webcam_median/S13/S13_E0I133D0.arff,saccade,median,20,13,-7,36.864999999999995,43.138461538461534,6.2734615384615395,14.782574200727018,20.997521221227455,6.214947020500437
S13,S13_E0I134D0,data/outputs_webcam_median/S13/S13_E0I134D0.arff,fixation,median,8,8,0,144.1375,147.97500000000002,3.837500000000034,101.20445977609597,111.76207828622883,10.557618510132855
S13,S13_E0I134D0,data/outputs_webcam_median/S13/S13_E0I134D0.arff,saccade,median,7,7,0,43.371428571428574,47.957142857142856,4.585714285714282,45.95188477402983,18.447841530728116,-27.504043243301712
S13,S13_E0I135D0,data/outputs_webcam_median/S13/S13_E0I135D0.arff,fixation,median,7,7,0,144.05714285714285,148.44285714285715,4.3857142857143,97.35784264151256,94.14350494755081,-3.2143376939617525
S13,S13_E0I135D0,data/outputs_webcam_median/S13/S13_E0I135D0.arff,saccade,median,7,6,-1,38.728571428571435,39.96666666666667,1.2380952380952337,12.63325166451803,8.838023911863255,-3.7952277526547746
S13,S13_E0I136D0,data/outputs_webcam_median/S13/S13_E0I136D0.arff,fixation,median,9,8,-1,147.85555555555553,168.175,20.319444444444485,74.65224563117829,90.48446985927633,15.832224228098042
S13,S13_E0I136D0,data/outputs_webcam_median/S13/S13_E0I136D0.arff,saccade,median,8,6,-2,42.037499999999994,40.18333333333333,-1.8541666666666643,22.61926722951033,13.424815330821747,-9.194451898688584
S13,S13_E0I137D0,data/outputs_webcam_median/S13/S13_E0I137D0.arff,fixation,median,7,7,0,180.44285714285715,196.35714285714286,15.914285714285711,175.03253847159252,159.48910994320642,-15.543428528386102
S13,S13_E0I137D0,data/outputs_webcam_median/S13/S13_E0I137D0.arff,saccade,median,6,6,0,42.65,37.31666666666667,-5.333333333333329,34.66368416657411,19.333227011201895,-15.330457155372212
S13,S13_E0I138D0,data/outputs_webcam_median/S13/S13_E0I138D0.arff,fixation,median,6,7,1,181.53333333333333,153.28571428571428,-28.247619047619054,72.60974222972195,87.94720819088819,15.337465961166245
S13,S13_E0I138D0,data/outputs_webcam_median/S13/S13_E0I138D0.arff,saccade,median,7,7,0,38.857142857142854,36.61428571428571,-2.2428571428571473,15.59763413073247,7.744122195021755,-7.853511935710714
S13,S13_E0I139D0,data/outputs_webcam_median/S13/S13_E0I139D0.arff,fixation,median,8,9,1,135.875,126.05555555555556,-9.819444444444443,87.59224933096046,82.07466282463655,-5.517586506323909
S13,S13_E0I139D0,data/outputs_webcam_median/S13/S13_E0I139D0.arff,saccade,median,8,9,1,33.975,30.17777777777778,-3.7972222222222207,15.831501147125264,9.60569854016065,-6.2258026069646135
S13,S13_E0I140D0,data/outputs_webcam_median/S13/S13_E0I140D0.arff,fixation,median,6,5,-1,176.11666666666667,179.04000000000002,2.923333333333346,138.94254088171365,105.99558009653043,-32.94696078518322
S13,S13_E0I140D0,data/outputs_webcam_median/S13/S13_E0I140D0.arff,saccade,median,4,5,1,36.0,41.64,5.640000000000001,15.497311594811103,21.444066778482107,5.946755183671003
S14,S14_E0I101D0,data/outputs_webcam_median/S14/S14_E0I101D0.arff,fixation,median,7,6,-1,212.37142857142857,186.63333333333333,-25.73809523809524,174.97185215805155,110.67799540408502,-64.29385675396652
S14,S14_E0I101D0,data/outputs_webcam_median/S14/S14_E0I101D0.arff,saccade,median,7,4,-3,43.48571428571428,48.15,4.664285714285718,7.813114737719004,13.18698853668519,5.373873798966186
S14,S14_E0I102D0,data/outputs_webcam_median/S14/S14_E0I102D0.arff,fixation,median,9,6,-3,172.43333333333334,242.83333333333334,70.4,174.44989251931338,255.05507379126308,80.6051812719497
S14,S14_E0I102D0,data/outputs_webcam_median/S14/S14_E0I102D0.arff,saccade,median,9,3,-6,35.46666666666667,31.96666666666667,-3.5,13.330322576742093,16.000104166327585,2.669781589585492
S14,S14_E0I103D0,data/outputs_webcam_median/S14/S14_E0I103D0.arff,fixation,median,5,6,1,288.48,240.01666666666665,-48.46333333333337,277.4603341020118,138.81794432517242,-138.6423897768394
S14,S14_E0I103D0,data/outputs_webcam_median/S14/S14_E0I103D0.arff,saccade,median,6,4,-2,45.300000000000004,43.65,-1.6500000000000057,23.72433349959488,35.698599412301874,11.974265912706993
S14,S14_E0I104D0,data/outputs_webcam_median/S14/S14_E0I104D0.arff,fixation,median,7,6,-1,169.44285714285715,240.64999999999995,71.2071428571428,71.45158867239779,291.0354737828363,219.58388511043847
S14,S14_E0I104D0,data/outputs_webcam_median/S14/S14_E0I104D0.arff,saccade,median,8,4,-4,37.8875,67.7,29.8125,16.760790767229842,32.98919014869366,16.228399381463817
S14,S14_E0I105D0,data/outputs_webcam_median/S14/S14_E0I105D0.arff,fixation,median,13,8,-5,151.4230769230769,247.925,96.5019230769231,103.29098180904722,188.55859831893108,85.26761650988385
S14,S14_E0I105D0,data/outputs_webcam_median/S14/S14_E0I105D0.arff,saccade,median,13,7,-6,35.784615384615385,43.48571428571429,7.701098901098902,18.897479821122804,20.059779707283976,1.162299886161172
S14,S14_E0I106D0,data/outputs_webcam_median/S14/S14_E0I106D0.arff,fixation,median,7,7,0,171.44285714285715,128.05714285714285,-43.3857142857143,161.6442581426145,87.22130582877209,-74.4229523138424
S14,S14_E0I106D0,data/outputs_webcam_median/S14/S14_E0I106D0.arff,saccade,median,8,5,-3,42.0125,51.040000000000006,9.027500000000003,22.520050589894968,44.13358131853793,21.61353072864296
S14,S14_E0I107D0,data/outputs_webcam_median/S14/S14_E0I107D0.arff,fixation,median,9,7,-2,152.8,191.91428571428568,39.11428571428567,167.53913721874062,184.39311654335535,16.853979324614727
S14,S14_E0I107D0,data/outputs_webcam_median/S14/S14_E0I107D0.arff,saccade,median,9,6,-3,32.077777777777776,32.016666666666666,-0.061111111111110006,17.934518238426268,14.355684123951276,-3.578834114474992
S14,S14_E0I108D0,data/outputs_webcam_median/S14/S14_E0I108D0.arff,fixation,median,9,7,-2,181.36666666666667,223.82857142857142,42.46190476190475,158.7847757185808,257.59108236560854,98.80630664702775
S14,S14_E0I108D0,data/outputs_webcam_median/S14/S14_E0I108D0.arff,saccade,median,10,7,-3,30.740000000000002,46.45714285714286,15.71714285714286,16.166164940668175,11.686581642045311,-4.479583298622863
S14,S14_E0I109D0,data/outputs_webcam_median/S14/S14_E0I109D0.arff,fixation,median,12,9,-3,144.14166666666665,252.13333333333333,107.99166666666667,93.55413074144765,307.1407901923807,213.58665945093304
S14,S14_E0I109D0,data/outputs_webcam_median/S14/S14_E0I109D0.arff,saccade,median,13,8,-5,62.623076923076916,41.925,-20.69807692307692,61.79940875993009,14.608094624947793,-47.19131413498229
S14,S14_E0I110D0,data/outputs_webcam_median/S14/S14_E0I110D0.arff,fixation,median,10,9,-1,130.06,158.56666666666666,28.50666666666666,48.38264610833563,92.53094077118205,44.14829466284642
S14,S14_E0I110D0,data/outputs_webcam_median/S14/S14_E0I110D0.arff,saccade,median,11,7,-4,31.927272727272726,32.0,0.07272727272727408,14.245075704192724,9.209958378479966,-5.035117325712758
S14,S14_E0I111D0,data/outputs_webcam_median/S14/S14_E0I111D0.arff,fixation,median,9,10,1,161.66666666666666,155.32999999999998,-6.336666666666673,70.41148698898496,89.04636807117215,18.634881082187192
S14,S14_E0I111D0,data/outputs_webcam_median/S14/S14_E0I111D0.arff,saccade,median,10,9,-1,32.0,35.50000000000001,3.500000000000007,19.955840136550393,7.189923504460949,-12.765916632089443
S14,S14_E0I112D0,data/outputs_webcam_median/S14/S14_E0I112D0.arff,fixation,median,9,6,-3,191.9111111111111,285.59999999999997,93.68888888888887,266.57691406254804,374.00382885740623,107.42691479485819
S14,S14_E0I112D0,data/outputs_webcam_median/S14/S14_E0I112D0.arff,saccade,median,8,5,-3,36.05,51.239999999999995,15.189999999999998,22.34598078274608,17.720694117330734,-4.625286665415345
S14,S14_E0I113D0,data/outputs_webcam_median/S14/S14_E0I113D0.arff,fixation,median,10,7,-3,147.22999999999996,253.5,106.27000000000004,106.3904762863878,215.80949932753194,109.41902304114414
S14,S14_E0I113D0,data/outputs_webcam_median/S14/S14_E0I113D0.arff,saccade,median,10,5,-5,33.43,38.379999999999995,4.949999999999996,25.564865212500795,18.055663931298678,-7.509201281202117
S14,S14_E0I114D0,data/outputs_webcam_median/S14/S14_E0I114D0.arff,fixation,median,10,7,-3,131.44,192.24285714285716,60.802857142857164,66.02794357946743,78.4694177613771,12.441474181909669
S14,S14_E0I114D0,data/outputs_webcam_median/S14/S14_E0I114D0.arff,saccade,median,8,5,-3,36.3,31.660000000000004,-4.6399999999999935,11.523516328422872,0.6503845016603654,-10.873131826762506
S14,S14_E0I115D0,data/outputs_webcam_median/S14/S14_E0I115D0.arff,fixation,median,7,6,-1,144.0,181.1833333333333,37.18333333333331,56.14751404410825,108.53488686439336,52.38737282028511
S14,S14_E0I115D0,data/outputs_webcam_median/S14/S14_E0I115D0.arff,saccade,median,7,5,-2,29.74285714285714,54.71999999999999,24.97714285714285,19.375573724224452,26.520878567649298,7.145304843424846
S14,S14_E0I116D0,data/outputs_webcam_median/S14/S14_E0I116D0.arff,fixation,median,9,6,-3,161.60000000000002,290.95,129.34999999999997,29.386944380115466,175.05668510513956,145.6697407250241
S14,S14_E0I116D0,data/outputs_webcam_median/S14/S14_E0I116D0.arff,saccade,median,10,5,-5,30.45,63.980000000000004,33.53,14.153621444704532,37.459738386699925,23.30611694199539
S14,S14_E0I117D0,data/outputs_webcam_median/S14/S14_E0I117D0.arff,fixation,median,10,9,-1,140.89000000000001,179.6,38.70999999999998,175.7269501243335,133.39710454129056,-42.32984558304295
S14,S14_E0I117D0,data/outputs_webcam_median/S14/S14_E0I117D0.arff,saccade,median,11,4,-7,42.054545454545455,43.975,1.9204545454545467,19.199602268607734,8.05,-11.149602268607733
S14,S14_E0I118D0,data/outputs_webcam_median/S14/S14_E0I118D0.arff,fixation,median,8,7,-1,136.25,146.14285714285714,9.892857142857139,125.6533098876201,77.2643483361474,-48.38896155147269
S14,S14_E0I118D0,data/outputs_webcam_median/S14/S14_E0I118D0.arff,saccade,median,8,4,-4,34.0625,36.125,2.0625,16.01141891633236,20.365555070592436,4.354136154260075
S14,S14_E0I119D0,data/outputs_webcam_median/S14/S14_E0I119D0.arff,fixation,median,10,9,-1,249.41000000000003,216.81111111111113,-32.598888888888894,218.1649653613318,109.976002432854,-108.1889629284778
S14,S14_E0I119D0,data/outputs_webcam_median/S14/S14_E0I119D0.arff,saccade,median,11,5,-6,36.31818181818182,41.56,5.241818181818182,23.745265556814402,18.249191762924735,-5.496073793889668
S14,S14_E0I120D0,data/outputs_webcam_median/S14/S14_E0I120D0.arff,fixation,median,8,6,-2,163.91250000000002,208.08333333333334,44.17083333333332,162.29206861616584,237.55965496410928,75.26758634794345
S14,S14_E0I120D0,data/outputs_webcam_median/S14/S14_E0I120D0.arff,saccade,median,10,6,-4,40.019999999999996,50.833333333333336,10.81333333333334,17.251589298767037,29.53612477402319,12.284535475256153
S14,S14_E0I121D0,data/outputs_webcam_median/S14/S14_E0I121D0.arff,fixation,median,12,6,-6,112.00000000000001,239.91666666666666,127.91666666666664,51.54658969409043,190.65899838892125,139.11240869483083
S14,S14_E0I121D0,data/outputs_webcam_median/S14/S14_E0I121D0.arff,saccade,median,11,4,-7,40.75454545454545,40.125,-0.6295454545454504,18.11056949056896,9.269079422107318,-8.841490068461642
S14,S14_E0I122D0,data/outputs_webcam_median/S14/S14_E0I122D0.arff,fixation,median,11,8,-3,164.36363636363637,242.13750000000002,77.77386363636364,79.33094317764377,219.40044886983645,140.06950569219268
S14,S14_E0I122D0,data/outputs_webcam_median/S14/S14_E0I122D0.arff,saccade,median,11,6,-5,30.70909090909091,61.23333333333333,30.524242424242416,23.342855632739305,35.26407047784851,11.921214845109208
S14,S14_E0I123D0,data/outputs_webcam_median/S14/S14_E0I123D0.arff,fixation,median,7,5,-2,189.72857142857146,281.97999999999996,92.2514285714285,123.2815843815249,223.4362817449306,100.1546973634057
S14,S14_E0I123D0,data/outputs_webcam_median/S14/S14_E0I123D0.arff,saccade,median,7,4,-3,36.01428571428571,27.25,-8.764285714285712,11.634063287236689,13.957196471116013,2.3231331838793245
S14,S14_E0I124D0,data/outputs_webcam_median/S14/S14_E0I124D0.arff,fixation,median,8,7,-1,210.15,251.34285714285713,41.19285714285712,226.09526437196462,258.43594214132867,32.34067776936405
S14,S14_E0I124D0,data/outputs_webcam_median/S14/S14_E0I124D0.arff,saccade,median,8,5,-3,43.9375,51.6,7.662500000000001,22.219614083057337,21.014518790588568,-1.2050952924687692
S14,S14_E0I125D0,data/outputs_webcam_median/S14/S14_E0I125D0.arff,fixation,median,5,4,-1,124.35999999999999,163.95,39.59,47.47233931459456,134.72541210427477,87.2530727896802
S14,S14_E0I125D0,data/outputs_webcam_median/S14/S14_E0I125D0.arff,saccade,median,4,2,-2,55.99999999999999,24.2,-31.799999999999994,40.31897816165484,11.59655121145938,-28.722426950195462
S14,S14_E0I126D0,data/outputs_webcam_median/S14/S14_E0I126D0.arff,fixation,median,8,7,-1,142.025,180.3714285714286,38.34642857142859,63.196015923248105,143.07200651287116,79.87599058962306
S14,S14_E0I126D0,data/outputs_webcam_median/S14/S14_E0I126D0.arff,saccade,median,8,6,-2,44.2,45.26666666666667,1.06666666666667,11.441278649821319,11.948165828555723,0.506887178734404
S14,S14_E0I127D0,data/outputs_webcam_median/S14/S14_E0I127D0.arff,fixation,median,9,8,-1,161.9888888888889,175.96249999999998,13.973611111111069,113.19989448365713,192.77467185069426,79.57477736703713
S14,S14_E0I127D0,data/outputs_webcam_median/S14/S14_E0I127D0.arff,saccade,median,10,7,-3,28.8,39.31428571428571,10.514285714285709,10.149110524792034,8.20374478951098,-1.9453657352810545
S14,S14_E0I128D0,data/outputs_webcam_median/S14/S14_E0I128D0.arff,fixation,median,7,6,-1,151.0285714285714,210.60000000000002,59.57142857142861,64.60223717193583,149.12337174299677,84.52113457106094
S14,S14_E0I128D0,data/outputs_webcam_median/S14/S14_E0I128D0.arff,saccade,median,9,4,-5,45.988888888888894,43.875,-2.1138888888888943,20.123086520489622,15.06792951934671,-5.055157001142911
S14,S14_E0I129D0,data/outputs_webcam_median/S14/S14_E0I129D0.arff,fixation,median,10,8,-2,129.66,177.97500000000002,48.315000000000026,58.23937575978033,117.9008148523883,59.661439092607964
S14,S14_E0I129D0,data/outputs_webcam_median/S14/S14_E0I129D0.arff,saccade,median,10,8,-2,42.89,33.6,-9.29,25.601017774907135,10.158177564335615,-15.44284021057152
S14,S14_E0I130D0,data/outputs_webcam_median/S14/S14_E0I130D0.arff,fixation,median,7,7,0,201.11428571428573,121.17142857142858,-79.94285714285715,173.7866261499182,73.85780740237091,-99.92881874754728
S14,S14_E0I130D0,data/outputs_webcam_median/S14/S14_E0I130D0.arff,saccade,median,7,5,-2,38.72857142857142,28.779999999999994,-9.948571428571427,15.543992868169822,7.145767978321155,-8.398224889848667
S14,S14_E0I131D0,data/outputs_webcam_median/S14/S14_E0I131D0.arff,fixation,median,10,8,-2,152.18,178.1,25.919999999999987,84.23593585215808,68.02459639193542,-16.21133946022266
S14,S14_E0I131D0,data/outputs_webcam_median/S14/S14_E0I131D0.arff,saccade,median,11,6,-5,37.845454545454544,37.4,-0.4454545454545453,20.673962544048667,13.12950874937825,-7.544453794670417
S14,S14_E0I132D0,data/outputs_webcam_median/S14/S14_E0I132D0.arff,fixation,median,13,11,-2,153.96153846153848,172.9909090909091,19.029370629370618,65.12154710566924,85.4769963738251,20.355449268155866
S14,S14_E0I132D0,data/outputs_webcam_median/S14/S14_E0I132D0.arff,saccade,median,12,8,-4,33.083333333333336,45.5125,12.429166666666667,16.789706442467732,13.20188704044128,-3.5878194020264527
S14,S14_E0I133D0,data/outputs_webcam_median/S14/S14_E0I133D0.arff,fixation,median,6,6,0,215.96666666666667,224.03333333333333,8.066666666666663,219.83562647275048,254.638926063292,34.80329959054151
S14,S14_E0I133D0,data/outputs_webcam_median/S14/S14_E0I133D0.arff,saccade,median,7,4,-3,27.38571428571429,52.099999999999994,24.714285714285705,15.204541927927169,20.21303209977827,5.008490171851102
S14,S14_E0I134D0,data/outputs_webcam_median/S14/S14_E0I134D0.arff,fixation,median,11,8,-3,178.96363636363637,230.0375,51.073863636363626,122.08047569310396,148.85297576083974,26.772500067735777
S14,S14_E0I134D0,data/outputs_webcam_median/S14/S14_E0I134D0.arff,saccade,median,13,7,-6,33.26923076923077,41.25714285714286,7.987912087912093,17.997008298389698,12.668314429165015,-5.328693869224683
S14,S14_E0I135D0,data/outputs_webcam_median/S14/S14_E0I135D0.arff,fixation,median,10,8,-2,161.49,206.0375,44.547499999999985,120.7520457613682,165.6205295892649,44.868483827896696
S14,S14_E0I135D0,data/outputs_webcam_median/S14/S14_E0I135D0.arff,saccade,median,9,7,-2,37.27777777777778,43.371428571428574,6.093650793650795,17.840458078324232,15.321848701088506,-2.5186093772357268
S14,S14_E0I136D0,data/outputs_webcam_median/S14/S14_E0I136D0.arff,fixation,median,7,5,-2,203.6428571428571,176.18,-27.462857142857104,202.14409759000182,90.69601424539006,-111.44808334461176
S14,S14_E0I136D0,data/outputs_webcam_median/S14/S14_E0I136D0.arff,saccade,median,8,3,-5,39.724999999999994,53.73333333333333,14.008333333333333,22.515692940068014,9.410809387790898,-13.104883552277116
S14,S14_E0I137D0,data/outputs_webcam_median/S14/S14_E0I137D0.arff,fixation,median,8,6,-2,179.7625,274.78333333333336,95.02083333333337,149.68331272103399,287.52713553100807,137.84382280997409
S14,S14_E0I137D0,data/outputs_webcam_median/S14/S14_E0I137D0.arff,saccade,median,9,5,-4,40.81111111111111,41.32,0.5088888888888903,16.380815337189755,31.301549482413808,14.920734145224053
S14,S14_E0I138D0,data/outputs_webcam_median/S14/S14_E0I138D0.arff,fixation,median,8,6,-2,166.27499999999998,194.51666666666665,28.241666666666674,102.16437385759426,134.99930987477924,32.83493601718499
S14,S14_E0I138D0,data/outputs_webcam_median/S14/S14_E0I138D0.arff,saccade,median,7,4,-3,29.671428571428574,51.75,22.078571428571426,11.03218235976217,8.372375210575948,-2.659807149186223
S14,S14_E0I139D0,data/outputs_webcam_median/S14/S14_E0I139D0.arff,fixation,median,11,10,-1,133.65454545454546,191.85999999999999,58.20545454545453,66.73023847756522,205.57763172744905,138.84739324988382
S14,S14_E0I139D0,data/outputs_webcam_median/S14/S14_E0I139D0.arff,saccade,median,14,8,-6,48.957142857142856,47.974999999999994,-0.9821428571428612,21.344634140537675,35.12011023412573,13.775476093588058
S14,S14_E0I140D0,data/outputs_webcam_median/S14/S14_E0I140D0.arff,fixation,median,6,5,-1,186.81666666666663,230.55,43.73333333333338,170.09325285462285,240.70742614219444,70.61417328757159
S14,S14_E0I140D0,data/outputs_webcam_median/S14/S14_E0I140D0.arff,saccade,median,7,4,-3,36.550000000000004,32.275,-4.275000000000006,11.974834723981234,13.434129422234006,1.4592946982527728
S18,S18_E0I101D0,data/outputs_webcam_median/S18/S18_E0I101D0.arff,fixation,median,5,5,0,134.1,118.05999999999999,-16.040000000000006,73.07270352190345,85.61809388207612,12.545390360172675
S18,S18_E0I101D0,data/outputs_webcam_median/S18/S18_E0I101D0.arff,saccade,median,4,2,-2,42.775,44.349999999999994,1.5749999999999957,7.337744885181004,10.535891039679557,3.198146154498553
S18,S18_E0I102D0,data/outputs_webcam_median/S18/S18_E0I102D0.arff,fixation,median,4,4,0,143.375,127.125,-16.25,65.25526160139631,68.05896340674019,2.803701805343877
S18,S18_E0I102D0,data/outputs_webcam_median/S18/S18_E0I102D0.arff,saccade,median,3,3,0,51.46666666666666,44.133333333333326,-7.333333333333336,26.487418396916926,0.20816659994661338,-26.279251796970314
S18,S18_E0I103D0,data/outputs_webcam_median/S18/S18_E0I103D0.arff,fixation,median,6,5,-1,137.63333333333333,185.68,48.04666666666668,74.68380458082373,152.30688428301593,77.6230797021922
S18,S18_E0I103D0,data/outputs_webcam_median/S18/S18_E0I103D0.arff,saccade,median,5,4,-1,32.32,45.975,13.655000000000001,15.994123920990482,24.165040175151102,8.17091625416062
S18,S18_E0I104D0,data/outputs_webcam_median/S18/S18_E0I104D0.arff,fixation,median,7,7,0,110.54285714285713,115.94285714285714,5.400000000000006,27.15123429624377,29.622505922741535,2.4712716264977637
S18,S18_E0I104D0,data/outputs_webcam_median/S18/S18_E0I104D0.arff,saccade,median,6,5,-1,38.266666666666666,42.86,4.593333333333334,17.91822163794908,15.122929610363197,-2.7952920275858837
S18,S18_E0I105D0,data/outputs_webcam_median/S18/S18_E0I105D0.arff,fixation,median,5,5,0,112.47,106.71,-5.760000000000005,38.83358082896812,62.84005887966687,24.006478050698753
S18,S18_E0I105D0,data/outputs_webcam_median/S18/S18_E0I105D0.arff,saccade,median,4,3,-1,55.0,26.95,-28.05,41.55714940496601,11.063905277974861,-30.49324412699115
S18,S18_E0I106D0,data/outputs_webcam_median/S18/S18_E0I106D0.arff,fixation,median,5,5,0,154.74,179.56,24.819999999999993,45.89213440231343,61.25073877105483,15.358604368741396
S18,S18_E0I106D0,data/outputs_webcam_median/S18/S18_E0I106D0.arff,saccade,median,5,4,-1,50.18,35.1,-15.079999999999998,36.57413020155093,6.96419413859206,-29.60993606295887
S18,S18_E0I107D0,data/outputs_webcam_median/S18/S18_E0I107D0.arff,fixation,median,7,6,-1,153.74285714285716,173.16666666666666,19.423809523809496,88.66607500697693,72.27059337425332,-16.3954816327236
S18,S18_E0I107D0,data/outputs_webcam_median/S18/S18_E0I107D0.arff,saccade,median,7,4,-3,44.3142857142857,36.875,-7.4392857142857025,12.837241210819474,8.5745262259789,-4.262714984840574
S18,S18_E0I108D0,data/outputs_webcam_median/S18/S18_E0I108D0.arff,fixation,median,11,9,-2,169.26363636363638,208.72222222222223,39.45858585858585,101.4942094183434,102.32261208767319,0.8284026693297903
S18,S18_E0I108D0,data/outputs_webcam_median/S18/S18_E0I108D0.arff,saccade,median,9,9,0,33.62222222222223,38.66666666666667,5.044444444444444,16.932570520876162,16.07179205938155,-0.8607784614946112
S18,S18_E0I109D0,data/outputs_webcam_median/S18/S18_E0I109D0.arff,fixation,median,4,3,-1,126.99999999999999,159.46666666666667,32.46666666666668,81.85609323685074,47.92925341931933,-33.92683981753141
S18,S18_E0I109D0,data/outputs_webcam_median/S18/S18_E0I109D0.arff,saccade,median,3,2,-1,56.36666666666667,36.5,-19.866666666666667,46.96768392558157,10.040916292848976,-36.92676763273259
S18,S18_E0I111D0,data/outputs_webcam_median/S18/S18_E0I111D0.arff,fixation,median,6,6,0,278.7166666666667,294.91666666666663,16.199999999999932,222.34343180464467,227.9147684259769,5.571336621332222
S18,S18_E0I111D0,data/outputs_webcam_median/S18/S18_E0I111D0.arff,saccade,median,6,5,-1,40.650000000000006,38.38,-2.270000000000003,16.09481282898313,13.322800006004742,-2.772012822978388
S18,S18_E0I112D0,data/outputs_webcam_median/S18/S18_E0I112D0.arff,fixation,median,5,3,-2,129.31,171.48333333333335,42.173333333333346,54.486126674594885,23.034394572754312,-31.451732101840573
S18,S18_E0I112D0,data/outputs_webcam_median/S18/S18_E0I112D0.arff,saccade,median,6,3,-3,72.48333333333333,29.483333333333334,-43.0,43.16205123330756,14.75002824856052,-28.41202298474704
S18,S18_E0I113D0,data/outputs_webcam_median/S18/S18_E0I113D0.arff,fixation,median,4,5,1,165.775,122.14000000000001,-43.63499999999999,50.01102378476169,74.27723742843429,24.2662136436726
S18,S18_E0I113D0,data/outputs_webcam_median/S18/S18_E0I113D0.arff,saccade,median,4,4,0,51.675,47.87500000000001,-3.79999999999999,9.880747272684726,9.449647259730563,-0.4311000129541629
S18,S18_E0I114D0,data/outputs_webcam_median/S18/S18_E0I114D0.arff,fixation,median,3,3,0,151.79999999999998,161.53333333333333,9.733333333333348,50.3405403228849,34.056179077126856,-16.284361245758042
S18,S18_E0I114D0,data/outputs_webcam_median/S18/S18_E0I114D0.arff,saccade,median,3,2,-1,58.866666666666674,48.0,-10.866666666666674,44.79066122902556,15.697770542341358,-29.0928906866842
S18,S18_E0I115D0,data/outputs_webcam_median/S18/S18_E0I115D0.arff,fixation,median,6,4,-2,125.21666666666665,162.1,36.88333333333334,66.9640326344424,68.26546222895831,1.3014295945159091
S18,S18_E0I115D0,data/outputs_webcam_median/S18/S18_E0I115D0.arff,saccade,median,5,2,-3,32.46,40.7,8.240000000000002,21.076717011906766,4.949747468305833,-16.126969543600932
S18,S18_E0I116D0,data/outputs_webcam_median/S18/S18_E0I116D0.arff,fixation,median,6,4,-2,137.63333333333333,202.85000000000002,65.2166666666667,69.55873537282478,44.616215288465106,-24.94252008435968
S18,S18_E0I116D0,data/outputs_webcam_median/S18/S18_E0I116D0.arff,saccade,median,5,3,-2,32.43,34.449999999999996,2.019999999999996,16.349678895929426,8.662563131083088,-7.687115764846338
S18,S18_E0I117D0,data/outputs_webcam_median/S18/S18_E0I117D0.arff,fixation,median,5,5,0,164.88,170.9,6.02000000000001,64.50284489850041,69.2302318355211,4.7273869370206825
S18,S18_E0I117D0,data/outputs_webcam_median/S18/S18_E0I117D0.arff,saccade,median,4,4,0,45.95,42.275,-3.6750000000000043,24.500408159865422,9.345007579807877,-15.155400580057545
S18,S18_E0I118D0,data/outputs_webcam_median/S18/S18_E0I118D0.arff,fixation,median,3,3,0,189.0666666666667,189.06666666666663,-5.684341886080802e-14,29.93665534647004,43.34654926673326,13.409893920263222
S18,S18_E0I118D0,data/outputs_webcam_median/S18/S18_E0I118D0.arff,saccade,median,2,2,0,29.5,29.5,0.0,20.7889393668845,20.7889393668845,0.0
S18,S18_E0I119D0,data/outputs_webcam_median/S18/S18_E0I119D0.arff,fixation,median,5,4,-1,95.78,93.95,-1.8299999999999983,48.54649317921944,36.65783226906177,-11.888660910157668
S18,S18_E0I119D0,data/outputs_webcam_median/S18/S18_E0I119D0.arff,saccade,median,4,3,-1,33.275,41.766666666666666,8.491666666666667,12.827412053878989,8.602519010925427,-4.224893042953562
S18,S18_E0I120D0,data/outputs_webcam_median/S18/S18_E0I120D0.arff,fixation,median,4,4,0,168.05,206.8,38.75,62.43185618469683,60.8586887798283,-1.5731674048685278
S18,S18_E0I120D0,data/outputs_webcam_median/S18/S18_E0I120D0.arff,saccade,median,3,3,0,51.5,24.599999999999998,-26.900000000000002,26.348434488599132,8.487048957087499,-17.861385531511633
S18,S18_E0I121D0,data/outputs_webcam_median/S18/S18_E0I121D0.arff,fixation,median,5,5,0,138.84,131.45999999999998,-7.380000000000024,61.00945008767085,24.828672940775554,-36.180777146895295
S18,S18_E0I121D0,data/outputs_webcam_median/S18/S18_E0I121D0.arff,saccade,median,4,5,1,53.6,39.88,-13.719999999999999,49.671923659145726,17.786708520690386,-31.88521513845534
S18,S18_E0I122D0,data/outputs_webcam_median/S18/S18_E0I122D0.arff,fixation,median,3,5,2,191.29999999999998,135.47999999999996,-55.82000000000002,33.3558090892726,76.05016107806742,42.69435198879482
S18,S18_E0I122D0,data/outputs_webcam_median/S18/S18_E0I122D0.arff,saccade,median,3,3,0,120.33333333333333,56.6,-63.73333333333333,144.96214448376975,11.358256908522538,-133.6038875752472
S18,S18_E0I123D0,data/outputs_webcam_median/S18/S18_E0I123D0.arff,fixation,median,5,5,0,126.8,138.66,11.86,23.892572067485748,20.411834802388544,-3.480737265097204
S18,S18_E0I123D0,data/outputs_webcam_median/S18/S18_E0I123D0.arff,saccade,median,4,4,0,57.275,36.849999999999994,-20.425000000000004,38.5742897968755,8.48744170328531,-30.086848093590188
S18,S18_E0I124D0,data/outputs_webcam_median/S18/S18_E0I124D0.arff,fixation,median,10,11,1,227.20999999999998,205.17272727272723,-22.03727272727275,122.05476412022779,129.92173868070802,7.86697456048023
S18,S18_E0I124D0,data/outputs_webcam_median/S18/S18_E0I124D0.arff,saccade,median,9,10,1,32.75555555555556,37.540000000000006,4.784444444444446,26.552312098530663,18.98491799063433,-7.567394107896334
S18,S18_E0I125D0,data/outputs_webcam_median/S18/S18_E0I125D0.arff,fixation,median,6,5,-1,125.06666666666668,141.44,16.37333333333332,70.08793524328325,71.39014637889461,1.3022111356113584
S18,S18_E0I125D0,data/outputs_webcam_median/S18/S18_E0I125D0.arff,saccade,median,7,2,-5,46.45714285714286,48.15,1.692857142857136,13.942842505847118,26.37508293825822,12.432240432411103
S18,S18_E0I126D0,data/outputs_webcam_median/S18/S18_E0I126D0.arff,fixation,median,5,4,-1,135.5,191.45,55.94999999999999,75.1661492960761,17.03202865192518,-58.13412064415092
S18,S18_E0I126D0,data/outputs_webcam_median/S18/S18_E0I126D0.arff,saccade,median,5,4,-1,45.839999999999996,46.349999999999994,0.509999999999998,19.776829877409575,15.272960856799617,-4.503869020609958
S18,S18_E0I128D0,data/outputs_webcam_median/S18/S18_E0I128D0.arff,fixation,median,4,4,0,410.12499999999994,428.925,18.800000000000068,295.9822334195078,333.5278736477658,37.54564022825798
S18,S18_E0I128D0,data/outputs_webcam_median/S18/S18_E0I128D0.arff,saccade,median,3,3,0,44.1,36.9,-7.200000000000003,0.3464101615137763,7.6504901803740655,7.304080018860289
S18,S18_E0I129D0,data/outputs_webcam_median/S18/S18_E0I129D0.arff,fixation,median,10,9,-1,193.96999999999997,182.04444444444445,-11.925555555555519,63.913258057742254,46.767165594867706,-17.14609246287455
S18,S18_E0I129D0,data/outputs_webcam_median/S18/S18_E0I129D0.arff,saccade,median,10,7,-3,48.67999999999999,40.11428571428571,-8.565714285714286,38.133706291882454,11.921609031702136,-26.212097260180318
S18,S18_E0I130D0,data/outputs_webcam_median/S18/S18_E0I130D0.arff,fixation,median,5,6,1,278.4,225.86666666666665,-52.53333333333333,181.2559378337714,187.1129676603593,5.857029826587876
S18,S18_E0I130D0,data/outputs_webcam_median/S18/S18_E0I130D0.arff,saccade,median,5,5,0,67.9,48.7,-19.200000000000003,61.056244561879176,19.272519295618824,-41.78372526626035
S18,S18_E0I131D0,data/outputs_webcam_median/S18/S18_E0I131D0.arff,fixation,median,3,3,0,157.13333333333333,142.29999999999998,-14.833333333333343,62.520823197822125,59.4465305968313,-3.074292600990823
S18,S18_E0I131D0,data/outputs_webcam_median/S18/S18_E0I131D0.arff,saccade,median,3,2,-1,83.16666666666667,43.95,-39.21666666666667,94.41982489569304,0.21213203435596725,-94.20769286133708
S18,S18_E0I132D0,data/outputs_webcam_median/S18/S18_E0I132D0.arff,fixation,median,7,7,0,186.4,199.95714285714286,13.55714285714285,142.1510698752094,178.89273189207412,36.74166201686472
S18,S18_E0I132D0,data/outputs_webcam_median/S18/S18_E0I132D0.arff,saccade,median,6,6,0,36.7,41.75,5.049999999999997,22.011451565037685,10.888296469145207,-11.123155095892479
S18,S18_E0I133D0,data/outputs_webcam_median/S18/S18_E0I133D0.arff,fixation,median,8,7,-1,149.33749999999998,175.92857142857142,26.59107142857144,76.20982196728788,88.73042909633114,12.520607129043256
S18,S18_E0I133D0,data/outputs_webcam_median/S18/S18_E0I133D0.arff,saccade,median,8,7,-1,36.775,40.971428571428575,4.1964285714285765,11.673627175328646,15.276966789442016,3.60333961411337
S18,S18_E0I134D0,data/outputs_webcam_median/S18/S18_E0I134D0.arff,fixation,median,8,9,1,184.0,139.96666666666667,-44.03333333333333,55.018308640981374,56.72885068463842,1.7105420436570427
S18,S18_E0I134D0,data/outputs_webcam_median/S18/S18_E0I134D0.arff,saccade,median,8,7,-1,29.4625,37.871428571428574,8.408928571428575,7.858923499527692,18.26031345894828,10.401389959420587
S18,S18_E0I135D0,data/outputs_webcam_median/S18/S18_E0I135D0.arff,fixation,median,4,4,0,207.65,215.0,7.349999999999994,238.96109167254266,209.00059011080964,-29.960501561733025
S18,S18_E0I135D0,data/outputs_webcam_median/S18/S18_E0I135D0.arff,saccade,median,4,4,0,71.775,57.25,-14.525000000000006,63.809109851180345,20.244917057539816,-43.56419279364053
S18,S18_E0I136D0,data/outputs_webcam_median/S18/S18_E0I136D0.arff,fixation,median,8,7,-1,121.31250000000001,144.95714285714286,23.64464285714284,39.00679199099269,22.44206297282383,-16.56472901816886
S18,S18_E0I136D0,data/outputs_webcam_median/S18/S18_E0I136D0.arff,saccade,median,7,5,-2,47.51428571428572,44.34,-3.174285714285716,16.450879264386707,10.447631310493303,-6.003247953893403
S18,S18_E0I137D0,data/outputs_webcam_median/S18/S18_E0I137D0.arff,fixation,median,6,5,-1,207.66666666666666,712.02,504.35333333333335,101.58268881392473,992.7806036582302,891.1979148443055
S18,S18_E0I137D0,data/outputs_webcam_median/S18/S18_E0I137D0.arff,saccade,median,5,4,-1,31.139999999999997,48.075,16.935000000000006,3.2784142508231016,9.49082890654622,6.212414655723118
S18,S18_E0I138D0,data/outputs_webcam_median/S18/S18_E0I138D0.arff,fixation,median,7,7,0,213.9,202.2142857142857,-11.685714285714312,135.87345828625493,138.58552628336804,2.7120679971131096
S18,S18_E0I138D0,data/outputs_webcam_median/S18/S18_E0I138D0.arff,saccade,median,7,4,-3,60.042857142857144,51.925,-8.117857142857147,36.9041938512349,15.926994903831252,-20.97719894740365
S18,S18_E0I139D0,data/outputs_webcam_median/S18/S18_E0I139D0.arff,fixation,median,5,4,-1,154.94,210.2,55.25999999999999,53.52735749128664,62.223200389136736,8.695842897850099
S18,S18_E0I139D0,data/outputs_webcam_median/S18/S18_E0I139D0.arff,saccade,median,5,3,-2,41.36,49.26666666666667,7.906666666666673,24.87132887483095,18.788915171806305,-6.0824137030246455
S18,S18_E0I140D0,data/outputs_webcam_median/S18/S18_E0I140D0.arff,fixation,median,4,4,0,132.625,149.25,16.625,62.968583436504275,42.50368611465756,-20.464897321846713
S18,S18_E0I140D0,data/outputs_webcam_median/S18/S18_E0I140D0.arff,saccade,median,3,3,0,44.06666666666666,34.300000000000004,-9.766666666666659,14.800112612184183,8.401785524517987,-6.398327087666196
S19,S19_E0I101D0,data/outputs_webcam_median/S19/S19_E0I101D0.arff,fixation,median,7,7,0,274.0857142857143,293.0571428571429,18.97142857142859,152.71829653069761,146.9038785186066,-5.814418012091011
S19,S19_E0I101D0,data/outputs_webcam_median/S19/S19_E0I101D0.arff,saccade,median,6,6,0,38.13333333333333,41.85,3.7166666666666686,16.35783196718522,12.952026868409439,-3.4058050987757813
S19,S19_E0I102D0,data/outputs_webcam_median/S19/S19_E0I102D0.arff,fixation,median,7,8,1,162.22857142857143,159.59999999999997,-2.628571428571462,81.46338061333068,83.58255115239577,2.119170539065081
S19,S19_E0I102D0,data/outputs_webcam_median/S19/S19_E0I102D0.arff,saccade,median,7,7,0,42.05714285714286,42.114285714285714,0.05714285714285694,15.724382037974989,10.910152545745111,-4.814229492229877
S19,S19_E0I103D0,data/outputs_webcam_median/S19/S19_E0I103D0.arff,fixation,median,11,12,1,160.99999999999997,162.40833333333333,1.4083333333333599,50.3670328687327,67.3678026458733,17.000769777140597
S19,S19_E0I103D0,data/outputs_webcam_median/S19/S19_E0I103D0.arff,saccade,median,11,11,0,37.50000000000001,38.21818181818182,0.7181818181818116,12.040764095355412,12.235098543274443,0.1943344479190312
S19,S19_E0I104D0,data/outputs_webcam_median/S19/S19_E0I104D0.arff,fixation,median,7,7,0,195.35714285714286,212.1857142857143,16.82857142857145,85.5513268383929,153.91219822322324,68.36087138483035
S19,S19_E0I104D0,data/outputs_webcam_median/S19/S19_E0I104D0.arff,saccade,median,8,6,-2,36.0125,37.0,0.9874999999999972,10.781921045369021,8.107033982906447,-2.674887062462574
S19,S19_E0I105D0,data/outputs_webcam_median/S19/S19_E0I105D0.arff,fixation,median,6,5,-1,221.23333333333335,267.1,45.866666666666674,105.60440647371996,177.10201862203604,71.49761214831608
S19,S19_E0I105D0,data/outputs_webcam_median/S19/S19_E0I105D0.arff,saccade,median,5,5,0,50.04,48.49999999999999,-1.5400000000000063,45.23387005331292,14.31310588237228,-30.92076417094064
S19,S19_E0I106D0,data/outputs_webcam_median/S19/S19_E0I106D0.arff,fixation,median,8,8,0,162.16250000000002,174.1125,11.949999999999989,73.16910818683759,71.62485477422325,-1.5442534126143386
S19,S19_E0I106D0,data/outputs_webcam_median/S19/S19_E0I106D0.arff,saccade,median,7,7,0,41.107142857142854,42.19285714285714,1.085714285714289,18.492147625668682,10.192294007869727,-8.299853617798956
S19,S19_E0I107D0,data/outputs_webcam_median/S19/S19_E0I107D0.arff,fixation,median,6,5,-1,181.79999999999998,241.6,59.80000000000001,87.52946932319423,76.76353300884476,-10.765936314349474
S19,S19_E0I107D0,data/outputs_webcam_median/S19/S19_E0I107D0.arff,saccade,median,5,4,-1,39.88,40.6,0.7199999999999989,21.957162840403583,9.476637941098451,-12.480524899305133
S19,S19_E0I108D0,data/outputs_webcam_median/S19/S19_E0I108D0.arff,fixation,median,7,6,-1,228.6,285.2333333333333,56.6333333333333,96.29491159973097,121.93560048922,25.640688889489027
S19,S19_E0I108D0,data/outputs_webcam_median/S19/S19_E0I108D0.arff,saccade,median,6,5,-1,41.7,39.739999999999995,-1.960000000000008,22.966932751240424,14.290486345817627,-8.676446405422798
S19,S19_E0I109D0,data/outputs_webcam_median/S19/S19_E0I109D0.arff,fixation,median,6,6,0,180.38333333333333,191.51666666666665,11.133333333333326,65.52231426519263,85.26906629409442,19.74675202890178
S19,S19_E0I109D0,data/outputs_webcam_median/S19/S19_E0I109D0.arff,saccade,median,6,5,-1,46.46666666666667,42.68,-3.786666666666669,33.18582026508711,13.176380383094592,-20.009439881992517
S19,S19_E0I110D0,data/outputs_webcam_median/S19/S19_E0I110D0.arff,fixation,median,10,10,0,173.07,170.10000000000002,-2.9699999999999704,34.02074693804094,18.978525876485893,-15.04222106155505
S19,S19_E0I110D0,data/outputs_webcam_median/S19/S19_E0I110D0.arff,saccade,median,6,9,3,36.916666666666664,37.722222222222214,0.80555555555555,6.667358297456846,10.65760031359989,3.9902420161430436
S19,S19_E0I111D0,data/outputs_webcam_median/S19/S19_E0I111D0.arff,fixation,median,7,7,0,184.45714285714283,204.37142857142857,19.91428571428574,45.649456263386725,52.76478352985428,7.115327266467553
S19,S19_E0I111D0,data/outputs_webcam_median/S19/S19_E0I111D0.arff,saccade,median,7,7,0,42.114285714285714,35.91428571428572,-6.199999999999996,17.905067119992278,14.196059144639234,-3.7090079753530443
S19,S19_E0I112D0,data/outputs_webcam_median/S19/S19_E0I112D0.arff,fixation,median,6,6,0,181.6833333333333,192.7833333333333,11.099999999999994,121.7554831071959,134.77142748619482,13.015944378998924
S19,S19_E0I112D0,data/outputs_webcam_median/S19/S19_E0I112D0.arff,saccade,median,5,5,0,53.24000000000001,39.739999999999995,-13.500000000000014,24.20915116231877,16.29901837535009,-7.910132786968678
S19,S19_E0I113D0,data/outputs_webcam_median/S19/S19_E0I113D0.arff,fixation,median,7,7,0,153.70000000000002,157.04285714285714,3.3428571428571274,43.00976633277609,73.02108958245914,30.011323249683052
S19,S19_E0I113D0,data/outputs_webcam_median/S19/S19_E0I113D0.arff,saccade,median,7,6,-1,36.857142857142854,41.71666666666666,4.859523809523807,21.42590777095626,11.137758601561925,-10.288149169394336
S19,S19_E0I114D0,data/outputs_webcam_median/S19/S19_E0I114D0.arff,fixation,median,6,6,0,200.13333333333333,205.16666666666666,5.033333333333331,54.23764989992346,54.55627064478168,0.31862074485821523
S19,S19_E0I114D0,data/outputs_webcam_median/S19/S19_E0I114D0.arff,saccade,median,6,6,0,46.75,47.85,1.1000000000000014,28.341824217929233,16.65457894994647,-11.687245267982764
S19,S19_E0I115D0,data/outputs_webcam_median/S19/S19_E0I115D0.arff,fixation,median,7,7,0,151.29999999999998,170.28571428571428,18.985714285714295,59.25867025170241,57.441547929799285,-1.8171223219031276
S19,S19_E0I115D0,data/outputs_webcam_median/S19/S19_E0I115D0.arff,saccade,median,6,6,0,46.88333333333333,43.13333333333333,-3.75,14.6499715585617,13.390543927214704,-1.2594276313469965
S19,S19_E0I116D0,data/outputs_webcam_median/S19/S19_E0I116D0.arff,fixation,median,6,7,1,180.25,167.14285714285714,-13.107142857142861,49.37913526986878,93.17907234894284,43.799937079074056
S19,S19_E0I116D0,data/outputs_webcam_median/S19/S19_E0I116D0.arff,saccade,median,6,4,-2,45.633333333333326,51.675,6.041666666666671,35.233374329840544,21.83061687935853,-13.402757450482014
S19,S19_E0I117D0,data/outputs_webcam_median/S19/S19_E0I117D0.arff,fixation,median,9,8,-1,159.10000000000002,196.525,37.42499999999998,41.491866672879404,103.00283976667828,61.510973093798874
S19,S19_E0I117D0,data/outputs_webcam_median/S19/S19_E0I117D0.arff,saccade,median,8,7,-1,42.4,44.24285714285714,1.8428571428571416,20.313401628340973,12.084957197946151,-8.228444430394822
S19,S19_E0I118D0,data/outputs_webcam_median/S19/S19_E0I118D0.arff,fixation,median,7,7,0,169.65714285714287,172.74285714285716,3.085714285714289,64.2652538868622,76.06087161265108,11.795617725788887
S19,S19_E0I118D0,data/outputs_webcam_median/S19/S19_E0I118D0.arff,saccade,median,6,6,0,33.15,45.53333333333333,12.383333333333333,11.125421340335835,8.772836865385486,-2.3525844749503495
S19,S19_E0I119D0,data/outputs_webcam_median/S19/S19_E0I119D0.arff,fixation,median,10,9,-1,156.85,182.32222222222222,25.47222222222223,59.63984965328691,70.1426364235366,10.502786770249692
S19,S19_E0I119D0,data/outputs_webcam_median/S19/S19_E0I119D0.arff,saccade,median,9,8,-1,32.8,44.175,11.375,12.817761114952955,13.559261463242438,0.7415003482894829
S19,S19_E0I120D0,data/outputs_webcam_median/S19/S19_E0I120D0.arff,fixation,median,7,6,-1,164.0142857142857,212.11666666666667,48.10238095238097,54.96685148255048,139.66312923125656,84.69627774870608
S19,S19_E0I120D0,data/outputs_webcam_median/S19/S19_E0I120D0.arff,saccade,median,6,5,-1,36.96666666666666,38.459999999999994,1.4933333333333323,25.907965313136167,8.229398519940567,-17.6785667931956
S19,S19_E0I121D0,data/outputs_webcam_median/S19/S19_E0I121D0.arff,fixation,median,9,7,-2,165.6111111111111,242.34285714285716,76.73174603174607,48.65101346437822,214.31022574096377,165.65921227658555
S19,S19_E0I121D0,data/outputs_webcam_median/S19/S19_E0I121D0.arff,saccade,median,8,6,-2,32.2875,44.333333333333336,12.045833333333334,18.438735430764073,6.621983590033025,-11.816751840731047
S19,S19_E0I122D0,data/outputs_webcam_median/S19/S19_E0I122D0.arff,fixation,median,6,6,0,203.88333333333333,217.43333333333337,13.55000000000004,44.7830957691255,45.03881289140142,0.25571712227591803
S19,S19_E0I122D0,data/outputs_webcam_median/S19/S19_E0I122D0.arff,saccade,median,5,5,0,32.300000000000004,41.260000000000005,8.96,12.161619957883898,18.382002067239576,6.220382109355677
S19,S19_E0I123D0,data/outputs_webcam_median/S19/S19_E0I123D0.arff,fixation,median,11,8,-3,124.19090909090909,204.9375,80.74659090909091,46.781202518649614,127.02919729056669,80.24799477191706
S19,S19_E0I123D0,data/outputs_webcam_median/S19/S19_E0I123D0.arff,saccade,median,10,7,-3,39.059999999999995,36.857142857142854,-2.202857142857141,19.03681812815483,9.593028222422287,-9.443789905732544
S19,S19_E0I124D0,data/outputs_webcam_median/S19/S19_E0I124D0.arff,fixation,median,9,9,0,191.16666666666663,202.6111111111111,11.444444444444457,46.927710363920376,32.77958375439064,-14.148126609529733
S19,S19_E0I124D0,data/outputs_webcam_median/S19/S19_E0I124D0.arff,saccade,median,8,8,0,34.05,36.800000000000004,2.750000000000007,10.407552202950647,8.81038348443796,-1.5971687185126875
S19,S19_E0I125D0,data/outputs_webcam_median/S19/S19_E0I125D0.arff,fixation,median,9,7,-2,183.61111111111111,238.01428571428573,54.40317460317462,112.07988718370085,117.87059894323986,5.790711759539008
S19,S19_E0I125D0,data/outputs_webcam_median/S19/S19_E0I125D0.arff,saccade,median,7,7,0,37.98571428571429,35.82857142857143,-2.1571428571428584,17.287030646453676,18.32691229546631,1.039881649012635
S19,S19_E0I126D0,data/outputs_webcam_median/S19/S19_E0I126D0.arff,fixation,median,7,7,0,214.78571428571428,226.41428571428574,11.628571428571462,100.67203233886806,104.56139231047358,3.889359971605515
S19,S19_E0I126D0,data/outputs_webcam_median/S19/S19_E0I126D0.arff,saccade,median,6,6,0,47.93333333333334,36.833333333333336,-11.100000000000001,34.15052952249301,17.342625714310582,-16.807903808182427
S19,S19_E0I127D0,data/outputs_webcam_median/S19/S19_E0I127D0.arff,fixation,median,7,7,0,157.93571428571428,169.57857142857142,11.642857142857139,49.77410399566655,42.515397770914106,-7.258706224752444
S19,S19_E0I127D0,data/outputs_webcam_median/S19/S19_E0I127D0.arff,saccade,median,6,6,0,33.333333333333336,39.38333333333333,6.049999999999997,15.924373352401238,8.720932671834284,-7.203440680566954
S19,S19_E0I128D0,data/outputs_webcam_median/S19/S19_E0I128D0.arff,fixation,median,12,12,0,208.10833333333332,225.1833333333333,17.07499999999999,82.53071558608659,93.84741807203797,11.316702485951382
S19,S19_E0I128D0,data/outputs_webcam_median/S19/S19_E0I128D0.arff,saccade,median,11,11,0,42.98181818181818,40.86363636363637,-2.11818181818181,11.310952053812107,9.444286392022715,-1.8666656617893924
S19,S19_E0I129D0,data/outputs_webcam_median/S19/S19_E0I129D0.arff,fixation,median,6,7,1,168.35,153.67142857142858,-14.678571428571416,52.908931193136006,71.02160972280934,18.11267852967334
S19,S19_E0I129D0,data/outputs_webcam_median/S19/S19_E0I129D0.arff,saccade,median,6,6,0,36.833333333333336,46.6,9.766666666666666,11.336430949230301,10.147906187977892,-1.1885247612524097
S19,S19_E0I130D0,data/outputs_webcam_median/S19/S19_E0I130D0.arff,fixation,median,10,10,0,168.08999999999997,179.04000000000002,10.950000000000045,41.29773870591733,50.71261513009691,9.414876424179575
S19,S19_E0I130D0,data/outputs_webcam_median/S19/S19_E0I130D0.arff,saccade,median,9,9,0,37.73333333333333,34.355555555555554,-3.377777777777773,10.00312451187128,7.2343125297278785,-2.7688119821434007
S19,S19_E0I131D0,data/outputs_webcam_median/S19/S19_E0I131D0.arff,fixation,median,7,7,0,160.20000000000002,178.1285714285714,17.928571428571388,40.515881659747535,47.00318124998613,6.487299590238592
S19,S19_E0I131D0,data/outputs_webcam_median/S19/S19_E0I131D0.arff,saccade,median,6,6,0,46.76666666666667,41.9,-4.866666666666674,31.883893530537748,11.185705163287649,-20.698188367250097
S19,S19_E0I132D0,data/outputs_webcam_median/S19/S19_E0I132D0.arff,fixation,median,7,7,0,187.38571428571427,197.71428571428572,10.32857142857145,57.1216663088951,141.97692803846016,84.85526172956506
S19,S19_E0I132D0,data/outputs_webcam_median/S19/S19_E0I132D0.arff,saccade,median,7,6,-1,29.542857142857144,31.950000000000003,2.4071428571428584,17.07560219951819,6.099426202521021,-10.97617599699717
S19,S19_E0I134D0,data/outputs_webcam_median/S19/S19_E0I134D0.arff,fixation,median,5,4,-1,182.73999999999998,254.2,71.46000000000001,34.169913666850256,118.10834009501616,83.93842642816591
S19,S19_E0I134D0,data/outputs_webcam_median/S19/S19_E0I134D0.arff,saccade,median,4,3,-1,49.625,56.43333333333334,6.808333333333337,42.21108661635393,25.90315296123878,-16.30793365511515
S19,S19_E0I135D0,data/outputs_webcam_median/S19/S19_E0I135D0.arff,fixation,median,7,7,0,172.0,185.8,13.800000000000011,69.08002605674088,93.59813032320677,24.518104266465897
S19,S19_E0I135D0,data/outputs_webcam_median/S19/S19_E0I135D0.arff,saccade,median,6,6,0,36.9,49.199999999999996,12.299999999999997,24.209419654341158,15.145428353136797,-9.06399130120436
S19,S19_E0I136D0,data/outputs_webcam_median/S19/S19_E0I136D0.arff,fixation,median,7,6,-1,182.05714285714285,213.60000000000002,31.542857142857173,96.86825859800271,91.53899715421836,-5.329261443784347
S19,S19_E0I136D0,data/outputs_webcam_median/S19/S19_E0I136D0.arff,saccade,median,6,6,0,39.38333333333333,41.76666666666667,2.38333333333334,18.43468650849986,14.487327795927955,-3.947358712571903
S19,S19_E0I137D0,data/outputs_webcam_median/S19/S19_E0I137D0.arff,fixation,median,8,9,1,170.225,158.70000000000002,-11.524999999999977,50.89967022065495,76.74495097398916,25.845280753334215
S19,S19_E0I137D0,data/outputs_webcam_median/S19/S19_E0I137D0.arff,saccade,median,7,8,1,34.871428571428574,35.875,1.0035714285714263,15.250323962210802,6.212372447670166,-9.037951514540636
S19,S19_E0I138D0,data/outputs_webcam_median/S19/S19_E0I138D0.arff,fixation,median,6,6,0,169.43333333333334,175.46666666666667,6.033333333333331,28.41609872355223,37.469436433801164,9.053337710248933
S19,S19_E0I138D0,data/outputs_webcam_median/S19/S19_E0I138D0.arff,saccade,median,5,5,0,45.9,45.739999999999995,-0.1600000000000037,25.83882737277371,16.775368848403904,-9.063458524369807
S19,S19_E0I139D0,data/outputs_webcam_median/S19/S19_E0I139D0.arff,fixation,median,7,7,0,182.09999999999997,191.57142857142853,9.47142857142856,124.94436095051802,104.99516995693523,-19.94919099358279
S19,S19_E0I139D0,data/outputs_webcam_median/S19/S19_E0I139D0.arff,saccade,median,6,6,0,34.43333333333334,39.26666666666667,4.833333333333336,17.16539153840269,13.086124967562654,-4.079266570840037
S19,S19_E0I140D0,data/outputs_webcam_median/S19/S19_E0I140D0.arff,fixation,median,9,8,-1,145.63333333333333,189.6375,44.00416666666666,58.981098667284925,48.06938251854589,-10.911716148739032
S19,S19_E0I140D0,data/outputs_webcam_median/S19/S19_E0I140D0.arff,saccade,median,6,7,1,40.483333333333334,42.05714285714286,1.5738095238095227,12.978045564208298,16.707369346374982,3.7293237821666843
S20,S20_E0I101D0,data/outputs_webcam_median/S20/S20_E0I101D0.arff,fixation,median,11,10,-1,182.36363636363635,204.22999999999996,21.866363636363616,100.34344296193223,90.3874874575507,-9.95595550438152
S20,S20_E0I101D0,data/outputs_webcam_median/S20/S20_E0I101D0.arff,saccade,median,9,10,1,24.48888888888889,49.339999999999996,24.851111111111106,10.337848475921435,31.455902113558555,21.118053637637118
S20,S20_E0I103D0,data/outputs_webcam_median/S20/S20_E0I103D0.arff,fixation,median,10,5,-5,151.23,358.48,207.25000000000003,76.21654894662532,306.1359452922835,229.91939634565819
S20,S20_E0I103D0,data/outputs_webcam_median/S20/S20_E0I103D0.arff,saccade,median,9,4,-5,26.999999999999996,44.275,17.275000000000002,10.333198923857026,13.383167288301625,3.0499683644445987
S20,S20_E0I104D0,data/outputs_webcam_median/S20/S20_E0I104D0.arff,fixation,median,8,7,-1,163.9875,208.32857142857145,44.34107142857144,26.480312767898237,107.73604649459583,81.25573372669758
S20,S20_E0I104D0,data/outputs_webcam_median/S20/S20_E0I104D0.arff,saccade,median,7,6,-1,28.52857142857143,39.6,11.071428571428573,12.52274121824162,16.00349961727122,3.4807583990296003
S20,S20_E0I105D0,data/outputs_webcam_median/S20/S20_E0I105D0.arff,fixation,median,11,7,-4,111.51363636363637,204.52142857142857,93.0077922077922,57.9752062993703,96.51097889680246,38.53577259743216
S20,S20_E0I105D0,data/outputs_webcam_median/S20/S20_E0I105D0.arff,saccade,median,9,7,-2,26.272222222222222,34.76428571428572,8.492063492063497,12.779356182705154,16.16018033845627,3.3808241557511174
S20,S20_E0I106D0,data/outputs_webcam_median/S20/S20_E0I106D0.arff,fixation,median,6,5,-1,199.25,256.96,57.70999999999998,72.10965954710923,109.29983074094855,37.19017119383932
S20,S20_E0I106D0,data/outputs_webcam_median/S20/S20_E0I106D0.arff,saccade,median,5,4,-1,20.66,44.224999999999994,23.564999999999994,8.024213357083669,16.047715309870956,8.023501952787287
S20,S20_E0I107D0,data/outputs_webcam_median/S20/S20_E0I107D0.arff,fixation,median,10,8,-2,135.78,218.475,82.695,61.45415273916718,131.1408593840989,69.68670664493172
S20,S20_E0I107D0,data/outputs_webcam_median/S20/S20_E0I107D0.arff,saccade,median,10,7,-3,33.9,31.685714285714287,-2.2142857142857117,19.967139671637167,5.5267315752406425,-14.440408096396524
S20,S20_E0I108D0,data/outputs_webcam_median/S20/S20_E0I108D0.arff,fixation,median,8,8,0,222.54999999999998,231.625,9.075000000000017,155.7420945024177,155.49480239361242,-0.24729210880528285
S20,S20_E0I108D0,data/outputs_webcam_median/S20/S20_E0I108D0.arff,saccade,median,7,7,0,32.699999999999996,34.82857142857143,2.1285714285714334,13.250031446503565,10.880060398992017,-2.369971047511548
S20,S20_E0I109D0,data/outputs_webcam_median/S20/S20_E0I109D0.arff,fixation,median,10,9,-1,192.28000000000003,234.89999999999998,42.61999999999995,100.58798028481225,109.66421476489036,9.076234480078114
S20,S20_E0I109D0,data/outputs_webcam_median/S20/S20_E0I109D0.arff,saccade,median,8,8,0,31.4625,39.75,8.287500000000001,16.34065372883577,15.979808688288033,-0.36084504054773525
S20,S20_E0I110D0,data/outputs_webcam_median/S20/S20_E0I110D0.arff,fixation,median,12,11,-1,164.39166666666665,180.0181818181818,15.62651515151515,76.36725212399422,93.41456865159542,17.047316527601197
S20,S20_E0I110D0,data/outputs_webcam_median/S20/S20_E0I110D0.arff,saccade,median,10,11,1,22.150000000000002,36.20909090909091,14.059090909090909,10.378851360124374,13.761791638115625,3.382940277991251
S20,S20_E0I111D0,data/outputs_webcam_median/S20/S20_E0I111D0.arff,fixation,median,11,6,-5,123.10909090909091,162.03333333333333,38.92424242424242,84.3337827272731,122.90195550383513,38.56817277656202
S20,S20_E0I111D0,data/outputs_webcam_median/S20/S20_E0I111D0.arff,saccade,median,12,6,-6,32.6,46.599999999999994,13.999999999999993,19.251446226665205,25.9655926179242,6.714146391258996
S20,S20_E0I112D0,data/outputs_webcam_median/S20/S20_E0I112D0.arff,fixation,median,7,7,0,156.82857142857142,170.5,13.671428571428578,57.934667637656425,56.76457228471528,-1.1700953529411464
S20,S20_E0I112D0,data/outputs_webcam_median/S20/S20_E0I112D0.arff,saccade,median,6,6,0,41.88333333333333,40.65,-1.2333333333333343,12.100316800260506,11.086703748184128,-1.0136130520763782
S20,S20_E0I113D0,data/outputs_webcam_median/S20/S20_E0I113D0.arff,fixation,median,11,13,2,177.51818181818183,164.94615384615386,-12.572027972027968,105.51162796755453,88.44630777468531,-17.065320192869223
S20,S20_E0I113D0,data/outputs_webcam_median/S20/S20_E0I113D0.arff,saccade,median,10,13,3,34.739999999999995,43.62307692307694,8.883076923076942,17.035792386097636,14.458512708559953,-2.5772796775376836
S20,S20_E0I114D0,data/outputs_webcam_median/S20/S20_E0I114D0.arff,fixation,median,10,10,0,148.92,168.75000000000003,19.83000000000004,45.84558139377592,46.78734990476711,0.9417685109911886
S20,S20_E0I114D0,data/outputs_webcam_median/S20/S20_E0I114D0.arff,saccade,median,9,9,0,27.166666666666668,33.666666666666664,6.4999999999999964,11.827827357549651,8.301505887488124,-3.526321470061527
S20,S20_E0I115D0,data/outputs_webcam_median/S20/S20_E0I115D0.arff,fixation,median,8,6,-2,198.0125,282.4166666666667,84.4041666666667,58.46956320538551,138.63857207381596,80.16900886843045
S20,S20_E0I115D0,data/outputs_webcam_median/S20/S20_E0I115D0.arff,saccade,median,7,6,-1,31.62857142857143,46.73333333333334,15.104761904761911,15.617587765690564,11.283734606355585,-4.3338531593349785
S20,S20_E0I116D0,data/outputs_webcam_median/S20/S20_E0I116D0.arff,fixation,median,10,9,-1,117.13,159.76666666666668,42.636666666666684,59.15448794845954,71.07967360645377,11.925185657994227
S20,S20_E0I116D0,data/outputs_webcam_median/S20/S20_E0I116D0.arff,saccade,median,9,9,0,39.47777777777778,35.36666666666667,-4.111111111111114,23.009388180576302,15.144883624511612,-7.86450455606469
S20,S20_E0I117D0,data/outputs_webcam_median/S20/S20_E0I117D0.arff,fixation,median,11,11,0,228.5363636363636,234.0818181818182,5.545454545454589,118.95997034908233,125.0562418928525,6.096271543770172
S20,S20_E0I117D0,data/outputs_webcam_median/S20/S20_E0I117D0.arff,saccade,median,8,9,1,26.8,43.41111111111111,16.61111111111111,11.127443551867607,17.85045128592303,6.723007734055422
S20,S20_E0I118D0,data/outputs_webcam_median/S20/S20_E0I118D0.arff,fixation,median,7,6,-1,167.44285714285712,189.20000000000002,21.757142857142895,113.95030871894492,131.91626131754947,17.965952598604545
S20,S20_E0I118D0,data/outputs_webcam_median/S20/S20_E0I118D0.arff,saccade,median,5,5,0,32.54,38.36,5.82,4.118009227770138,12.16400427490882,8.045995047138682
S20,S20_E0I119D0,data/outputs_webcam_median/S20/S20_E0I119D0.arff,fixation,median,7,7,0,170.29999999999998,198.84285714285713,28.542857142857144,56.93827066803721,58.38618150278531,1.4479108347481002
S20,S20_E0I119D0,data/outputs_webcam_median/S20/S20_E0I119D0.arff,saccade,median,7,6,-1,25.371428571428574,35.699999999999996,10.328571428571422,11.166126497240704,7.263607918933949,-3.902518578306755
S20,S20_E0I120D0,data/outputs_webcam_median/S20/S20_E0I120D0.arff,fixation,median,10,10,0,199.89,215.3,15.410000000000025,136.89320614584526,128.91538999583324,-7.977816150012018
S20,S20_E0I120D0,data/outputs_webcam_median/S20/S20_E0I120D0.arff,saccade,median,9,9,0,27.744444444444444,35.144444444444446,7.400000000000002,11.442149176521767,11.418637299510735,-0.023511877011031856
S20,S20_E0I121D0,data/outputs_webcam_median/S20/S20_E0I121D0.arff,fixation,median,8,6,-2,173.125,241.91666666666666,68.79166666666666,86.279938903217,151.9635274224268,65.6835885192098
S20,S20_E0I121D0,data/outputs_webcam_median/S20/S20_E0I121D0.arff,saccade,median,7,5,-2,23.25714285714286,30.920000000000005,7.6628571428571455,7.911143436709416,10.837527393275646,2.92638395656623
S20,S20_E0I122D0,data/outputs_webcam_median/S20/S20_E0I122D0.arff,fixation,median,11,10,-1,219.0,247.57999999999998,28.579999999999984,114.94674419051634,159.00163381410758,44.05488962359124
S20,S20_E0I122D0,data/outputs_webcam_median/S20/S20_E0I122D0.arff,saccade,median,9,9,0,29.488888888888887,39.222222222222214,9.733333333333327,13.306900883042267,8.958484494848692,-4.348416388193575
S20,S20_E0I123D0,data/outputs_webcam_median/S20/S20_E0I123D0.arff,fixation,median,8,7,-1,159.91250000000002,196.27142857142857,36.35892857142855,80.7880195768089,77.17809953360506,-3.609920043203843
S20,S20_E0I123D0,data/outputs_webcam_median/S20/S20_E0I123D0.arff,saccade,median,7,6,-1,29.54285714285714,35.666666666666664,6.123809523809523,0.39520940802374105,9.949003300163623,9.553793892139883
S20,S20_E0I124D0,data/outputs_webcam_median/S20/S20_E0I124D0.arff,fixation,median,8,8,0,203.8,209.3625,5.5625,152.91428037582736,155.8046665127295,2.8903861369021513
S20,S20_E0I124D0,data/outputs_webcam_median/S20/S20_E0I124D0.arff,saccade,median,7,7,0,24.47142857142857,35.785714285714285,11.314285714285713,9.280214488490065,9.057304339855314,-0.22291014863475134
S20,S20_E0I125D0,data/outputs_webcam_median/S20/S20_E0I125D0.arff,fixation,median,8,8,0,151.225,169.5625,18.337500000000006,46.94625346378253,42.64956665330008,-4.296686810482456
S20,S20_E0I125D0,data/outputs_webcam_median/S20/S20_E0I125D0.arff,saccade,median,8,7,-1,24.0875,35.95714285714286,11.869642857142864,10.918063342134317,7.837486234513619,-3.080577107620698
S20,S20_E0I126D0,data/outputs_webcam_median/S20/S20_E0I126D0.arff,fixation,median,8,7,-1,142.9875,161.21428571428572,18.22678571428571,33.48058872583592,85.48786324329765,52.00727451746173
S20,S20_E0I126D0,data/outputs_webcam_median/S20/S20_E0I126D0.arff,saccade,median,6,5,-1,29.533333333333335,48.84,19.30666666666667,13.988233150282657,9.802448673673329,-4.185784476609328
S20,S20_E0I127D0,data/outputs_webcam_median/S20/S20_E0I127D0.arff,fixation,median,8,9,1,181.35000000000002,169.46666666666667,-11.883333333333354,67.9656635998754,105.53461517435879,37.56895157448339
S20,S20_E0I127D0,data/outputs_webcam_median/S20/S20_E0I127D0.arff,saccade,median,6,6,0,28.433333333333334,45.583333333333336,17.150000000000002,20.237259366491962,16.568212536863072,-3.66904682962889
S20,S20_E0I129D0,data/outputs_webcam_median/S20/S20_E0I129D0.arff,fixation,median,9,9,0,193.1222222222222,186.6888888888889,-6.433333333333309,56.287049526906664,78.38565628424062,22.09860675733396
S20,S20_E0I129D0,data/outputs_webcam_median/S20/S20_E0I129D0.arff,saccade,median,7,7,0,30.557142857142857,42.128571428571426,11.57142857142857,2.8512319810081763,15.153516015072132,12.302284034063955
S20,S20_E0I130D0,data/outputs_webcam_median/S20/S20_E0I130D0.arff,fixation,median,7,8,1,167.54285714285714,159.4875,-8.055357142857133,47.38332537728356,75.89026735077054,28.50694197348698
S20,S20_E0I130D0,data/outputs_webcam_median/S20/S20_E0I130D0.arff,saccade,median,7,7,0,27.428571428571427,45.142857142857146,17.71428571428572,13.249995507636255,16.453050086317038,3.203054578680783
S20,S20_E0I131D0,data/outputs_webcam_median/S20/S20_E0I131D0.arff,fixation,median,8,8,0,197.1,199.625,2.5250000000000057,94.81485718418365,120.27774702151447,25.46288983733082
S20,S20_E0I131D0,data/outputs_webcam_median/S20/S20_E0I131D0.arff,saccade,median,6,7,1,23.46666666666667,40.114285714285714,16.647619047619045,9.84675919613487,13.18198626553532,3.3352270694004496
S20,S20_E0I132D0,data/outputs_webcam_median/S20/S20_E0I132D0.arff,fixation,median,12,11,-1,213.01666666666668,216.34545454545457,3.3287878787878924,142.7708579465287,140.86391563233192,-1.9069423141967832
S20,S20_E0I132D0,data/outputs_webcam_median/S20/S20_E0I132D0.arff,saccade,median,9,8,-1,22.188888888888886,39.6,17.411111111111115,11.676733751829365,11.044843657950594,-0.6318900938787717
S20,S20_E0I133D0,data/outputs_webcam_median/S20/S20_E0I133D0.arff,fixation,median,9,8,-1,206.33333333333337,246.8375,40.504166666666634,159.7328472794497,257.3650544460145,97.6322071665648
S20,S20_E0I133D0,data/outputs_webcam_median/S20/S20_E0I133D0.arff,saccade,median,7,7,0,21.12857142857143,40.07142857142857,18.94285714285714,7.893396878766092,8.348196269397416,0.45479939063132413
S20,S20_E0I134D0,data/outputs_webcam_median/S20/S20_E0I134D0.arff,fixation,median,6,8,2,170.38333333333333,134.1625,-36.22083333333333,66.52209908494069,92.68377786091494,26.161678775974252
S20,S20_E0I134D0,data/outputs_webcam_median/S20/S20_E0I134D0.arff,saccade,median,6,7,1,33.21666666666667,46.48571428571429,13.269047619047619,21.60688933342018,18.51444738318597,-3.0924419502342104
S20,S20_E0I135D0,data/outputs_webcam_median/S20/S20_E0I135D0.arff,fixation,median,9,9,0,261.0111111111111,277.4,16.388888888888857,129.8454604948171,154.0524504835934,24.206989988776286
S20,S20_E0I135D0,data/outputs_webcam_median/S20/S20_E0I135D0.arff,saccade,median,9,8,-1,25.400000000000002,38.75,13.349999999999998,8.252120939491858,15.98123900077838,7.729118061286522
S20,S20_E0I136D0,data/outputs_webcam_median/S20/S20_E0I136D0.arff,fixation,median,9,7,-2,119.0,172.01428571428573,53.014285714285734,64.904179372364,64.71237461700373,-0.1918047553602662
S20,S20_E0I136D0,data/outputs_webcam_median/S20/S20_E0I136D0.arff,saccade,median,6,6,0,49.13333333333333,27.11666666666667,-22.016666666666662,23.567831182921065,6.034042315617837,-17.53378886730323
S20,S20_E0I137D0,data/outputs_webcam_median/S20/S20_E0I137D0.arff,fixation,median,7,6,-1,230.61428571428573,266.3333333333333,35.719047619047586,145.46105353405804,166.96272238636584,21.5016688523078
S20,S20_E0I137D0,data/outputs_webcam_median/S20/S20_E0I137D0.arff,saccade,median,6,5,-1,19.749999999999996,40.02,20.270000000000007,7.668572226953333,12.233642139608303,4.5650699126549705
S20,S20_E0I138D0,data/outputs_webcam_median/S20/S20_E0I138D0.arff,fixation,median,12,11,-1,189.1,220.3090909090909,31.209090909090918,90.09419313342916,130.98553702256942,40.89134388914026
S20,S20_E0I138D0,data/outputs_webcam_median/S20/S20_E0I138D0.arff,saccade,median,11,10,-1,26.854545454545452,41.339999999999996,14.485454545454544,14.497818017644148,12.26034257270163,-2.2374754449425183
S20,S20_E0I139D0,data/outputs_webcam_median/S20/S20_E0I139D0.arff,fixation,median,7,7,0,143.07142857142856,171.57142857142858,28.50000000000003,52.97545703077084,60.415497854047196,7.440040823276355
S20,S20_E0I139D0,data/outputs_webcam_median/S20/S20_E0I139D0.arff,saccade,median,5,6,1,44.22,37.983333333333334,-6.236666666666665,18.085823177284464,16.30820856705808,-1.777614610226383
S20,S20_E0I140D0,data/outputs_webcam_median/S20/S20_E0I140D0.arff,fixation,median,12,11,-1,212.43333333333337,228.51818181818183,16.084848484848465,154.04699007612953,173.30375540179054,19.256765325661007
S20,S20_E0I140D0,data/outputs_webcam_median/S20/S20_E0I140D0.arff,saccade,median,10,9,-1,23.6,40.87777777777777,17.27777777777777,14.123896220393453,11.662308709875779,-2.461587510517674
S21,S21_E0I101D0,data/outputs_webcam_median/S21/S21_E0I101D0.arff,fixation,median,4,3,-1,235.95,130.20000000000002,-105.74999999999997,149.96711861827134,17.061359852016484,-132.90575876625485
S21,S21_E0I101D0,data/outputs_webcam_median/S21/S21_E0I101D0.arff,saccade,median,4,3,-1,27.75,44.4,16.65,9.338272502627738,7.40202674947882,-1.9362457531489188
S21,S21_E0I102D0,data/outputs_webcam_median/S21/S21_E0I102D0.arff,fixation,median,13,14,1,200.6615384615385,135.70714285714288,-64.95439560439561,91.12027343445163,61.84973682284303,-29.270536611608605
S21,S21_E0I102D0,data/outputs_webcam_median/S21/S21_E0I102D0.arff,saccade,median,11,13,2,32.21818181818182,41.43076923076923,9.21258741258741,11.517362387440814,20.965622044010708,9.448259656569894
S21,S21_E0I103D0,data/outputs_webcam_median/S21/S21_E0I103D0.arff,fixation,median,4,4,0,134.975,167.7,32.724999999999994,111.91733184215333,115.12888429929302,3.211552457139689
S21,S21_E0I103D0,data/outputs_webcam_median/S21/S21_E0I103D0.arff,saccade,median,2,4,2,36.900000000000006,37.075,0.17499999999999716,10.323759005323595,8.286686108853567,-2.0370728964700273
S21,S21_E0I104D0,data/outputs_webcam_median/S21/S21_E0I104D0.arff,fixation,median,5,4,-1,167.87,147.4,-20.47,54.26884004656816,84.99731368304138,30.728473636473225
S21,S21_E0I104D0,data/outputs_webcam_median/S21/S21_E0I104D0.arff,saccade,median,4,3,-1,42.5,54.01666666666667,11.516666666666673,15.126466871017833,15.116326714295818,-0.010140156722014737
S21,S21_E0I105D0,data/outputs_webcam_median/S21/S21_E0I105D0.arff,fixation,median,7,8,1,152.65714285714287,135.42499999999998,-17.23214285714289,57.59279055410949,75.20550416786564,17.61271361375615
S21,S21_E0I105D0,data/outputs_webcam_median/S21/S21_E0I105D0.arff,saccade,median,7,7,0,39.0,41.10000000000001,2.1000000000000085,14.005832118561658,9.365895579174476,-4.6399365393871825
S21,S21_E0I106D0,data/outputs_webcam_median/S21/S21_E0I106D0.arff,fixation,median,5,5,0,147.42000000000002,132.64000000000001,-14.780000000000001,29.831476664757986,29.362612281607376,-0.46886438315060985
S21,S21_E0I106D0,data/outputs_webcam_median/S21/S21_E0I106D0.arff,saccade,median,4,4,0,25.85,40.45,14.600000000000001,7.369079544511196,7.366817494685206,-0.002262049825990431
S21,S21_E0I107D0,data/outputs_webcam_median/S21/S21_E0I107D0.arff,fixation,median,7,7,0,182.18571428571428,184.32857142857142,2.142857142857139,56.18622098496595,50.91946956668324,-5.266751418282709
S21,S21_E0I107D0,data/outputs_webcam_median/S21/S21_E0I107D0.arff,saccade,median,6,6,0,43.0,45.36666666666667,2.366666666666667,9.796734149705197,14.995421523473981,5.198687373768784
S21,S21_E0I108D0,data/outputs_webcam_median/S21/S21_E0I108D0.arff,fixation,median,5,5,0,195.54,192.56,-2.9799999999999898,99.01915471261104,90.05858093485597,-8.960573777755073
S21,S21_E0I108D0,data/outputs_webcam_median/S21/S21_E0I108D0.arff,saccade,median,4,4,0,33.125,46.1,12.975000000000001,14.022214518399013,19.53168366185226,5.509469143453247
S21,S21_E0I109D0,data/outputs_webcam_median/S21/S21_E0I109D0.arff,fixation,median,4,4,0,147.5,149.4,1.9000000000000057,27.895160870659986,28.230361905815755,0.3352010351557695
S21,S21_E0I109D0,data/outputs_webcam_median/S21/S21_E0I109D0.arff,saccade,median,4,3,-1,25.95,39.53333333333334,13.58333333333334,7.43527627821141,8.604843597261564,1.1695673190501532
S21,S21_E0I110D0,data/outputs_webcam_median/S21/S21_E0I110D0.arff,fixation,median,4,4,0,184.52499999999998,180.825,-3.6999999999999886,75.88132730345018,78.5566197083352,2.6752924048850275
S21,S21_E0I110D0,data/outputs_webcam_median/S21/S21_E0I110D0.arff,saccade,median,3,3,0,49.29999999999999,49.366666666666674,0.0666666666666842,4.330127018922194,11.249148115894524,6.9190210969723305
S21,S21_E0I111D0,data/outputs_webcam_median/S21/S21_E0I111D0.arff,fixation,median,4,4,0,167.425,172.925,5.5,45.81465376929089,56.73108348457073,10.91642971527984
S21,S21_E0I111D0,data/outputs_webcam_median/S21/S21_E0I111D0.arff,saccade,median,4,4,0,43.025,35.150000000000006,-7.874999999999993,9.517483911202584,16.393596310755004,6.8761123995524205
S21,S21_E0I112D0,data/outputs_webcam_median/S21/S21_E0I112D0.arff,fixation,median,6,6,0,165.96666666666667,163.48333333333332,-2.4833333333333485,47.808646358861346,52.229241490439684,4.420595131578338
S21,S21_E0I112D0,data/outputs_webcam_median/S21/S21_E0I112D0.arff,saccade,median,5,5,0,42.84,50.16,7.319999999999993,13.213364446650218,19.129898065593554,5.916533618943337
S21,S21_E0I113D0,data/outputs_webcam_median/S21/S21_E0I113D0.arff,fixation,median,4,3,-1,174.75,159.26666666666668,-15.48333333333332,42.073071356074465,52.55381368971556,10.480742333641096
S21,S21_E0I113D0,data/outputs_webcam_median/S21/S21_E0I113D0.arff,saccade,median,3,2,-1,44.5,51.75,7.25,0.10000000000000142,10.394469683442251,10.29446968344225
S21,S21_E0I114D0,data/outputs_webcam_median/S21/S21_E0I114D0.arff,fixation,median,5,6,1,194.11999999999998,163.15,-30.96999999999997,82.11136949290275,83.50532318361508,1.3939536907123227
S21,S21_E0I114D0,data/outputs_webcam_median/S21/S21_E0I114D0.arff,saccade,median,4,5,1,40.675,43.06,2.385000000000005,14.231040018213704,17.02551027135457,2.794470253140865
S21,S21_E0I115D0,data/outputs_webcam_median/S21/S21_E0I115D0.arff,fixation,median,15,17,2,182.5,165.7058823529412,-16.794117647058812,70.30929627621899,73.39251043693282,3.083214160713837
S21,S21_E0I115D0,data/outputs_webcam_median/S21/S21_E0I115D0.arff,saccade,median,11,17,6,44.33636363636363,47.035294117647055,2.6989304812834263,10.869339697265213,13.727660997802511,2.8583213005372983
S21,S21_E0I116D0,data/outputs_webcam_median/S21/S21_E0I116D0.arff,fixation,median,5,4,-1,115.08,143.675,28.595000000000013,60.57835421996871,63.112406334518205,2.534052114549496
S21,S21_E0I116D0,data/outputs_webcam_median/S21/S21_E0I116D0.arff,saccade,median,4,4,0,35.025,38.7,3.6750000000000043,21.971553578813367,21.99105878912306,0.01950521030969199
S21,S21_E0I117D0,data/outputs_webcam_median/S21/S21_E0I117D0.arff,fixation,median,4,2,-2,151.0,88.30000000000001,-62.69999999999999,56.831857263334264,62.225396744416194,5.39353948108193
S21,S21_E0I117D0,data/outputs_webcam_median/S21/S21_E0I117D0.arff,saccade,median,3,2,-1,29.766666666666666,22.15,-7.616666666666667,15.101765901156504,10.394469683442248,-4.707296217714257
S21,S21_E0I118D0,data/outputs_webcam_median/S21/S21_E0I118D0.arff,fixation,median,5,9,4,244.28000000000003,186.6111111111111,-57.668888888888944,222.40302830672067,157.41575877627727,-64.9872695304434
S21,S21_E0I118D0,data/outputs_webcam_median/S21/S21_E0I118D0.arff,saccade,median,4,6,2,45.975,36.86666666666667,-9.108333333333334,7.2518388472625785,13.8938355635392,6.641996716276622
S21,S21_E0I119D0,data/outputs_webcam_median/S21/S21_E0I119D0.arff,fixation,median,8,10,2,239.2625,184.01000000000002,-55.25249999999997,136.1382903783607,122.84416912857073,-13.294121249789967
S21,S21_E0I119D0,data/outputs_webcam_median/S21/S21_E0I119D0.arff,saccade,median,6,6,0,34.449999999999996,44.18333333333334,9.733333333333341,12.027426990009126,6.556650567680625,-5.470776422328501
S21,S21_E0I120D0,data/outputs_webcam_median/S21/S21_E0I120D0.arff,fixation,median,6,5,-1,276.34999999999997,256.54,-19.809999999999945,208.91251518279128,226.1866110095821,17.274095826790813
S21,S21_E0I120D0,data/outputs_webcam_median/S21/S21_E0I120D0.arff,saccade,median,5,3,-2,32.64,49.23333333333333,16.593333333333327,6.742625601351451,18.424259370008155,11.681633768656704
S21,S21_E0I121D0,data/outputs_webcam_median/S21/S21_E0I121D0.arff,fixation,median,5,5,0,160.52,159.11999999999998,-1.400000000000034,49.79650590151883,41.17556314126135,-8.620942760257478
S21,S21_E0I121D0,data/outputs_webcam_median/S21/S21_E0I121D0.arff,saccade,median,4,4,0,38.650000000000006,40.7,2.049999999999997,18.356197863392083,14.240318348501438,-4.115879514890645
S21,S21_E0I122D0,data/outputs_webcam_median/S21/S21_E0I122D0.arff,fixation,median,5,4,-1,157.57999999999998,107.125,-50.454999999999984,101.30543914321679,62.421223687674264,-38.884215455542524
S21,S21_E0I122D0,data/outputs_webcam_median/S21/S21_E0I122D0.arff,saccade,median,4,4,0,35.0,44.4,9.399999999999999,7.001428425685717,18.153603866266703,11.152175440580987
S21,S21_E0I123D0,data/outputs_webcam_median/S21/S21_E0I123D0.arff,fixation,median,4,5,1,174.575,122.16000000000001,-52.41499999999998,49.835955895317184,74.35756854550853,24.521612650191344
S21,S21_E0I123D0,data/outputs_webcam_median/S21/S21_E0I123D0.arff,saccade,median,3,3,0,49.29999999999999,29.566666666666666,-19.733333333333324,8.231038816577165,14.750028248560518,6.5189894319833535
S21,S21_E0I124D0,data/outputs_webcam_median/S21/S21_E0I124D0.arff,fixation,median,4,6,2,173.0,82.25,-90.75,132.0034595506244,38.963354578372744,-93.04010497225165
S21,S21_E0I124D0,data/outputs_webcam_median/S21/S21_E0I124D0.arff,saccade,median,3,3,0,44.26666666666667,44.300000000000004,0.03333333333333144,14.700453507743674,14.850252523105459,0.14979901536178453
S21,S21_E0I125D0,data/outputs_webcam_median/S21/S21_E0I125D0.arff,fixation,median,6,6,0,131.85,117.06666666666666,-14.783333333333331,49.33671046999384,66.66542332173904,17.328712851745202
S21,S21_E0I125D0,data/outputs_webcam_median/S21/S21_E0I125D0.arff,saccade,median,5,4,-1,28.139999999999997,38.825,10.685000000000006,8.112213014954675,14.048101888392848,5.935888873438174
S21,S21_E0I126D0,data/outputs_webcam_median/S21/S21_E0I126D0.arff,fixation,median,4,4,0,243.20000000000002,254.25,11.049999999999983,148.93696653282555,139.34141523610273,-9.595551296722817
S21,S21_E0I126D0,data/outputs_webcam_median/S21/S21_E0I126D0.arff,saccade,median,3,3,0,44.1,37.266666666666666,-6.833333333333336,14.4,13.0193445815576,-1.3806554184423998
S21,S21_E0I127D0,data/outputs_webcam_median/S21/S21_E0I127D0.arff,fixation,median,4,5,1,254.52499999999998,196.32,-58.204999999999984,251.98192230131642,170.54120323253264,-81.44071906878378
S21,S21_E0I127D0,data/outputs_webcam_median/S21/S21_E0I127D0.arff,saccade,median,2,4,2,40.45,34.925,-5.525000000000006,15.344217151748078,10.917379111612211,-4.426838040135866
S21,S21_E0I128D0,data/outputs_webcam_median/S21/S21_E0I128D0.arff,fixation,median,5,4,-1,154.71999999999997,130.575,-24.144999999999982,29.55092215143209,68.92592037833082,39.374998226898725
S21,S21_E0I128D0,data/outputs_webcam_median/S21/S21_E0I128D0.arff,saccade,median,4,3,-1,42.45,32.13333333333333,-10.31666666666667,9.399822693363246,18.84922633248732,9.449403639124073
S21,S21_E0I129D0,data/outputs_webcam_median/S21/S21_E0I129D0.arff,fixation,median,4,4,0,176.425,174.625,-1.8000000000000114,102.27141585017779,100.53531303311621,-1.7361028170615782
S21,S21_E0I129D0,data/outputs_webcam_median/S21/S21_E0I129D0.arff,saccade,median,3,3,0,41.73333333333334,49.199999999999996,7.466666666666654,11.20818153552722,18.59758048779464,7.38939895226742
S21,S21_E0I130D0,data/outputs_webcam_median/S21/S21_E0I130D0.arff,fixation,median,5,6,1,310.65999999999997,251.6833333333333,-58.97666666666666,338.14851470914374,342.15221417764735,4.003699468503612
S21,S21_E0I130D0,data/outputs_webcam_median/S21/S21_E0I130D0.arff,saccade,median,4,5,1,26.0,37.08,11.079999999999998,14.3092044968731,18.26929117398921,3.9600866771161094
S21,S21_E0I131D0,data/outputs_webcam_median/S21/S21_E0I131D0.arff,fixation,median,3,3,0,295.3666666666666,314.9,19.53333333333336,352.4329912668979,338.90039834736103,-13.532592919536853
S21,S21_E0I131D0,data/outputs_webcam_median/S21/S21_E0I131D0.arff,saccade,median,1,3,2,29.7,29.599999999999998,-0.10000000000000142,0.0,14.7502542350971,14.7502542350971
S21,S21_E0I132D0,data/outputs_webcam_median/S21/S21_E0I132D0.arff,fixation,median,4,3,-1,204.35000000000002,93.2,-111.15000000000002,85.17904671924897,123.28150712900944,38.10246040976047
S21,S21_E0I132D0,data/outputs_webcam_median/S21/S21_E0I132D0.arff,saccade,median,3,3,0,39.166666666666664,29.366666666666664,-9.8,8.285127237003262,25.230206763586644,16.94507952658338
S21,S21_E0I133D0,data/outputs_webcam_median/S21/S21_E0I133D0.arff,fixation,median,6,6,0,158.53333333333333,132.79999999999998,-25.73333333333335,52.25995280008074,67.86972815622588,15.609775356145136
S21,S21_E0I133D0,data/outputs_webcam_median/S21/S21_E0I133D0.arff,saccade,median,5,4,-1,41.46,38.85,-2.6099999999999994,15.265582203112988,14.149087131920089,-1.1164950711928991
S21,S21_E0I134D0,data/outputs_webcam_median/S21/S21_E0I134D0.arff,fixation,median,5,6,1,176.66000000000003,131.3,-45.360000000000014,53.17718495746085,64.62640327296576,11.449218315504908
S21,S21_E0I134D0,data/outputs_webcam_median/S21/S21_E0I134D0.arff,saccade,median,4,5,1,37.7,43.36,5.659999999999997,19.83700246172961,20.151004937719605,0.3140024759899944
S21,S21_E0I135D0,data/outputs_webcam_median/S21/S21_E0I135D0.arff,fixation,median,4,4,0,171.7,171.7,0.0,33.57310431481327,25.114803071760942,-8.458301243052329
S21,S21_E0I135D0,data/outputs_webcam_median/S21/S21_E0I135D0.arff,saccade,median,3,3,0,42.0,61.56666666666666,19.566666666666663,23.829393613770367,18.662886522007607,-5.16650709176276
S21,S21_E0I137D0,data/outputs_webcam_median/S21/S21_E0I137D0.arff,fixation,median,5,1,-4,196.92000000000002,161.9,-35.02000000000001,57.95504292121609,0.0,-57.95504292121609
S21,S21_E0I137D0,data/outputs_webcam_median/S21/S21_E0I137D0.arff,saccade,median,4,1,-3,44.25,29.4,-14.850000000000001,15.708490273309739,0.0,-15.708490273309739
S21,S21_E0I139D0,data/outputs_webcam_median/S21/S21_E0I139D0.arff,fixation,median,4,5,1,179.125,127.16,-51.965,75.54938230499747,71.8443317179581,-3.7050505870393664
S21,S21_E0I139D0,data/outputs_webcam_median/S21/S21_E0I139D0.arff,saccade,median,3,4,1,46.833333333333336,42.675,-4.1583333333333385,4.301550108197431,15.275770575217036,10.974220467019606
S21,S21_E0I140D0,data/outputs_webcam_median/S21/S21_E0I140D0.arff,fixation,median,5,5,0,192.88000000000002,194.52000000000004,1.6400000000000148,156.20421569215088,144.32188676704584,-11.882328925105043
S21,S21_E0I140D0,data/outputs_webcam_median/S21/S21_E0I140D0.arff,saccade,median,4,4,0,42.175,42.3,0.125,20.94522618641298,17.295278739201244,-3.649947447211737
S22,S22_E0I101D0,data/outputs_webcam_median/S22/S22_E0I101D0.arff,fixation,median,6,6,0,152.28333333333333,154.7,2.416666666666657,51.238361280066975,49.93191364247919,-1.3064476375877874
S22,S22_E0I101D0,data/outputs_webcam_median/S22/S22_E0I101D0.arff,saccade,median,5,5,0,27.26,36.04,8.779999999999998,17.69980225878244,10.262212237134838,-7.437590021647603
S22,S22_E0I102D0,data/outputs_webcam_median/S22/S22_E0I102D0.arff,fixation,median,5,4,-1,86.54,117.25,30.709999999999994,20.98268333650394,68.77816998631664,47.7954866498127
S22,S22_E0I102D0,data/outputs_webcam_median/S22/S22_E0I102D0.arff,saccade,median,4,4,0,25.125,30.425000000000004,5.300000000000004,7.151864558747366,12.13929569620907,4.987431137461703
S22,S22_E0I103D0,data/outputs_webcam_median/S22/S22_E0I103D0.arff,fixation,median,5,5,0,125.73999999999998,125.82000000000001,0.08000000000002672,38.869435293042265,42.635044271115746,3.7656089780734803
S22,S22_E0I103D0,data/outputs_webcam_median/S22/S22_E0I103D0.arff,saccade,median,4,4,0,32.425000000000004,41.625,9.199999999999996,13.642427692069083,16.90115873739628,3.258731045327197
S22,S22_E0I104D0,data/outputs_webcam_median/S22/S22_E0I104D0.arff,fixation,median,5,4,-1,115.08,167.0,51.92,63.91304248742975,57.481475276822884,-6.431567210606865
S22,S22_E0I104D0,data/outputs_webcam_median/S22/S22_E0I104D0.arff,saccade,median,4,3,-1,32.625,36.43333333333334,3.808333333333337,13.998422530175795,12.100550951644031,-1.8978715785317632
S22,S22_E0I105D0,data/outputs_webcam_median/S22/S22_E0I105D0.arff,fixation,median,9,7,-2,118.8111111111111,159.81428571428572,41.003174603174614,49.18641693710888,107.92332816358456,58.73691122647568
S22,S22_E0I105D0,data/outputs_webcam_median/S22/S22_E0I105D0.arff,saccade,median,7,6,-1,30.58571428571429,30.98333333333333,0.39761904761904177,9.714152660153221,10.82356995942959,1.1094172992763696
S22,S22_E0I106D0,data/outputs_webcam_median/S22/S22_E0I106D0.arff,fixation,median,6,5,-1,96.23333333333335,141.3,45.06666666666666,23.01865909792894,49.40703391218704,26.3883748142581
S22,S22_E0I106D0,data/outputs_webcam_median/S22/S22_E0I106D0.arff,saccade,median,4,3,-1,34.224999999999994,28.7,-5.524999999999995,6.734178989800219,12.299186964998947,5.5650079751987285
S22,S22_E0I107D0,data/outputs_webcam_median/S22/S22_E0I107D0.arff,fixation,median,5,4,-1,117.62,146.725,29.10499999999999,30.106593962120655,64.5720979474365,34.46550398531585
S22,S22_E0I107D0,data/outputs_webcam_median/S22/S22_E0I107D0.arff,saccade,median,4,3,-1,32.15,35.63333333333333,3.4833333333333343,7.106100665390735,12.44280247104057,5.336701805649835
S22,S22_E0I108D0,data/outputs_webcam_median/S22/S22_E0I108D0.arff,fixation,median,6,6,0,123.23333333333333,114.89999999999999,-8.333333333333343,72.90593025719285,64.25738868021327,-8.648541576979582
S22,S22_E0I108D0,data/outputs_webcam_median/S22/S22_E0I108D0.arff,saccade,median,5,5,0,40.239999999999995,51.8,11.560000000000002,14.763400692252446,14.791382626380809,0.027981934128362695
S22,S22_E0I109D0,data/outputs_webcam_median/S22/S22_E0I109D0.arff,fixation,median,5,5,0,134.08,138.51999999999998,4.439999999999969,21.47351857521259,27.988694146029744,6.515175570817153
S22,S22_E0I109D0,data/outputs_webcam_median/S22/S22_E0I109D0.arff,saccade,median,4,4,0,43.2,43.125,-0.07500000000000284,12.097658175586437,16.830007922359,4.732349746772561
S22,S22_E0I110D0,data/outputs_webcam_median/S22/S22_E0I110D0.arff,fixation,median,6,6,0,135.11666666666667,136.29999999999998,1.1833333333333087,21.63399331299394,26.158899059402323,4.524905746408383
S22,S22_E0I110D0,data/outputs_webcam_median/S22/S22_E0I110D0.arff,saccade,median,5,5,0,31.359999999999996,31.380000000000003,0.02000000000000668,10.88751578644091,3.660191251833707,-7.227324534607202
S22,S22_E0I111D0,data/outputs_webcam_median/S22/S22_E0I111D0.arff,fixation,median,11,10,-1,143.02727272727273,168.21000000000004,25.182727272727305,39.83809962608887,62.28501603292901,22.44691640684014
S22,S22_E0I111D0,data/outputs_webcam_median/S22/S22_E0I111D0.arff,saccade,median,9,8,-1,35.17777777777778,35.962500000000006,0.7847222222222285,11.834248790879986,7.609193217981224,-4.225055572898762
S22,S22_E0I112D0,data/outputs_webcam_median/S22/S22_E0I112D0.arff,fixation,median,5,5,0,119.16,127.66000000000001,8.500000000000014,24.990858328596882,33.148046699617154,8.157188371020272
S22,S22_E0I112D0,data/outputs_webcam_median/S22/S22_E0I112D0.arff,saccade,median,4,4,0,34.3,33.1,-1.1999999999999957,18.002222085064943,7.537019746999914,-10.46520233806503
S22,S22_E0I113D0,data/outputs_webcam_median/S22/S22_E0I113D0.arff,fixation,median,6,6,0,115.63333333333333,89.41666666666667,-26.216666666666654,32.89842954711769,27.549041120639146,-5.349388426478548
S22,S22_E0I113D0,data/outputs_webcam_median/S22/S22_E0I113D0.arff,saccade,median,4,4,0,46.75,27.075,-19.675,30.247258828969393,9.081620633638764,-21.16563819533063
S22,S22_E0I114D0,data/outputs_webcam_median/S22/S22_E0I114D0.arff,fixation,median,5,4,-1,138.56,171.275,32.715,91.03146708693649,78.57804506773293,-12.453422019203558
S22,S22_E0I114D0,data/outputs_webcam_median/S22/S22_E0I114D0.arff,saccade,median,4,3,-1,46.8,28.73333333333333,-18.066666666666666,26.27051579242403,0.15275252316519336,-26.117763269258834
S22,S22_E0I115D0,data/outputs_webcam_median/S22/S22_E0I115D0.arff,fixation,median,9,8,-1,145.7,170.125,24.42500000000001,47.72556966658439,63.41860362475892,15.693033958174532
S22,S22_E0I115D0,data/outputs_webcam_median/S22/S22_E0I115D0.arff,saccade,median,9,7,-2,27.188888888888886,34.07142857142857,6.882539682539683,11.756853793048169,6.671010489602077,-5.085843303446092
S22,S22_E0I116D0,data/outputs_webcam_median/S22/S22_E0I116D0.arff,fixation,median,4,5,1,153.55,138.6,-14.950000000000017,49.39949392453328,62.5213163649007,13.121822440367417
S22,S22_E0I116D0,data/outputs_webcam_median/S22/S22_E0I116D0.arff,saccade,median,3,5,2,35.63333333333333,30.0,-5.633333333333333,12.182501111567088,10.433599570617995,-1.7489015409490936
S22,S22_E0I117D0,data/outputs_webcam_median/S22/S22_E0I117D0.arff,fixation,median,7,6,-1,94.32857142857142,120.61666666666666,26.288095238095238,46.18010806562043,68.83384099893502,22.653732933314586
S22,S22_E0I117D0,data/outputs_webcam_median/S22/S22_E0I117D0.arff,saccade,median,6,5,-1,30.0,40.36,10.36,14.502275683491883,14.715400096497548,0.21312441300566576
S22,S22_E0I118D0,data/outputs_webcam_median/S22/S22_E0I118D0.arff,fixation,median,6,6,0,159.08333333333334,160.53333333333333,1.4499999999999886,46.3462368123526,42.98705231423372,-3.3591844981188785
S22,S22_E0I118D0,data/outputs_webcam_median/S22/S22_E0I118D0.arff,saccade,median,5,5,0,37.88,30.339999999999996,-7.540000000000006,7.62869582563101,10.61546042336365,2.9867645977326402
S22,S22_E0I119D0,data/outputs_webcam_median/S22/S22_E0I119D0.arff,fixation,median,8,6,-2,143.0875,202.5833333333333,59.49583333333328,59.535498114270325,103.3383068695567,43.80280875528638
S22,S22_E0I119D0,data/outputs_webcam_median/S22/S22_E0I119D0.arff,saccade,median,6,5,-1,37.28333333333333,37.519999999999996,0.23666666666666458,16.65622005938522,15.099900661924899,-1.5563193974603209
S22,S22_E0I120D0,data/outputs_webcam_median/S22/S22_E0I120D0.arff,fixation,median,8,8,0,164.325,175.0125,10.6875,44.441542663207734,45.59941846433695,1.1578758011292152
S22,S22_E0I120D0,data/outputs_webcam_median/S22/S22_E0I120D0.arff,saccade,median,7,7,0,53.01428571428571,44.128571428571426,-8.885714285714286,34.915442074218326,17.63024997797009,-17.285192096248235
S22,S22_E0I121D0,data/outputs_webcam_median/S22/S22_E0I121D0.arff,fixation,median,8,7,-1,117.825,149.95714285714286,32.13214285714285,59.111220834723326,69.03682247281415,9.925601638090825
S22,S22_E0I121D0,data/outputs_webcam_median/S22/S22_E0I121D0.arff,saccade,median,7,6,-1,49.371428571428574,37.56666666666666,-11.80476190476191,26.205451995447707,14.841922606814343,-11.363529388633363
S22,S22_E0I122D0,data/outputs_webcam_median/S22/S22_E0I122D0.arff,fixation,median,6,6,0,109.73333333333335,110.25,0.5166666666666515,30.900010787484636,31.731230672635444,0.8312198851508086
S22,S22_E0I122D0,data/outputs_webcam_median/S22/S22_E0I122D0.arff,saccade,median,6,5,-1,35.99999999999999,40.21999999999999,4.219999999999999,27.196690975190343,14.666356057317033,-12.53033491787331
S22,S22_E0I123D0,data/outputs_webcam_median/S22/S22_E0I123D0.arff,fixation,median,8,7,-1,171.6875,200.22857142857146,28.541071428571456,54.78014336548288,90.40611546950633,35.625972104023454
S22,S22_E0I123D0,data/outputs_webcam_median/S22/S22_E0I123D0.arff,saccade,median,7,6,-1,30.67142857142857,36.983333333333334,6.3119047619047635,10.537032201670812,10.482445643391939,-0.05458655827887249
S22,S22_E0I124D0,data/outputs_webcam_median/S22/S22_E0I124D0.arff,fixation,median,5,4,-1,132.42,183.0,50.58000000000001,60.56638506630554,36.65978723342513,-23.906597832880415
S22,S22_E0I124D0,data/outputs_webcam_median/S22/S22_E0I124D0.arff,saccade,median,5,3,-2,27.380000000000003,33.5,6.119999999999997,12.70303113433955,3.9,-8.80303113433955
S22,S22_E0I125D0,data/outputs_webcam_median/S22/S22_E0I125D0.arff,fixation,median,6,6,0,150.3166666666667,147.93333333333334,-2.383333333333354,70.2640567193972,71.4170194468144,1.15296272741719
S22,S22_E0I125D0,data/outputs_webcam_median/S22/S22_E0I125D0.arff,saccade,median,6,5,-1,27.61666666666667,30.2,2.5833333333333286,15.91608201369504,3.112073263919088,-12.804008749775951
S22,S22_E0I126D0,data/outputs_webcam_median/S22/S22_E0I126D0.arff,fixation,median,5,5,0,110.2,136.12,25.92,43.73791261594453,47.27136553982759,3.533452923883061
S22,S22_E0I126D0,data/outputs_webcam_median/S22/S22_E0I126D0.arff,saccade,median,4,4,0,36.2,41.25,5.049999999999997,14.07006278119137,17.120844994723054,3.0507822135316847
S22,S22_E0I127D0,data/outputs_webcam_median/S22/S22_E0I127D0.arff,fixation,median,8,7,-1,94.2125,143.05714285714285,48.844642857142844,41.05374308669761,96.72589892996355,55.67215584326594
S22,S22_E0I127D0,data/outputs_webcam_median/S22/S22_E0I127D0.arff,saccade,median,7,5,-2,35.885714285714286,27.5,-8.385714285714286,8.927005576979807,7.902847588053309,-1.0241579889264987
S22,S22_E0I128D0,data/outputs_webcam_median/S22/S22_E0I128D0.arff,fixation,median,5,4,-1,141.32,182.25,40.93000000000001,46.176909814321704,75.47142947279234,29.294519658470634
S22,S22_E0I128D0,data/outputs_webcam_median/S22/S22_E0I128D0.arff,saccade,median,4,4,0,28.65,32.2,3.5500000000000043,11.717934971657764,14.766629044346356,3.0486940726885923
S22,S22_E0I129D0,data/outputs_webcam_median/S22/S22_E0I129D0.arff,fixation,median,7,6,-1,147.02142857142857,177.29999999999998,30.27857142857141,65.72986927026186,41.00067072622105,-24.729198544040806
S22,S22_E0I129D0,data/outputs_webcam_median/S22/S22_E0I129D0.arff,saccade,median,6,5,-1,29.983333333333338,43.05,13.06666666666666,14.327688811063236,10.81457350060556,-3.5131153104576764
S22,S22_E0I130D0,data/outputs_webcam_median/S22/S22_E0I130D0.arff,fixation,median,6,5,-1,181.13333333333333,211.45999999999998,30.326666666666654,58.98469858079013,161.5238155814801,102.53911700068997
S22,S22_E0I130D0,data/outputs_webcam_median/S22/S22_E0I130D0.arff,saccade,median,4,5,1,35.974999999999994,38.76,2.7850000000000037,14.320003491619685,15.404642157479673,1.0846386658599876
S22,S22_E0I131D0,data/outputs_webcam_median/S22/S22_E0I131D0.arff,fixation,median,8,7,-1,128.125,167.6857142857143,39.56071428571431,48.45860530980467,115.66871413036209,67.21010882055742
S22,S22_E0I131D0,data/outputs_webcam_median/S22/S22_E0I131D0.arff,saccade,median,7,6,-1,35.34285714285714,45.63333333333333,10.290476190476191,17.636785151387155,12.327151603945927,-5.309633547441228
S22,S22_E0I132D0,data/outputs_webcam_median/S22/S22_E0I132D0.arff,fixation,median,6,6,0,150.9,140.25,-10.650000000000006,27.580500358042812,33.41752534225119,5.837024984208377
S22,S22_E0I132D0,data/outputs_webcam_median/S22/S22_E0I132D0.arff,saccade,median,6,6,0,28.78333333333333,34.95,6.166666666666671,9.20682717697398,13.09026355731618,3.8834363803422
S22,S22_E0I133D0,data/outputs_webcam_median/S22/S22_E0I133D0.arff,fixation,median,11,8,-3,102.75454545454545,137.175,34.42045454545456,51.80031589935265,76.5979438366331,24.79762793728046
S22,S22_E0I133D0,data/outputs_webcam_median/S22/S22_E0I133D0.arff,saccade,median,10,7,-3,28.890000000000004,42.42857142857142,13.53857142857142,15.044781302645927,14.695658574979925,-0.3491227276660016
S22,S22_E0I134D0,data/outputs_webcam_median/S22/S22_E0I134D0.arff,fixation,median,5,5,0,128.72,138.74,10.02000000000001,33.448273498044706,34.66428998263198,1.2160164845872714
S22,S22_E0I134D0,data/outputs_webcam_median/S22/S22_E0I134D0.arff,saccade,median,4,5,1,46.599999999999994,34.68,-11.919999999999995,22.48599564173221,18.144062389663457,-4.341933252068753
S22,S22_E0I135D0,data/outputs_webcam_median/S22/S22_E0I135D0.arff,fixation,median,9,9,0,147.8777777777778,147.83333333333334,-0.04444444444445139,58.24151821891703,48.58736975799369,-9.654148460923338
S22,S22_E0I135D0,data/outputs_webcam_median/S22/S22_E0I135D0.arff,saccade,median,8,8,0,31.325,32.2375,0.9124999999999979,15.621299561816231,9.402725668655872,-6.218573893160359
S22,S22_E0I136D0,data/outputs_webcam_median/S22/S22_E0I136D0.arff,fixation,median,6,6,0,104.85000000000001,109.85000000000001,5.0,40.37017463425195,48.31441813786025,7.944243503608298
S22,S22_E0I136D0,data/outputs_webcam_median/S22/S22_E0I136D0.arff,saccade,median,5,5,0,31.620000000000005,41.480000000000004,9.86,16.471399454812577,30.195976553176752,13.724577098364175
S22,S22_E0I137D0,data/outputs_webcam_median/S22/S22_E0I137D0.arff,fixation,median,6,6,0,195.83333333333334,200.63333333333333,4.799999999999983,92.7737175425598,75.88661717764646,-16.887100364913337
S22,S22_E0I137D0,data/outputs_webcam_median/S22/S22_E0I137D0.arff,saccade,median,6,5,-1,27.966666666666665,40.62,12.653333333333332,11.483843723539026,9.732009042330366,-1.7518346812086598
S22,S22_E0I138D0,data/outputs_webcam_median/S22/S22_E0I138D0.arff,fixation,median,8,7,-1,124.575,149.3714285714286,24.796428571428592,42.97260755411522,58.434998482237056,15.462390928121835
S22,S22_E0I138D0,data/outputs_webcam_median/S22/S22_E0I138D0.arff,saccade,median,7,6,-1,32.01428571428571,34.650000000000006,2.6357142857142932,14.143128905517875,6.97187205849333,-7.171256847024545
S22,S22_E0I139D0,data/outputs_webcam_median/S22/S22_E0I139D0.arff,fixation,median,10,9,-1,126.34,142.77777777777777,16.437777777777768,62.53161333810816,46.53597473401029,-15.99563860409787
S22,S22_E0I139D0,data/outputs_webcam_median/S22/S22_E0I139D0.arff,saccade,median,9,8,-1,24.233333333333334,41.375,17.141666666666666,9.516827202382105,13.68103483972299,4.164207637340885
S22,S22_E0I140D0,data/outputs_webcam_median/S22/S22_E0I140D0.arff,fixation,median,7,6,-1,94.38571428571427,111.36666666666667,16.980952380952402,63.325651163158966,71.82973386186717,8.504082698708203
S22,S22_E0I140D0,data/outputs_webcam_median/S22/S22_E0I140D0.arff,saccade,median,6,5,-1,24.183333333333334,39.019999999999996,14.836666666666662,11.77478945317778,15.892985874277999,4.118196421100219
S23,S23_E0I101D0,data/outputs_webcam_median/S23/S23_E0I101D0.arff,fixation,median,6,3,-3,161.6,359.8333333333333,198.23333333333332,58.71098704671894,442.18057774322625,383.46959069650734
S23,S23_E0I101D0,data/outputs_webcam_median/S23/S23_E0I101D0.arff,saccade,median,5,2,-3,27.04,30.2,3.16,12.417246071492666,0.7071067811865476,-11.710139290306119
S23,S23_E0I102D0,data/outputs_webcam_median/S23/S23_E0I102D0.arff,fixation,median,6,3,-3,190.11666666666667,426.36666666666673,236.25000000000006,118.82783203722377,261.9270381868457,143.09920614962195
S23,S23_E0I102D0,data/outputs_webcam_median/S23/S23_E0I102D0.arff,saccade,median,5,2,-3,29.839999999999996,43.9,14.060000000000002,15.03173310034475,19.79898987322333,4.76725677287858
S23,S23_E0I103D0,data/outputs_webcam_median/S23/S23_E0I103D0.arff,fixation,median,7,4,-3,180.3142857142857,361.69999999999993,181.38571428571424,68.82607133374746,272.10957351772834,203.2835021839809
S23,S23_E0I103D0,data/outputs_webcam_median/S23/S23_E0I103D0.arff,saccade,median,6,3,-3,34.88333333333333,37.13333333333333,2.25,12.139920373160061,7.214799604516632,-4.9251207686434295
S23,S23_E0I104D0,data/outputs_webcam_median/S23/S23_E0I104D0.arff,fixation,median,11,6,-5,201.15454545454543,427.65000000000003,226.4954545454546,50.354470777406924,211.3089657350109,160.95449495760397
S23,S23_E0I104D0,data/outputs_webcam_median/S23/S23_E0I104D0.arff,saccade,median,10,5,-5,40.94,36.98,-3.960000000000001,17.692006983694956,10.458345949527581,-7.233661034167374
S23,S23_E0I105D0,data/outputs_webcam_median/S23/S23_E0I105D0.arff,fixation,median,7,7,0,210.58571428571426,217.22857142857143,6.642857142857167,71.74353463486979,80.30179977820576,8.558265143335973
S23,S23_E0I105D0,data/outputs_webcam_median/S23/S23_E0I105D0.arff,saccade,median,6,6,0,33.63333333333333,27.41666666666666,-6.216666666666672,18.411699179235647,6.044970361107378,-12.36672881812827
S23,S23_E0I106D0,data/outputs_webcam_median/S23/S23_E0I106D0.arff,fixation,median,6,4,-2,234.76666666666665,367.0,132.23333333333335,125.36268450646175,76.63423951907312,-48.72844498738863
S23,S23_E0I106D0,data/outputs_webcam_median/S23/S23_E0I106D0.arff,saccade,median,5,3,-2,31.060000000000002,31.900000000000006,0.8400000000000034,16.568282952677986,4.15812457725836,-12.410158375419627
S23,S23_E0I107D0,data/outputs_webcam_median/S23/S23_E0I107D0.arff,fixation,median,8,8,0,182.03749999999997,212.33749999999998,30.30000000000001,103.97292144042669,153.28126283311437,49.30834139268768
S23,S23_E0I107D0,data/outputs_webcam_median/S23/S23_E0I107D0.arff,saccade,median,7,6,-1,38.22857142857142,25.23333333333333,-12.99523809523809,16.954715596328384,12.41139261592617,-4.543322980402214
S23,S23_E0I108D0,data/outputs_webcam_median/S23/S23_E0I108D0.arff,fixation,median,9,5,-4,198.43333333333334,380.12,181.68666666666667,70.80077683189641,180.8430728559985,110.0422960241021
S23,S23_E0I108D0,data/outputs_webcam_median/S23/S23_E0I108D0.arff,saccade,median,8,4,-4,32.5125,39.15,6.637499999999996,20.22512140171934,20.71979729630577,0.49467589458643246
S23,S23_E0I109D0,data/outputs_webcam_median/S23/S23_E0I109D0.arff,fixation,median,4,1,-3,194.575,910.0,715.425,73.60694600375702,0.0,-73.60694600375702
S23,S23_E0I109D0,data/outputs_webcam_median/S23/S23_E0I109D0.arff,saccade,median,3,0,-3,27.700000000000003,0.0,-27.700000000000003,11.62970334961301,0.0,-11.62970334961301
S23,S23_E0I110D0,data/outputs_webcam_median/S23/S23_E0I110D0.arff,fixation,median,10,7,-3,187.78,272.90000000000003,85.12000000000003,57.98974622005745,120.34425619862378,62.354509978566334
S23,S23_E0I110D0,data/outputs_webcam_median/S23/S23_E0I110D0.arff,saccade,median,9,6,-3,27.37777777777778,34.550000000000004,7.172222222222224,12.837228845994934,8.682108038949988,-4.155120807044947
S23,S23_E0I111D0,data/outputs_webcam_median/S23/S23_E0I111D0.arff,fixation,median,6,3,-3,203.01666666666665,455.7,252.68333333333334,190.86191256158645,750.361892689121,559.4999801275345
S23,S23_E0I111D0,data/outputs_webcam_median/S23/S23_E0I111D0.arff,saccade,median,5,2,-3,31.28,29.5,-1.7800000000000011,17.03458247213591,0.848528137423859,-16.18605433471205
S23,S23_E0I112D0,data/outputs_webcam_median/S23/S23_E0I112D0.arff,fixation,median,6,4,-2,214.20000000000002,346.825,132.62499999999997,90.24564255408677,280.14712057536246,189.9014780212757
S23,S23_E0I112D0,data/outputs_webcam_median/S23/S23_E0I112D0.arff,saccade,median,5,3,-2,34.68,32.5,-2.1799999999999997,16.314778576493154,3.8974350539810154,-12.41734352251214
S23,S23_E0I113D0,data/outputs_webcam_median/S23/S23_E0I113D0.arff,fixation,median,13,8,-5,198.06923076923073,355.275,157.20576923076925,69.38052542098761,217.63935929487965,148.25883387389206
S23,S23_E0I113D0,data/outputs_webcam_median/S23/S23_E0I113D0.arff,saccade,median,12,7,-5,33.75,32.114285714285714,-1.6357142857142861,10.813333520158427,15.266786233676093,4.453452713517667
S23,S23_E0I114D0,data/outputs_webcam_median/S23/S23_E0I114D0.arff,fixation,median,5,4,-1,211.13000000000002,271.125,59.994999999999976,42.70851203214647,281.548437218181,238.83992518603452
S23,S23_E0I114D0,data/outputs_webcam_median/S23/S23_E0I114D0.arff,saccade,median,4,3,-1,30.025,37.25,7.225000000000001,11.696545073938145,8.007496487667039,-3.689048586271106
S23,S23_E0I115D0,data/outputs_webcam_median/S23/S23_E0I115D0.arff,fixation,median,8,5,-3,208.0375,354.93999999999994,146.90249999999995,99.75468392153681,179.23656992924185,79.48188600770504
S23,S23_E0I115D0,data/outputs_webcam_median/S23/S23_E0I115D0.arff,saccade,median,7,4,-3,36.58571428571428,32.0,-4.585714285714282,11.567112657793873,3.995831160930934,-7.571281496862939
S23,S23_E0I116D0,data/outputs_webcam_median/S23/S23_E0I116D0.arff,fixation,median,5,2,-3,212.28000000000003,620.95,408.67,145.63576827139684,612.7080258981434,467.0722576267466
S23,S23_E0I116D0,data/outputs_webcam_median/S23/S23_E0I116D0.arff,saccade,median,4,1,-3,41.400000000000006,15.0,-26.400000000000006,14.34433686163289,0.0,-14.34433686163289
S23,S23_E0I117D0,data/outputs_webcam_median/S23/S23_E0I117D0.arff,fixation,median,6,3,-3,197.36666666666665,435.90000000000003,238.5333333333334,74.17246569089279,306.7329131345379,232.5604474436451
S23,S23_E0I117D0,data/outputs_webcam_median/S23/S23_E0I117D0.arff,saccade,median,6,2,-4,33.43333333333333,41.15,7.716666666666669,14.428813765055901,16.19274528917194,1.7639315241160372
S23,S23_E0I118D0,data/outputs_webcam_median/S23/S23_E0I118D0.arff,fixation,median,5,1,-4,216.8,1332.3,1115.5,63.144714743199216,0.0,-63.144714743199216
S23,S23_E0I118D0,data/outputs_webcam_median/S23/S23_E0I118D0.arff,saccade,median,4,0,-4,42.6,0.0,-42.6,4.025750447639131,0.0,-4.025750447639131
S23,S23_E0I119D0,data/outputs_webcam_median/S23/S23_E0I119D0.arff,fixation,median,8,4,-4,177.78750000000002,388.825,211.03749999999997,79.808224379267,162.49509479776103,82.68687041849402
S23,S23_E0I119D0,data/outputs_webcam_median/S23/S23_E0I119D0.arff,saccade,median,7,3,-4,33.54285714285714,45.0,11.457142857142863,15.410695111172753,25.983841132519267,10.573146021346513
S23,S23_E0I120D0,data/outputs_webcam_median/S23/S23_E0I120D0.arff,fixation,median,8,5,-3,151.85000000000002,277.52,125.66999999999996,79.24749658055903,280.9573401781843,201.7098435976253
S23,S23_E0I120D0,data/outputs_webcam_median/S23/S23_E0I120D0.arff,saccade,median,7,4,-3,34.95714285714286,33.4,-1.557142857142864,13.46437981525788,13.901798444805621,0.43741862954774113
S23,S23_E0I121D0,data/outputs_webcam_median/S23/S23_E0I121D0.arff,fixation,median,6,4,-2,141.76666666666668,231.725,89.95833333333331,64.46858666565187,161.0939968879453,96.62541022229344
S23,S23_E0I121D0,data/outputs_webcam_median/S23/S23_E0I121D0.arff,saccade,median,5,4,-1,34.5,44.425,9.924999999999997,19.847795847398267,5.740136467599587,-14.10765937979868
S23,S23_E0I122D0,data/outputs_webcam_median/S23/S23_E0I122D0.arff,fixation,median,5,4,-1,260.18,347.775,87.59499999999997,113.59829224068467,332.2182553181969,218.61996307751224
S23,S23_E0I122D0,data/outputs_webcam_median/S23/S23_E0I122D0.arff,saccade,median,4,3,-1,45.7,25.600000000000005,-20.099999999999998,12.261321299109651,8.921322771876378,-3.3399985272332735
S23,S23_E0I123D0,data/outputs_webcam_median/S23/S23_E0I123D0.arff,fixation,median,4,3,-1,242.77499999999998,330.46666666666664,87.69166666666666,58.20277055261201,176.2039821721783,118.0012116195663
S23,S23_E0I123D0,data/outputs_webcam_median/S23/S23_E0I123D0.arff,saccade,median,3,2,-1,30.0,33.95,3.950000000000003,0.3999999999999986,5.161879502661797,4.761879502661799
S23,S23_E0I124D0,data/outputs_webcam_median/S23/S23_E0I124D0.arff,fixation,median,6,1,-5,154.91666666666666,1145.6,990.6833333333333,58.7503673747379,0.0,-58.7503673747379
S23,S23_E0I124D0,data/outputs_webcam_median/S23/S23_E0I124D0.arff,saccade,median,5,0,-5,31.439999999999998,0.0,-31.439999999999998,15.257719357754619,0.0,-15.257719357754619
S23,S23_E0I125D0,data/outputs_webcam_median/S23/S23_E0I125D0.arff,fixation,median,8,3,-5,202.9875,634.3666666666667,431.37916666666666,68.90545152598595,479.13280344110575,410.2273519151198
S23,S23_E0I125D0,data/outputs_webcam_median/S23/S23_E0I125D0.arff,saccade,median,7,2,-5,29.642857142857142,40.6,10.957142857142859,11.888630022400553,16.122034611053284,4.23340458865273
S23,S23_E0I126D0,data/outputs_webcam_median/S23/S23_E0I126D0.arff,fixation,median,9,4,-5,200.2,473.725,273.52500000000003,68.90451726846361,578.4464041724177,509.5418869039541
S23,S23_E0I126D0,data/outputs_webcam_median/S23/S23_E0I126D0.arff,saccade,median,8,2,-6,27.85,40.5,12.649999999999999,11.65222235087735,14.424978336205571,2.772755985328221
S23,S23_E0I127D0,data/outputs_webcam_median/S23/S23_E0I127D0.arff,fixation,median,3,1,-2,225.0,795.5,570.5,31.712615786150476,0.0,-31.712615786150476
S23,S23_E0I127D0,data/outputs_webcam_median/S23/S23_E0I127D0.arff,saccade,median,2,0,-2,38.15,0.0,-38.15,11.950104602052654,0.0,-11.950104602052654
S23,S23_E0I128D0,data/outputs_webcam_median/S23/S23_E0I128D0.arff,fixation,median,8,5,-3,236.95,411.82,174.87,79.74781680845116,299.3096674015058,219.56185059305466
S23,S23_E0I128D0,data/outputs_webcam_median/S23/S23_E0I128D0.arff,saccade,median,8,4,-4,35.712500000000006,31.674999999999997,-4.0375000000000085,10.493186564896018,12.517288044940084,2.0241014800440666
S23,S23_E0I129D0,data/outputs_webcam_median/S23/S23_E0I129D0.arff,fixation,median,6,4,-2,190.11666666666667,312.8,122.68333333333334,86.6102919211491,220.92651116000846,134.31621923885936
S23,S23_E0I129D0,data/outputs_webcam_median/S23/S23_E0I129D0.arff,saccade,median,5,3,-2,37.35,25.083333333333332,-12.26666666666667,15.025145589976823,8.706510973595183,-6.31863461638164
S23,S23_E0I130D0,data/outputs_webcam_median/S23/S23_E0I130D0.arff,fixation,median,5,2,-3,209.31,602.75,393.44,93.70775314775187,398.2425391642636,304.5347860165117
S23,S23_E0I130D0,data/outputs_webcam_median/S23/S23_E0I130D0.arff,saccade,median,4,1,-3,39.2,45.35,6.149999999999999,16.24920510876353,0.0,-16.24920510876353
S23,S23_E0I131D0,data/outputs_webcam_median/S23/S23_E0I131D0.arff,fixation,median,7,2,-5,239.35714285714286,975.05,735.6928571428571,67.99639346178239,1043.0532129282763,975.0568194664938
S23,S23_E0I131D0,data/outputs_webcam_median/S23/S23_E0I131D0.arff,saccade,median,6,1,-5,37.18333333333333,36.8,-0.38333333333333286,13.197790219073292,0.0,-13.197790219073292
S23,S23_E0I132D0,data/outputs_webcam_median/S23/S23_E0I132D0.arff,fixation,median,6,4,-2,203.35,310.42499999999995,107.07499999999996,64.91393532978877,163.05625562976724,98.14232029997846
S23,S23_E0I132D0,data/outputs_webcam_median/S23/S23_E0I132D0.arff,saccade,median,5,3,-2,24.04,37.56666666666666,13.526666666666664,8.16321015287491,12.502133151319951,4.338922998445041
S23,S23_E0I133D0,data/outputs_webcam_median/S23/S23_E0I133D0.arff,fixation,median,9,7,-2,134.36111111111111,194.25000000000003,59.888888888888914,42.2245913078044,100.46171741846078,58.23712611065638
S23,S23_E0I133D0,data/outputs_webcam_median/S23/S23_E0I133D0.arff,saccade,median,8,6,-2,35.5375,34.916666666666664,-0.6208333333333371,17.598655589886082,17.7852373238781,0.18658173399201772
S23,S23_E0I134D0,data/outputs_webcam_median/S23/S23_E0I134D0.arff,fixation,median,12,9,-3,236.35833333333335,340.9666666666667,104.60833333333335,88.49143213106035,229.94236777940685,141.4509356483465
S23,S23_E0I134D0,data/outputs_webcam_median/S23/S23_E0I134D0.arff,saccade,median,11,8,-3,37.09090909090909,35.6875,-1.4034090909090935,14.294226425060893,7.784863977158312,-6.509362447902581
S23,S23_E0I135D0,data/outputs_webcam_median/S23/S23_E0I135D0.arff,fixation,median,6,3,-3,183.96666666666667,406.3999999999999,222.43333333333325,33.14264121440334,421.67483918298944,388.5321979685861
S23,S23_E0I135D0,data/outputs_webcam_median/S23/S23_E0I135D0.arff,saccade,median,5,2,-3,35.78,56.5,20.72,14.126995434274056,37.90092347159895,23.773928037324893
S23,S23_E0I136D0,data/outputs_webcam_median/S23/S23_E0I136D0.arff,fixation,median,6,5,-1,231.16666666666666,290.56,59.393333333333345,117.1221698341807,148.97376614692936,31.85159631274867
S23,S23_E0I136D0,data/outputs_webcam_median/S23/S23_E0I136D0.arff,saccade,median,5,4,-1,28.439999999999998,29.5,1.0600000000000023,18.42872757408932,12.179764639214778,-6.248962934874541
S23,S23_E0I137D0,data/outputs_webcam_median/S23/S23_E0I137D0.arff,fixation,median,5,2,-3,142.36,457.15000000000003,314.79,0.9071934744033442,446.2550896068302,445.34789613242685
S23,S23_E0I137D0,data/outputs_webcam_median/S23/S23_E0I137D0.arff,saccade,median,4,1,-3,35.75,30.2,-5.550000000000001,10.7,0.0,-10.7
S23,S23_E0I138D0,data/outputs_webcam_median/S23/S23_E0I138D0.arff,fixation,median,6,4,-2,196.28333333333333,307.2,110.91666666666666,81.54202393040453,305.11838139755963,223.5763574671551
S23,S23_E0I138D0,data/outputs_webcam_median/S23/S23_E0I138D0.arff,saccade,median,5,3,-2,34.4,53.0,18.6,14.448702363880294,14.301048912579807,-0.1476534513004868
S23,S23_E0I139D0,data/outputs_webcam_median/S23/S23_E0I139D0.arff,fixation,median,6,3,-3,152.6833333333333,352.51666666666665,199.83333333333334,62.29201125880161,266.46097900693326,204.16896774813165
S23,S23_E0I139D0,data/outputs_webcam_median/S23/S23_E0I139D0.arff,saccade,median,5,2,-3,29.590000000000003,33.8,4.209999999999994,14.575596042700964,5.444722215136416,-9.130873827564548
S23,S23_E0I140D0,data/outputs_webcam_median/S23/S23_E0I140D0.arff,fixation,median,9,4,-5,140.34444444444443,372.875,232.53055555555557,73.84800456192285,249.95320061963602,176.10519605771316
S23,S23_E0I140D0,data/outputs_webcam_median/S23/S23_E0I140D0.arff,saccade,median,8,3,-5,35.6,59.76666666666667,24.16666666666667,19.116111379820797,46.1064348365099,26.9903234566891
S25,S25_E0I101D0,data/outputs_webcam_median/S25/S25_E0I101D0.arff,fixation,median,13,12,-1,192.79230769230767,206.29166666666666,13.499358974358984,98.00979085052727,85.50877103690839,-12.501019813618882
S25,S25_E0I101D0,data/outputs_webcam_median/S25/S25_E0I101D0.arff,saccade,median,12,11,-1,29.016666666666662,37.709090909090904,8.692424242424241,11.520719148428613,6.607791544147643,-4.91292760428097
S25,S25_E0I102D0,data/outputs_webcam_median/S25/S25_E0I102D0.arff,fixation,median,8,8,0,238.0875,232.5125,-5.575000000000017,123.60848835277108,124.24887970176172,0.6403913489906472
S25,S25_E0I102D0,data/outputs_webcam_median/S25/S25_E0I102D0.arff,saccade,median,7,7,0,24.75714285714286,44.18571428571429,19.42857142857143,9.257403729422403,14.743069396774041,5.485665667351638
S25,S25_E0I103D0,data/outputs_webcam_median/S25/S25_E0I103D0.arff,fixation,median,7,6,-1,191.59999999999997,208.76666666666665,17.166666666666686,126.42524800582095,129.87935427413652,3.45410626831557
S25,S25_E0I103D0,data/outputs_webcam_median/S25/S25_E0I103D0.arff,saccade,median,6,6,0,31.266666666666666,32.58333333333333,1.3166666666666629,13.90045562802409,5.993134961492745,-7.907320666531345
S25,S25_E0I104D0,data/outputs_webcam_median/S25/S25_E0I104D0.arff,fixation,median,9,7,-2,176.3222222222222,237.68571428571428,61.36349206349209,117.5463289279782,197.13933675255706,79.59300782457886
S25,S25_E0I104D0,data/outputs_webcam_median/S25/S25_E0I104D0.arff,saccade,median,8,6,-2,29.125,44.70000000000001,15.57500000000001,9.990245242235048,19.046679500637374,9.056434258402327
S25,S25_E0I105D0,data/outputs_webcam_median/S25/S25_E0I105D0.arff,fixation,median,9,8,-1,142.98888888888888,141.5875,-1.4013888888888744,71.9177211201183,72.15460459517267,0.2368834750543698
S25,S25_E0I105D0,data/outputs_webcam_median/S25/S25_E0I105D0.arff,saccade,median,8,8,0,30.0625,37.4875,7.424999999999997,11.931942423595581,17.12328719275929,5.191344769163708
S25,S25_E0I106D0,data/outputs_webcam_median/S25/S25_E0I106D0.arff,fixation,median,8,8,0,199.2,192.85,-6.349999999999994,64.35766132659398,59.381959742476866,-4.975701584117118
S25,S25_E0I106D0,data/outputs_webcam_median/S25/S25_E0I106D0.arff,saccade,median,7,7,0,32.9,37.57142857142856,4.671428571428564,10.17185659880568,11.532954852033697,1.3610982532280165
S25,S25_E0I107D0,data/outputs_webcam_median/S25/S25_E0I107D0.arff,fixation,median,6,6,0,158.26666666666668,151.0666666666667,-7.199999999999989,66.68738011548112,71.862247854257,5.1748677387758875
S25,S25_E0I107D0,data/outputs_webcam_median/S25/S25_E0I107D0.arff,saccade,median,5,6,1,34.84,31.599999999999998,-3.2400000000000055,7.2102704526252,10.098316691409515,2.888046238784315
S25,S25_E0I108D0,data/outputs_webcam_median/S25/S25_E0I108D0.arff,fixation,median,9,9,0,149.89999999999998,134.35555555555555,-15.544444444444423,58.54000768705108,54.99607056670302,-3.543937120348062
S25,S25_E0I108D0,data/outputs_webcam_median/S25/S25_E0I108D0.arff,saccade,median,8,8,0,30.0625,46.9375,16.875,7.036829135748166,15.52251245311605,8.485683317367885
S25,S25_E0I109D0,data/outputs_webcam_median/S25/S25_E0I109D0.arff,fixation,median,8,8,0,169.225,157.2375,-11.987499999999983,52.696320012474715,58.84359262364207,6.147272611167352
S25,S25_E0I109D0,data/outputs_webcam_median/S25/S25_E0I109D0.arff,saccade,median,7,7,0,25.771428571428572,36.48571428571429,10.714285714285715,11.32294341675554,6.879784049767011,-4.44315936698853
S25,S25_E0I110D0,data/outputs_webcam_median/S25/S25_E0I110D0.arff,fixation,median,9,9,0,177.2111111111111,160.36666666666667,-16.844444444444434,52.10049050739457,55.20948740932123,3.108996901926659
S25,S25_E0I110D0,data/outputs_webcam_median/S25/S25_E0I110D0.arff,saccade,median,8,8,0,28.3125,48.1125,19.799999999999997,8.652074482870734,10.648733995845973,1.9966595129752385
S25,S25_E0I111D0,data/outputs_webcam_median/S25/S25_E0I111D0.arff,fixation,median,8,8,0,185.975,183.3375,-2.6374999999999886,80.36318897889221,86.9988002790843,6.635611300192096
S25,S25_E0I111D0,data/outputs_webcam_median/S25/S25_E0I111D0.arff,saccade,median,7,7,0,29.828571428571426,39.68571428571429,9.857142857142865,11.947205291854422,18.874005807938474,6.926800516084052
S25,S25_E0I112D0,data/outputs_webcam_median/S25/S25_E0I112D0.arff,fixation,median,8,7,-1,161.8125,183.05714285714288,21.24464285714288,48.265143811480115,76.84724799112539,28.58210417964527
S25,S25_E0I112D0,data/outputs_webcam_median/S25/S25_E0I112D0.arff,saccade,median,7,6,-1,23.685714285714283,42.24999999999999,18.56428571428571,11.728942630863843,11.048031498868928,-0.6809111319949146
S25,S25_E0I113D0,data/outputs_webcam_median/S25/S25_E0I113D0.arff,fixation,median,12,12,0,168.88333333333335,163.2,-5.6833333333333655,77.15632105529578,69.96376984489251,-7.192551210403266
S25,S25_E0I113D0,data/outputs_webcam_median/S25/S25_E0I113D0.arff,saccade,median,11,11,0,26.2,38.945454545454545,12.745454545454546,7.010278168517994,12.566333087767779,5.556054919249785
S25,S25_E0I114D0,data/outputs_webcam_median/S25/S25_E0I114D0.arff,fixation,median,7,6,-1,164.82857142857142,208.31666666666663,43.48809523809521,79.44230011536075,79.86945390239417,0.42715378703341855
S25,S25_E0I114D0,data/outputs_webcam_median/S25/S25_E0I114D0.arff,saccade,median,6,5,-1,36.18333333333333,40.16,3.9766666666666666,13.72011904710257,10.048781020601457,-3.671338026501113
S25,S25_E0I115D0,data/outputs_webcam_median/S25/S25_E0I115D0.arff,fixation,median,8,8,0,155.79999999999998,161.38750000000002,5.587500000000034,91.16758509156953,106.78252181085496,15.614936719285424
S25,S25_E0I115D0,data/outputs_webcam_median/S25/S25_E0I115D0.arff,saccade,median,7,7,0,30.228571428571428,38.728571428571435,8.500000000000007,12.167540738335235,6.689971172263323,-5.477569566071913
S25,S25_E0I116D0,data/outputs_webcam_median/S25/S25_E0I116D0.arff,fixation,median,10,10,0,211.29000000000002,199.54,-11.750000000000028,59.66261531869573,54.453348024810296,-5.209267293885432
S25,S25_E0I116D0,data/outputs_webcam_median/S25/S25_E0I116D0.arff,saccade,median,8,9,1,32.9,48.33333333333333,15.43333333333333,9.65874880983187,14.231918352773109,4.573169542941239
S25,S25_E0I117D0,data/outputs_webcam_median/S25/S25_E0I117D0.arff,fixation,median,10,9,-1,130.70999999999998,137.77777777777777,7.067777777777792,49.71767961868963,45.16853932157253,-4.549140297117098
S25,S25_E0I117D0,data/outputs_webcam_median/S25/S25_E0I117D0.arff,saccade,median,8,8,0,33.900000000000006,34.912499999999994,1.0124999999999886,9.565264539691817,11.576014302982573,2.0107497632907556
S25,S25_E0I118D0,data/outputs_webcam_median/S25/S25_E0I118D0.arff,fixation,median,9,9,0,157.39999999999998,151.5,-5.899999999999977,30.163554167239642,34.172613303638336,4.009059136398694
S25,S25_E0I118D0,data/outputs_webcam_median/S25/S25_E0I118D0.arff,saccade,median,8,8,0,32.575,35.175,2.5999999999999943,5.366230387472065,8.371337152109316,3.005106764637251
S25,S25_E0I119D0,data/outputs_webcam_median/S25/S25_E0I119D0.arff,fixation,median,9,9,0,178.82222222222222,170.67777777777778,-8.144444444444446,81.06862490781772,84.92131325200079,3.852688344183065
S25,S25_E0I119D0,data/outputs_webcam_median/S25/S25_E0I119D0.arff,saccade,median,7,7,0,35.214285714285715,44.771428571428565,9.55714285714285,15.19368603197049,11.240064395680642,-3.9536216362898475
S25,S25_E0I120D0,data/outputs_webcam_median/S25/S25_E0I120D0.arff,fixation,median,9,8,-1,184.03333333333336,198.7875,14.754166666666634,86.59499119464128,99.01772478414443,12.422733589503153
S25,S25_E0I120D0,data/outputs_webcam_median/S25/S25_E0I120D0.arff,saccade,median,6,7,1,25.149999999999995,52.042857142857144,26.89285714285715,7.717447764643439,11.867863770543984,4.150416005900545
S25,S25_E0I121D0,data/outputs_webcam_median/S25/S25_E0I121D0.arff,fixation,median,10,9,-1,131.38,143.37777777777777,11.99777777777777,37.18956842987022,72.28899947048959,35.099431040619365
S25,S25_E0I121D0,data/outputs_webcam_median/S25/S25_E0I121D0.arff,saccade,median,8,7,-1,26.8875,34.54285714285714,7.655357142857138,12.33559744340396,6.215533536459855,-6.120063906944106
S25,S25_E0I122D0,data/outputs_webcam_median/S25/S25_E0I122D0.arff,fixation,median,11,11,0,180.66363636363636,180.5181818181818,-0.14545454545455527,65.24724166931922,62.065446396232716,-3.1817952730865073
S25,S25_E0I122D0,data/outputs_webcam_median/S25/S25_E0I122D0.arff,saccade,median,10,10,0,38.92,38.89,-0.030000000000001137,10.957067734267838,9.636671855181355,-1.3203958790864831
S25,S25_E0I123D0,data/outputs_webcam_median/S25/S25_E0I123D0.arff,fixation,median,7,7,0,151.65714285714284,153.1142857142857,1.4571428571428555,79.84735138881894,72.12131974599994,-7.726031642818995
S25,S25_E0I123D0,data/outputs_webcam_median/S25/S25_E0I123D0.arff,saccade,median,6,6,0,32.18333333333333,33.516666666666666,1.3333333333333357,10.925276502984564,13.074466209626559,2.1491897066419945
S25,S25_E0I124D0,data/outputs_webcam_median/S25/S25_E0I124D0.arff,fixation,median,9,8,-1,151.2111111111111,171.8125,20.60138888888889,46.2247889244625,90.8761706546724,44.651381730209906
S25,S25_E0I124D0,data/outputs_webcam_median/S25/S25_E0I124D0.arff,saccade,median,7,7,0,34.27142857142857,38.4,4.128571428571426,11.554034545807552,12.16470303788794,0.6106684920803875
S25,S25_E0I125D0,data/outputs_webcam_median/S25/S25_E0I125D0.arff,fixation,median,9,9,0,153.63333333333333,147.36666666666667,-6.2666666666666515,53.875806258468195,55.17848312521829,1.3026768667500974
S25,S25_E0I125D0,data/outputs_webcam_median/S25/S25_E0I125D0.arff,saccade,median,8,8,0,24.4875,37.587500000000006,13.100000000000005,7.613603896034668,11.468396014389157,3.8547921183544887
S25,S25_E0I126D0,data/outputs_webcam_median/S25/S25_E0I126D0.arff,fixation,median,7,7,0,204.67142857142855,200.29999999999998,-4.371428571428567,140.97803273661367,143.78478129945927,2.8067485628455984
S25,S25_E0I126D0,data/outputs_webcam_median/S25/S25_E0I126D0.arff,saccade,median,6,7,1,33.56666666666666,40.27142857142858,6.7047619047619165,11.377990449401276,14.670345858876251,3.2923554094749754
S25,S25_E0I127D0,data/outputs_webcam_median/S25/S25_E0I127D0.arff,fixation,median,7,6,-1,197.17142857142855,231.29999999999998,34.12857142857143,91.6473806551632,233.30800243455005,141.66062177938684
S25,S25_E0I127D0,data/outputs_webcam_median/S25/S25_E0I127D0.arff,saccade,median,5,5,0,28.48,38.94,10.459999999999997,15.067415173147648,9.506208497608286,-5.561206675539362
S25,S25_E0I128D0,data/outputs_webcam_median/S25/S25_E0I128D0.arff,fixation,median,5,5,0,244.95,239.13000000000002,-5.819999999999965,131.40934137267413,128.3294860895188,-3.079855283155325
S25,S25_E0I128D0,data/outputs_webcam_median/S25/S25_E0I128D0.arff,saccade,median,4,4,0,33.85,37.650000000000006,3.8000000000000043,7.872737770305828,8.669871202426636,0.7971334321208081
S25,S25_E0I129D0,data/outputs_webcam_median/S25/S25_E0I129D0.arff,fixation,median,10,9,-1,107.67,116.33333333333333,8.663333333333327,60.3458559748168,43.203211686169816,-17.142644288646984
S25,S25_E0I129D0,data/outputs_webcam_median/S25/S25_E0I129D0.arff,saccade,median,7,7,0,31.928571428571427,40.6,8.671428571428574,15.634866408736842,10.400641005886769,-5.234225402850074
S25,S25_E0I130D0,data/outputs_webcam_median/S25/S25_E0I130D0.arff,fixation,median,9,8,-1,129.25555555555553,141.45000000000002,12.194444444444485,67.94935818517918,56.99629060611877,-10.95306757906041
S25,S25_E0I130D0,data/outputs_webcam_median/S25/S25_E0I130D0.arff,saccade,median,7,8,1,25.87142857142857,37.6375,11.766071428571433,11.351903553400826,13.034891363457652,1.6829878100568259
S25,S25_E0I131D0,data/outputs_webcam_median/S25/S25_E0I131D0.arff,fixation,median,7,7,0,162.45714285714283,158.22857142857143,-4.228571428571399,60.91348666053238,65.31772894311095,4.404242282578572
S25,S25_E0I131D0,data/outputs_webcam_median/S25/S25_E0I131D0.arff,saccade,median,6,6,0,34.916666666666664,38.699999999999996,3.7833333333333314,12.23509978163916,7.188602089419053,-5.0464976922201075
S25,S25_E0I132D0,data/outputs_webcam_median/S25/S25_E0I132D0.arff,fixation,median,7,7,0,187.20000000000002,174.4857142857143,-12.714285714285722,62.26390072372059,64.79448095250677,2.530580228786185
S25,S25_E0I132D0,data/outputs_webcam_median/S25/S25_E0I132D0.arff,saccade,median,6,6,0,27.666666666666668,47.43333333333333,19.766666666666662,6.143506056533734,14.928853494715078,8.785347438181343
S25,S25_E0I133D0,data/outputs_webcam_median/S25/S25_E0I133D0.arff,fixation,median,10,8,-2,173.84,218.0,44.16,102.92258363557642,126.52339140028047,23.600807764704058
S25,S25_E0I133D0,data/outputs_webcam_median/S25/S25_E0I133D0.arff,saccade,median,9,7,-2,25.92222222222222,42.971428571428575,17.049206349206354,11.218263878356776,8.93265811236392,-2.2856057659928553
S25,S25_E0I134D0,data/outputs_webcam_median/S25/S25_E0I134D0.arff,fixation,median,8,8,0,128.3625,127.5125,-0.8500000000000085,42.74315108044462,49.817594066468416,7.074442986023797
S25,S25_E0I134D0,data/outputs_webcam_median/S25/S25_E0I134D0.arff,saccade,median,6,6,0,28.78333333333333,44.98333333333333,16.199999999999996,11.88434544544489,18.23879564737394,6.354450201929051
S25,S25_E0I135D0,data/outputs_webcam_median/S25/S25_E0I135D0.arff,fixation,median,10,9,-1,178.70999999999998,153.13888888888889,-25.571111111111094,96.93706090952924,123.97366095712069,27.03660004759145
S25,S25_E0I135D0,data/outputs_webcam_median/S25/S25_E0I135D0.arff,saccade,median,8,7,-1,32.787499999999994,33.32142857142857,0.5339285714285751,13.118573256483126,9.700638172428707,-3.4179350840544185
S25,S25_E0I136D0,data/outputs_webcam_median/S25/S25_E0I136D0.arff,fixation,median,8,8,0,147.9375,148.8625,0.9250000000000114,122.43590670224157,122.89576230634295,0.45985560410137793
S25,S25_E0I136D0,data/outputs_webcam_median/S25/S25_E0I136D0.arff,saccade,median,8,6,-2,25.525,31.350000000000005,5.825000000000006,8.929525663294134,3.182294769502032,-5.747230893792102
S25,S25_E0I137D0,data/outputs_webcam_median/S25/S25_E0I137D0.arff,fixation,median,10,10,0,186.95,179.57999999999998,-7.3700000000000045,87.59873477016282,82.97107662044381,-4.627658149719011
S25,S25_E0I137D0,data/outputs_webcam_median/S25/S25_E0I137D0.arff,saccade,median,8,8,0,28.049999999999997,43.275000000000006,15.225000000000009,8.585203217496618,14.005585620438316,5.420382402941698
S25,S25_E0I138D0,data/outputs_webcam_median/S25/S25_E0I138D0.arff,fixation,median,9,9,0,133.35555555555553,129.26666666666668,-4.088888888888846,48.27750799055165,55.37792881645177,7.100420825900123
S25,S25_E0I138D0,data/outputs_webcam_median/S25/S25_E0I138D0.arff,saccade,median,8,8,0,24.5,36.6625,12.162500000000001,13.723389835293196,12.95728559537066,-0.7661042399225355
S25,S25_E0I139D0,data/outputs_webcam_median/S25/S25_E0I139D0.arff,fixation,median,9,9,0,134.43888888888887,125.59444444444443,-8.844444444444434,50.22624922399751,48.75589992788338,-1.4703492961141365
S25,S25_E0I139D0,data/outputs_webcam_median/S25/S25_E0I139D0.arff,saccade,median,7,9,2,35.121428571428574,37.138888888888886,2.017460317460312,5.193494098618092,14.52398399582949,9.330489897211397
S25,S25_E0I140D0,data/outputs_webcam_median/S25/S25_E0I140D0.arff,fixation,median,17,18,1,170.2294117647059,159.61111111111111,-10.618300653594787,81.94400347726705,81.56112748325558,-0.38287599401147077
S25,S25_E0I140D0,data/outputs_webcam_median/S25/S25_E0I140D0.arff,saccade,median,15,16,1,31.613333333333337,39.75,8.136666666666663,9.24962290093622,13.396716015501712,4.147093114565491
S26,S26_E0I101D0,data/outputs_webcam_median/S26/S26_E0I101D0.arff,fixation,median,13,13,0,191.7769230769231,188.9153846153846,-2.8615384615385153,70.54776341654583,77.28132424410879,6.733560827562954
S26,S26_E0I101D0,data/outputs_webcam_median/S26/S26_E0I101D0.arff,saccade,median,11,12,1,32.30909090909091,33.87500000000001,1.565909090909095,7.307318871577255,16.90729401498332,9.599975143406066
S26,S26_E0I102D0,data/outputs_webcam_median/S26/S26_E0I102D0.arff,fixation,median,9,8,-1,195.54444444444445,163.7375,-31.80694444444444,105.73909058516523,60.291504672833355,-45.447585912331874
S26,S26_E0I102D0,data/outputs_webcam_median/S26/S26_E0I102D0.arff,saccade,median,7,7,0,30.942857142857143,35.15714285714286,4.214285714285715,13.590420295543616,15.750752060653818,2.160331765110202
S26,S26_E0I103D0,data/outputs_webcam_median/S26/S26_E0I103D0.arff,fixation,median,5,4,-1,194.61999999999998,187.39999999999998,-7.219999999999999,66.79616006927344,67.03277805173624,0.2366179824628034
S26,S26_E0I103D0,data/outputs_webcam_median/S26/S26_E0I103D0.arff,saccade,median,3,2,-1,33.56666666666667,35.75,2.18333333333333,8.3500499000505,9.40452018978108,1.0544702897305793
S26,S26_E0I104D0,data/outputs_webcam_median/S26/S26_E0I104D0.arff,fixation,median,5,6,1,292.90000000000003,238.08333333333334,-54.81666666666669,218.12871200279892,125.06227915189561,-93.06643285090331
S26,S26_E0I104D0,data/outputs_webcam_median/S26/S26_E0I104D0.arff,saccade,median,4,5,1,27.525000000000002,32.04,4.514999999999997,16.991247747001985,12.66029225571037,-4.330955491291615
S26,S26_E0I105D0,data/outputs_webcam_median/S26/S26_E0I105D0.arff,fixation,median,10,8,-2,237.27000000000004,218.675,-18.595000000000027,126.95427698366228,90.00710686225997,-36.94717012140231
S26,S26_E0I105D0,data/outputs_webcam_median/S26/S26_E0I105D0.arff,saccade,median,9,7,-2,39.42777777777778,34.16428571428572,-5.263492063492059,8.601857034643416,11.402109245139481,2.8002522104960654
S26,S26_E0I106D0,data/outputs_webcam_median/S26/S26_E0I106D0.arff,fixation,median,4,5,1,354.125,182.2,-171.925,312.55579101977935,120.09325543093583,-192.46253558884354
S26,S26_E0I106D0,data/outputs_webcam_median/S26/S26_E0I106D0.arff,saccade,median,4,3,-1,34.4,43.366666666666674,8.966666666666676,6.7572183626104625,12.271240089466646,5.514021726856184
S26,S26_E0I107D0,data/outputs_webcam_median/S26/S26_E0I107D0.arff,fixation,median,7,7,0,185.52857142857144,168.15714285714287,-17.371428571428567,65.61754628872053,65.82489035673504,0.2073440680145069
S26,S26_E0I107D0,data/outputs_webcam_median/S26/S26_E0I107D0.arff,saccade,median,5,5,0,37.7,42.0,4.299999999999997,14.803209111540644,15.468839646204882,0.6656305346642384
S26,S26_E0I108D0,data/outputs_webcam_median/S26/S26_E0I108D0.arff,fixation,median,8,8,0,177.0,162.72500000000002,-14.274999999999977,77.93819896009181,82.36503679179829,4.426837831706479
S26,S26_E0I108D0,data/outputs_webcam_median/S26/S26_E0I108D0.arff,saccade,median,7,7,0,33.042857142857144,39.357142857142854,6.31428571428571,11.583588554913533,13.2658530499496,1.6822644950360672
S26,S26_E0I109D0,data/outputs_webcam_median/S26/S26_E0I109D0.arff,fixation,median,6,4,-2,242.79999999999998,220.5,-22.299999999999983,100.11615254293385,117.51632510705339,17.400172564119543
S26,S26_E0I109D0,data/outputs_webcam_median/S26/S26_E0I109D0.arff,saccade,median,5,3,-2,34.54,38.36666666666667,3.826666666666668,13.705765210304751,8.198983676854915,-5.506781533449836
S26,S26_E0I110D0,data/outputs_webcam_median/S26/S26_E0I110D0.arff,fixation,median,6,6,0,210.20000000000002,210.1833333333333,-0.016666666666708352,92.0987242039758,102.68691575204052,10.588191548064714
S26,S26_E0I110D0,data/outputs_webcam_median/S26/S26_E0I110D0.arff,saccade,median,5,5,0,39.11,36.290000000000006,-2.819999999999993,17.29416086429174,16.243090838876697,-1.0510700254150436
S26,S26_E0I111D0,data/outputs_webcam_median/S26/S26_E0I111D0.arff,fixation,median,10,9,-1,192.57,223.3111111111111,30.74111111111111,134.45483380426802,158.97161259517722,24.5167787909092
S26,S26_E0I111D0,data/outputs_webcam_median/S26/S26_E0I111D0.arff,saccade,median,8,9,1,43.675000000000004,37.17777777777778,-6.497222222222227,8.458765529657049,19.985355749759485,11.526590220102436
S26,S26_E0I112D0,data/outputs_webcam_median/S26/S26_E0I112D0.arff,fixation,median,5,5,0,185.61999999999998,190.88,5.260000000000019,97.80683513947274,110.81174125515761,13.004906115684875
S26,S26_E0I112D0,data/outputs_webcam_median/S26/S26_E0I112D0.arff,saccade,median,4,4,0,36.075,23.65,-12.425000000000004,17.283397621224054,10.568348972285122,-6.715048648938932
S26,S26_E0I113D0,data/outputs_webcam_median/S26/S26_E0I113D0.arff,fixation,median,9,9,0,179.53333333333336,185.3777777777778,5.844444444444434,96.79249712658518,89.78433574095453,-7.008161385630643
S26,S26_E0I113D0,data/outputs_webcam_median/S26/S26_E0I113D0.arff,saccade,median,7,8,1,42.3142857142857,42.3875,0.07321428571430033,19.221639591133442,19.431964645912675,0.2103250547792328
S26,S26_E0I114D0,data/outputs_webcam_median/S26/S26_E0I114D0.arff,fixation,median,7,6,-1,352.27142857142866,367.0166666666667,14.74523809523805,291.22496295410366,297.4463946103006,6.221431656196955
S26,S26_E0I114D0,data/outputs_webcam_median/S26/S26_E0I114D0.arff,saccade,median,6,5,-1,32.4,35.92,3.520000000000003,12.406127518287082,7.026521187614821,-5.379606330672261
S26,S26_E0I115D0,data/outputs_webcam_median/S26/S26_E0I115D0.arff,fixation,median,7,7,0,162.02142857142857,136.57857142857145,-25.44285714285712,56.32254475446798,65.71072247068241,9.388177716214436
S26,S26_E0I115D0,data/outputs_webcam_median/S26/S26_E0I115D0.arff,saccade,median,6,5,-1,41.083333333333336,30.609999999999996,-10.47333333333334,14.298624642484558,10.595659488677427,-3.7029651538071313
S26,S26_E0I116D0,data/outputs_webcam_median/S26/S26_E0I116D0.arff,fixation,median,8,8,0,245.1625,243.175,-1.987499999999983,124.11875577733724,151.3525378521474,27.233782074810165
S26,S26_E0I116D0,data/outputs_webcam_median/S26/S26_E0I116D0.arff,saccade,median,6,7,1,42.36666666666667,36.48571428571428,-5.880952380952387,12.647318556384457,13.366927915746457,0.7196093593619999
S26,S26_E0I117D0,data/outputs_webcam_median/S26/S26_E0I117D0.arff,fixation,median,7,7,0,207.14285714285714,206.27142857142863,-0.8714285714285097,70.68719490692443,103.0882747015992,32.40107979467477
S26,S26_E0I117D0,data/outputs_webcam_median/S26/S26_E0I117D0.arff,saccade,median,6,6,0,37.449999999999996,36.26666666666666,-1.1833333333333371,10.45633779102416,13.748405968208338,3.292068177184179
S26,S26_E0I118D0,data/outputs_webcam_median/S26/S26_E0I118D0.arff,fixation,median,4,3,-1,191.475,276.56666666666666,85.09166666666667,201.6127868795363,244.0886177873383,42.47583090780202
S26,S26_E0I118D0,data/outputs_webcam_median/S26/S26_E0I118D0.arff,saccade,median,2,2,0,36.4,39.8,3.3999999999999986,0.14142135623731153,35.638181771801996,35.49676041556469
S26,S26_E0I119D0,data/outputs_webcam_median/S26/S26_E0I119D0.arff,fixation,median,9,10,1,169.16666666666666,108.1,-61.06666666666666,65.51198363658362,77.03282128778328,11.520837651199656
S26,S26_E0I119D0,data/outputs_webcam_median/S26/S26_E0I119D0.arff,saccade,median,8,6,-2,37.1,37.199999999999996,0.09999999999999432,15.932357013323546,10.316782444153796,-5.61557456916975
S26,S26_E0I120D0,data/outputs_webcam_median/S26/S26_E0I120D0.arff,fixation,median,8,8,0,239.175,242.67499999999998,3.4999999999999716,55.21603674917021,50.547452952646395,-4.668583796523812
S26,S26_E0I120D0,data/outputs_webcam_median/S26/S26_E0I120D0.arff,saccade,median,7,7,0,44.48571428571428,35.34285714285715,-9.142857142857132,22.982995784668613,12.036037158308812,-10.946958626359802
S26,S26_E0I121D0,data/outputs_webcam_median/S26/S26_E0I121D0.arff,fixation,median,7,5,-2,220.1285714285714,315.21999999999997,95.09142857142857,146.07639227798717,209.46568215342577,63.38928987543861
S26,S26_E0I121D0,data/outputs_webcam_median/S26/S26_E0I121D0.arff,saccade,median,6,4,-2,29.900000000000002,34.0,4.099999999999998,16.993881251791777,7.070124939961574,-9.923756311830203
S26,S26_E0I122D0,data/outputs_webcam_median/S26/S26_E0I122D0.arff,fixation,median,7,8,1,227.43571428571428,184.5625,-42.87321428571428,95.45292781560674,109.778718175636,14.32579036002926
S26,S26_E0I122D0,data/outputs_webcam_median/S26/S26_E0I122D0.arff,saccade,median,6,5,-1,44.5,30.389999999999997,-14.110000000000003,11.519331577830373,3.3336166546260237,-8.18571492320435
S26,S26_E0I123D0,data/outputs_webcam_median/S26/S26_E0I123D0.arff,fixation,median,6,6,0,165.21666666666667,167.61666666666667,2.4000000000000057,30.745563365576285,34.12092710737308,3.375363741796793
S26,S26_E0I123D0,data/outputs_webcam_median/S26/S26_E0I123D0.arff,saccade,median,4,5,1,41.949999999999996,36.36,-5.589999999999996,10.656609842409235,15.22737666178912,4.570766819379886
S26,S26_E0I124D0,data/outputs_webcam_median/S26/S26_E0I124D0.arff,fixation,median,8,8,0,277.9125,269.82500000000005,-8.087499999999977,97.66065792909066,103.76044869932721,6.099790770236552
S26,S26_E0I124D0,data/outputs_webcam_median/S26/S26_E0I124D0.arff,saccade,median,7,6,-1,42.199999999999996,32.53333333333333,-9.666666666666664,13.970564293065141,12.610101770670475,-1.3604625223946663
S26,S26_E0I125D0,data/outputs_webcam_median/S26/S26_E0I125D0.arff,fixation,median,4,21,17,1468.9250000000002,213.2809523809524,-1255.6440476190478,1220.76751642836,83.91762400740156,-1136.8498924209584
S26,S26_E0I125D0,data/outputs_webcam_median/S26/S26_E0I125D0.arff,saccade,median,0,17,17,0.0,38.05882352941177,38.05882352941177,0.0,9.266543235177386,9.266543235177386
S26,S26_E0I126D0,data/outputs_webcam_median/S26/S26_E0I126D0.arff,fixation,median,11,10,-1,182.22727272727275,185.31,3.0827272727272543,65.35682199907048,50.00372097265474,-15.353101026415736
S26,S26_E0I126D0,data/outputs_webcam_median/S26/S26_E0I126D0.arff,saccade,median,10,9,-1,36.63,42.94444444444444,6.31444444444444,10.318920055466613,13.15390731979581,2.8349872643291967
S26,S26_E0I127D0,data/outputs_webcam_median/S26/S26_E0I127D0.arff,fixation,median,6,7,1,256.15,201.45714285714283,-54.69285714285715,134.9038583584621,154.01824412649796,19.114385768035874
S26,S26_E0I127D0,data/outputs_webcam_median/S26/S26_E0I127D0.arff,saccade,median,4,6,2,34.225,44.449999999999996,10.224999999999994,6.4860748274026765,22.743856313299204,16.25778148589653
S26,S26_E0I128D0,data/outputs_webcam_median/S26/S26_E0I128D0.arff,fixation,median,8,8,0,237.32500000000002,228.3,-9.025000000000006,91.8260272782956,129.6989591322922,37.872931853996604
S26,S26_E0I128D0,data/outputs_webcam_median/S26/S26_E0I128D0.arff,saccade,median,6,6,0,23.016666666666666,43.13333333333333,20.116666666666667,9.62510606002171,14.238738239979929,4.613632179958218
S26,S26_E0I129D0,data/outputs_webcam_median/S26/S26_E0I129D0.arff,fixation,median,7,8,1,209.82857142857142,178.325,-31.503571428571433,82.27493977078143,110.30531330292817,28.03037353214674
S26,S26_E0I129D0,data/outputs_webcam_median/S26/S26_E0I129D0.arff,saccade,median,6,6,0,38.51666666666666,32.63333333333333,-5.883333333333326,14.086222583314047,10.94745023586162,-3.138772347452427
S26,S26_E0I130D0,data/outputs_webcam_median/S26/S26_E0I130D0.arff,fixation,median,9,9,0,273.2277777777778,280.27222222222224,7.044444444444423,146.94719100562773,141.67706922591407,-5.270121779713662
S26,S26_E0I130D0,data/outputs_webcam_median/S26/S26_E0I130D0.arff,saccade,median,7,7,0,31.164285714285715,30.164285714285718,-0.9999999999999964,9.99957141938736,2.6428700128386757,-7.356701406548684
S26,S26_E0I131D0,data/outputs_webcam_median/S26/S26_E0I131D0.arff,fixation,median,3,3,0,352.93333333333334,298.3,-54.633333333333326,245.8062312744193,131.96366924271243,-113.84256203170688
S26,S26_E0I131D0,data/outputs_webcam_median/S26/S26_E0I131D0.arff,saccade,median,3,2,-1,24.0,39.55,15.549999999999997,16.10807251039056,15.485638507985389,-0.6224340024051713
S26,S26_E0I132D0,data/outputs_webcam_median/S26/S26_E0I132D0.arff,fixation,median,11,11,0,234.9181818181818,240.89090909090908,5.972727272727269,51.76956283728534,114.09622653309316,62.32666369580782
S26,S26_E0I132D0,data/outputs_webcam_median/S26/S26_E0I132D0.arff,saccade,median,10,10,0,42.88,38.68,-4.200000000000003,14.277316897014572,10.41801857893866,-3.8592983180759113
S26,S26_E0I133D0,data/outputs_webcam_median/S26/S26_E0I133D0.arff,fixation,median,8,8,0,229.025,184.3375,-44.6875,95.94225569878702,128.04142117187814,32.09916547309112
S26,S26_E0I133D0,data/outputs_webcam_median/S26/S26_E0I133D0.arff,saccade,median,7,6,-1,41.25714285714285,51.63333333333333,10.37619047619048,12.857534385572938,11.29383312550113,-1.5637012600718077
S26,S26_E0I134D0,data/outputs_webcam_median/S26/S26_E0I134D0.arff,fixation,median,9,9,0,296.68333333333334,296.0388888888889,-0.6444444444444457,147.52385400334416,142.70209743066536,-4.821756572678794
S26,S26_E0I134D0,data/outputs_webcam_median/S26/S26_E0I134D0.arff,saccade,median,8,8,0,42.3375,40.65,-1.6875,8.801856541175194,16.51302516197441,7.711168620799217
S26,S26_E0I135D0,data/outputs_webcam_median/S26/S26_E0I135D0.arff,fixation,median,9,10,1,252.57777777777775,230.86999999999998,-21.70777777777778,103.56700461268754,104.093911125163,0.5269065124754633
S26,S26_E0I135D0,data/outputs_webcam_median/S26/S26_E0I135D0.arff,saccade,median,8,8,0,32.875,38.112500000000004,5.237500000000004,11.004382243971197,11.222482218424638,0.2180999744534411
S26,S26_E0I136D0,data/outputs_webcam_median/S26/S26_E0I136D0.arff,fixation,median,9,7,-2,141.65555555555557,191.8857142857143,50.230158730158735,71.65759051055079,57.41368677041589,-14.243903740134897
S26,S26_E0I136D0,data/outputs_webcam_median/S26/S26_E0I136D0.arff,saccade,median,7,7,0,36.07142857142857,39.17142857142858,3.1000000000000085,10.925919379425892,12.85336717047512,1.9274477910492287
S26,S26_E0I137D0,data/outputs_webcam_median/S26/S26_E0I137D0.arff,fixation,median,4,4,0,237.5,230.325,-7.175000000000011,160.92161653011902,154.64308099620882,-6.278535533910201
S26,S26_E0I137D0,data/outputs_webcam_median/S26/S26_E0I137D0.arff,saccade,median,3,3,0,41.13333333333333,45.833333333333336,4.700000000000003,10.3016179958943,17.448877709850947,7.147259713956647
S26,S26_E0I138D0,data/outputs_webcam_median/S26/S26_E0I138D0.arff,fixation,median,6,6,0,304.2,294.55,-9.649999999999977,263.3331426159647,259.6200435251485,-3.713099090816172
S26,S26_E0I138D0,data/outputs_webcam_median/S26/S26_E0I138D0.arff,saccade,median,5,5,0,39.08,43.34,4.260000000000005,14.022553262512501,13.184763934177964,-0.8377893283345372
S26,S26_E0I139D0,data/outputs_webcam_median/S26/S26_E0I139D0.arff,fixation,median,13,11,-2,217.8692307692308,187.0909090909091,-30.778321678321703,96.34697179651769,51.73576044759475,-44.61121134892294
S26,S26_E0I139D0,data/outputs_webcam_median/S26/S26_E0I139D0.arff,saccade,median,12,10,-2,39.825,34.16,-5.665000000000006,11.27548628259956,16.535698755520833,5.260212472921273
S26,S26_E0I140D0,data/outputs_webcam_median/S26/S26_E0I140D0.arff,fixation,median,9,7,-2,282.93333333333334,352.41428571428565,69.48095238095232,181.23034376174428,201.28317886807656,20.05283510633228
S26,S26_E0I140D0,data/outputs_webcam_median/S26/S26_E0I140D0.arff,saccade,median,8,8,0,39.1125,39.175,0.0625,13.855523653557297,16.771468118717063,2.9159444651597664
S27,S27_E0I101D0,data/outputs_webcam_median/S27/S27_E0I101D0.arff,fixation,median,6,6,0,171.9,175.26666666666668,3.3666666666666742,72.43774568551952,71.4243492561652,-1.0133964293543158
S27,S27_E0I101D0,data/outputs_webcam_median/S27/S27_E0I101D0.arff,saccade,median,5,5,0,41.63,33.11,-8.520000000000003,3.3146643872344,6.3563354222381925,3.0416710350037923
S27,S27_E0I102D0,data/outputs_webcam_median/S27/S27_E0I102D0.arff,fixation,median,9,9,0,125.46666666666667,135.86666666666667,10.400000000000006,53.70526044997827,43.73816982910922,-9.967090620869051
S27,S27_E0I102D0,data/outputs_webcam_median/S27/S27_E0I102D0.arff,saccade,median,7,7,0,31.97142857142857,34.04285714285714,2.071428571428566,13.142769150844162,9.119549905351167,-4.023219245492994
S27,S27_E0I103D0,data/outputs_webcam_median/S27/S27_E0I103D0.arff,fixation,median,6,6,0,173.03333333333333,171.63333333333333,-1.4000000000000057,68.09639246440788,62.80849199484626,-5.287900469561627
S27,S27_E0I103D0,data/outputs_webcam_median/S27/S27_E0I103D0.arff,saccade,median,5,5,0,33.339999999999996,40.739999999999995,7.399999999999999,17.479788328237845,8.332646638373669,-9.147141689864176
S27,S27_E0I104D0,data/outputs_webcam_median/S27/S27_E0I104D0.arff,fixation,median,7,7,0,142.35714285714283,144.24285714285713,1.8857142857143003,77.06754304164748,78.91117067401076,1.8436276323632796
S27,S27_E0I104D0,data/outputs_webcam_median/S27/S27_E0I104D0.arff,saccade,median,6,6,0,31.599999999999998,33.81666666666666,2.216666666666665,10.95700689057007,7.3635362881340285,-3.5934706024360423
S27,S27_E0I105D0,data/outputs_webcam_median/S27/S27_E0I105D0.arff,fixation,median,7,6,-1,166.1142857142857,192.4333333333333,26.31904761904761,72.33955645821607,168.6734320118811,96.33387555366502
S27,S27_E0I105D0,data/outputs_webcam_median/S27/S27_E0I105D0.arff,saccade,median,5,5,0,31.46,35.980000000000004,4.520000000000003,3.8292296875481355,7.327141325237284,3.497911637689149
S27,S27_E0I106D0,data/outputs_webcam_median/S27/S27_E0I106D0.arff,fixation,median,6,6,0,224.13333333333335,218.0,-6.133333333333354,83.16031305055715,80.02216567926665,-3.1381473712905006
S27,S27_E0I106D0,data/outputs_webcam_median/S27/S27_E0I106D0.arff,saccade,median,5,5,0,37.31,42.91,5.599999999999994,15.481214422647856,8.701034421262795,-6.780180001385061
S27,S27_E0I107D0,data/outputs_webcam_median/S27/S27_E0I107D0.arff,fixation,median,6,6,0,162.66666666666666,153.13333333333333,-9.533333333333331,71.07431791207473,78.17226277054199,7.097944858467258
S27,S27_E0I107D0,data/outputs_webcam_median/S27/S27_E0I107D0.arff,saccade,median,5,5,0,27.439999999999998,37.339999999999996,9.899999999999999,7.929249649241723,15.25313082616156,7.323881176919836
S27,S27_E0I108D0,data/outputs_webcam_median/S27/S27_E0I108D0.arff,fixation,median,7,7,0,128.4857142857143,138.57142857142858,10.085714285714289,44.4314989082981,59.69086234608316,15.259363437785055
S27,S27_E0I108D0,data/outputs_webcam_median/S27/S27_E0I108D0.arff,saccade,median,6,6,0,38.449999999999996,43.133333333333326,4.68333333333333,5.839434904166668,15.172826587905982,9.333391683739315
S27,S27_E0I109D0,data/outputs_webcam_median/S27/S27_E0I109D0.arff,fixation,median,9,9,0,163.83333333333334,151.92222222222222,-11.911111111111126,92.17183680495903,89.92381188786675,-2.2480249170922804
S27,S27_E0I109D0,data/outputs_webcam_median/S27/S27_E0I109D0.arff,saccade,median,8,8,0,24.5875,34.4125,9.825000000000003,11.429715344536927,8.32044598735978,-3.1092693571771477
S27,S27_E0I110D0,data/outputs_webcam_median/S27/S27_E0I110D0.arff,fixation,median,7,7,0,201.84285714285716,200.44285714285712,-1.400000000000034,98.65807716794501,98.3612873906338,-0.29678977731120426
S27,S27_E0I110D0,data/outputs_webcam_median/S27/S27_E0I110D0.arff,saccade,median,6,6,0,34.75,34.733333333333334,-0.01666666666666572,9.47348932548087,11.616826875987549,2.143337550506679
S27,S27_E0I111D0,data/outputs_webcam_median/S27/S27_E0I111D0.arff,fixation,median,4,4,0,180.2,212.8,32.60000000000002,124.23577047962743,111.23893203370841,-12.996838445919025
S27,S27_E0I111D0,data/outputs_webcam_median/S27/S27_E0I111D0.arff,saccade,median,3,3,0,53.400000000000006,45.53333333333333,-7.866666666666674,35.812148776637244,28.723219411015428,-7.088929365621816
S27,S27_E0I112D0,data/outputs_webcam_median/S27/S27_E0I112D0.arff,fixation,median,6,6,0,146.33333333333331,137.98333333333332,-8.349999999999994,28.54082456178635,33.23025228111678,4.689427719330432
S27,S27_E0I112D0,data/outputs_webcam_median/S27/S27_E0I112D0.arff,saccade,median,5,5,0,34.6,38.71999999999999,4.11999999999999,12.916462363975674,6.679970059813144,-6.23649230416253
S27,S27_E0I113D0,data/outputs_webcam_median/S27/S27_E0I113D0.arff,fixation,median,7,7,0,174.05714285714288,184.07142857142858,10.014285714285705,91.95098072964126,94.17454918546578,2.2235684558245197
S27,S27_E0I113D0,data/outputs_webcam_median/S27/S27_E0I113D0.arff,saccade,median,5,6,1,36.28,37.23333333333333,0.953333333333326,14.366697602441556,10.50231720462997,-3.864380397811587
S27,S27_E0I114D0,data/outputs_webcam_median/S27/S27_E0I114D0.arff,fixation,median,7,6,-1,136.74285714285716,158.66666666666666,21.923809523809496,60.83290932663715,45.03987862624262,-15.793030700394532
S27,S27_E0I114D0,data/outputs_webcam_median/S27/S27_E0I114D0.arff,saccade,median,6,5,-1,33.61666666666667,38.980000000000004,5.363333333333337,15.473515006832374,6.201370816198626,-9.272144190633748
S27,S27_E0I115D0,data/outputs_webcam_median/S27/S27_E0I115D0.arff,fixation,median,7,7,0,137.21428571428572,145.24285714285716,8.02857142857144,43.164971468828305,53.97511331292281,10.810141844094503
S27,S27_E0I115D0,data/outputs_webcam_median/S27/S27_E0I115D0.arff,saccade,median,5,5,0,27.18,37.26,10.079999999999998,11.577866815609859,8.162597625756153,-3.4152691898537064
S27,S27_E0I116D0,data/outputs_webcam_median/S27/S27_E0I116D0.arff,fixation,median,7,6,-1,127.82857142857142,130.28333333333333,2.4547619047619094,49.49180788392204,38.08550467916458,-11.406303204757464
S27,S27_E0I116D0,data/outputs_webcam_median/S27/S27_E0I116D0.arff,saccade,median,6,5,-1,33.5,34.5,1.0,5.88829347094725,5.744562646538028,-0.14373082440922236
S27,S27_E0I117D0,data/outputs_webcam_median/S27/S27_E0I117D0.arff,fixation,median,5,5,0,123.3,120.42,-2.8799999999999955,24.123328957670825,38.03954521284397,13.916216255173143
S27,S27_E0I117D0,data/outputs_webcam_median/S27/S27_E0I117D0.arff,saccade,median,4,4,0,21.95,32.900000000000006,10.950000000000006,14.299999999999999,7.47127833774114,-6.828721662258859
S27,S27_E0I118D0,data/outputs_webcam_median/S27/S27_E0I118D0.arff,fixation,median,7,7,0,143.4,150.08571428571426,6.685714285714255,67.92171964843058,82.5093414624758,14.587621814045221
S27,S27_E0I118D0,data/outputs_webcam_median/S27/S27_E0I118D0.arff,saccade,median,7,6,-1,28.457142857142856,36.93333333333334,8.476190476190482,10.761173595052592,8.313282544618982,-2.4478910504336095
S27,S27_E0I119D0,data/outputs_webcam_median/S27/S27_E0I119D0.arff,fixation,median,6,7,1,159.91666666666666,132.78571428571428,-27.13095238095238,63.73474457991236,130.95209593042574,67.21735135051338
S27,S27_E0I119D0,data/outputs_webcam_median/S27/S27_E0I119D0.arff,saccade,median,4,4,0,33.975,32.525000000000006,-1.4499999999999957,7.070301738021275,7.072658623177001,0.002356885155726296
S27,S27_E0I120D0,data/outputs_webcam_median/S27/S27_E0I120D0.arff,fixation,median,6,6,0,171.5333333333333,176.46666666666667,4.9333333333333655,99.5740210429742,96.9087491750186,-2.665271867955596
S27,S27_E0I120D0,data/outputs_webcam_median/S27/S27_E0I120D0.arff,saccade,median,5,5,0,33.31,36.17,2.8599999999999994,14.3444414321367,7.416670411984074,-6.927771020152625
S27,S27_E0I121D0,data/outputs_webcam_median/S27/S27_E0I121D0.arff,fixation,median,7,7,0,137.22857142857143,122.89999999999999,-14.328571428571436,34.27475817010307,37.369015685903925,3.094257515800855
S27,S27_E0I121D0,data/outputs_webcam_median/S27/S27_E0I121D0.arff,saccade,median,5,5,0,28.68,44.3,15.619999999999997,15.062934641031939,13.846118589698705,-1.2168160513332342
S27,S27_E0I122D0,data/outputs_webcam_median/S27/S27_E0I122D0.arff,fixation,median,6,5,-1,178.48333333333335,214.0,35.51666666666665,113.61608014126638,269.66349400688256,156.0474138656162
S27,S27_E0I122D0,data/outputs_webcam_median/S27/S27_E0I122D0.arff,saccade,median,5,5,0,27.1,31.339999999999996,4.239999999999995,7.691553809211764,12.843208321910845,5.151654512699081
S27,S27_E0I123D0,data/outputs_webcam_median/S27/S27_E0I123D0.arff,fixation,median,4,4,0,146.675,150.35000000000002,3.6750000000000114,44.54199329471759,37.091463528238776,-7.450529766478816
S27,S27_E0I123D0,data/outputs_webcam_median/S27/S27_E0I123D0.arff,saccade,median,3,3,0,45.4,38.333333333333336,-7.066666666666663,4.243819034784588,7.9964575490234,3.7526385142388117
S27,S27_E0I124D0,data/outputs_webcam_median/S27/S27_E0I124D0.arff,fixation,median,6,6,0,150.45000000000002,139.53333333333333,-10.916666666666686,64.22179536574791,59.2593508795588,-4.962444486189106
S27,S27_E0I124D0,data/outputs_webcam_median/S27/S27_E0I124D0.arff,saccade,median,5,6,1,34.739999999999995,31.36666666666667,-3.373333333333324,5.901101592075838,9.746110335239731,3.845008743163893
S27,S27_E0I125D0,data/outputs_webcam_median/S27/S27_E0I125D0.arff,fixation,median,6,6,0,133.91666666666669,135.33333333333334,1.4166666666666572,34.91517817034115,32.18569040220618,-2.729487768134973
S27,S27_E0I125D0,data/outputs_webcam_median/S27/S27_E0I125D0.arff,saccade,median,5,5,0,31.799999999999994,30.279999999999994,-1.5199999999999996,11.753510114004241,12.862425898717552,1.1089157847133109
S27,S27_E0I126D0,data/outputs_webcam_median/S27/S27_E0I126D0.arff,fixation,median,5,5,0,143.15,165.27,22.120000000000005,30.627357052151922,30.901407734923662,0.2740506827717404
S27,S27_E0I126D0,data/outputs_webcam_median/S27/S27_E0I126D0.arff,saccade,median,3,3,0,33.550000000000004,28.649999999999995,-4.900000000000009,8.662563131083084,14.200000000000001,5.537436868916917
S27,S27_E0I127D0,data/outputs_webcam_median/S27/S27_E0I127D0.arff,fixation,median,7,7,0,135.15714285714287,132.9714285714286,-2.1857142857142833,35.09467467403268,43.81604402825196,8.721369354219277
S27,S27_E0I127D0,data/outputs_webcam_median/S27/S27_E0I127D0.arff,saccade,median,6,6,0,31.116666666666664,27.7,-3.4166666666666643,14.763660341076216,7.059178422451157,-7.704481918625059
S27,S27_E0I128D0,data/outputs_webcam_median/S27/S27_E0I128D0.arff,fixation,median,6,6,0,172.0,166.13333333333333,-5.866666666666674,87.00033907979899,82.75011581059368,-4.250223269205307
S27,S27_E0I128D0,data/outputs_webcam_median/S27/S27_E0I128D0.arff,saccade,median,5,5,0,27.45,37.489999999999995,10.039999999999996,12.88681496724462,6.0318322257834724,-6.854982741461147
S27,S27_E0I129D0,data/outputs_webcam_median/S27/S27_E0I129D0.arff,fixation,median,8,8,0,164.65,174.41250000000002,9.762500000000017,52.475191417332766,68.80611346384855,16.33092204651578
S27,S27_E0I129D0,data/outputs_webcam_median/S27/S27_E0I129D0.arff,saccade,median,8,7,-1,27.1875,28.885714285714283,1.6982142857142826,5.140160503330611,8.068545629258631,2.9283851259280205
S27,S27_E0I130D0,data/outputs_webcam_median/S27/S27_E0I130D0.arff,fixation,median,7,8,1,135.87857142857143,134.2375,-1.641071428571422,58.542512025755386,42.66210889904865,-15.880403126706739
S27,S27_E0I130D0,data/outputs_webcam_median/S27/S27_E0I130D0.arff,saccade,median,5,7,2,34.55,31.95,-2.599999999999998,7.9053779163301225,10.13590976018762,2.230531843857497
S27,S27_E0I131D0,data/outputs_webcam_median/S27/S27_E0I131D0.arff,fixation,median,6,6,0,157.79999999999998,165.98333333333335,8.183333333333366,34.37417635376883,37.371936886742525,2.997760532973693
S27,S27_E0I131D0,data/outputs_webcam_median/S27/S27_E0I131D0.arff,saccade,median,4,4,0,37.925,32.525,-5.399999999999999,16.012781353239877,4.202677717836571,-11.810103635403305
S27,S27_E0I132D0,data/outputs_webcam_median/S27/S27_E0I132D0.arff,fixation,median,6,6,0,197.48333333333335,204.75,7.2666666666666515,127.0822319077953,123.48832738360333,-3.59390452419197
S27,S27_E0I132D0,data/outputs_webcam_median/S27/S27_E0I132D0.arff,saccade,median,5,5,0,33.36,30.3,-3.0599999999999987,12.16667579908333,12.635663813191613,0.46898801410828206
S27,S27_E0I133D0,data/outputs_webcam_median/S27/S27_E0I133D0.arff,fixation,median,8,7,-1,136.7375,169.57857142857142,32.84107142857141,56.676284722977385,118.19766938319489,61.52138466021751
S27,S27_E0I133D0,data/outputs_webcam_median/S27/S27_E0I133D0.arff,saccade,median,6,6,0,42.00000000000001,34.833333333333336,-7.166666666666671,13.152908423614907,13.167599123100105,0.014690699485198522
S27,S27_E0I134D0,data/outputs_webcam_median/S27/S27_E0I134D0.arff,fixation,median,5,5,0,202.3,89.92,-112.38000000000001,168.58079665252504,74.82688019689182,-93.75391645563322
S27,S27_E0I134D0,data/outputs_webcam_median/S27/S27_E0I134D0.arff,saccade,median,4,3,-1,37.825,43.333333333333336,5.508333333333333,8.868436540149943,12.328963189714427,3.4605266495644837
S27,S27_E0I135D0,data/outputs_webcam_median/S27/S27_E0I135D0.arff,fixation,median,6,6,0,108.38333333333334,136.81666666666666,28.433333333333323,41.31277849124489,43.50450168277607,2.1917231915311817
S27,S27_E0I135D0,data/outputs_webcam_median/S27/S27_E0I135D0.arff,saccade,median,5,5,0,32.98,37.38,4.400000000000006,6.143044847630529,9.267254178018428,3.124209330387899
S27,S27_E0I136D0,data/outputs_webcam_median/S27/S27_E0I136D0.arff,fixation,median,7,6,-1,152.5,193.53333333333333,41.03333333333333,38.56120675843362,90.86402295004699,52.30281619161337
S27,S27_E0I136D0,data/outputs_webcam_median/S27/S27_E0I136D0.arff,saccade,median,6,5,-1,38.36666666666667,37.260000000000005,-1.106666666666662,13.885484027093426,9.389515429456411,-4.495968597637015
S27,S27_E0I137D0,data/outputs_webcam_median/S27/S27_E0I137D0.arff,fixation,median,5,5,0,147.01000000000002,140.01,-7.000000000000028,26.042906903800116,24.6120498943099,-1.4308570094902144
S27,S27_E0I137D0,data/outputs_webcam_median/S27/S27_E0I137D0.arff,saccade,median,4,4,0,34.075,37.4,3.3249999999999957,6.672518265242889,10.61461256947233,3.9420943042294407
S27,S27_E0I138D0,data/outputs_webcam_median/S27/S27_E0I138D0.arff,fixation,median,7,6,-1,109.73571428571428,150.76666666666668,41.0309523809524,44.12801183569716,38.71802767015214,-5.409984165545019
S27,S27_E0I138D0,data/outputs_webcam_median/S27/S27_E0I138D0.arff,saccade,median,5,4,-1,30.15,37.75,7.600000000000001,10.518792706389833,10.757632949058388,0.2388402426685552
S27,S27_E0I139D0,data/outputs_webcam_median/S27/S27_E0I139D0.arff,fixation,median,6,6,0,140.04999999999998,149.76666666666665,9.716666666666669,26.296767862229764,30.92121709549394,4.624449233264176
S27,S27_E0I139D0,data/outputs_webcam_median/S27/S27_E0I139D0.arff,saccade,median,5,5,0,43.589999999999996,34.71,-8.879999999999995,8.85313503793995,9.123486175799249,0.2703511378592989
S27,S27_E0I140D0,data/outputs_webcam_median/S27/S27_E0I140D0.arff,fixation,median,6,6,0,105.96666666666665,115.55000000000001,9.583333333333357,44.10490524495735,52.34064386306305,8.2357386181057
S27,S27_E0I140D0,data/outputs_webcam_median/S27/S27_E0I140D0.arff,saccade,median,4,5,1,39.900000000000006,32.0,-7.900000000000006,9.279008567729635,13.070003825554144,3.790995257824509
S28,S28_E0I103D0,data/outputs_webcam_median/S28/S28_E0I103D0.arff,fixation,median,8,8,0,196.875,230.4375,33.5625,127.50808097640603,154.1876494729717,26.67956849656568
S28,S28_E0I103D0,data/outputs_webcam_median/S28/S28_E0I103D0.arff,saccade,median,6,7,1,44.833333333333336,47.971428571428575,3.1380952380952394,15.429149900972078,23.056287232604927,7.627137331632849
S28,S28_E0I104D0,data/outputs_webcam_median/S28/S28_E0I104D0.arff,fixation,median,10,10,0,181.39000000000001,194.49,13.099999999999994,89.97017345271216,172.42541350457077,82.45524005185861
S28,S28_E0I104D0,data/outputs_webcam_median/S28/S28_E0I104D0.arff,saccade,median,9,10,1,30.444444444444443,40.85,10.405555555555559,21.424816866843408,16.159500129782618,-5.26531673706079
S28,S28_E0I105D0,data/outputs_webcam_median/S28/S28_E0I105D0.arff,fixation,median,10,10,0,142.31,160.63000000000002,18.32000000000002,77.5618527370253,90.96277688031395,13.400924143288648
S28,S28_E0I105D0,data/outputs_webcam_median/S28/S28_E0I105D0.arff,saccade,median,8,9,1,43.125,35.833333333333336,-7.291666666666664,20.169549183997997,19.964906711527604,-0.20464247247039324
S28,S28_E0I106D0,data/outputs_webcam_median/S28/S28_E0I106D0.arff,fixation,median,10,8,-2,180.27000000000004,229.52499999999998,49.25499999999994,110.14118262989149,146.76615754321566,36.624974913324166
S28,S28_E0I106D0,data/outputs_webcam_median/S28/S28_E0I106D0.arff,saccade,median,8,7,-1,36.5375,44.75714285714285,8.219642857142851,12.137184599403604,17.948245702840257,5.8110611034366535
S28,S28_E0I107D0,data/outputs_webcam_median/S28/S28_E0I107D0.arff,fixation,median,9,9,0,135.95555555555555,163.5666666666667,27.611111111111143,139.27747584508336,137.17153494803503,-2.1059408970483275
S28,S28_E0I107D0,data/outputs_webcam_median/S28/S28_E0I107D0.arff,saccade,median,6,6,0,44.73333333333334,47.11666666666667,2.3833333333333258,16.19094397083341,17.25785811352807,1.0669141426946602
S28,S28_E0I108D0,data/outputs_webcam_median/S28/S28_E0I108D0.arff,fixation,median,11,12,1,122.67272727272726,124.79166666666667,2.1189393939394137,49.98808039741257,49.651118422509484,-0.3369619749030832
S28,S28_E0I108D0,data/outputs_webcam_median/S28/S28_E0I108D0.arff,saccade,median,7,12,5,39.557142857142864,39.71666666666666,0.1595238095237974,16.704575934242005,22.486393192059033,5.781817257817028
S28,S28_E0I109D0,data/outputs_webcam_median/S28/S28_E0I109D0.arff,fixation,median,10,11,1,135.35999999999999,142.94545454545454,7.585454545454553,42.43667700887471,50.75979439746311,8.3231173885884
S28,S28_E0I109D0,data/outputs_webcam_median/S28/S28_E0I109D0.arff,saccade,median,8,10,2,39.1875,44.910000000000004,5.722500000000004,11.538065881494795,19.708399224696052,8.170333343201257
S28,S28_E0I110D0,data/outputs_webcam_median/S28/S28_E0I110D0.arff,fixation,median,13,11,-2,130.36923076923077,182.4090909090909,52.03986013986014,59.596188141739745,82.84983348861306,23.253645346873313
S28,S28_E0I110D0,data/outputs_webcam_median/S28/S28_E0I110D0.arff,saccade,median,10,13,3,33.519999999999996,38.50000000000001,4.980000000000011,18.03279728100379,22.30411023406523,4.2713129530614395
S28,S28_E0I111D0,data/outputs_webcam_median/S28/S28_E0I111D0.arff,fixation,median,9,9,0,216.13333333333333,235.24444444444447,19.111111111111143,142.47879666813586,257.67734723443925,115.1985505663034
S28,S28_E0I111D0,data/outputs_webcam_median/S28/S28_E0I111D0.arff,saccade,median,8,7,-1,44.525000000000006,48.75714285714286,4.232142857142854,28.18473497683251,19.297655914890903,-8.887079061941606
S28,S28_E0I112D0,data/outputs_webcam_median/S28/S28_E0I112D0.arff,fixation,median,10,7,-3,208.82,326.5142857142857,117.69428571428568,162.841223282067,354.2682007960044,191.4269775139374
S28,S28_E0I112D0,data/outputs_webcam_median/S28/S28_E0I112D0.arff,saccade,median,8,5,-3,29.775,36.059999999999995,6.284999999999997,11.146652284110111,7.795062539838921,-3.35158974427119
S28,S28_E0I113D0,data/outputs_webcam_median/S28/S28_E0I113D0.arff,fixation,median,7,7,0,141.99285714285716,154.54999999999998,12.557142857142821,46.569154925510404,42.6466098691717,-3.9225450563387056
S28,S28_E0I113D0,data/outputs_webcam_median/S28/S28_E0I113D0.arff,saccade,median,7,7,0,37.02142857142858,32.93571428571429,-4.085714285714289,9.346784524764704,5.904639015618304,-3.4421455091463997
S28,S28_E0I114D0,data/outputs_webcam_median/S28/S28_E0I114D0.arff,fixation,median,8,6,-2,195.375,281.3666666666667,85.99166666666667,114.71894537769874,224.40752809713555,109.68858271943681
S28,S28_E0I114D0,data/outputs_webcam_median/S28/S28_E0I114D0.arff,saccade,median,6,4,-2,41.23333333333333,45.0,3.766666666666673,16.830765480710216,10.54166337285851,-6.289102107851706
S28,S28_E0I115D0,data/outputs_webcam_median/S28/S28_E0I115D0.arff,fixation,median,12,14,2,159.50833333333333,150.5142857142857,-8.99404761904762,54.29413928414429,71.23064225180336,16.936502967659067
S28,S28_E0I115D0,data/outputs_webcam_median/S28/S28_E0I115D0.arff,saccade,median,9,14,5,47.66666666666666,43.39285714285713,-4.2738095238095255,13.784955567574384,20.30946972324882,6.524514155674437
S28,S28_E0I116D0,data/outputs_webcam_median/S28/S28_E0I116D0.arff,fixation,median,5,7,2,140.8,169.9,29.099999999999994,62.71259841531046,69.3197422576474,6.607143842336946
S28,S28_E0I116D0,data/outputs_webcam_median/S28/S28_E0I116D0.arff,saccade,median,3,7,4,53.166666666666664,49.128571428571426,-4.038095238095238,19.856065404136174,20.284453347799335,0.4283879436631608
S28,S28_E0I117D0,data/outputs_webcam_median/S28/S28_E0I117D0.arff,fixation,median,7,6,-1,319.5285714285714,375.00000000000006,55.471428571428646,402.5146445132388,594.8457447103409,192.3311001971021
S28,S28_E0I117D0,data/outputs_webcam_median/S28/S28_E0I117D0.arff,saccade,median,5,4,-1,44.879999999999995,49.900000000000006,5.02000000000001,10.359391874043572,7.422039252568437,-2.937352621475135
S28,S28_E0I118D0,data/outputs_webcam_median/S28/S28_E0I118D0.arff,fixation,median,9,6,-3,136.03333333333333,185.41666666666666,49.383333333333326,82.8579959931448,80.24142114062204,-2.61657485252276
S28,S28_E0I118D0,data/outputs_webcam_median/S28/S28_E0I118D0.arff,saccade,median,7,6,-1,49.685714285714276,51.916666666666664,2.230952380952388,17.037451743284905,34.98642117545987,17.948969432174962
S28,S28_E0I119D0,data/outputs_webcam_median/S28/S28_E0I119D0.arff,fixation,median,7,6,-1,152.84285714285713,188.05000000000004,35.20714285714291,46.563535702767005,75.46230184668369,28.89876614391668
S28,S28_E0I119D0,data/outputs_webcam_median/S28/S28_E0I119D0.arff,saccade,median,5,3,-2,41.36,48.9,7.539999999999999,19.99507439346,18.864516956444977,-1.1305574370150246
S28,S28_E0I120D0,data/outputs_webcam_median/S28/S28_E0I120D0.arff,fixation,median,10,10,0,222.91,229.19,6.280000000000001,144.56721965922978,155.13428913901228,10.567069479782504
S28,S28_E0I120D0,data/outputs_webcam_median/S28/S28_E0I120D0.arff,saccade,median,7,8,1,41.82857142857143,38.3625,-3.466071428571432,11.85393243973131,13.51062412643155,1.6566916867002401
S28,S28_E0I121D0,data/outputs_webcam_median/S28/S28_E0I121D0.arff,fixation,median,12,10,-2,136.54166666666666,177.76999999999998,41.228333333333325,44.57270788137947,70.15373673424516,25.581028852865686
S28,S28_E0I121D0,data/outputs_webcam_median/S28/S28_E0I121D0.arff,saccade,median,10,8,-2,34.21,37.412499999999994,3.2024999999999935,12.172049037765898,13.639274959783288,1.4672259220173895
S28,S28_E0I122D0,data/outputs_webcam_median/S28/S28_E0I122D0.arff,fixation,median,8,8,0,133.75,148.375,14.625,54.31350792258904,58.386464918800186,4.072956996211147
S28,S28_E0I122D0,data/outputs_webcam_median/S28/S28_E0I122D0.arff,saccade,median,7,6,-1,51.88571428571429,52.116666666666674,0.23095238095238102,10.816719861928043,33.738667233112025,22.921947371183983
S28,S28_E0I123D0,data/outputs_webcam_median/S28/S28_E0I123D0.arff,fixation,median,10,11,1,145.69,139.25454545454542,-6.435454545454576,45.35804351061795,97.35922517806274,52.0011816674448
S28,S28_E0I123D0,data/outputs_webcam_median/S28/S28_E0I123D0.arff,saccade,median,8,10,2,37.849999999999994,35.190000000000005,-2.6599999999999895,19.644701212140784,15.898948253125285,-3.7457529590154994
S28,S28_E0I124D0,data/outputs_webcam_median/S28/S28_E0I124D0.arff,fixation,median,12,10,-2,178.2833333333333,238.29999999999995,60.01666666666665,86.5445952656604,154.77038189237345,68.22578662671305
S28,S28_E0I124D0,data/outputs_webcam_median/S28/S28_E0I124D0.arff,saccade,median,9,7,-2,35.955555555555556,48.471428571428575,12.51587301587302,17.434313229312412,20.202286527826026,2.7679732985136134
S28,S28_E0I125D0,data/outputs_webcam_median/S28/S28_E0I125D0.arff,fixation,median,8,8,0,135.425,142.0125,6.587499999999977,80.47897240894666,76.48206956068667,-3.9969028482599924
S28,S28_E0I125D0,data/outputs_webcam_median/S28/S28_E0I125D0.arff,saccade,median,6,7,1,43.18333333333333,32.628571428571426,-10.554761904761904,11.614201077416677,22.180224997785324,10.566023920368647
S28,S28_E0I126D0,data/outputs_webcam_median/S28/S28_E0I126D0.arff,fixation,median,15,12,-3,158.36,217.42499999999998,59.06499999999997,74.65009616298465,100.28380749380503,25.633711330820375
S28,S28_E0I126D0,data/outputs_webcam_median/S28/S28_E0I126D0.arff,saccade,median,12,10,-2,36.825,48.68,11.854999999999997,17.19509047267959,21.62574597300377,4.430655500324182
S28,S28_E0I127D0,data/outputs_webcam_median/S28/S28_E0I127D0.arff,fixation,median,6,4,-2,172.74999999999997,303.79999999999995,131.04999999999998,145.64935633225434,236.77664580781612,91.12728947556178
S28,S28_E0I127D0,data/outputs_webcam_median/S28/S28_E0I127D0.arff,saccade,median,4,4,0,37.3,39.05,1.75,25.639032743065798,18.637864684560835,-7.0011680585049625
S28,S28_E0I128D0,data/outputs_webcam_median/S28/S28_E0I128D0.arff,fixation,median,6,5,-1,176.33333333333334,252.26000000000005,75.9266666666667,63.43200033631816,94.208773476784,30.776773140465842
S28,S28_E0I128D0,data/outputs_webcam_median/S28/S28_E0I128D0.arff,saccade,median,4,5,1,46.925,41.92,-5.0049999999999955,23.20292725785549,8.56253467146265,-14.640392586392839
S28,S28_E0I129D0,data/outputs_webcam_median/S28/S28_E0I129D0.arff,fixation,median,6,6,0,187.35,217.21666666666667,29.866666666666674,132.13585433182018,149.9758069378747,17.83995260605451
S28,S28_E0I129D0,data/outputs_webcam_median/S28/S28_E0I129D0.arff,saccade,median,5,4,-1,43.769999999999996,41.175,-2.594999999999999,10.372415340700543,4.162831568375864,-6.209583772324679
S28,S28_E0I130D0,data/outputs_webcam_median/S28/S28_E0I130D0.arff,fixation,median,8,8,0,144.22500000000002,178.4625,34.23749999999998,65.93873238523341,109.6255827480846,43.68685036285119
S28,S28_E0I130D0,data/outputs_webcam_median/S28/S28_E0I130D0.arff,saccade,median,6,6,0,30.183333333333334,36.199999999999996,6.016666666666662,13.266411220321292,11.818798585304686,-1.4476126350166059
S28,S28_E0I131D0,data/outputs_webcam_median/S28/S28_E0I131D0.arff,fixation,median,11,7,-4,151.19090909090912,288.24285714285713,137.05194805194802,72.2806952726031,178.62592996858788,106.34523469598479
S28,S28_E0I131D0,data/outputs_webcam_median/S28/S28_E0I131D0.arff,saccade,median,10,7,-3,36.55,57.07142857142856,20.521428571428565,18.857491879886886,16.322450212893315,-2.535041666993571
S28,S28_E0I132D0,data/outputs_webcam_median/S28/S28_E0I132D0.arff,fixation,median,5,4,-1,215.0,257.75,42.75,107.64545972775629,375.0262079730784,267.3807482453221
S28,S28_E0I132D0,data/outputs_webcam_median/S28/S28_E0I132D0.arff,saccade,median,3,4,1,32.4,39.1,6.700000000000003,30.137684051698468,10.349879226348488,-19.78780482534998
S28,S28_E0I133D0,data/outputs_webcam_median/S28/S28_E0I133D0.arff,fixation,median,13,10,-3,153.6923076923077,194.56,40.867692307692295,74.49083233904761,114.69014488321713,40.199312544169516
S28,S28_E0I133D0,data/outputs_webcam_median/S28/S28_E0I133D0.arff,saccade,median,11,10,-1,33.83636363636364,38.660000000000004,4.823636363636361,13.669621262293461,19.521737172245256,5.852115909951795
S28,S28_E0I134D0,data/outputs_webcam_median/S28/S28_E0I134D0.arff,fixation,median,7,7,0,128.32857142857145,174.74285714285716,46.41428571428571,82.52182972373056,131.1054392101113,48.58360948638075
S28,S28_E0I134D0,data/outputs_webcam_median/S28/S28_E0I134D0.arff,saccade,median,4,7,3,37.175,44.0,6.825000000000003,14.760843471834526,32.28456803696363,17.5237245651291
S28,S28_E0I135D0,data/outputs_webcam_median/S28/S28_E0I135D0.arff,fixation,median,9,10,1,177.03333333333336,173.04999999999998,-3.983333333333377,72.86983257837224,81.40089065851798,8.53105808014574
S28,S28_E0I135D0,data/outputs_webcam_median/S28/S28_E0I135D0.arff,saccade,median,7,10,3,37.01428571428572,46.720000000000006,9.705714285714286,12.670625947630286,22.411693376449712,9.741067428819425
S28,S28_E0I136D0,data/outputs_webcam_median/S28/S28_E0I136D0.arff,fixation,median,11,9,-2,135.83636363636361,199.61111111111111,63.7747474747475,70.98681951922163,109.58792639297046,38.60110687374883
S28,S28_E0I136D0,data/outputs_webcam_median/S28/S28_E0I136D0.arff,saccade,median,8,7,-1,39.45,44.74285714285715,5.2928571428571445,8.835318734649992,17.488363478120448,8.653044743470456
S28,S28_E0I137D0,data/outputs_webcam_median/S28/S28_E0I137D0.arff,fixation,median,10,12,2,168.81,148.14999999999998,-20.660000000000025,81.72053257562902,80.01287964503534,-1.7076529305936816
S28,S28_E0I137D0,data/outputs_webcam_median/S28/S28_E0I137D0.arff,saccade,median,8,10,2,33.650000000000006,32.18000000000001,-1.4699999999999989,10.275769001463031,12.36714284797512,2.0913738465120897
S28,S28_E0I138D0,data/outputs_webcam_median/S28/S28_E0I138D0.arff,fixation,median,7,7,0,199.8857142857143,227.29999999999998,27.414285714285683,219.9672962705398,211.15336448499545,-8.813931785544355
S28,S28_E0I138D0,data/outputs_webcam_median/S28/S28_E0I138D0.arff,saccade,median,4,4,0,40.375,40.625,0.25,13.95955467293519,13.622132725825278,-0.33742194710991136
S28,S28_E0I139D0,data/outputs_webcam_median/S28/S28_E0I139D0.arff,fixation,median,7,7,0,248.35714285714286,259.7,11.342857142857127,55.59157181752336,44.1025320512704,-11.489039766252958
S28,S28_E0I139D0,data/outputs_webcam_median/S28/S28_E0I139D0.arff,saccade,median,5,6,1,44.68,47.01666666666667,2.336666666666673,13.929536962871376,24.49827885110843,10.568741888237055
S28,S28_E0I140D0,data/outputs_webcam_median/S28/S28_E0I140D0.arff,fixation,median,6,6,0,211.38333333333335,209.26666666666665,-2.1166666666667027,79.9623015343272,73.89418560798045,-6.068115926346749
S28,S28_E0I140D0,data/outputs_webcam_median/S28/S28_E0I140D0.arff,saccade,median,4,4,0,29.625,51.4,21.775,11.839869087114097,16.711872027593635,4.872002940479538
S29,S29_E0I102D0,data/outputs_webcam_median/S29/S29_E0I102D0.arff,fixation,median,6,6,0,163.46666666666667,159.76666666666668,-3.6999999999999886,92.48382921714835,104.60962989451147,12.125800677363117
S29,S29_E0I102D0,data/outputs_webcam_median/S29/S29_E0I102D0.arff,saccade,median,6,5,-1,31.266666666666662,43.32000000000001,12.053333333333345,14.127656092454497,27.456638541525802,13.328982449071304
S29,S29_E0I103D0,data/outputs_webcam_median/S29/S29_E0I103D0.arff,fixation,median,4,4,0,170.875,181.725,10.849999999999994,82.4186214800191,78.68394054697565,-3.7346809330434496
S29,S29_E0I103D0,data/outputs_webcam_median/S29/S29_E0I103D0.arff,saccade,median,3,3,0,41.199999999999996,31.3,-9.899999999999995,23.243923937235724,3.988734135035825,-19.2551898021999
S29,S29_E0I104D0,data/outputs_webcam_median/S29/S29_E0I104D0.arff,fixation,median,5,5,0,100.9,122.22,21.319999999999993,23.263275779648914,38.460720222065525,15.19744444241661
S29,S29_E0I104D0,data/outputs_webcam_median/S29/S29_E0I104D0.arff,saccade,median,4,4,0,32.625,25.35,-7.274999999999999,7.117759478937174,12.417326604386309,5.299567125449135
S29,S29_E0I105D0,data/outputs_webcam_median/S29/S29_E0I105D0.arff,fixation,median,4,2,-2,149.15,143.6,-5.550000000000011,65.10988148251128,89.23687578574228,24.126994303231
S29,S29_E0I105D0,data/outputs_webcam_median/S29/S29_E0I105D0.arff,saccade,median,3,1,-2,43.0,50.0,7.0,25.62732916243907,0.0,-25.62732916243907
S29,S29_E0I106D0,data/outputs_webcam_median/S29/S29_E0I106D0.arff,fixation,median,5,5,0,98.02,120.96,22.939999999999998,47.23554805440496,34.951795375917385,-12.283752678487573
S29,S29_E0I106D0,data/outputs_webcam_median/S29/S29_E0I106D0.arff,saccade,median,3,5,2,28.833333333333332,33.260000000000005,4.426666666666673,0.40414518843273833,12.886543368956627,12.482398180523889
S29,S29_E0I107D0,data/outputs_webcam_median/S29/S29_E0I107D0.arff,fixation,median,6,3,-3,72.2,208.0,135.8,33.00502991969557,136.69513524628445,103.69010532658888
S29,S29_E0I107D0,data/outputs_webcam_median/S29/S29_E0I107D0.arff,saccade,median,5,2,-3,37.4,39.65,2.25,7.808008709011536,5.161879502661795,-2.646129206349741
S29,S29_E0I108D0,data/outputs_webcam_median/S29/S29_E0I108D0.arff,fixation,median,6,6,0,120.21666666666665,112.98333333333335,-7.233333333333306,41.73078799479668,41.40225436696252,-0.32853362783416173
S29,S29_E0I108D0,data/outputs_webcam_median/S29/S29_E0I108D0.arff,saccade,median,5,5,0,36.31,26.43,-9.880000000000003,14.479744472883493,11.184229969023349,-3.2955145038601437
S29,S29_E0I109D0,data/outputs_webcam_median/S29/S29_E0I109D0.arff,fixation,median,6,5,-1,117.95,155.69,37.739999999999995,43.393547907494266,44.44786834033776,1.0543204328434967
S29,S29_E0I109D0,data/outputs_webcam_median/S29/S29_E0I109D0.arff,saccade,median,6,4,-2,26.38333333333333,48.675000000000004,22.291666666666675,5.811941729462424,22.35715769054734,16.545215961084914
S29,S29_E0I110D0,data/outputs_webcam_median/S29/S29_E0I110D0.arff,fixation,median,5,3,-2,161.72000000000003,293.53333333333336,131.81333333333333,69.77819860099571,175.53863772210758,105.76043912111187
S29,S29_E0I110D0,data/outputs_webcam_median/S29/S29_E0I110D0.arff,saccade,median,4,2,-2,32.325,32.55,0.22499999999999432,13.641205958418778,5.303300858899104,-8.337905099519674
S29,S29_E0I111D0,data/outputs_webcam_median/S29/S29_E0I111D0.arff,fixation,median,6,5,-1,104.18333333333334,135.28,31.096666666666664,44.33966245548862,38.32201717028998,-6.01764528519864
S29,S29_E0I111D0,data/outputs_webcam_median/S29/S29_E0I111D0.arff,saccade,median,5,4,-1,29.8,21.575,-8.225000000000001,10.38388174046681,8.169608313744302,-2.2142734267225084
S29,S29_E0I112D0,data/outputs_webcam_median/S29/S29_E0I112D0.arff,fixation,median,12,8,-4,128.025,195.5,67.475,47.068385935205534,163.71656692501918,116.64818098981365
S29,S29_E0I112D0,data/outputs_webcam_median/S29/S29_E0I112D0.arff,saccade,median,9,5,-4,34.57777777777778,37.68000000000001,3.102222222222224,11.665523753541647,11.704358162667443,0.03883440912579594
S29,S29_E0I113D0,data/outputs_webcam_median/S29/S29_E0I113D0.arff,fixation,median,6,4,-2,143.71666666666667,250.95,107.23333333333332,73.95799934196886,201.20577360834685,127.24777426637799
S29,S29_E0I113D0,data/outputs_webcam_median/S29/S29_E0I113D0.arff,saccade,median,5,3,-2,34.68,29.400000000000002,-5.279999999999998,7.874769837906375,0.3464101615137763,-7.528359676392599
S29,S29_E0I114D0,data/outputs_webcam_median/S29/S29_E0I114D0.arff,fixation,median,5,3,-2,123.26000000000002,207.79999999999998,84.53999999999996,84.84260722066479,33.61651379902443,-51.22609342164036
S29,S29_E0I114D0,data/outputs_webcam_median/S29/S29_E0I114D0.arff,saccade,median,4,2,-2,21.65,39.25,17.6,8.259741723161406,15.202795795510772,6.943054072349366
S29,S29_E0I115D0,data/outputs_webcam_median/S29/S29_E0I115D0.arff,fixation,median,5,3,-2,111.20000000000002,225.6,114.39999999999998,53.01518650349163,104.22072730508073,51.2055408015891
S29,S29_E0I115D0,data/outputs_webcam_median/S29/S29_E0I115D0.arff,saccade,median,4,2,-2,28.924999999999997,36.95,8.025000000000006,11.557789581057444,9.404520189781083,-2.1532693912763605
S29,S29_E0I116D0,data/outputs_webcam_median/S29/S29_E0I116D0.arff,fixation,median,4,3,-1,94.85000000000001,148.13333333333335,53.283333333333346,47.35852615949952,177.03946829261923,129.68094213311971
S29,S29_E0I116D0,data/outputs_webcam_median/S29/S29_E0I116D0.arff,saccade,median,3,2,-1,31.733333333333334,47.650000000000006,15.916666666666671,3.478984526170438,25.526554800834365,22.047570274663926
S29,S29_E0I117D0,data/outputs_webcam_median/S29/S29_E0I117D0.arff,fixation,median,6,6,0,118.81666666666666,132.08333333333331,13.266666666666652,54.586277274299135,57.76751393877589,3.1812366644767565
S29,S29_E0I117D0,data/outputs_webcam_median/S29/S29_E0I117D0.arff,saccade,median,6,5,-1,36.36666666666667,33.620000000000005,-2.7466666666666626,12.918307422672163,18.753986242929795,5.835678820257632
S29,S29_E0I118D0,data/outputs_webcam_median/S29/S29_E0I118D0.arff,fixation,median,4,4,0,102.075,105.975,3.8999999999999915,53.99175091314104,79.92885899348245,25.93710808034141
S29,S29_E0I118D0,data/outputs_webcam_median/S29/S29_E0I118D0.arff,saccade,median,2,2,0,29.200000000000003,21.55,-7.650000000000002,0.8485281374238565,9.970205614730322,9.121677477306465
S29,S29_E0I119D0,data/outputs_webcam_median/S29/S29_E0I119D0.arff,fixation,median,5,4,-1,112.85,130.22500000000002,17.37500000000003,38.66897981586791,45.21116196987937,6.5421821540114635
S29,S29_E0I119D0,data/outputs_webcam_median/S29/S29_E0I119D0.arff,saccade,median,4,4,0,30.625,45.125,14.5,3.556566696501934,32.28419375896922,28.72762706246728
S29,S29_E0I120D0,data/outputs_webcam_median/S29/S29_E0I120D0.arff,fixation,median,4,4,0,102.04999999999998,118.17500000000001,16.12500000000003,35.931184227631576,26.446092969157714,-9.485091258473862
S29,S29_E0I120D0,data/outputs_webcam_median/S29/S29_E0I120D0.arff,saccade,median,3,3,0,41.13333333333333,36.06666666666667,-5.066666666666663,4.707794954470014,12.068277977132169,7.360483022662155
S29,S29_E0I121D0,data/outputs_webcam_median/S29/S29_E0I121D0.arff,fixation,median,6,5,-1,123.01666666666667,163.88000000000002,40.86333333333336,61.13416120849837,44.460341879027425,-16.673819329470945
S29,S29_E0I121D0,data/outputs_webcam_median/S29/S29_E0I121D0.arff,saccade,median,5,4,-1,32.120000000000005,30.75,-1.3700000000000045,12.128767455928898,3.5152050675126576,-8.613562388416241
S29,S29_E0I122D0,data/outputs_webcam_median/S29/S29_E0I122D0.arff,fixation,median,4,2,-2,129.875,245.3,115.42500000000001,26.101771970500398,124.30937213259504,98.20760016209465
S29,S29_E0I122D0,data/outputs_webcam_median/S29/S29_E0I122D0.arff,saccade,median,3,1,-2,40.63333333333333,28.6,-12.033333333333331,10.884086242461208,0.0,-10.884086242461208
S29,S29_E0I123D0,data/outputs_webcam_median/S29/S29_E0I123D0.arff,fixation,median,4,4,0,145.975,149.85,3.875,23.629836365634585,29.799832214292746,6.169995848658161
S29,S29_E0I123D0,data/outputs_webcam_median/S29/S29_E0I123D0.arff,saccade,median,3,3,0,36.63333333333333,29.2,-7.433333333333334,8.00333263917809,0.7549834435270749,-7.2483491956510155
S29,S29_E0I124D0,data/outputs_webcam_median/S29/S29_E0I124D0.arff,fixation,median,5,5,0,114.6,106.38000000000002,-8.21999999999997,61.67045483860161,58.49924785841268,-3.171206980188927
S29,S29_E0I124D0,data/outputs_webcam_median/S29/S29_E0I124D0.arff,saccade,median,4,3,-1,37.55,45.4,7.850000000000001,17.782856913330885,15.087743370033838,-2.6951135432970474
S29,S29_E0I125D0,data/outputs_webcam_median/S29/S29_E0I125D0.arff,fixation,median,4,3,-1,105.125,212.26666666666665,107.14166666666665,51.626632339003734,41.772758268198345,-9.85387407080539
S29,S29_E0I125D0,data/outputs_webcam_median/S29/S29_E0I125D0.arff,saccade,median,5,2,-3,30.48,14.8,-15.68,12.613564127557286,0.0,-12.613564127557286
S29,S29_E0I126D0,data/outputs_webcam_median/S29/S29_E0I126D0.arff,fixation,median,6,4,-2,74.21666666666667,120.15,45.93333333333334,42.715321216943536,27.759322758309498,-14.955998458634038
S29,S29_E0I126D0,data/outputs_webcam_median/S29/S29_E0I126D0.arff,saccade,median,4,3,-1,18.15,40.983333333333334,22.833333333333336,7.199999999999998,8.393052682625871,1.193052682625873
S29,S29_E0I127D0,data/outputs_webcam_median/S29/S29_E0I127D0.arff,fixation,median,4,4,0,146.275,158.725,12.449999999999989,41.84426483999928,34.032276346629146,-7.811988493370137
S29,S29_E0I127D0,data/outputs_webcam_median/S29/S29_E0I127D0.arff,saccade,median,3,4,1,28.5,26.85,-1.6499999999999986,14.1,8.967534034876403,-5.132465965123597
S29,S29_E0I128D0,data/outputs_webcam_median/S29/S29_E0I128D0.arff,fixation,median,6,4,-2,133.78333333333333,232.675,98.89166666666668,68.39033313756168,142.66191678230038,74.2715836447387
S29,S29_E0I128D0,data/outputs_webcam_median/S29/S29_E0I128D0.arff,saccade,median,5,3,-2,27.48,26.599999999999998,-0.8800000000000026,17.840179371295573,11.065260954898443,-6.77491841639713
S29,S29_E0I129D0,data/outputs_webcam_median/S29/S29_E0I129D0.arff,fixation,median,6,4,-2,129.71666666666667,207.25,77.53333333333333,61.6668927923782,140.4135914598963,78.7466986675181
S29,S29_E0I129D0,data/outputs_webcam_median/S29/S29_E0I129D0.arff,saccade,median,4,3,-1,25.525,33.800000000000004,8.275000000000006,7.085842692768916,4.073082370883259,-3.012760321885658
S29,S29_E0I130D0,data/outputs_webcam_median/S29/S29_E0I130D0.arff,fixation,median,4,4,0,203.675,171.725,-31.950000000000017,92.84781006212981,56.80201727638436,-36.04579278574545
S29,S29_E0I130D0,data/outputs_webcam_median/S29/S29_E0I130D0.arff,saccade,median,2,2,0,36.35,32.45,-3.8999999999999986,10.748023074035524,4.8083261120685235,-5.939696961967001
S29,S29_E0I131D0,data/outputs_webcam_median/S29/S29_E0I131D0.arff,fixation,median,14,8,-6,238.23571428571427,403.3375,165.1017857142857,141.35393035346993,297.4426160142971,156.08868566082714
S29,S29_E0I131D0,data/outputs_webcam_median/S29/S29_E0I131D0.arff,saccade,median,13,6,-7,29.788461538461544,39.449999999999996,9.661538461538452,15.200248817126779,7.387286375929935,-7.812962441196844
S29,S29_E0I132D0,data/outputs_webcam_median/S29/S29_E0I132D0.arff,fixation,median,5,5,0,131.45999999999998,147.24,15.78000000000003,25.814492053883217,38.39287694351649,12.578384889633274
S29,S29_E0I132D0,data/outputs_webcam_median/S29/S29_E0I132D0.arff,saccade,median,5,4,-1,28.96,32.725,3.7650000000000006,10.509662221023092,7.210351355285445,-3.299310865737647
S29,S29_E0I133D0,data/outputs_webcam_median/S29/S29_E0I133D0.arff,fixation,median,6,6,0,142.10000000000002,132.76666666666665,-9.333333333333371,44.49804490087177,37.003657476885536,-7.4943874239862325
S29,S29_E0I133D0,data/outputs_webcam_median/S29/S29_E0I133D0.arff,saccade,median,5,5,0,31.339999999999996,22.88,-8.459999999999997,11.73213535550967,7.743190556869952,-3.988944798639717
S29,S29_E0I134D0,data/outputs_webcam_median/S29/S29_E0I134D0.arff,fixation,median,5,2,-3,100.26,136.0,35.739999999999995,40.88756534693647,141.5627775935468,100.67521224661033
S29,S29_E0I134D0,data/outputs_webcam_median/S29/S29_E0I134D0.arff,saccade,median,4,2,-2,37.9,32.25,-5.649999999999999,6.928684338795256,4.737615433949871,-2.1910689048453857
S29,S29_E0I135D0,data/outputs_webcam_median/S29/S29_E0I135D0.arff,fixation,median,5,4,-1,109.56000000000002,167.4,57.83999999999999,36.167775712642324,55.79790916034996,19.630133447707635
S29,S29_E0I135D0,data/outputs_webcam_median/S29/S29_E0I135D0.arff,saccade,median,4,3,-1,33.025,24.433333333333334,-8.591666666666665,15.476299083867994,8.429907077384266,-7.046392006483728
S29,S29_E0I136D0,data/outputs_webcam_median/S29/S29_E0I136D0.arff,fixation,median,5,5,0,109.75999999999999,122.67999999999999,12.920000000000002,50.13863779561626,69.17779267944302,19.039154883826754
S29,S29_E0I136D0,data/outputs_webcam_median/S29/S29_E0I136D0.arff,saccade,median,4,4,0,45.324999999999996,38.3,-7.024999999999999,19.19138261477444,11.423659658795863,-7.767722955978577
S29,S29_E0I137D0,data/outputs_webcam_median/S29/S29_E0I137D0.arff,fixation,median,6,3,-3,102.78333333333332,252.70000000000002,149.91666666666669,55.27999336710042,216.14275375316194,160.86276038606152
S29,S29_E0I137D0,data/outputs_webcam_median/S29/S29_E0I137D0.arff,saccade,median,4,2,-2,30.724999999999998,39.4,8.675,12.19818975640785,15.13208511739212,2.9338953609842697
S29,S29_E0I139D0,data/outputs_webcam_median/S29/S29_E0I139D0.arff,fixation,median,5,5,0,145.01999999999998,157.54000000000002,12.520000000000039,40.28978778797427,113.1262480594137,72.83646027143942
S29,S29_E0I139D0,data/outputs_webcam_median/S29/S29_E0I139D0.arff,saccade,median,5,4,-1,34.42,32.45,-1.9699999999999989,5.954158210864069,4.112987559751022,-1.841170651113047
S29,S29_E0I140D0,data/outputs_webcam_median/S29/S29_E0I140D0.arff,fixation,median,6,6,0,138.35,117.13333333333334,-21.216666666666654,29.68169469555268,62.83622097697049,33.15452628141781
S29,S29_E0I140D0,data/outputs_webcam_median/S29/S29_E0I140D0.arff,saccade,median,6,5,-1,37.11666666666667,38.980000000000004,1.8633333333333368,9.329612353504654,8.281123112235441,-1.0484892412692126
S30,S30_E0I101D0,data/outputs_webcam_median/S30/S30_E0I101D0.arff,fixation,median,6,5,-1,178.91666666666666,242.05,63.133333333333354,78.04500411087609,116.76866017900522,38.72365606812913
S30,S30_E0I101D0,data/outputs_webcam_median/S30/S30_E0I101D0.arff,saccade,median,5,4,-1,37.769999999999996,39.825,2.055000000000007,7.522100770396526,9.464098830140493,1.941998059743967
S30,S30_E0I102D0,data/outputs_webcam_median/S30/S30_E0I102D0.arff,fixation,median,6,6,0,169.88333333333335,161.46666666666667,-8.416666666666686,128.3415819859903,124.365729470247,-3.9758525157432985
S30,S30_E0I102D0,data/outputs_webcam_median/S30/S30_E0I102D0.arff,saccade,median,6,5,-1,39.666666666666664,47.72,8.053333333333335,17.407661148662868,12.84608889896065,-4.561572249702218
S30,S30_E0I103D0,data/outputs_webcam_median/S30/S30_E0I103D0.arff,fixation,median,5,6,1,132.45999999999998,114.16666666666667,-18.293333333333308,88.15865243979175,84.60394001857519,-3.554712421216564
S30,S30_E0I103D0,data/outputs_webcam_median/S30/S30_E0I103D0.arff,saccade,median,3,5,2,24.166666666666668,40.480000000000004,16.313333333333336,16.22354256422848,14.826395381211173,-1.3971471830173083
S30,S30_E0I104D0,data/outputs_webcam_median/S30/S30_E0I104D0.arff,fixation,median,6,7,1,204.30000000000004,186.5142857142857,-17.785714285714334,136.22901306256315,126.37749573627192,-9.85151732629123
S30,S30_E0I104D0,data/outputs_webcam_median/S30/S30_E0I104D0.arff,saccade,median,4,6,2,33.5,30.316666666666666,-3.1833333333333336,14.416888244925348,15.7337111536556,1.316822908730252
S30,S30_E0I105D0,data/outputs_webcam_median/S30/S30_E0I105D0.arff,fixation,median,9,9,0,202.65555555555557,214.45555555555558,11.800000000000011,145.4869849085401,159.44024045948305,13.953255550942941
S30,S30_E0I105D0,data/outputs_webcam_median/S30/S30_E0I105D0.arff,saccade,median,6,8,2,29.183333333333337,40.2125,11.029166666666661,8.98741712989147,17.170442834791917,8.183025704900446
S30,S30_E0I106D0,data/outputs_webcam_median/S30/S30_E0I106D0.arff,fixation,median,5,6,1,163.57,146.9333333333333,-16.636666666666684,116.90866948177967,89.17783169973727,-27.7308377820424
S30,S30_E0I106D0,data/outputs_webcam_median/S30/S30_E0I106D0.arff,saccade,median,4,5,1,34.475,37.83,3.354999999999997,10.652190698005114,17.33355128068106,6.681360582675946
S30,S30_E0I107D0,data/outputs_webcam_median/S30/S30_E0I107D0.arff,fixation,median,6,6,0,164.93333333333334,210.25,45.31666666666666,164.0827281180645,156.6318613820317,-7.450866736032793
S30,S30_E0I107D0,data/outputs_webcam_median/S30/S30_E0I107D0.arff,saccade,median,5,5,0,51.89,52.19,0.29999999999999716,39.60066918626502,20.26284777616414,-19.337821410100883
S30,S30_E0I108D0,data/outputs_webcam_median/S30/S30_E0I108D0.arff,fixation,median,5,4,-1,124.42,182.3,57.88000000000001,24.48503624665481,41.50196782483131,17.0169315781765
S30,S30_E0I108D0,data/outputs_webcam_median/S30/S30_E0I108D0.arff,saccade,median,3,3,0,43.76666666666667,60.56666666666666,16.79999999999999,14.400462955521025,14.951365600952087,0.5509026454310622
S30,S30_E0I109D0,data/outputs_webcam_median/S30/S30_E0I109D0.arff,fixation,median,5,6,1,208.9,183.5666666666667,-25.333333333333314,53.782013722061386,93.07235178433318,39.29033806227179
S30,S30_E0I109D0,data/outputs_webcam_median/S30/S30_E0I109D0.arff,saccade,median,4,5,1,38.075,41.839999999999996,3.7649999999999935,21.584620296251064,14.673888373570241,-6.910731922680823
S30,S30_E0I110D0,data/outputs_webcam_median/S30/S30_E0I110D0.arff,fixation,median,6,5,-1,128.35,159.82,31.47,71.9204491087201,66.40803415250296,-5.5124149562171425
S30,S30_E0I110D0,data/outputs_webcam_median/S30/S30_E0I110D0.arff,saccade,median,5,4,-1,52.08,42.0,-10.079999999999998,28.060060584396464,11.869568933481393,-16.19049165091507
S30,S30_E0I111D0,data/outputs_webcam_median/S30/S30_E0I111D0.arff,fixation,median,8,7,-1,84.6125,93.45,8.837500000000006,64.85762291357894,42.14214042974087,-22.715482483838066
S30,S30_E0I111D0,data/outputs_webcam_median/S30/S30_E0I111D0.arff,saccade,median,6,6,0,39.96666666666666,42.43333333333333,2.4666666666666686,21.907570989652562,16.085697580977538,-5.821873408675025
S30,S30_E0I112D0,data/outputs_webcam_median/S30/S30_E0I112D0.arff,fixation,median,5,6,1,199.8,165.4333333333333,-34.3666666666667,129.66501070065124,122.4866142346447,-7.178396466006532
S30,S30_E0I112D0,data/outputs_webcam_median/S30/S30_E0I112D0.arff,saccade,median,3,5,2,34.199999999999996,49.16,14.96,16.803571049035977,16.907483550191614,0.10391250115563722
S30,S30_E0I113D0,data/outputs_webcam_median/S30/S30_E0I113D0.arff,fixation,median,7,7,0,126.8142857142857,129.0142857142857,2.200000000000003,50.04309571330923,51.39693339008429,1.3538376767750648
S30,S30_E0I113D0,data/outputs_webcam_median/S30/S30_E0I113D0.arff,saccade,median,6,6,0,32.93333333333333,31.683333333333334,-1.2499999999999964,17.63946333272831,14.616759786856546,-3.0227035458717655
S30,S30_E0I114D0,data/outputs_webcam_median/S30/S30_E0I114D0.arff,fixation,median,9,9,0,125.1222222222222,131.54444444444442,6.422222222222217,60.97851625322187,57.085880721749206,-3.8926355314726635
S30,S30_E0I114D0,data/outputs_webcam_median/S30/S30_E0I114D0.arff,saccade,median,6,9,3,34.85,39.28888888888889,4.43888888888889,9.309940923550483,19.16777533025445,9.857834406703967
S30,S30_E0I115D0,data/outputs_webcam_median/S30/S30_E0I115D0.arff,fixation,median,7,9,2,109.17142857142858,126.43333333333334,17.26190476190476,45.060763208720516,54.326927025187054,9.266163816466538
S30,S30_E0I115D0,data/outputs_webcam_median/S30/S30_E0I115D0.arff,saccade,median,4,8,4,36.175,36.2875,0.11250000000000426,8.343210812790641,17.489461112338482,9.146250299547841
S30,S30_E0I117D0,data/outputs_webcam_median/S30/S30_E0I117D0.arff,fixation,median,7,6,-1,132.83571428571426,194.25,61.41428571428574,68.42741722855999,98.41026369236086,29.98284646380087
S30,S30_E0I117D0,data/outputs_webcam_median/S30/S30_E0I117D0.arff,saccade,median,5,6,1,42.13000000000001,32.78333333333333,-9.346666666666678,9.280463350501417,14.79725199713334,5.516788646631923
S30,S30_E0I118D0,data/outputs_webcam_median/S30/S30_E0I118D0.arff,fixation,median,8,5,-3,133.0875,200.72,67.6325,77.65008393887469,142.81341673666378,65.1633327977891
S30,S30_E0I118D0,data/outputs_webcam_median/S30/S30_E0I118D0.arff,saccade,median,6,5,-1,27.316666666666663,29.479999999999997,2.163333333333334,9.885022340220921,14.909124722799794,5.024102382578873
S30,S30_E0I119D0,data/outputs_webcam_median/S30/S30_E0I119D0.arff,fixation,median,6,6,0,147.08333333333334,175.36666666666667,28.28333333333333,68.22842271859044,80.54697180320727,12.318549084616834
S30,S30_E0I119D0,data/outputs_webcam_median/S30/S30_E0I119D0.arff,saccade,median,5,5,0,35.08,36.339999999999996,1.259999999999998,18.562246631267453,14.363947925274584,-4.198298705992869
S30,S30_E0I120D0,data/outputs_webcam_median/S30/S30_E0I120D0.arff,fixation,median,7,6,-1,137.17142857142858,171.9333333333333,34.76190476190473,88.9956312464403,95.89239107805513,6.89675983161483
S30,S30_E0I120D0,data/outputs_webcam_median/S30/S30_E0I120D0.arff,saccade,median,5,5,0,36.239999999999995,33.339999999999996,-2.8999999999999986,15.799462016157385,15.701528588006964,-0.09793342815042116
S30,S30_E0I121D0,data/outputs_webcam_median/S30/S30_E0I121D0.arff,fixation,median,7,7,0,167.44285714285712,148.94285714285712,-18.5,67.47865976595507,124.99859808737665,57.51993832142158
S30,S30_E0I121D0,data/outputs_webcam_median/S30/S30_E0I121D0.arff,saccade,median,5,7,2,24.56,46.15714285714286,21.59714285714286,13.900467618033574,16.840017531944273,2.9395499139106995
S30,S30_E0I122D0,data/outputs_webcam_median/S30/S30_E0I122D0.arff,fixation,median,5,5,0,161.45999999999998,175.94,14.480000000000018,106.14783558791954,106.74269530042794,0.594859712508395
S30,S30_E0I122D0,data/outputs_webcam_median/S30/S30_E0I122D0.arff,saccade,median,4,4,0,37.875,41.475,3.6000000000000014,16.805430669875737,10.774468277676938,-6.0309623921987985
S30,S30_E0I123D0,data/outputs_webcam_median/S30/S30_E0I123D0.arff,fixation,median,6,6,0,201.45000000000002,212.38333333333333,10.933333333333309,205.9213223539515,200.58963499310394,-5.331687360847553
S30,S30_E0I123D0,data/outputs_webcam_median/S30/S30_E0I123D0.arff,saccade,median,4,5,1,37.9,39.1,1.2000000000000028,6.936377536822323,10.853801177467737,3.9174236406454144
S30,S30_E0I124D0,data/outputs_webcam_median/S30/S30_E0I124D0.arff,fixation,median,6,5,-1,131.16666666666666,194.61999999999998,63.45333333333332,112.65900171165492,126.87252263591198,14.213520924257054
S30,S30_E0I124D0,data/outputs_webcam_median/S30/S30_E0I124D0.arff,saccade,median,4,4,0,32.475,36.325,3.8500000000000014,13.727678852109946,8.415214396159694,-5.312464455950252
S30,S30_E0I125D0,data/outputs_webcam_median/S30/S30_E0I125D0.arff,fixation,median,7,6,-1,95.90714285714286,133.4,37.49285714285715,66.06690692378591,86.52871777623888,20.46181085245297
S30,S30_E0I125D0,data/outputs_webcam_median/S30/S30_E0I125D0.arff,saccade,median,5,5,0,43.589999999999996,33.410000000000004,-10.179999999999993,32.522115552343756,9.639138965696054,-22.8829765866477
S30,S30_E0I126D0,data/outputs_webcam_median/S30/S30_E0I126D0.arff,fixation,median,10,8,-2,134.43,190.9375,56.50749999999999,82.77824526340777,83.06334824354585,0.28510298013807756
S30,S30_E0I126D0,data/outputs_webcam_median/S30/S30_E0I126D0.arff,saccade,median,6,8,2,35.15,41.075,5.925000000000004,13.551789549723683,15.079290434234629,1.5275008845109461
S30,S30_E0I127D0,data/outputs_webcam_median/S30/S30_E0I127D0.arff,fixation,median,6,6,0,156.86666666666667,159.1,2.23333333333332,93.99409910556442,99.6468965899089,5.6527974843444895
S30,S30_E0I127D0,data/outputs_webcam_median/S30/S30_E0I127D0.arff,saccade,median,4,7,3,35.824999999999996,31.87142857142857,-3.9535714285714256,5.675312032537654,16.4918883379794,10.816576305441746
S30,S30_E0I128D0,data/outputs_webcam_median/S30/S30_E0I128D0.arff,fixation,median,5,5,0,139.23,144.79000000000002,5.560000000000031,49.01848630873866,49.45056116971778,0.43207486097912096
S30,S30_E0I128D0,data/outputs_webcam_median/S30/S30_E0I128D0.arff,saccade,median,3,4,1,33.38333333333333,35.825,2.44166666666667,4.2770706486254495,15.10725543130408,10.830184782678632
S30,S30_E0I129D0,data/outputs_webcam_median/S30/S30_E0I129D0.arff,fixation,median,6,5,-1,123.30000000000001,161.95999999999998,38.65999999999997,24.140919617943304,116.47400139086835,92.33308177292506
S30,S30_E0I129D0,data/outputs_webcam_median/S30/S30_E0I129D0.arff,saccade,median,5,4,-1,27.68,47.225,19.545,12.89251720960651,17.115173579799492,4.222656370192983
S30,S30_E0I130D0,data/outputs_webcam_median/S30/S30_E0I130D0.arff,fixation,median,5,6,1,179.5,141.28333333333333,-38.21666666666667,85.96880248090001,76.0708463648635,-9.89795611603651
S30,S30_E0I130D0,data/outputs_webcam_median/S30/S30_E0I130D0.arff,saccade,median,4,5,1,41.575,39.0,-2.575000000000003,16.75835612463227,6.494998075442362,-10.26335804918991
S30,S30_E0I131D0,data/outputs_webcam_median/S30/S30_E0I131D0.arff,fixation,median,5,6,1,145.6,123.84999999999998,-21.750000000000014,73.96897998485582,69.01793245237067,-4.951047532485148
S30,S30_E0I131D0,data/outputs_webcam_median/S30/S30_E0I131D0.arff,saccade,median,3,5,2,45.93333333333334,37.96,-7.973333333333336,8.429313930168533,9.290209900750359,0.8608959705818258
S30,S30_E0I132D0,data/outputs_webcam_median/S30/S30_E0I132D0.arff,fixation,median,10,9,-1,155.19,169.92222222222222,14.73222222222222,70.76933501014248,84.57889479323104,13.80955978308856
S30,S30_E0I132D0,data/outputs_webcam_median/S30/S30_E0I132D0.arff,saccade,median,8,8,0,33.550000000000004,38.2125,4.662499999999994,10.860413041342923,9.93254930590761,-0.927863735435313
S30,S30_E0I133D0,data/outputs_webcam_median/S30/S30_E0I133D0.arff,fixation,median,8,8,0,103.71249999999999,122.19999999999999,18.487499999999997,37.497140367157144,85.24653323491478,47.749392867757635
S30,S30_E0I133D0,data/outputs_webcam_median/S30/S30_E0I133D0.arff,saccade,median,6,6,0,37.51666666666667,32.76666666666667,-4.75,8.321398119707208,11.726835321887432,3.4054372021802237
S30,S30_E0I134D0,data/outputs_webcam_median/S30/S30_E0I134D0.arff,fixation,median,7,6,-1,162.91428571428568,199.73333333333335,36.819047619047666,107.15825413178132,109.10808708187797,1.9498329500966491
S30,S30_E0I134D0,data/outputs_webcam_median/S30/S30_E0I134D0.arff,saccade,median,5,5,0,33.28,47.459999999999994,14.179999999999993,21.303919827111628,20.538816908478445,-0.7651029186331826
S30,S30_E0I135D0,data/outputs_webcam_median/S30/S30_E0I135D0.arff,fixation,median,6,5,-1,142.31666666666666,167.88,25.563333333333333,68.25863803700354,109.63588372426247,41.377245687258934
S30,S30_E0I135D0,data/outputs_webcam_median/S30/S30_E0I135D0.arff,saccade,median,4,5,1,22.125,41.959999999999994,19.834999999999994,8.25,14.591881304341806,6.341881304341806
S30,S30_E0I136D0,data/outputs_webcam_median/S30/S30_E0I136D0.arff,fixation,median,5,6,1,146.62000000000003,134.16666666666666,-12.453333333333376,47.037400013181006,71.11977690253723,24.08237688935622
S30,S30_E0I136D0,data/outputs_webcam_median/S30/S30_E0I136D0.arff,saccade,median,4,5,1,52.175000000000004,38.88000000000001,-13.294999999999995,47.93456477324061,18.708474015803645,-29.226090757436964
S30,S30_E0I137D0,data/outputs_webcam_median/S30/S30_E0I137D0.arff,fixation,median,4,4,0,262.325,246.075,-16.25,281.221980826535,282.40088969406594,1.1789088675309358
S30,S30_E0I137D0,data/outputs_webcam_median/S30/S30_E0I137D0.arff,saccade,median,3,3,0,26.883333333333336,31.583333333333332,4.699999999999996,10.789501069712786,3.79780638439262,-6.991694685320166
S30,S30_E0I138D0,data/outputs_webcam_median/S30/S30_E0I138D0.arff,fixation,median,5,4,-1,115.2,138.52499999999998,23.324999999999974,48.54848092371171,36.10054247053174,-12.447938453179965
S30,S30_E0I138D0,data/outputs_webcam_median/S30/S30_E0I138D0.arff,saccade,median,4,4,0,43.675,43.375,-0.29999999999999716,27.532934823589002,17.339622256554495,-10.193312567034507
S30,S30_E0I139D0,data/outputs_webcam_median/S30/S30_E0I139D0.arff,fixation,median,6,6,0,129.16666666666666,136.68333333333334,7.51666666666668,56.915610043876946,70.27046084000493,13.354850796127984
S30,S30_E0I139D0,data/outputs_webcam_median/S30/S30_E0I139D0.arff,saccade,median,5,6,1,30.46,34.050000000000004,3.5900000000000034,16.15481352414815,12.758173850516382,-3.3966396736317677
S30,S30_E0I140D0,data/outputs_webcam_median/S30/S30_E0I140D0.arff,fixation,median,7,7,0,164.1,178.3142857142857,14.214285714285694,64.99766662478483,50.40315560793882,-14.594511016846006
S30,S30_E0I140D0,data/outputs_webcam_median/S30/S30_E0I140D0.arff,saccade,median,5,6,1,34.14,34.28333333333333,0.14333333333333087,14.413812819653236,7.466302074431938,-6.947510745221298
S31,S31_E0I101D0,data/outputs_webcam_median/S31/S31_E0I101D0.arff,fixation,median,3,3,0,249.33333333333334,249.13333333333335,-0.19999999999998863,153.52662092722986,173.3361570282823,19.80953610105243
S31,S31_E0I101D0,data/outputs_webcam_median/S31/S31_E0I101D0.arff,saccade,median,2,2,0,29.75,30.6,0.8500000000000014,20.57680733252853,0.141421356237309,-20.435385976291222
S31,S31_E0I102D0,data/outputs_webcam_median/S31/S31_E0I102D0.arff,fixation,median,5,5,0,271.64,268.65999999999997,-2.980000000000018,178.84009058373908,180.2860033391389,1.445912755399803
S31,S31_E0I102D0,data/outputs_webcam_median/S31/S31_E0I102D0.arff,saccade,median,4,4,0,35.4,39.225,3.825000000000003,6.593936608733813,10.640606185739607,4.046669577005794
S31,S31_E0I103D0,data/outputs_webcam_median/S31/S31_E0I103D0.arff,fixation,median,4,4,0,191.75,202.82500000000002,11.075000000000017,133.1731829861653,129.85287508047972,-3.3203079056855813
S31,S31_E0I103D0,data/outputs_webcam_median/S31/S31_E0I103D0.arff,saccade,median,3,3,0,46.0,53.13333333333333,7.133333333333333,14.992331373072036,19.343560513342243,4.351229140270208
S31,S31_E0I104D0,data/outputs_webcam_median/S31/S31_E0I104D0.arff,fixation,median,6,5,-1,174.30000000000004,221.6,47.299999999999955,92.06921309536645,92.06351068691656,-0.005702408449892005
S31,S31_E0I104D0,data/outputs_webcam_median/S31/S31_E0I104D0.arff,saccade,median,5,4,-1,25.32,40.475,15.155000000000001,16.233822716784854,12.44357263811322,-3.790250078671633
S31,S31_E0I105D0,data/outputs_webcam_median/S31/S31_E0I105D0.arff,fixation,median,8,7,-1,112.95,155.62142857142857,42.671428571428564,55.128473327569765,70.86460598177612,15.736132654206358
S31,S31_E0I105D0,data/outputs_webcam_median/S31/S31_E0I105D0.arff,saccade,median,7,6,-1,33.56428571428572,40.416666666666664,6.852380952380948,12.232392593905274,9.245251033188156,-2.9871415607171183
S31,S31_E0I106D0,data/outputs_webcam_median/S31/S31_E0I106D0.arff,fixation,median,5,5,0,285.30000000000007,289.52000000000004,4.21999999999997,99.86070298170347,104.1888765655912,4.328173583887732
S31,S31_E0I106D0,data/outputs_webcam_median/S31/S31_E0I106D0.arff,saccade,median,4,4,0,29.725,29.875,0.14999999999999858,0.35939764421413056,0.09574271077563332,-0.2636549334384972
S31,S31_E0I107D0,data/outputs_webcam_median/S31/S31_E0I107D0.arff,fixation,median,6,6,0,168.66666666666666,186.0833333333333,17.41666666666663,46.551376635569724,47.83816119654544,1.2867845609757183
S31,S31_E0I107D0,data/outputs_webcam_median/S31/S31_E0I107D0.arff,saccade,median,6,5,-1,39.9,45.00000000000001,5.1000000000000085,12.902867898261997,5.43966910758366,-7.463198790678337
S31,S31_E0I108D0,data/outputs_webcam_median/S31/S31_E0I108D0.arff,fixation,median,7,6,-1,148.22857142857143,163.08333333333334,14.854761904761915,133.87481359197372,137.35790354641654,3.4830899544428178
S31,S31_E0I108D0,data/outputs_webcam_median/S31/S31_E0I108D0.arff,saccade,median,6,5,-1,28.36666666666667,40.12,11.753333333333327,7.157839525070862,16.269818683685447,9.111979158614584
S31,S31_E0I109D0,data/outputs_webcam_median/S31/S31_E0I109D0.arff,fixation,median,4,4,0,235.325,248.3,12.975000000000023,168.12129301985124,185.09158994040402,16.970296920552784
S31,S31_E0I109D0,data/outputs_webcam_median/S31/S31_E0I109D0.arff,saccade,median,3,3,0,34.78333333333333,49.449999999999996,14.666666666666664,17.008919228843826,16.974097914174997,-0.03482131466882876
S31,S31_E0I110D0,data/outputs_webcam_median/S31/S31_E0I110D0.arff,fixation,median,7,7,0,104.8,124.18571428571431,19.385714285714315,59.40266548452743,42.49131003595239,-16.911355448575044
S31,S31_E0I110D0,data/outputs_webcam_median/S31/S31_E0I110D0.arff,saccade,median,6,6,0,32.349999999999994,35.849999999999994,3.5,14.271475046399372,13.229777020040814,-1.0416980263585582
S31,S31_E0I111D0,data/outputs_webcam_median/S31/S31_E0I111D0.arff,fixation,median,6,5,-1,131.06666666666663,167.45999999999998,36.393333333333345,59.43566830335693,20.05574730594699,-39.37992099740994
S31,S31_E0I111D0,data/outputs_webcam_median/S31/S31_E0I111D0.arff,saccade,median,5,4,-1,45.5,30.625,-14.875,10.33247308247159,0.24999999999999906,-10.082473082471592
S31,S31_E0I112D0,data/outputs_webcam_median/S31/S31_E0I112D0.arff,fixation,median,5,5,0,171.57999999999998,171.56,-0.01999999999998181,62.23019363620845,61.9312764279891,-0.2989172082193505
S31,S31_E0I112D0,data/outputs_webcam_median/S31/S31_E0I112D0.arff,saccade,median,4,4,0,39.0,51.599999999999994,12.599999999999994,16.28639514032085,12.7559136612527,-3.5304814790681487
S31,S31_E0I113D0,data/outputs_webcam_median/S31/S31_E0I113D0.arff,fixation,median,6,6,0,133.15,137.8,4.650000000000006,50.53599707139457,28.91179690022742,-21.62420017116715
S31,S31_E0I113D0,data/outputs_webcam_median/S31/S31_E0I113D0.arff,saccade,median,5,5,0,28.339999999999996,39.779999999999994,11.439999999999998,7.876103097344523,9.5891605472012,1.7130574498566764
S31,S31_E0I114D0,data/outputs_webcam_median/S31/S31_E0I114D0.arff,fixation,median,7,7,0,166.31428571428572,171.6,5.285714285714278,88.02032773875644,68.47654099519534,-19.5437867435611
S31,S31_E0I114D0,data/outputs_webcam_median/S31/S31_E0I114D0.arff,saccade,median,6,5,-1,33.833333333333336,46.32000000000001,12.486666666666672,11.551565550464002,12.60900471885073,1.057439168386729
S31,S31_E0I115D0,data/outputs_webcam_median/S31/S31_E0I115D0.arff,fixation,median,5,5,0,170.12,181.92,11.799999999999983,62.49105535994731,50.69632136555867,-11.794733994388643
S31,S31_E0I115D0,data/outputs_webcam_median/S31/S31_E0I115D0.arff,saccade,median,5,4,-1,30.160000000000004,47.300000000000004,17.14,10.195243989233411,13.862900129482284,3.667656140248873
S31,S31_E0I116D0,data/outputs_webcam_median/S31/S31_E0I116D0.arff,fixation,median,5,5,0,144.78,150.58,5.800000000000011,49.61277053340198,38.178226779147295,-11.434543754254683
S31,S31_E0I116D0,data/outputs_webcam_median/S31/S31_E0I116D0.arff,saccade,median,4,4,0,37.725,35.95,-1.7749999999999986,6.466000824827249,7.545638917061078,1.0796380922338287
S31,S31_E0I117D0,data/outputs_webcam_median/S31/S31_E0I117D0.arff,fixation,median,6,6,0,169.6,174.66666666666666,5.066666666666663,104.08823180360017,96.7864591080109,-7.301772695589264
S31,S31_E0I117D0,data/outputs_webcam_median/S31/S31_E0I117D0.arff,saccade,median,5,5,0,33.18,39.06,5.880000000000003,6.781740189656338,13.39656672435143,6.6148265346950925
S31,S31_E0I118D0,data/outputs_webcam_median/S31/S31_E0I118D0.arff,fixation,median,6,6,0,172.75,181.33333333333334,8.583333333333343,64.24798051300913,59.42035565920712,-4.827624853802007
S31,S31_E0I118D0,data/outputs_webcam_median/S31/S31_E0I118D0.arff,saccade,median,5,5,0,33.0,42.32000000000001,9.320000000000007,12.194875973129042,12.653932195171585,0.4590562220425429
S31,S31_E0I119D0,data/outputs_webcam_median/S31/S31_E0I119D0.arff,fixation,median,8,8,0,134.3625,139.9625,5.599999999999994,78.85897788366992,75.91943921025762,-2.939538673412301
S31,S31_E0I119D0,data/outputs_webcam_median/S31/S31_E0I119D0.arff,saccade,median,6,7,1,30.05,36.17857142857142,6.128571428571423,13.351554216644592,10.340327893852349,-3.0112263227922433
S31,S31_E0I120D0,data/outputs_webcam_median/S31/S31_E0I120D0.arff,fixation,median,6,5,-1,156.63333333333333,193.50000000000003,36.8666666666667,73.38069682598187,34.5220943744727,-38.85860245150917
S31,S31_E0I120D0,data/outputs_webcam_median/S31/S31_E0I120D0.arff,saccade,median,5,6,1,40.38,31.166666666666668,-9.213333333333335,6.621329171699592,9.83863134113006,3.217302169430469
S31,S31_E0I121D0,data/outputs_webcam_median/S31/S31_E0I121D0.arff,fixation,median,6,5,-1,203.41666666666666,269.3,65.88333333333335,173.71396508820663,182.55319772603275,8.839232637826115
S31,S31_E0I121D0,data/outputs_webcam_median/S31/S31_E0I121D0.arff,saccade,median,5,4,-1,46.8,43.35,-3.4499999999999957,37.836292101631734,9.130717386930778,-28.70557471470096
S31,S31_E0I122D0,data/outputs_webcam_median/S31/S31_E0I122D0.arff,fixation,median,7,5,-2,116.3714285714286,150.6,34.2285714285714,77.80849812811182,59.91039141918537,-17.89810670892645
S31,S31_E0I122D0,data/outputs_webcam_median/S31/S31_E0I122D0.arff,saccade,median,5,4,-1,32.7,35.199999999999996,2.499999999999993,13.381330277666716,6.835690650304961,-6.545639627361756
S31,S31_E0I123D0,data/outputs_webcam_median/S31/S31_E0I123D0.arff,fixation,median,8,7,-1,146.33749999999998,181.0142857142857,34.67678571428573,61.765453531889484,45.41583529164795,-16.349618240241533
S31,S31_E0I123D0,data/outputs_webcam_median/S31/S31_E0I123D0.arff,saccade,median,7,6,-1,28.24285714285714,42.68333333333334,14.440476190476197,13.756314567361073,13.98776846629464,0.23145389893356594
S31,S31_E0I124D0,data/outputs_webcam_median/S31/S31_E0I124D0.arff,fixation,median,5,3,-2,121.64000000000001,207.16666666666666,85.52666666666664,68.25659675079032,93.80875936357614,25.55216261278582
S31,S31_E0I124D0,data/outputs_webcam_median/S31/S31_E0I124D0.arff,saccade,median,4,3,-1,24.375,57.03333333333333,32.65833333333333,10.90210224375709,46.30359957209951,35.401497328342415
S31,S31_E0I125D0,data/outputs_webcam_median/S31/S31_E0I125D0.arff,fixation,median,12,11,-1,125.66666666666667,146.20000000000002,20.533333333333346,64.59255984924879,62.79111402101415,-1.801445828234634
S31,S31_E0I125D0,data/outputs_webcam_median/S31/S31_E0I125D0.arff,saccade,median,10,11,1,28.369999999999997,44.74545454545455,16.375454545454552,15.111662163155096,14.913575267947229,-0.19808689520786693
S31,S31_E0I126D0,data/outputs_webcam_median/S31/S31_E0I126D0.arff,fixation,median,8,7,-1,171.2625,207.3714285714286,36.108928571428606,75.56643127549617,103.22126257520323,27.654831299707055
S31,S31_E0I126D0,data/outputs_webcam_median/S31/S31_E0I126D0.arff,saccade,median,7,6,-1,39.25714285714286,47.25,7.99285714285714,11.863368990700907,11.631981774401126,-0.23138721629978143
S31,S31_E0I128D0,data/outputs_webcam_median/S31/S31_E0I128D0.arff,fixation,median,5,5,0,178.8,185.84,7.039999999999992,76.90728183988821,81.66071883102671,4.7534369911385
S31,S31_E0I128D0,data/outputs_webcam_median/S31/S31_E0I128D0.arff,saccade,median,4,4,0,26.400000000000002,39.275,12.874999999999996,7.4828693248869005,6.9815829150701925,-0.501286409816708
S31,S31_E0I129D0,data/outputs_webcam_median/S31/S31_E0I129D0.arff,fixation,median,5,4,-1,138.48000000000002,169.0,30.519999999999982,100.22675291557638,64.52601542530475,-35.700737490271635
S31,S31_E0I129D0,data/outputs_webcam_median/S31/S31_E0I129D0.arff,saccade,median,4,3,-1,39.474999999999994,32.733333333333334,-6.74166666666666,7.527449767351489,18.927581285873092,11.400131518521604
S31,S31_E0I130D0,data/outputs_webcam_median/S31/S31_E0I130D0.arff,fixation,median,6,5,-1,132.8,183.07999999999998,50.27999999999997,63.79485872701656,53.96459024212079,-9.830268484895768
S31,S31_E0I130D0,data/outputs_webcam_median/S31/S31_E0I130D0.arff,saccade,median,5,4,-1,28.459999999999997,33.625,5.165000000000003,15.171123887174609,7.586116705315484,-7.585007181859125
S31,S31_E0I131D0,data/outputs_webcam_median/S31/S31_E0I131D0.arff,fixation,median,7,8,1,186.32857142857142,164.925,-21.40357142857141,47.21404149493786,69.0763914600557,21.862349965117843
S31,S31_E0I131D0,data/outputs_webcam_median/S31/S31_E0I131D0.arff,saccade,median,6,7,1,43.18333333333334,39.41428571428572,-3.769047619047619,16.77848821159602,17.014545597951244,0.236057386355224
S31,S31_E0I132D0,data/outputs_webcam_median/S31/S31_E0I132D0.arff,fixation,median,7,7,0,210.30714285714288,227.2357142857143,16.928571428571416,88.77144543043964,79.83429564983186,-8.937149780607783
S31,S31_E0I132D0,data/outputs_webcam_median/S31/S31_E0I132D0.arff,saccade,median,6,6,0,56.88333333333333,38.56666666666666,-18.31666666666667,20.23043911205752,13.46587043850737,-6.764568673550151
S31,S31_E0I133D0,data/outputs_webcam_median/S31/S31_E0I133D0.arff,fixation,median,6,7,1,142.51666666666668,126.62857142857142,-15.88809523809526,83.20717316834329,90.02212161992396,6.814948451580676
S31,S31_E0I133D0,data/outputs_webcam_median/S31/S31_E0I133D0.arff,saccade,median,6,6,0,32.4,38.45000000000001,6.050000000000011,10.714662850505377,11.752574186109186,1.037911335603809
S31,S31_E0I134D0,data/outputs_webcam_median/S31/S31_E0I134D0.arff,fixation,median,5,5,0,171.07000000000002,160.17,-10.900000000000034,44.53180885614236,49.099358447947154,4.5675495918047915
S31,S31_E0I134D0,data/outputs_webcam_median/S31/S31_E0I134D0.arff,saccade,median,4,4,0,35.75,37.575,1.8250000000000028,14.201173660417414,8.28547926596082,-5.915694394456594
S31,S31_E0I135D0,data/outputs_webcam_median/S31/S31_E0I135D0.arff,fixation,median,7,6,-1,148.27142857142854,188.86666666666667,40.59523809523813,87.67444922906016,110.39053703405318,22.716087804993023
S31,S31_E0I135D0,data/outputs_webcam_median/S31/S31_E0I135D0.arff,saccade,median,6,5,-1,33.583333333333336,38.48,4.896666666666661,19.77052519956581,15.972069371249297,-3.798455828316513
S31,S31_E0I136D0,data/outputs_webcam_median/S31/S31_E0I136D0.arff,fixation,median,7,6,-1,157.07142857142858,190.6,33.52857142857141,102.97685361746291,97.34856958373861,-5.628284033724299
S31,S31_E0I136D0,data/outputs_webcam_median/S31/S31_E0I136D0.arff,saccade,median,6,5,-1,25.149999999999995,43.5,18.350000000000005,7.794805962947378,10.073976374798583,2.2791704118512053
S31,S31_E0I137D0,data/outputs_webcam_median/S31/S31_E0I137D0.arff,fixation,median,5,5,0,152.82,181.16000000000003,28.340000000000032,46.23880405027795,35.118556348460565,-11.120247701817384
S31,S31_E0I137D0,data/outputs_webcam_median/S31/S31_E0I137D0.arff,saccade,median,4,4,0,35.55,30.45,-5.099999999999998,11.905880899790658,12.789709405090745,0.8838285053000874
S31,S31_E0I138D0,data/outputs_webcam_median/S31/S31_E0I138D0.arff,fixation,median,6,6,0,129.0666666666667,137.96666666666667,8.899999999999977,46.064592331493245,53.38916244582478,7.324570114331536
S31,S31_E0I138D0,data/outputs_webcam_median/S31/S31_E0I138D0.arff,saccade,median,5,6,1,40.12,28.38333333333333,-11.736666666666668,6.6721061142640705,7.185378672461645,0.5132725581975741
S31,S31_E0I139D0,data/outputs_webcam_median/S31/S31_E0I139D0.arff,fixation,median,5,5,0,201.02,211.21999999999997,10.19999999999996,60.30237972087006,64.46772060496633,4.165340884096274
S31,S31_E0I139D0,data/outputs_webcam_median/S31/S31_E0I139D0.arff,saccade,median,5,4,-1,36.72,34.55,-2.1700000000000017,13.673587678440505,8.301204731844651,-5.372382946595854
S31,S31_E0I140D0,data/outputs_webcam_median/S31/S31_E0I140D0.arff,fixation,median,7,7,0,153.42857142857142,156.8142857142857,3.385714285714272,44.92748654909428,39.172500072177705,-5.754986476916578
S31,S31_E0I140D0,data/outputs_webcam_median/S31/S31_E0I140D0.arff,saccade,median,6,6,0,40.800000000000004,39.75,-1.0500000000000043,22.07949274779654,14.488443670732893,-7.591049077063646
S32,S32_E0I101D0,data/outputs_webcam_median/S32/S32_E0I101D0.arff,fixation,median,4,5,1,211.825,153.26,-58.565,219.0630255580952,179.5447242332673,-39.51830132482792
S32,S32_E0I101D0,data/outputs_webcam_median/S32/S32_E0I101D0.arff,saccade,median,2,3,1,22.6,32.0,9.399999999999999,10.606601717798215,18.159570479501987,7.552968761703772
S32,S32_E0I102D0,data/outputs_webcam_median/S32/S32_E0I102D0.arff,fixation,median,7,7,0,203.68571428571428,203.59999999999997,-0.08571428571431738,107.70095060817597,104.77374034874705,-2.927210259428918
S32,S32_E0I102D0,data/outputs_webcam_median/S32/S32_E0I102D0.arff,saccade,median,5,8,3,26.859999999999996,30.075000000000003,3.215000000000007,12.420265697641092,13.800388193297835,1.3801224956567424
S32,S32_E0I103D0,data/outputs_webcam_median/S32/S32_E0I103D0.arff,fixation,median,6,7,1,123.36666666666667,114.0,-9.366666666666674,35.90842055377355,52.229844597381934,16.32142404360838
S32,S32_E0I103D0,data/outputs_webcam_median/S32/S32_E0I103D0.arff,saccade,median,4,5,1,40.825,40.18,-0.6450000000000031,17.504547028320005,10.908574608994524,-6.595972419325481
S32,S32_E0I104D0,data/outputs_webcam_median/S32/S32_E0I104D0.arff,fixation,median,4,5,1,239.92499999999998,185.92000000000002,-54.00499999999997,41.82912661451746,85.3694734668078,43.54034685229034
S32,S32_E0I104D0,data/outputs_webcam_median/S32/S32_E0I104D0.arff,saccade,median,3,3,0,29.566666666666666,54.43333333333334,24.86666666666667,14.300466192867045,10.856488075493534,-3.4439781173735113
S32,S32_E0I105D0,data/outputs_webcam_median/S32/S32_E0I105D0.arff,fixation,median,6,6,0,144.58333333333331,143.25,-1.3333333333333144,51.093146963821546,63.05793368006916,11.964786716247616
S32,S32_E0I105D0,data/outputs_webcam_median/S32/S32_E0I105D0.arff,saccade,median,4,5,1,32.125,42.239999999999995,10.114999999999995,12.935577554429745,18.91687077716608,5.981293222736333
S32,S32_E0I106D0,data/outputs_webcam_median/S32/S32_E0I106D0.arff,fixation,median,5,4,-1,151.82,193.45000000000002,41.630000000000024,88.10704852621042,68.90309620522626,-19.203952320984158
S32,S32_E0I106D0,data/outputs_webcam_median/S32/S32_E0I106D0.arff,saccade,median,4,3,-1,30.2,34.46666666666667,4.266666666666669,0.4242640687119284,8.516063253248728,8.0917991845368
S32,S32_E0I107D0,data/outputs_webcam_median/S32/S32_E0I107D0.arff,fixation,median,4,5,1,262.59999999999997,198.48,-64.11999999999998,142.0761063655673,155.00589343634647,12.929787070779156
S32,S32_E0I107D0,data/outputs_webcam_median/S32/S32_E0I107D0.arff,saccade,median,4,4,0,35.675,39.675,4.0,6.7830057250946405,11.054825492366067,4.271819767271427
S32,S32_E0I108D0,data/outputs_webcam_median/S32/S32_E0I108D0.arff,fixation,median,4,4,0,142.125,151.525,9.400000000000006,67.67798140212713,47.142929833998785,-20.535051568128345
S32,S32_E0I108D0,data/outputs_webcam_median/S32/S32_E0I108D0.arff,saccade,median,2,4,2,45.2,35.575,-9.625,0.49497474683058024,6.993032246457896,6.498057499627316
S32,S32_E0I109D0,data/outputs_webcam_median/S32/S32_E0I109D0.arff,fixation,median,5,5,0,339.12,326.0,-13.120000000000005,206.9352483266203,196.67689238952298,-10.25835593709732
S32,S32_E0I109D0,data/outputs_webcam_median/S32/S32_E0I109D0.arff,saccade,median,5,5,0,34.44,51.0,16.560000000000002,20.606261184407035,19.133347851330154,-1.4729133330768818
S32,S32_E0I110D0,data/outputs_webcam_median/S32/S32_E0I110D0.arff,fixation,median,6,5,-1,147.65,178.35999999999999,30.70999999999998,124.68072425198692,129.25437323355834,4.573648981571424
S32,S32_E0I110D0,data/outputs_webcam_median/S32/S32_E0I110D0.arff,saccade,median,4,3,-1,29.674999999999997,44.300000000000004,14.625000000000007,17.923239104581516,7.408103670980853,-10.515135433600662
S32,S32_E0I111D0,data/outputs_webcam_median/S32/S32_E0I111D0.arff,fixation,median,6,6,0,158.18333333333334,165.78333333333333,7.599999999999994,71.41443598227649,54.90790167787025,-16.506534304406237
S32,S32_E0I111D0,data/outputs_webcam_median/S32/S32_E0I111D0.arff,saccade,median,4,4,0,43.075,44.5,1.4249999999999972,16.942525392239098,17.879783742167202,0.9372583499281042
S32,S32_E0I112D0,data/outputs_webcam_median/S32/S32_E0I112D0.arff,fixation,median,8,8,0,188.1125,193.85,5.737499999999983,116.68446386363034,97.613611463039,-19.070852400591335
S32,S32_E0I112D0,data/outputs_webcam_median/S32/S32_E0I112D0.arff,saccade,median,7,6,-1,42.74285714285714,43.916666666666664,1.173809523809524,17.801952808878127,7.148822746905021,-10.653130061973105
S32,S32_E0I113D0,data/outputs_webcam_median/S32/S32_E0I113D0.arff,fixation,median,6,7,1,224.7833333333333,199.35714285714286,-25.426190476190442,227.014478980233,212.07852992970047,-14.935949050532543
S32,S32_E0I113D0,data/outputs_webcam_median/S32/S32_E0I113D0.arff,saccade,median,4,5,1,40.8,48.839999999999996,8.04,7.487322618933952,19.868895288867975,12.381572669934023
S32,S32_E0I114D0,data/outputs_webcam_median/S32/S32_E0I114D0.arff,fixation,median,6,6,0,188.43333333333337,176.0666666666667,-12.366666666666674,67.66853527797589,72.89923639289144,5.230701114915547
S32,S32_E0I114D0,data/outputs_webcam_median/S32/S32_E0I114D0.arff,saccade,median,4,4,0,44.725,45.150000000000006,0.42500000000000426,16.715137849665894,12.011799754130658,-4.703338095535235
S32,S32_E0I115D0,data/outputs_webcam_median/S32/S32_E0I115D0.arff,fixation,median,8,11,3,215.2625,146.63636363636363,-68.62613636363636,118.13719551557719,134.37094382884473,16.23374831326754
S32,S32_E0I115D0,data/outputs_webcam_median/S32/S32_E0I115D0.arff,saccade,median,4,11,7,33.575,40.727272727272734,7.152272727272731,14.247192705933333,24.162412582732333,9.915219876799
S32,S32_E0I116D0,data/outputs_webcam_median/S32/S32_E0I116D0.arff,fixation,median,4,5,1,283.2,231.32,-51.879999999999995,219.19645678401525,216.52389475529023,-2.672562028725025
S32,S32_E0I116D0,data/outputs_webcam_median/S32/S32_E0I116D0.arff,saccade,median,2,4,2,22.45,43.3,20.849999999999998,10.39446968344225,9.831242715615016,-0.5632269678272337
S32,S32_E0I117D0,data/outputs_webcam_median/S32/S32_E0I117D0.arff,fixation,median,8,8,0,278.3125,278.6875,0.375,101.87056826469276,118.55705603511875,16.686487770425984
S32,S32_E0I117D0,data/outputs_webcam_median/S32/S32_E0I117D0.arff,saccade,median,7,7,0,41.528571428571425,50.34285714285714,8.814285714285717,17.95083231920963,12.356220719790922,-5.594611599418709
S32,S32_E0I118D0,data/outputs_webcam_median/S32/S32_E0I118D0.arff,fixation,median,5,5,0,195.9,191.24,-4.659999999999997,75.36176086053192,56.22021878292542,-19.141542077606495
S32,S32_E0I118D0,data/outputs_webcam_median/S32/S32_E0I118D0.arff,saccade,median,3,5,2,29.833333333333332,37.0,7.166666666666668,0.20816659994661224,14.84941076272052,14.641244162773908
S32,S32_E0I119D0,data/outputs_webcam_median/S32/S32_E0I119D0.arff,fixation,median,5,5,0,218.56000000000003,203.72,-14.840000000000032,95.03890256100394,88.8310306143073,-6.207871946696642
S32,S32_E0I119D0,data/outputs_webcam_median/S32/S32_E0I119D0.arff,saccade,median,3,4,1,34.800000000000004,46.925,12.124999999999993,17.062532051251946,15.43791328731531,-1.6246187639366365
S32,S32_E0I120D0,data/outputs_webcam_median/S32/S32_E0I120D0.arff,fixation,median,5,4,-1,137.10000000000002,175.00000000000003,37.900000000000006,66.30607061197338,45.07845013603138,-21.227620475942004
S32,S32_E0I120D0,data/outputs_webcam_median/S32/S32_E0I120D0.arff,saccade,median,2,4,2,36.8,41.25,4.450000000000003,9.333809511662427,7.515539457240134,-1.8182700544222925
S32,S32_E0I121D0,data/outputs_webcam_median/S32/S32_E0I121D0.arff,fixation,median,6,6,0,165.9333333333333,160.95000000000002,-4.983333333333292,60.9638144038467,45.4769721947273,-15.486842209119395
S32,S32_E0I121D0,data/outputs_webcam_median/S32/S32_E0I121D0.arff,saccade,median,4,6,2,27.625,54.0,26.375,17.274330667206762,20.188115315699978,2.913784648493216
S32,S32_E0I122D0,data/outputs_webcam_median/S32/S32_E0I122D0.arff,fixation,median,4,4,0,220.375,207.375,-13.0,118.98115747181707,100.9748277212362,-18.006329750580875
S32,S32_E0I122D0,data/outputs_webcam_median/S32/S32_E0I122D0.arff,saccade,median,2,4,2,37.4,34.05,-3.3500000000000014,11.313708498984761,14.328875275703485,3.015166776718724
S32,S32_E0I123D0,data/outputs_webcam_median/S32/S32_E0I123D0.arff,fixation,median,5,6,1,246.68,198.03333333333333,-48.646666666666675,211.89471914136982,213.70799392317235,1.8132747818025337
S32,S32_E0I123D0,data/outputs_webcam_median/S32/S32_E0I123D0.arff,saccade,median,3,6,3,40.46666666666667,31.133333333333336,-9.333333333333332,9.174057626444982,15.194428803567007,6.0203711771220245
S32,S32_E0I124D0,data/outputs_webcam_median/S32/S32_E0I124D0.arff,fixation,median,6,6,0,196.2166666666667,196.10000000000002,-0.11666666666667425,152.2718282108239,162.37024357929627,10.09841536847236
S32,S32_E0I124D0,data/outputs_webcam_median/S32/S32_E0I124D0.arff,saccade,median,5,5,0,41.86,43.160000000000004,1.3000000000000043,16.437548479015962,7.8264295818719285,-8.611118897144035
S32,S32_E0I125D0,data/outputs_webcam_median/S32/S32_E0I125D0.arff,fixation,median,8,9,1,150.2625,138.47777777777776,-11.784722222222229,70.15887964368547,71.18552833578215,1.0266486920966855
S32,S32_E0I125D0,data/outputs_webcam_median/S32/S32_E0I125D0.arff,saccade,median,5,7,2,46.06,42.5,-3.5600000000000023,11.168169053161757,9.384206590507977,-1.7839624626537791
S32,S32_E0I126D0,data/outputs_webcam_median/S32/S32_E0I126D0.arff,fixation,median,7,8,1,159.84285714285713,143.5125,-16.33035714285714,53.86040156871147,79.8714223433066,26.01102077459514
S32,S32_E0I126D0,data/outputs_webcam_median/S32/S32_E0I126D0.arff,saccade,median,6,8,2,35.06666666666667,32.5625,-2.50416666666667,7.456719564705827,5.644703585789831,-1.812015978915996
S32,S32_E0I128D0,data/outputs_webcam_median/S32/S32_E0I128D0.arff,fixation,median,8,8,0,291.225,272.38750000000005,-18.837499999999977,162.3360337606622,160.39376045487913,-1.9422733057830612
S32,S32_E0I128D0,data/outputs_webcam_median/S32/S32_E0I128D0.arff,saccade,median,6,9,3,28.28333333333333,45.44444444444444,17.16111111111111,11.561559871689749,14.589303539846506,3.0277436681567576
S32,S32_E0I129D0,data/outputs_webcam_median/S32/S32_E0I129D0.arff,fixation,median,5,6,1,93.97999999999999,104.95,10.970000000000013,70.25302128734393,70.51841603439487,0.2653947470509479
S32,S32_E0I129D0,data/outputs_webcam_median/S32/S32_E0I129D0.arff,saccade,median,2,5,3,22.55,37.760000000000005,15.210000000000004,10.535891039679559,18.69874327327909,8.16285223359953
S32,S32_E0I130D0,data/outputs_webcam_median/S32/S32_E0I130D0.arff,fixation,median,4,4,0,262.45000000000005,253.25,-9.200000000000045,137.54282969315412,131.56586436711717,-5.976965326036947
S32,S32_E0I130D0,data/outputs_webcam_median/S32/S32_E0I130D0.arff,saccade,median,3,3,0,32.699999999999996,42.5,9.800000000000004,3.7242448899072143,11.20535586226515,7.4811109723579365
S32,S32_E0I131D0,data/outputs_webcam_median/S32/S32_E0I131D0.arff,fixation,median,7,8,1,169.8857142857143,161.9125,-7.973214285714306,75.59068347734018,77.66956450244845,2.0788810251082737
S32,S32_E0I131D0,data/outputs_webcam_median/S32/S32_E0I131D0.arff,saccade,median,5,8,3,34.279999999999994,29.025,-5.2549999999999955,17.811007832236783,14.030858847554558,-3.7801489846822243
S32,S32_E0I132D0,data/outputs_webcam_median/S32/S32_E0I132D0.arff,fixation,median,4,5,1,167.42499999999998,123.84,-43.58499999999998,33.16296880558193,62.224657492026424,29.06168868644449
S32,S32_E0I132D0,data/outputs_webcam_median/S32/S32_E0I132D0.arff,saccade,median,3,3,0,34.63333333333333,49.699999999999996,15.066666666666663,8.297188278768498,3.7509998667022098,-4.5461884120662885
S32,S32_E0I133D0,data/outputs_webcam_median/S32/S32_E0I133D0.arff,fixation,median,7,5,-2,246.02857142857147,281.76,35.73142857142852,139.167114342023,265.53377939539064,126.36666505336763
S32,S32_E0I133D0,data/outputs_webcam_median/S32/S32_E0I133D0.arff,saccade,median,5,5,0,34.519999999999996,37.0,2.480000000000004,14.691562204204153,16.090991268408544,1.3994290642043907
S32,S32_E0I134D0,data/outputs_webcam_median/S32/S32_E0I134D0.arff,fixation,median,5,5,0,200.38,191.5,-8.879999999999995,139.71394704896142,139.21772516457807,-0.49622188438334547
S32,S32_E0I134D0,data/outputs_webcam_median/S32/S32_E0I134D0.arff,saccade,median,3,5,2,39.76666666666667,45.08,5.3133333333333255,8.565823564219224,16.028630633962468,7.462807069743244
S32,S32_E0I135D0,data/outputs_webcam_median/S32/S32_E0I135D0.arff,fixation,median,2,3,1,497.05,357.84999999999997,-139.20000000000005,94.32804461028542,214.96448543887428,120.63644082858886
S32,S32_E0I135D0,data/outputs_webcam_median/S32/S32_E0I135D0.arff,saccade,median,1,1,0,45.55,60.05,14.5,0.0,0.0,0.0
S32,S32_E0I136D0,data/outputs_webcam_median/S32/S32_E0I136D0.arff,fixation,median,9,9,0,239.11111111111111,219.82222222222222,-19.28888888888889,69.3303765395163,71.74264383506119,2.4122672955448934
S32,S32_E0I136D0,data/outputs_webcam_median/S32/S32_E0I136D0.arff,saccade,median,7,9,2,38.24285714285714,40.77777777777778,2.5349206349206383,14.512851447694802,19.9803514594825,5.467500011787697
S32,S32_E0I137D0,data/outputs_webcam_median/S32/S32_E0I137D0.arff,fixation,median,2,3,1,465.95000000000005,303.53333333333336,-162.41666666666669,425.183307527471,361.5872554907506,-63.59605203672044
S32,S32_E0I137D0,data/outputs_webcam_median/S32/S32_E0I137D0.arff,saccade,median,1,1,0,15.1,60.4,45.3,0.0,0.0,0.0
S32,S32_E0I138D0,data/outputs_webcam_median/S32/S32_E0I138D0.arff,fixation,median,7,7,0,147.34285714285716,138.84285714285713,-8.500000000000028,77.63686532275023,73.49800126858003,-4.138864054170199
S32,S32_E0I138D0,data/outputs_webcam_median/S32/S32_E0I138D0.arff,saccade,median,4,9,5,30.275,36.93333333333333,6.658333333333331,12.289121205358828,14.377586723786436,2.0884655184276077
S32,S32_E0I139D0,data/outputs_webcam_median/S32/S32_E0I139D0.arff,fixation,median,5,6,1,177.74,132.01666666666668,-45.72333333333333,43.818865800018145,68.69367996159959,24.87481416158144
S32,S32_E0I139D0,data/outputs_webcam_median/S32/S32_E0I139D0.arff,saccade,median,3,4,1,37.46666666666666,41.275,3.808333333333337,7.005949852327899,18.016728337853127,11.010778485525229
S32,S32_E0I140D0,data/outputs_webcam_median/S32/S32_E0I140D0.arff,fixation,median,6,6,0,142.36666666666667,136.23333333333335,-6.133333333333326,94.42606984655599,81.30494859888091,-13.121121247675077
S32,S32_E0I140D0,data/outputs_webcam_median/S32/S32_E0I140D0.arff,saccade,median,4,5,1,27.975,40.28,12.305,17.405434974934312,14.5026549293569,-2.902780045577412
S33,S33_E0I101D0,data/outputs_webcam_median/S33/S33_E0I101D0.arff,fixation,median,7,5,-2,155.4857142857143,247.82,92.3342857142857,87.80631011059567,115.64178310628039,27.83547299568471
S33,S33_E0I101D0,data/outputs_webcam_median/S33/S33_E0I101D0.arff,saccade,median,5,3,-2,28.959999999999997,40.46666666666667,11.506666666666671,14.350714267938026,11.021040483245372,-3.3296737846926536
S33,S33_E0I102D0,data/outputs_webcam_median/S33/S33_E0I102D0.arff,fixation,median,9,8,-1,161.08888888888887,124.6375,-36.45138888888887,122.94073210743099,141.8890707308253,18.948338623394307
S33,S33_E0I102D0,data/outputs_webcam_median/S33/S33_E0I102D0.arff,saccade,median,7,4,-3,28.97142857142857,29.0,0.02857142857142847,8.20156779437409,11.966341685466503,3.7647738910924122
S33,S33_E0I103D0,data/outputs_webcam_median/S33/S33_E0I103D0.arff,fixation,median,6,4,-2,209.61666666666667,342.475,132.85833333333335,127.23655790167646,284.9593465157208,157.72278861404436
S33,S33_E0I103D0,data/outputs_webcam_median/S33/S33_E0I103D0.arff,saccade,median,4,2,-2,32.175,43.05,10.875,13.730106821628642,0.07071067811865576,-13.659396143509985
S33,S33_E0I104D0,data/outputs_webcam_median/S33/S33_E0I104D0.arff,fixation,median,6,6,0,140.41666666666666,155.80000000000004,15.383333333333383,84.5104352530897,93.56232147611559,9.051886223025889
S33,S33_E0I104D0,data/outputs_webcam_median/S33/S33_E0I104D0.arff,saccade,median,4,4,0,34.2,37.625,3.424999999999997,6.4791974811700275,9.32179346120334,2.8425959800333125
S33,S33_E0I105D0,data/outputs_webcam_median/S33/S33_E0I105D0.arff,fixation,median,5,4,-1,309.18,398.95000000000005,89.77000000000004,292.8624199176125,321.4698897253054,28.607469807692894
S33,S33_E0I105D0,data/outputs_webcam_median/S33/S33_E0I105D0.arff,saccade,median,5,4,-1,45.1,34.55,-10.550000000000004,20.78677464158401,15.699363044404063,-5.087411597179948
S33,S33_E0I106D0,data/outputs_webcam_median/S33/S33_E0I106D0.arff,fixation,median,8,7,-1,145.78750000000002,196.14285714285714,50.355357142857116,61.89007392142944,112.74519734254548,50.85512342111604
S33,S33_E0I106D0,data/outputs_webcam_median/S33/S33_E0I106D0.arff,saccade,median,6,5,-1,35.300000000000004,40.88,5.579999999999998,13.202878474029818,12.037732344590488,-1.1651461294393304
S33,S33_E0I107D0,data/outputs_webcam_median/S33/S33_E0I107D0.arff,fixation,median,6,4,-2,244.39999999999998,389.79999999999995,145.39999999999998,166.45489479135182,260.9807783471163,94.5258835557645
S33,S33_E0I107D0,data/outputs_webcam_median/S33/S33_E0I107D0.arff,saccade,median,5,3,-2,30.8,34.26666666666667,3.466666666666672,3.417601498127012,4.6479386111838155,1.2303371130568035
S33,S33_E0I108D0,data/outputs_webcam_median/S33/S33_E0I108D0.arff,fixation,median,8,6,-2,164.1375,243.95000000000002,79.81250000000003,90.21390354516947,120.80862138109181,30.59471783592234
S33,S33_E0I108D0,data/outputs_webcam_median/S33/S33_E0I108D0.arff,saccade,median,7,5,-2,33.49999999999999,35.18,1.6800000000000068,13.970325694127535,8.09981481269788,-5.870510881429654
S33,S33_E0I109D0,data/outputs_webcam_median/S33/S33_E0I109D0.arff,fixation,median,8,7,-1,262.17499999999995,296.42857142857144,34.25357142857149,193.46137119036746,290.9433605491265,97.48198935875905
S33,S33_E0I109D0,data/outputs_webcam_median/S33/S33_E0I109D0.arff,saccade,median,6,5,-1,27.766666666666666,45.12,17.35333333333333,19.651022026008384,16.753716005710494,-2.89730602029789
S33,S33_E0I110D0,data/outputs_webcam_median/S33/S33_E0I110D0.arff,fixation,median,7,5,-2,150.72857142857143,244.58,93.85142857142858,94.31554686769505,142.95150226562853,48.635955397933486
S33,S33_E0I110D0,data/outputs_webcam_median/S33/S33_E0I110D0.arff,saccade,median,5,3,-2,29.1,34.03333333333333,4.93333333333333,10.290529626797642,7.8526004185450144,-2.437929208252628
S33,S33_E0I111D0,data/outputs_webcam_median/S33/S33_E0I111D0.arff,fixation,median,7,5,-2,200.0142857142857,302.56,102.5457142857143,172.0640813628402,200.6775348662625,28.613453503422306
S33,S33_E0I111D0,data/outputs_webcam_median/S33/S33_E0I111D0.arff,saccade,median,6,4,-2,33.25000000000001,30.5,-2.750000000000007,11.587536407709795,12.337206599010436,0.7496701913006412
S33,S33_E0I112D0,data/outputs_webcam_median/S33/S33_E0I112D0.arff,fixation,median,9,5,-4,149.64444444444445,290.78,141.13555555555553,55.54277880857041,165.42687810631017,109.88409929773977
S33,S33_E0I112D0,data/outputs_webcam_median/S33/S33_E0I112D0.arff,saccade,median,8,6,-2,32.7625,26.933333333333334,-5.829166666666669,18.47924994612683,11.018106310372335,-7.461143635754496
S33,S33_E0I113D0,data/outputs_webcam_median/S33/S33_E0I113D0.arff,fixation,median,5,5,0,210.54000000000002,225.11999999999998,14.579999999999956,91.69290048853291,106.08266587902096,14.389765390488051
S33,S33_E0I113D0,data/outputs_webcam_median/S33/S33_E0I113D0.arff,saccade,median,4,3,-1,32.724999999999994,33.5,0.7750000000000057,7.734500630292816,7.720751258783046,-0.013749371509770292
S33,S33_E0I114D0,data/outputs_webcam_median/S33/S33_E0I114D0.arff,fixation,median,6,5,-1,195.9,263.8,67.9,81.12868789768511,47.27985829081978,-33.84882960686533
S33,S33_E0I114D0,data/outputs_webcam_median/S33/S33_E0I114D0.arff,saccade,median,4,3,-1,29.474999999999998,48.300000000000004,18.825000000000006,12.04778679536896,4.156921938165308,-7.890864857203653
S33,S33_E0I115D0,data/outputs_webcam_median/S33/S33_E0I115D0.arff,fixation,median,5,5,0,274.41999999999996,274.58000000000004,0.16000000000008185,81.92183469625178,105.93699542652699,24.015160730275213
S33,S33_E0I115D0,data/outputs_webcam_median/S33/S33_E0I115D0.arff,saccade,median,4,4,0,29.0,32.6,3.6000000000000014,0.38297084310253576,7.338028799798122,6.955057956695587
S33,S33_E0I116D0,data/outputs_webcam_median/S33/S33_E0I116D0.arff,fixation,median,7,6,-1,173.4857142857143,219.26666666666668,45.780952380952385,37.909824081691035,79.33752369885683,41.42769961716579
S33,S33_E0I116D0,data/outputs_webcam_median/S33/S33_E0I116D0.arff,saccade,median,7,5,-2,33.214285714285715,27.379999999999995,-5.83428571428572,10.98414441690515,12.694171891068752,1.7100274741636028
S33,S33_E0I117D0,data/outputs_webcam_median/S33/S33_E0I117D0.arff,fixation,median,9,7,-2,174.26666666666665,250.71428571428575,76.4476190476191,112.29578130989604,151.9262587416609,39.630477431764845
S33,S33_E0I117D0,data/outputs_webcam_median/S33/S33_E0I117D0.arff,saccade,median,7,6,-1,34.042857142857144,42.01666666666666,7.973809523809514,12.245796168870516,16.597278893441135,4.351482724570619
S33,S33_E0I118D0,data/outputs_webcam_median/S33/S33_E0I118D0.arff,fixation,median,6,6,0,218.01666666666665,239.5333333333334,21.516666666666737,61.14731119735901,221.74448959707357,160.59717839971455
S33,S33_E0I118D0,data/outputs_webcam_median/S33/S33_E0I118D0.arff,saccade,median,5,4,-1,34.8,25.375,-9.424999999999997,11.964113005150027,13.849277959518323,1.885164954368296
S33,S33_E0I119D0,data/outputs_webcam_median/S33/S33_E0I119D0.arff,fixation,median,7,6,-1,238.22857142857143,267.0833333333333,28.854761904761887,187.85456000397147,199.30363184514894,11.44907184117747
S33,S33_E0I119D0,data/outputs_webcam_median/S33/S33_E0I119D0.arff,saccade,median,6,4,-2,43.88333333333333,38.65,-5.233333333333334,25.881222279225273,14.399421284667428,-11.481800994557846
S33,S33_E0I120D0,data/outputs_webcam_median/S33/S33_E0I120D0.arff,fixation,median,6,4,-2,174.41666666666666,197.52499999999998,23.10833333333332,128.88608406909827,151.4234542598999,22.537370190801624
S33,S33_E0I120D0,data/outputs_webcam_median/S33/S33_E0I120D0.arff,saccade,median,4,3,-1,43.125,38.11666666666667,-5.008333333333333,11.817324852379521,8.297188278768498,-3.5201365736110226
S33,S33_E0I121D0,data/outputs_webcam_median/S33/S33_E0I121D0.arff,fixation,median,7,7,0,176.45714285714286,187.77142857142854,11.314285714285688,79.70478566022781,101.24418854574179,21.53940288551398
S33,S33_E0I121D0,data/outputs_webcam_median/S33/S33_E0I121D0.arff,saccade,median,5,6,1,30.24,37.28333333333333,7.043333333333333,10.512516349571115,8.71100836107202,-1.801507988499095
S33,S33_E0I122D0,data/outputs_webcam_median/S33/S33_E0I122D0.arff,fixation,median,7,8,1,168.48571428571427,152.075,-16.410714285714278,53.35942367790431,82.2417299359464,28.882306258042085
S33,S33_E0I122D0,data/outputs_webcam_median/S33/S33_E0I122D0.arff,saccade,median,6,6,0,32.583333333333336,40.9,8.316666666666663,11.768673105608238,13.377892210658596,1.6092191050503573
S33,S33_E0I123D0,data/outputs_webcam_median/S33/S33_E0I123D0.arff,fixation,median,8,7,-1,151.3875,182.97142857142856,31.583928571428572,78.87142226434109,101.3079087779053,22.436486513564205
S33,S33_E0I123D0,data/outputs_webcam_median/S33/S33_E0I123D0.arff,saccade,median,7,5,-2,24.685714285714287,36.220000000000006,11.53428571428572,13.613771039089864,10.33595665625587,-3.277814382833993
S33,S33_E0I124D0,data/outputs_webcam_median/S33/S33_E0I124D0.arff,fixation,median,5,5,0,294.76000000000005,314.68,19.91999999999996,154.22161975546751,150.52894073898216,-3.692679016485357
S33,S33_E0I124D0,data/outputs_webcam_median/S33/S33_E0I124D0.arff,saccade,median,3,3,0,43.166666666666664,38.5,-4.666666666666664,0.20816659994661224,8.143095234614414,7.934928634667802
S33,S33_E0I125D0,data/outputs_webcam_median/S33/S33_E0I125D0.arff,fixation,median,8,6,-2,314.725,432.9333333333334,118.20833333333337,214.94563930711146,580.3784788107384,365.43283950362695
S33,S33_E0I125D0,data/outputs_webcam_median/S33/S33_E0I125D0.arff,saccade,median,7,5,-2,27.128571428571433,37.96,10.831428571428567,5.534652739999227,11.72360865945294,6.188955919453714
S33,S33_E0I126D0,data/outputs_webcam_median/S33/S33_E0I126D0.arff,fixation,median,6,7,1,207.61666666666667,193.19285714285712,-14.423809523809553,129.23098183743193,127.63048038697309,-1.600501450458836
S33,S33_E0I126D0,data/outputs_webcam_median/S33/S33_E0I126D0.arff,saccade,median,5,5,0,28.830000000000002,34.57000000000001,5.7400000000000055,10.044749872445806,12.739976452097546,2.69522657965174
S33,S33_E0I127D0,data/outputs_webcam_median/S33/S33_E0I127D0.arff,fixation,median,6,6,0,153.96666666666667,182.38333333333333,28.416666666666657,88.50316755160047,70.98863054508564,-17.51453700651483
S33,S33_E0I127D0,data/outputs_webcam_median/S33/S33_E0I127D0.arff,saccade,median,4,5,1,39.95,37.8,-2.1500000000000057,9.225508116087697,15.57032433830458,6.344816222216883
S33,S33_E0I128D0,data/outputs_webcam_median/S33/S33_E0I128D0.arff,fixation,median,6,6,0,262.15,269.5,7.350000000000023,165.48807509908377,178.245157016958,12.757081917874217
S33,S33_E0I128D0,data/outputs_webcam_median/S33/S33_E0I128D0.arff,saccade,median,5,6,1,40.08,32.300000000000004,-7.779999999999994,12.787376587869772,16.68184642058546,3.8944698327156893
S33,S33_E0I129D0,data/outputs_webcam_median/S33/S33_E0I129D0.arff,fixation,median,7,5,-2,144.12857142857143,231.54000000000002,87.41142857142859,63.22319496001749,136.77117020775978,73.5479752477423
S33,S33_E0I129D0,data/outputs_webcam_median/S33/S33_E0I129D0.arff,saccade,median,6,4,-2,28.78333333333333,43.175,14.391666666666666,13.37331920903209,21.25203911785094,7.8787199088188515
S33,S33_E0I130D0,data/outputs_webcam_median/S33/S33_E0I130D0.arff,fixation,median,9,8,-1,202.5,245.92499999999998,43.42499999999998,127.65565009038966,239.62251712701317,111.96686703662351
S33,S33_E0I130D0,data/outputs_webcam_median/S33/S33_E0I130D0.arff,saccade,median,7,6,-1,33.385714285714286,30.516666666666666,-2.8690476190476204,11.883241501014298,2.858962515785518,-9.024278985228781
S33,S33_E0I131D0,data/outputs_webcam_median/S33/S33_E0I131D0.arff,fixation,median,9,8,-1,192.57777777777775,251.41249999999997,58.83472222222221,98.75268069497884,164.1695851203,65.41690442532118
S33,S33_E0I131D0,data/outputs_webcam_median/S33/S33_E0I131D0.arff,saccade,median,6,5,-1,35.21666666666667,43.720000000000006,8.503333333333337,16.02141275501841,15.304149764034593,-0.7172629909838175
S33,S33_E0I132D0,data/outputs_webcam_median/S33/S33_E0I132D0.arff,fixation,median,8,8,0,148.1,147.02499999999998,-1.075000000000017,60.65353599396682,64.544110055505,3.8905740615381816
S33,S33_E0I132D0,data/outputs_webcam_median/S33/S33_E0I132D0.arff,saccade,median,7,7,0,28.985714285714288,42.01428571428572,13.028571428571432,11.842216652219095,9.250842947434318,-2.591373704784777
S33,S33_E0I133D0,data/outputs_webcam_median/S33/S33_E0I133D0.arff,fixation,median,7,4,-3,210.45714285714283,220.825,10.367857142857162,162.6976322009928,243.3901172329449,80.69248503195209
S33,S33_E0I133D0,data/outputs_webcam_median/S33/S33_E0I133D0.arff,saccade,median,6,3,-3,33.61666666666667,52.36666666666667,18.75,10.832066592606724,10.845429144728824,0.013362552122099913
S33,S33_E0I134D0,data/outputs_webcam_median/S33/S33_E0I134D0.arff,fixation,median,7,7,0,190.42857142857142,192.62857142857143,2.200000000000017,117.88430365243309,116.3437967732661,-1.5405068791669834
S33,S33_E0I134D0,data/outputs_webcam_median/S33/S33_E0I134D0.arff,saccade,median,6,5,-1,38.68333333333333,36.4,-2.2833333333333314,12.700774254614034,7.455199527846321,-5.245574726767713
S33,S33_E0I135D0,data/outputs_webcam_median/S33/S33_E0I135D0.arff,fixation,median,8,7,-1,165.9375,223.47142857142856,57.53392857142856,55.858032738618455,135.35114473454732,79.49311199592887
S33,S33_E0I135D0,data/outputs_webcam_median/S33/S33_E0I135D0.arff,saccade,median,6,5,-1,34.833333333333336,46.019999999999996,11.18666666666666,9.430729911659366,10.864943626176807,1.4342137145174405
S33,S33_E0I136D0,data/outputs_webcam_median/S33/S33_E0I136D0.arff,fixation,median,6,5,-1,152.95000000000002,173.1,20.149999999999977,74.18991171311636,92.40313847483753,18.213226761721174
S33,S33_E0I136D0,data/outputs_webcam_median/S33/S33_E0I136D0.arff,saccade,median,4,3,-1,38.275000000000006,36.333333333333336,-1.94166666666667,15.965457504667173,11.924903912960195,-4.040553591706978
S33,S33_E0I137D0,data/outputs_webcam_median/S33/S33_E0I137D0.arff,fixation,median,1,5,4,557.7,193.14000000000001,-364.56000000000006,0.0,153.39603319512537,153.39603319512537
S33,S33_E0I137D0,data/outputs_webcam_median/S33/S33_E0I137D0.arff,saccade,median,0,1,1,0.0,35.6,35.6,0.0,0.0,0.0
S33,S33_E0I138D0,data/outputs_webcam_median/S33/S33_E0I138D0.arff,fixation,median,7,6,-1,199.65,250.79999999999998,51.14999999999998,74.86803946500358,151.84782843359991,76.97978896859634
S33,S33_E0I138D0,data/outputs_webcam_median/S33/S33_E0I138D0.arff,saccade,median,6,5,-1,30.133333333333336,31.910000000000004,1.7766666666666673,14.688964111422791,12.08792786212757,-2.6010362492952215
S33,S33_E0I139D0,data/outputs_webcam_median/S33/S33_E0I139D0.arff,fixation,median,9,8,-1,145.73333333333332,187.11249999999998,41.37916666666666,80.34637515158975,98.13156529447015,17.785190142880396
S33,S33_E0I139D0,data/outputs_webcam_median/S33/S33_E0I139D0.arff,saccade,median,7,6,-1,30.071428571428573,37.18333333333333,7.111904761904757,8.923510946877784,14.321370977202799,5.397860030325015
S33,S33_E0I140D0,data/outputs_webcam_median/S33/S33_E0I140D0.arff,fixation,median,5,6,1,192.76999999999998,180.14999999999998,-12.620000000000005,82.76682306335069,115.77675068855577,33.00992762520508
S33,S33_E0I140D0,data/outputs_webcam_median/S33/S33_E0I140D0.arff,saccade,median,4,4,0,44.875,34.2,-10.674999999999997,12.397412364414329,10.768627272467615,-1.628785091946714
S34,S34_E0I101D0,data/outputs_webcam_median/S34/S34_E0I101D0.arff,fixation,median,5,5,0,115.96,125.78,9.820000000000007,25.813426738811714,23.486847383163195,-2.3265793556485193
S34,S34_E0I101D0,data/outputs_webcam_median/S34/S34_E0I101D0.arff,saccade,median,4,3,-1,28.774999999999995,31.53333333333333,2.7583333333333364,11.512999898665276,4.647938611183815,-6.865061287481462
S34,S34_E0I102D0,data/outputs_webcam_median/S34/S34_E0I102D0.arff,fixation,median,6,6,0,135.0666666666667,125.63333333333333,-9.433333333333366,69.37517327305689,73.55416145036708,4.178988177310188
S34,S34_E0I102D0,data/outputs_webcam_median/S34/S34_E0I102D0.arff,saccade,median,4,6,2,25.35,37.2,11.850000000000001,7.252355939049507,15.37010084547268,8.117744906423173
S34,S34_E0I103D0,data/outputs_webcam_median/S34/S34_E0I103D0.arff,fixation,median,7,6,-1,163.4714285714286,202.93333333333337,39.461904761904776,131.58644451824202,142.30257435010324,10.716129831861224
S34,S34_E0I103D0,data/outputs_webcam_median/S34/S34_E0I103D0.arff,saccade,median,6,5,-1,29.983333333333334,33.0,3.0166666666666657,14.405334660002406,6.128621378417826,-8.27671328158458
S34,S34_E0I104D0,data/outputs_webcam_median/S34/S34_E0I104D0.arff,fixation,median,4,3,-1,116.675,150.7,34.02499999999999,50.242835310121585,12.31218908236874,-37.930646227752845
S34,S34_E0I104D0,data/outputs_webcam_median/S34/S34_E0I104D0.arff,saccade,median,3,2,-1,36.0,28.9,-7.100000000000001,6.600000000000001,0.7071067811865476,-5.8928932188134535
S34,S34_E0I105D0,data/outputs_webcam_median/S34/S34_E0I105D0.arff,fixation,median,8,6,-2,88.125,127.06666666666666,38.94166666666666,32.040365166458386,65.93638348185823,33.89601831539984
S34,S34_E0I105D0,data/outputs_webcam_median/S34/S34_E0I105D0.arff,saccade,median,7,5,-2,33.75714285714286,30.02,-3.73714285714286,11.96451101422552,12.54918324035473,0.584672226129209
S34,S34_E0I106D0,data/outputs_webcam_median/S34/S34_E0I106D0.arff,fixation,median,5,5,0,129.36,142.22,12.859999999999985,53.5349698795096,44.20019230727395,-9.334777572235652
S34,S34_E0I106D0,data/outputs_webcam_median/S34/S34_E0I106D0.arff,saccade,median,4,4,0,27.375,43.55,16.174999999999997,9.112765771158612,5.88359300654512,-3.229172764613492
S34,S34_E0I107D0,data/outputs_webcam_median/S34/S34_E0I107D0.arff,fixation,median,6,5,-1,133.78333333333333,169.38,35.596666666666664,52.123599901260334,34.91027069502613,-17.213329206234206
S34,S34_E0I107D0,data/outputs_webcam_median/S34/S34_E0I107D0.arff,saccade,median,5,5,0,31.639999999999997,41.82,10.180000000000003,18.68737541764493,15.21436820903188,-3.4730072086130495
S34,S34_E0I108D0,data/outputs_webcam_median/S34/S34_E0I108D0.arff,fixation,median,5,5,0,116.05999999999999,127.5,11.440000000000012,35.31894675666307,24.95295573674589,-10.365991019917178
S34,S34_E0I108D0,data/outputs_webcam_median/S34/S34_E0I108D0.arff,saccade,median,4,4,0,41.724999999999994,34.45,-7.2749999999999915,9.287042945236479,6.918814927427963,-2.3682280178085158
S34,S34_E0I109D0,data/outputs_webcam_median/S34/S34_E0I109D0.arff,fixation,median,5,5,0,199.18,206.42,7.239999999999981,114.49033583669846,118.86600439149959,4.375668554801123
S34,S34_E0I109D0,data/outputs_webcam_median/S34/S34_E0I109D0.arff,saccade,median,4,4,0,31.025,30.675,-0.34999999999999787,12.407893992669882,3.2479480701924204,-9.159945922477462
S34,S34_E0I110D0,data/outputs_webcam_median/S34/S34_E0I110D0.arff,fixation,median,5,5,0,137.71999999999997,134.82,-2.8999999999999773,64.88183104691174,66.86401872457263,1.9821876776608889
S34,S34_E0I110D0,data/outputs_webcam_median/S34/S34_E0I110D0.arff,saccade,median,4,4,0,30.725,36.025,5.299999999999997,12.471667891665493,10.39819695908863,-2.073470932576864
S34,S34_E0I111D0,data/outputs_webcam_median/S34/S34_E0I111D0.arff,fixation,median,7,7,0,103.92142857142856,125.42142857142858,21.500000000000014,53.27988095224795,61.072026173628636,7.792145221380686
S34,S34_E0I111D0,data/outputs_webcam_median/S34/S34_E0I111D0.arff,saccade,median,6,6,0,42.050000000000004,35.05,-7.000000000000007,8.457422775290354,8.644304483299972,0.18688170800961856
S34,S34_E0I112D0,data/outputs_webcam_median/S34/S34_E0I112D0.arff,fixation,median,6,6,0,117.18333333333332,132.96666666666667,15.783333333333346,58.16327592791406,22.15178698585436,-36.0114889420597
S34,S34_E0I112D0,data/outputs_webcam_median/S34/S34_E0I112D0.arff,saccade,median,6,5,-1,36.03333333333333,31.690000000000005,-4.343333333333327,12.652022236254043,6.408041822585117,-6.243980413668925
S34,S34_E0I113D0,data/outputs_webcam_median/S34/S34_E0I113D0.arff,fixation,median,4,4,0,184.75,171.89999999999998,-12.850000000000023,62.873974478051466,38.78229836751127,-24.0916761105402
S34,S34_E0I113D0,data/outputs_webcam_median/S34/S34_E0I113D0.arff,saccade,median,2,2,0,36.1,28.700000000000003,-7.399999999999999,10.323759005323593,0.141421356237309,-10.182337649086284
S34,S34_E0I114D0,data/outputs_webcam_median/S34/S34_E0I114D0.arff,fixation,median,5,5,0,154.6,153.6,-1.0,74.9039051051412,86.01648097893798,11.112575873796771
S34,S34_E0I114D0,data/outputs_webcam_median/S34/S34_E0I114D0.arff,saccade,median,4,4,0,32.1,31.950000000000003,-0.14999999999999858,13.69038592102745,6.969218033610369,-6.7211678874170815
S34,S34_E0I115D0,data/outputs_webcam_median/S34/S34_E0I115D0.arff,fixation,median,6,6,0,108.03333333333335,111.58333333333333,3.549999999999983,53.11710333467617,49.3622291500968,-3.7548741845793714
S34,S34_E0I115D0,data/outputs_webcam_median/S34/S34_E0I115D0.arff,saccade,median,5,5,0,33.019999999999996,31.419999999999998,-1.5999999999999979,6.223905526275282,11.797965926379003,5.574060400103721
S34,S34_E0I116D0,data/outputs_webcam_median/S34/S34_E0I116D0.arff,fixation,median,6,6,0,113.3,121.75000000000001,8.450000000000017,89.66087217956336,94.80902383212265,5.148151652559292
S34,S34_E0I116D0,data/outputs_webcam_median/S34/S34_E0I116D0.arff,saccade,median,5,5,0,30.619999999999997,26.32,-4.299999999999997,16.63045399260044,6.555684556169553,-10.074769436430888
S34,S34_E0I117D0,data/outputs_webcam_median/S34/S34_E0I117D0.arff,fixation,median,5,4,-1,78.06,97.425,19.364999999999995,32.5649811914578,24.294083641907548,-8.270897549550249
S34,S34_E0I117D0,data/outputs_webcam_median/S34/S34_E0I117D0.arff,saccade,median,4,2,-2,36.325,36.6,0.2749999999999986,14.48456074584245,10.040916292848976,-4.443644452993473
S34,S34_E0I118D0,data/outputs_webcam_median/S34/S34_E0I118D0.arff,fixation,median,4,5,1,123.225,108.6,-14.625,26.471541322711072,56.07704521459739,29.60550389188632
S34,S34_E0I118D0,data/outputs_webcam_median/S34/S34_E0I118D0.arff,saccade,median,4,4,0,37.525,35.75,-1.7749999999999986,10.618027123717473,8.088057039033952,-2.529970084683521
S34,S34_E0I119D0,data/outputs_webcam_median/S34/S34_E0I119D0.arff,fixation,median,5,3,-2,107.67999999999999,153.33333333333334,45.65333333333335,64.17092020533912,74.92458430537559,10.753664100036474
S34,S34_E0I119D0,data/outputs_webcam_median/S34/S34_E0I119D0.arff,saccade,median,4,3,-1,41.55,29.066666666666666,-12.48333333333333,9.13692143631176,0.32145502536643233,-8.815466410945326
S34,S34_E0I120D0,data/outputs_webcam_median/S34/S34_E0I120D0.arff,fixation,median,5,5,0,126.38999999999999,126.07000000000001,-0.31999999999997897,40.87319414971138,42.35158792772711,1.4783937780157288
S34,S34_E0I120D0,data/outputs_webcam_median/S34/S34_E0I120D0.arff,saccade,median,5,4,-1,28.99,36.025000000000006,7.035000000000007,14.233165494716907,7.959218973408552,-6.273946521308355
S34,S34_E0I121D0,data/outputs_webcam_median/S34/S34_E0I121D0.arff,fixation,median,7,7,0,206.77142857142854,208.81428571428572,2.042857142857173,108.0785781161977,108.49979152931476,0.4212134131170586
S34,S34_E0I121D0,data/outputs_webcam_median/S34/S34_E0I121D0.arff,saccade,median,6,6,0,35.03333333333334,32.65,-2.38333333333334,12.550166001558173,8.750942806349498,-3.7992231952086755
S34,S34_E0I122D0,data/outputs_webcam_median/S34/S34_E0I122D0.arff,fixation,median,5,4,-1,108.78,137.45,28.669999999999987,57.060161233561196,35.94797166276098,-21.11218957080022
S34,S34_E0I122D0,data/outputs_webcam_median/S34/S34_E0I122D0.arff,saccade,median,3,3,0,33.666666666666664,45.56666666666666,11.899999999999999,7.827089710315922,10.886842211281165,3.059752500965243
S34,S34_E0I123D0,data/outputs_webcam_median/S34/S34_E0I123D0.arff,fixation,median,5,5,0,205.56000000000003,219.7,14.139999999999958,113.22141140261412,127.99880858820522,14.777397185591099
S34,S34_E0I123D0,data/outputs_webcam_median/S34/S34_E0I123D0.arff,saccade,median,4,4,0,43.650000000000006,30.65,-13.000000000000007,5.838093296045663,3.237797605369016,-2.6002956906766475
S34,S34_E0I124D0,data/outputs_webcam_median/S34/S34_E0I124D0.arff,fixation,median,11,11,0,220.89999999999998,221.87272727272727,0.9727272727272975,228.82130582618393,226.61740485191817,-2.203900974265764
S34,S34_E0I124D0,data/outputs_webcam_median/S34/S34_E0I124D0.arff,saccade,median,9,9,0,31.511111111111113,39.26666666666667,7.75555555555556,15.814901552368612,9.486437687562177,-6.3284638648064355
S34,S34_E0I125D0,data/outputs_webcam_median/S34/S34_E0I125D0.arff,fixation,median,5,5,0,106.8,105.25999999999999,-1.5400000000000063,57.79044038593234,54.60652891367478,-3.183911472257563
S34,S34_E0I125D0,data/outputs_webcam_median/S34/S34_E0I125D0.arff,saccade,median,4,4,0,25.325,30.724999999999998,5.399999999999999,13.726221864251892,12.233117618443254,-1.493104245808638
S34,S34_E0I126D0,data/outputs_webcam_median/S34/S34_E0I126D0.arff,fixation,median,5,5,0,133.37999999999997,133.74,0.36000000000004206,63.046149763486746,65.75365389086754,2.707504127380794
S34,S34_E0I126D0,data/outputs_webcam_median/S34/S34_E0I126D0.arff,saccade,median,4,4,0,29.099999999999998,29.175,0.07500000000000284,11.928397489464652,0.2362907813126304,-11.692106708152021
S34,S34_E0I127D0,data/outputs_webcam_median/S34/S34_E0I127D0.arff,fixation,median,5,4,-1,247.10000000000005,285.5,38.39999999999995,259.99571150309384,289.1402082035634,29.144496700469574
S34,S34_E0I127D0,data/outputs_webcam_median/S34/S34_E0I127D0.arff,saccade,median,4,4,0,25.625,32.625,7.0,7.354080499967349,6.860211367006121,-0.4938691329612279
S34,S34_E0I128D0,data/outputs_webcam_median/S34/S34_E0I128D0.arff,fixation,median,5,4,-1,119.06000000000002,182.925,63.864999999999995,60.072814150828655,54.35459962137519,-5.718214529453462
S34,S34_E0I128D0,data/outputs_webcam_median/S34/S34_E0I128D0.arff,saccade,median,4,3,-1,32.6,29.2,-3.400000000000002,12.617712418131374,0.3000000000000007,-12.317712418131373
S34,S34_E0I129D0,data/outputs_webcam_median/S34/S34_E0I129D0.arff,fixation,median,6,6,0,151.4333333333333,152.38333333333333,0.950000000000017,25.70047989175818,35.660085062527074,9.959605170768892
S34,S34_E0I129D0,data/outputs_webcam_median/S34/S34_E0I129D0.arff,saccade,median,5,5,0,37.54,39.14,1.6000000000000014,15.73810662055636,15.255097508701805,-0.483009111854555
S34,S34_E0I130D0,data/outputs_webcam_median/S34/S34_E0I130D0.arff,fixation,median,4,4,0,111.025,114.45,3.424999999999997,22.24355711960956,17.736309274103974,-4.507247845505585
S34,S34_E0I130D0,data/outputs_webcam_median/S34/S34_E0I130D0.arff,saccade,median,3,3,0,33.76666666666667,33.56666666666667,-0.20000000000000284,8.000208330620731,4.052571200279318,-3.9476371303414135
S34,S34_E0I131D0,data/outputs_webcam_median/S34/S34_E0I131D0.arff,fixation,median,4,3,-1,140.475,187.0333333333333,46.55833333333331,74.57981742178421,63.425100183865155,-11.154717237919058
S34,S34_E0I131D0,data/outputs_webcam_median/S34/S34_E0I131D0.arff,saccade,median,3,3,0,45.53333333333333,19.266666666666666,-26.266666666666666,14.693649421887448,8.25610884941165,-6.437540572475799
S34,S34_E0I132D0,data/outputs_webcam_median/S34/S34_E0I132D0.arff,fixation,median,5,6,1,234.17,195.03333333333333,-39.136666666666656,152.99048009598508,141.157648275489,-11.832831820496068
S34,S34_E0I132D0,data/outputs_webcam_median/S34/S34_E0I132D0.arff,saccade,median,4,5,1,32.55,29.21,-3.3399999999999963,7.147493733237313,0.4335896677735759,-6.713904065463738
S34,S34_E0I133D0,data/outputs_webcam_median/S34/S34_E0I133D0.arff,fixation,median,7,7,0,122.04285714285713,135.24285714285716,13.200000000000031,72.16732541214796,71.58642462419947,-0.5809007879484938
S34,S34_E0I133D0,data/outputs_webcam_median/S34/S34_E0I133D0.arff,saccade,median,7,6,-1,28.957142857142856,32.38333333333333,3.4261904761904773,11.746468567596127,8.79259157852033,-2.9538769890757965
S34,S34_E0I134D0,data/outputs_webcam_median/S34/S34_E0I134D0.arff,fixation,median,6,6,0,113.56666666666666,101.71666666666665,-11.850000000000009,58.96268876727609,65.45032976744018,6.487641000164089
S34,S34_E0I134D0,data/outputs_webcam_median/S34/S34_E0I134D0.arff,saccade,median,4,4,0,36.275,27.05,-9.224999999999998,6.1004781233386405,8.944458247056293,2.8439801237176523
S34,S34_E0I135D0,data/outputs_webcam_median/S34/S34_E0I135D0.arff,fixation,median,6,6,0,137.61666666666665,140.13333333333335,2.5166666666667084,112.02828958199206,92.31350208212592,-19.714787499866134
S34,S34_E0I135D0,data/outputs_webcam_median/S34/S34_E0I135D0.arff,saccade,median,4,4,0,27.375,28.9,1.5249999999999986,15.304329452805177,10.09191095217683,-5.212418500628347
S34,S34_E0I136D0,data/outputs_webcam_median/S34/S34_E0I136D0.arff,fixation,median,5,5,0,168.82,171.88000000000002,3.0600000000000307,101.68784096439455,102.87758259212744,1.1897416277328858
S34,S34_E0I136D0,data/outputs_webcam_median/S34/S34_E0I136D0.arff,saccade,median,4,4,0,29.150000000000002,32.85,3.6999999999999993,11.843845096364047,7.1747241526533045,-4.669120943710743
S34,S34_E0I137D0,data/outputs_webcam_median/S34/S34_E0I137D0.arff,fixation,median,5,5,0,144.98000000000002,153.64000000000001,8.659999999999997,52.92118668359583,53.90670644734289,0.9855197637470638
S34,S34_E0I137D0,data/outputs_webcam_median/S34/S34_E0I137D0.arff,saccade,median,4,4,0,37.949999999999996,28.974999999999998,-8.974999999999998,7.096712854084864,0.6499999999999999,-6.446712854084865
S34,S34_E0I138D0,data/outputs_webcam_median/S34/S34_E0I138D0.arff,fixation,median,6,6,0,111.58333333333333,117.33333333333333,5.75,42.91994485861633,55.869729430763016,12.949784572146683
S34,S34_E0I138D0,data/outputs_webcam_median/S34/S34_E0I138D0.arff,saccade,median,5,5,0,30.639999999999997,30.439999999999998,-0.1999999999999993,10.672066341622882,10.69640126397659,0.02433492235370771
S34,S34_E0I139D0,data/outputs_webcam_median/S34/S34_E0I139D0.arff,fixation,median,6,7,1,122.13333333333333,115.00000000000001,-7.1333333333333115,78.05533080236523,61.72751952465502,-16.32781127771021
S34,S34_E0I139D0,data/outputs_webcam_median/S34/S34_E0I139D0.arff,saccade,median,4,5,1,37.775,27.580000000000002,-10.194999999999997,15.682766550155193,12.928727702291512,-2.754038847863681
S34,S34_E0I140D0,data/outputs_webcam_median/S34/S34_E0I140D0.arff,fixation,median,5,5,0,123.38,126.28,2.9000000000000057,44.49490982123685,58.122345100658144,13.627435279421292
S34,S34_E0I140D0,data/outputs_webcam_median/S34/S34_E0I140D0.arff,saccade,median,4,4,0,39.400000000000006,32.6,-6.800000000000004,8.934577027854575,4.5158978435448835,-4.418679184309691
S35,S35_E0I101D0,data/outputs_webcam_median/S35/S35_E0I101D0.arff,fixation,median,18,15,-3,175.94999999999996,205.8,29.85000000000005,110.47455522852842,144.28235215319003,33.807796924661616
S35,S35_E0I101D0,data/outputs_webcam_median/S35/S35_E0I101D0.arff,saccade,median,14,12,-2,26.921428571428567,50.51666666666667,23.595238095238106,13.20263252137639,15.299722714857124,2.0970901934807333
S35,S35_E0I102D0,data/outputs_webcam_median/S35/S35_E0I102D0.arff,fixation,median,13,9,-4,176.7076923076923,263.70000000000005,86.99230769230775,82.97555324249086,145.17052042339725,62.19496718090639
S35,S35_E0I102D0,data/outputs_webcam_median/S35/S35_E0I102D0.arff,saccade,median,9,9,0,31.211111111111116,52.01111111111111,20.799999999999997,17.865990347895945,14.561888995288733,-3.304101352607212
S35,S35_E0I103D0,data/outputs_webcam_median/S35/S35_E0I103D0.arff,fixation,median,9,9,0,207.88333333333333,218.0611111111111,10.177777777777777,120.87713803693401,118.66573267422703,-2.2114053627069836
S35,S35_E0I103D0,data/outputs_webcam_median/S35/S35_E0I103D0.arff,saccade,median,6,7,1,28.05,46.707142857142856,18.657142857142855,15.962455951387932,16.613434036230753,0.650978084842821
S35,S35_E0I104D0,data/outputs_webcam_median/S35/S35_E0I104D0.arff,fixation,median,14,14,0,167.46428571428575,164.72857142857137,-2.73571428571438,66.4111043442268,65.7497637149475,-0.6613406292792945
S35,S35_E0I104D0,data/outputs_webcam_median/S35/S35_E0I104D0.arff,saccade,median,11,12,1,20.800000000000004,43.10833333333334,22.308333333333337,8.547631250820311,9.962881869796266,1.4152506189759553
S35,S35_E0I105D0,data/outputs_webcam_median/S35/S35_E0I105D0.arff,fixation,median,12,10,-2,197.83333333333334,242.13000000000005,44.29666666666671,213.70922613058457,269.23779266663144,55.52856653604687
S35,S35_E0I105D0,data/outputs_webcam_median/S35/S35_E0I105D0.arff,saccade,median,11,9,-2,29.709090909090904,43.43333333333333,13.724242424242426,12.591938257905692,13.492405271114562,0.9004670132088695
S35,S35_E0I106D0,data/outputs_webcam_median/S35/S35_E0I106D0.arff,fixation,median,16,10,-6,165.33125,230.58,65.24875,61.14534289979355,141.04791778367772,79.90257488388417
S35,S35_E0I106D0,data/outputs_webcam_median/S35/S35_E0I106D0.arff,saccade,median,15,9,-6,28.233333333333338,40.15555555555556,11.92222222222222,13.292944781062658,15.35383593040442,2.060891149341762
S35,S35_E0I107D0,data/outputs_webcam_median/S35/S35_E0I107D0.arff,fixation,median,14,12,-2,182.60714285714286,212.1833333333333,29.576190476190447,80.66457104564569,118.50524985174388,37.8406788060982
S35,S35_E0I107D0,data/outputs_webcam_median/S35/S35_E0I107D0.arff,saccade,median,12,11,-1,28.041666666666668,40.35454545454545,12.312878787878784,11.86442032705221,14.459762351875886,2.595342024823676
S35,S35_E0I108D0,data/outputs_webcam_median/S35/S35_E0I108D0.arff,fixation,median,13,11,-2,187.87692307692308,237.65454545454543,49.77762237762235,108.22261896854214,124.30485399723025,16.082235028688117
S35,S35_E0I108D0,data/outputs_webcam_median/S35/S35_E0I108D0.arff,saccade,median,10,10,0,19.759999999999998,47.48,27.72,11.799830507257298,12.179928844893416,0.38009833763611844
S35,S35_E0I109D0,data/outputs_webcam_median/S35/S35_E0I109D0.arff,fixation,median,11,10,-1,215.88181818181818,245.17999999999998,29.298181818181803,101.39067825181779,151.94228290154567,50.55160464972788
S35,S35_E0I109D0,data/outputs_webcam_median/S35/S35_E0I109D0.arff,saccade,median,9,8,-1,27.400000000000002,43.7125,16.312499999999996,13.76172227593625,18.172855542578567,4.411133266642317
S35,S35_E0I110D0,data/outputs_webcam_median/S35/S35_E0I110D0.arff,fixation,median,15,13,-2,179.8,223.66923076923084,43.869230769230825,80.70678852665192,121.81522472318053,41.108436196528615
S35,S35_E0I110D0,data/outputs_webcam_median/S35/S35_E0I110D0.arff,saccade,median,12,12,0,29.108333333333334,36.591666666666676,7.483333333333341,7.332053951759708,10.24202202455722,2.909968072797513
S35,S35_E0I111D0,data/outputs_webcam_median/S35/S35_E0I111D0.arff,fixation,median,14,11,-3,158.95,215.91818181818186,56.968181818181876,77.73229949393873,139.88216339606572,62.149863902126995
S35,S35_E0I111D0,data/outputs_webcam_median/S35/S35_E0I111D0.arff,saccade,median,13,10,-3,20.71538461538461,39.87,19.154615384615386,9.983556994198524,19.72336741589078,9.739810421692257
S35,S35_E0I112D0,data/outputs_webcam_median/S35/S35_E0I112D0.arff,fixation,median,12,13,1,208.98333333333335,183.99230769230766,-24.991025641025686,106.67206189006934,119.01857321120417,12.346511321134827
S35,S35_E0I112D0,data/outputs_webcam_median/S35/S35_E0I112D0.arff,saccade,median,10,9,-1,20.389999999999997,35.41111111111112,15.021111111111122,7.481451136718806,10.101168799258385,2.6197176625395793
S35,S35_E0I113D0,data/outputs_webcam_median/S35/S35_E0I113D0.arff,fixation,median,19,18,-1,180.70526315789473,189.23333333333332,8.528070175438586,88.27201314172893,88.8462518657272,0.5742387239982634
S35,S35_E0I113D0,data/outputs_webcam_median/S35/S35_E0I113D0.arff,saccade,median,18,16,-2,26.83888888888889,36.3875,9.548611111111114,13.012172531400283,7.933714976814666,-5.078457554585618
S35,S35_E0I114D0,data/outputs_webcam_median/S35/S35_E0I114D0.arff,fixation,median,13,12,-1,276.5230769230769,309.86666666666673,33.3435897435898,154.14604629942215,183.38465452472164,29.238608225299487
S35,S35_E0I114D0,data/outputs_webcam_median/S35/S35_E0I114D0.arff,saccade,median,11,10,-1,29.900000000000002,48.589999999999996,18.689999999999994,13.354549786495987,14.061329951323952,0.7067801648279648
S35,S35_E0I115D0,data/outputs_webcam_median/S35/S35_E0I115D0.arff,fixation,median,14,13,-1,240.37857142857138,261.6307692307692,21.252197802197827,151.60076201640953,194.85789858516293,43.257136568753396
S35,S35_E0I115D0,data/outputs_webcam_median/S35/S35_E0I115D0.arff,saccade,median,13,12,-1,24.161538461538463,33.13333333333333,8.97179487179487,9.848649523457388,13.905416428881448,4.056766905424061
S35,S35_E0I116D0,data/outputs_webcam_median/S35/S35_E0I116D0.arff,fixation,median,11,11,0,203.34545454545457,212.58181818181814,9.236363636363564,139.30353451105512,123.89852152614105,-15.405012984914066
S35,S35_E0I116D0,data/outputs_webcam_median/S35/S35_E0I116D0.arff,saccade,median,9,9,0,21.066666666666663,44.644444444444446,23.577777777777783,10.452272480183437,11.613904501836485,1.1616320216530482
S35,S35_E0I117D0,data/outputs_webcam_median/S35/S35_E0I117D0.arff,fixation,median,10,11,1,300.2,249.8272727272727,-50.372727272727275,147.28165006016346,156.2813814304768,8.999731370313356
S35,S35_E0I117D0,data/outputs_webcam_median/S35/S35_E0I117D0.arff,saccade,median,8,10,2,26.5875,36.410000000000004,9.822500000000005,12.186812251657233,10.577591618343206,-1.6092206333140275
S35,S35_E0I118D0,data/outputs_webcam_median/S35/S35_E0I118D0.arff,fixation,median,13,13,0,189.99999999999997,186.7153846153846,-3.284615384615364,90.00672197119502,74.06867135923984,-15.938050611955177
S35,S35_E0I118D0,data/outputs_webcam_median/S35/S35_E0I118D0.arff,saccade,median,12,11,-1,26.86666666666667,42.26363636363637,15.396969696969702,10.512013329635016,11.507847125094488,0.9958337954594718
S35,S35_E0I119D0,data/outputs_webcam_median/S35/S35_E0I119D0.arff,fixation,median,14,9,-5,202.14285714285714,330.58888888888885,128.4460317460317,111.44755727236924,181.9356441468002,70.48808687443096
S35,S35_E0I119D0,data/outputs_webcam_median/S35/S35_E0I119D0.arff,saccade,median,10,7,-3,27.660000000000004,43.34285714285714,15.682857142857138,10.508641946300937,14.950903779020312,4.442261832719375
S35,S35_E0I120D0,data/outputs_webcam_median/S35/S35_E0I120D0.arff,fixation,median,11,12,1,225.7090909090909,207.125,-18.58409090909089,96.7574746936427,84.65588230649367,-12.10159238714904
S35,S35_E0I120D0,data/outputs_webcam_median/S35/S35_E0I120D0.arff,saccade,median,9,11,2,25.26666666666667,40.47272727272727,15.2060606060606,8.211577193207162,13.472423012145283,5.260845818938121
S35,S35_E0I121D0,data/outputs_webcam_median/S35/S35_E0I121D0.arff,fixation,median,12,12,0,187.79166666666666,178.61666666666667,-9.174999999999983,72.65993591986431,72.95100265163452,0.2910667317702149
S35,S35_E0I121D0,data/outputs_webcam_median/S35/S35_E0I121D0.arff,saccade,median,9,11,2,26.87777777777778,42.36363636363637,15.485858585858587,7.138238189108321,12.63307347617932,5.494835287070998
S35,S35_E0I122D0,data/outputs_webcam_median/S35/S35_E0I122D0.arff,fixation,median,13,11,-2,210.13846153846154,252.83636363636367,42.69790209790213,105.05771856826719,154.9262680937437,49.868549525476496
S35,S35_E0I122D0,data/outputs_webcam_median/S35/S35_E0I122D0.arff,saccade,median,11,10,-1,20.036363636363635,40.089999999999996,20.05363636363636,9.873021090555081,13.561665744951014,3.688644654395933
S35,S35_E0I123D0,data/outputs_webcam_median/S35/S35_E0I123D0.arff,fixation,median,13,12,-1,166.23076923076923,176.66666666666666,10.43589743589743,57.84145550000427,64.17673514080732,6.335279640803051
S35,S35_E0I123D0,data/outputs_webcam_median/S35/S35_E0I123D0.arff,saccade,median,11,10,-1,28.363636363636363,39.06,10.696363636363639,13.732317555844151,11.81093655144342,-1.9213810044007307
S35,S35_E0I124D0,data/outputs_webcam_median/S35/S35_E0I124D0.arff,fixation,median,16,13,-3,206.96875,234.53076923076924,27.562019230769238,120.3697787029618,179.65457311470155,59.28479441173975
S35,S35_E0I124D0,data/outputs_webcam_median/S35/S35_E0I124D0.arff,saccade,median,12,11,-1,24.400000000000006,45.481818181818184,21.08181818181818,13.114530456364387,17.70976104761542,4.595230591251033
S35,S35_E0I125D0,data/outputs_webcam_median/S35/S35_E0I125D0.arff,fixation,median,10,8,-2,201.61999999999998,251.125,49.505000000000024,98.88862478117042,139.68958187966018,40.80095709848976
S35,S35_E0I125D0,data/outputs_webcam_median/S35/S35_E0I125D0.arff,saccade,median,7,7,0,23.97857142857143,42.392857142857146,18.414285714285715,13.64816401397569,7.395687288967164,-6.252476725008526
S35,S35_E0I126D0,data/outputs_webcam_median/S35/S35_E0I126D0.arff,fixation,median,14,11,-3,176.82857142857145,225.63636363636363,48.807792207792176,78.57585681827005,137.38234437312002,58.806487554849966
S35,S35_E0I126D0,data/outputs_webcam_median/S35/S35_E0I126D0.arff,saccade,median,9,9,0,21.95555555555556,39.733333333333334,17.777777777777775,8.810520857348775,16.26276421768452,7.4522433603357445
S35,S35_E0I127D0,data/outputs_webcam_median/S35/S35_E0I127D0.arff,fixation,median,17,15,-2,174.9764705882353,203.46,28.48352941176472,53.742866147654475,105.58176790661213,51.838901758957654
S35,S35_E0I127D0,data/outputs_webcam_median/S35/S35_E0I127D0.arff,saccade,median,13,12,-1,24.092307692307692,39.86666666666667,15.774358974358975,8.005566973306923,14.155264573702434,6.149697600395511
S35,S35_E0I128D0,data/outputs_webcam_median/S35/S35_E0I128D0.arff,fixation,median,15,14,-1,143.73999999999998,142.05,-1.6899999999999693,50.536829568712974,70.46556987963369,19.928740310920716
S35,S35_E0I128D0,data/outputs_webcam_median/S35/S35_E0I128D0.arff,saccade,median,12,11,-1,29.708333333333332,35.72727272727273,6.0189393939393945,11.621489368902557,16.619512081230962,4.998022712328405
S35,S35_E0I129D0,data/outputs_webcam_median/S35/S35_E0I129D0.arff,fixation,median,13,10,-3,164.56923076923073,225.87000000000003,61.300769230769305,85.39685186054757,101.19873791483546,15.801886054287891
S35,S35_E0I129D0,data/outputs_webcam_median/S35/S35_E0I129D0.arff,saccade,median,11,9,-2,18.809090909090912,41.24444444444445,22.435353535353535,6.873929668749099,17.262467314314538,10.388537645565439
S35,S35_E0I130D0,data/outputs_webcam_median/S35/S35_E0I130D0.arff,fixation,median,15,15,0,211.49333333333337,214.36666666666667,2.8733333333333064,111.874115904993,135.3035089116669,23.429393006673905
S35,S35_E0I130D0,data/outputs_webcam_median/S35/S35_E0I130D0.arff,saccade,median,10,14,4,24.73,40.300000000000004,15.570000000000004,11.714003964865682,15.776564898608315,4.062560933742633
S35,S35_E0I131D0,data/outputs_webcam_median/S35/S35_E0I131D0.arff,fixation,median,14,17,3,193.82857142857142,165.32352941176467,-28.505042016806755,86.62188769919199,88.67885549421973,2.056967795027745
S35,S35_E0I131D0,data/outputs_webcam_median/S35/S35_E0I131D0.arff,saccade,median,12,14,2,23.108333333333338,41.84285714285714,18.734523809523804,11.361054555192517,16.645106200909634,5.284051645717117
S35,S35_E0I132D0,data/outputs_webcam_median/S35/S35_E0I132D0.arff,fixation,median,14,13,-1,169.82857142857142,186.7,16.871428571428567,90.68016006035404,103.05497723707155,12.374817176717514
S35,S35_E0I132D0,data/outputs_webcam_median/S35/S35_E0I132D0.arff,saccade,median,11,12,1,25.063636363636366,43.0,17.936363636363634,8.746116021100192,20.35949633240201,11.613380311301817
S35,S35_E0I133D0,data/outputs_webcam_median/S35/S35_E0I133D0.arff,fixation,median,12,12,0,188.8333333333333,218.14999999999998,29.31666666666669,104.66216936873465,128.1438148048015,23.481645436066856
S35,S35_E0I133D0,data/outputs_webcam_median/S35/S35_E0I133D0.arff,saccade,median,10,11,1,21.86,38.73636363636364,16.876363636363642,10.05796533433411,14.791502474547519,4.733537140213409
S35,S35_E0I135D0,data/outputs_webcam_median/S35/S35_E0I135D0.arff,fixation,median,10,9,-1,191.91000000000003,198.5222222222222,6.6122222222221865,166.36318002090087,168.75324276719675,2.3900627462958823
S35,S35_E0I135D0,data/outputs_webcam_median/S35/S35_E0I135D0.arff,saccade,median,8,7,-1,28.2,40.3,12.099999999999998,12.3532528972274,12.32490703142759,-0.02834586579980858
S35,S35_E0I136D0,data/outputs_webcam_median/S35/S35_E0I136D0.arff,fixation,median,18,16,-2,185.31666666666666,199.325,14.008333333333326,68.42332118768383,132.1523085937838,63.728987406099975
S35,S35_E0I136D0,data/outputs_webcam_median/S35/S35_E0I136D0.arff,saccade,median,14,15,1,23.642857142857146,38.6,14.957142857142856,12.097343273864483,14.012953191346112,1.9156099174816283
S35,S35_E0I137D0,data/outputs_webcam_median/S35/S35_E0I137D0.arff,fixation,median,13,12,-1,264.1384615384615,299.53333333333336,35.39487179487185,114.98829316109777,107.70053881297929,-7.287754348118483
S35,S35_E0I137D0,data/outputs_webcam_median/S35/S35_E0I137D0.arff,saccade,median,11,11,0,25.845454545454547,43.4,17.55454545454545,9.75862322629208,16.10856914812734,6.3499459218352605
S35,S35_E0I138D0,data/outputs_webcam_median/S35/S35_E0I138D0.arff,fixation,median,13,12,-1,216.8615384615385,223.28333333333333,6.4217948717948445,116.78612602004243,126.94308555292396,10.15695953288153
S35,S35_E0I138D0,data/outputs_webcam_median/S35/S35_E0I138D0.arff,saccade,median,9,12,3,27.38888888888889,34.43333333333333,7.044444444444441,8.52883996280333,9.840023404751669,1.311183441948339
S35,S35_E0I139D0,data/outputs_webcam_median/S35/S35_E0I139D0.arff,fixation,median,17,16,-1,211.9,228.98125,17.081249999999983,126.16028495529012,145.48412155627156,19.323836600981437
S35,S35_E0I139D0,data/outputs_webcam_median/S35/S35_E0I139D0.arff,saccade,median,14,15,1,26.514285714285712,38.32,11.805714285714288,10.326206924643214,14.688002878929067,4.361795954285853
S35,S35_E0I140D0,data/outputs_webcam_median/S35/S35_E0I140D0.arff,fixation,median,14,14,0,223.17857142857147,218.70714285714283,-4.471428571428646,86.55890994062882,91.19786995054483,4.638960009916005
S35,S35_E0I140D0,data/outputs_webcam_median/S35/S35_E0I140D0.arff,saccade,median,12,13,1,25.65833333333333,35.592307692307685,9.933974358974353,8.935776746349813,11.021377828146951,2.0856010817971384
