subject,trial,file,event_type,smoothing,gt_event_count,pred_event_count,event_count_error,gt_mean_duration_ms,pred_mean_duration_ms,mean_duration_error_ms,gt_sd_duration_ms,pred_sd_duration_ms,sd_duration_error_ms
S11,S11_E0I101D0,data/outputs_webcam_mean/S11/S11_E0I101D0.arff,fixation,mean,7,7,0,178.3857142857143,199.81428571428572,21.428571428571416,35.724568043641376,45.02634149663316,9.301773452991782
S11,S11_E0I101D0,data/outputs_webcam_mean/S11/S11_E0I101D0.arff,saccade,mean,7,6,-1,43.75714285714286,32.56666666666667,-11.19047619047619,12.491711537770039,3.1728010758108782,-9.31891046195916
S11,S11_E0I102D0,data/outputs_webcam_mean/S11/S11_E0I102D0.arff,fixation,mean,14,9,-5,229.38571428571427,397.43333333333334,168.04761904761907,144.89674231695457,239.11127639657647,94.2145340796219
S11,S11_E0I102D0,data/outputs_webcam_mean/S11/S11_E0I102D0.arff,saccade,mean,13,7,-6,36.83846153846153,40.48571428571428,3.6472527472527503,14.099559003832855,9.544357595184806,-4.555201408648049
S11,S11_E0I103D0,data/outputs_webcam_mean/S11/S11_E0I103D0.arff,fixation,mean,8,6,-2,201.8,299.26666666666665,97.46666666666664,153.44554175900416,247.4364052977384,93.99086353873423
S11,S11_E0I103D0,data/outputs_webcam_mean/S11/S11_E0I103D0.arff,saccade,mean,7,6,-1,44.60000000000001,44.31666666666666,-0.28333333333334565,24.26032426274087,18.229362760850055,-6.030961501890815
S11,S11_E0I104D0,data/outputs_webcam_mean/S11/S11_E0I104D0.arff,fixation,mean,10,9,-1,160.94,237.85555555555558,76.91555555555558,70.11560612461552,111.42715233630346,41.31154621168794
S11,S11_E0I104D0,data/outputs_webcam_mean/S11/S11_E0I104D0.arff,saccade,mean,11,7,-4,54.9,32.42857142857143,-22.471428571428568,64.0864884355509,9.683614043960082,-54.40287439159082
S11,S11_E0I105D0,data/outputs_webcam_mean/S11/S11_E0I105D0.arff,fixation,mean,9,8,-1,182.03333333333333,228.8875,46.85416666666666,72.6246514621585,83.98442776576417,11.35977630360567
S11,S11_E0I105D0,data/outputs_webcam_mean/S11/S11_E0I105D0.arff,saccade,mean,9,6,-3,44.43333333333333,37.75,-6.68333333333333,22.681545361813424,12.675448710006284,-10.00609665180714
S11,S11_E0I106D0,data/outputs_webcam_mean/S11/S11_E0I106D0.arff,fixation,mean,11,6,-5,155.6727272727273,324.3,168.62727272727273,80.97680026907818,161.81332454405603,80.83652427497785
S11,S11_E0I106D0,data/outputs_webcam_mean/S11/S11_E0I106D0.arff,saccade,mean,14,3,-11,32.51428571428571,44.13333333333333,11.61904761904762,18.837436422958696,21.536093734318055,2.6986573113593586
S11,S11_E0I107D0,data/outputs_webcam_mean/S11/S11_E0I107D0.arff,fixation,mean,2,2,0,155.75,194.05,38.30000000000001,12.091525958289978,88.45905832643712,76.36753236814714
S11,S11_E0I107D0,data/outputs_webcam_mean/S11/S11_E0I107D0.arff,saccade,mean,2,1,-1,54.35,63.3,8.949999999999996,9.687362902255703,0.0,-9.687362902255703
S11,S11_E0I108D0,data/outputs_webcam_mean/S11/S11_E0I108D0.arff,fixation,mean,10,6,-4,156.14000000000001,354.2833333333333,198.1433333333333,88.92973755849177,285.92864436195737,196.99890680346562
S11,S11_E0I108D0,data/outputs_webcam_mean/S11/S11_E0I108D0.arff,saccade,mean,10,5,-5,51.61,34.2,-17.409999999999997,28.910338404568474,12.610511488436938,-16.299826916131536
S11,S11_E0I109D0,data/outputs_webcam_mean/S11/S11_E0I109D0.arff,fixation,mean,10,9,-1,130.73999999999998,180.73333333333335,49.99333333333337,93.16012737933183,111.77288356305388,18.612756183722055
S11,S11_E0I109D0,data/outputs_webcam_mean/S11/S11_E0I109D0.arff,saccade,mean,10,6,-4,43.22,32.699999999999996,-10.520000000000003,25.089209721401037,19.95033834299559,-5.138871378405447
S11,S11_E0I110D0,data/outputs_webcam_mean/S11/S11_E0I110D0.arff,fixation,mean,13,8,-5,152.71538461538464,367.0875,214.37211538461534,79.5022100966785,321.2875367175017,241.78532662082324
S11,S11_E0I110D0,data/outputs_webcam_mean/S11/S11_E0I110D0.arff,saccade,mean,13,6,-7,68.23076923076923,31.58333333333333,-36.6474358974359,72.5361448361595,9.961208092729851,-62.574936743429646
S11,S11_E0I111D0,data/outputs_webcam_mean/S11/S11_E0I111D0.arff,fixation,mean,10,9,-1,136.95000000000002,194.37777777777777,57.42777777777775,46.60084047882971,122.98019939992146,76.37935892109175
S11,S11_E0I111D0,data/outputs_webcam_mean/S11/S11_E0I111D0.arff,saccade,mean,10,8,-2,50.32000000000001,27.7,-22.620000000000008,17.936480516905576,14.053672626246644,-3.882807890658931
S11,S11_E0I112D0,data/outputs_webcam_mean/S11/S11_E0I112D0.arff,fixation,mean,6,6,0,176.11666666666667,190.58333333333334,14.466666666666669,73.80323615307574,139.95455571958587,66.15131956651013
S11,S11_E0I112D0,data/outputs_webcam_mean/S11/S11_E0I112D0.arff,saccade,mean,5,5,0,57.88000000000001,34.64,-23.24000000000001,18.477202169159703,17.336752867823893,-1.14044930133581
S11,S11_E0I113D0,data/outputs_webcam_mean/S11/S11_E0I113D0.arff,fixation,mean,8,5,-3,144.9125,270.84000000000003,125.92750000000004,52.187229896649185,169.93835058632294,117.75112068967375
S11,S11_E0I113D0,data/outputs_webcam_mean/S11/S11_E0I113D0.arff,saccade,mean,9,4,-5,31.355555555555554,23.7,-7.655555555555555,18.894517135343197,9.122499657440388,-9.772017477902809
S11,S11_E0I114D0,data/outputs_webcam_mean/S11/S11_E0I114D0.arff,fixation,mean,9,7,-2,240.0,371.3714285714286,131.37142857142862,125.0891681961312,237.73366550466872,112.64449730853752
S11,S11_E0I114D0,data/outputs_webcam_mean/S11/S11_E0I114D0.arff,saccade,mean,8,6,-2,52.775,36.78333333333334,-15.99166666666666,40.60945526774346,8.342281862096646,-32.267173405646815
S11,S11_E0I115D0,data/outputs_webcam_mean/S11/S11_E0I115D0.arff,fixation,mean,16,9,-7,131.075,307.32222222222225,176.24722222222226,66.27118529195023,248.15486987855883,181.88368458660858
S11,S11_E0I115D0,data/outputs_webcam_mean/S11/S11_E0I115D0.arff,saccade,mean,18,7,-11,41.511111111111106,37.114285714285714,-4.396825396825392,20.835204621841058,14.859612889913898,-5.97559173192716
S11,S11_E0I116D0,data/outputs_webcam_mean/S11/S11_E0I116D0.arff,fixation,mean,7,5,-2,153.55714285714288,218.1,64.54285714285712,133.16674831632278,135.43476289343147,2.268014577108687
S11,S11_E0I116D0,data/outputs_webcam_mean/S11/S11_E0I116D0.arff,saccade,mean,9,3,-6,34.94444444444444,36.766666666666666,1.8222222222222229,18.880288074544247,18.15773480733027,-0.722553267213975
S11,S11_E0I117D0,data/outputs_webcam_mean/S11/S11_E0I117D0.arff,fixation,mean,6,6,0,155.6833333333333,195.43333333333337,39.75000000000006,55.239348897924806,75.5997001757723,20.360351277847492
S11,S11_E0I117D0,data/outputs_webcam_mean/S11/S11_E0I117D0.arff,saccade,mean,6,4,-2,57.20000000000001,35.55,-21.650000000000013,23.266542502056463,7.766809726865553,-15.49973277519091
S11,S11_E0I118D0,data/outputs_webcam_mean/S11/S11_E0I118D0.arff,fixation,mean,11,6,-5,170.0909090909091,395.3,225.20909090909092,69.3639164774518,314.4964673887451,245.1325509112933
S11,S11_E0I118D0,data/outputs_webcam_mean/S11/S11_E0I118D0.arff,saccade,mean,13,3,-10,50.19230769230769,36.43333333333334,-13.758974358974356,28.554406009652922,9.335059364210458,-19.219346645442464
S11,S11_E0I119D0,data/outputs_webcam_mean/S11/S11_E0I119D0.arff,fixation,mean,14,11,-3,154.84285714285716,267.12727272727267,112.28441558441551,67.0459740578257,214.19049974687996,147.14452568905426
S11,S11_E0I119D0,data/outputs_webcam_mean/S11/S11_E0I119D0.arff,saccade,mean,15,8,-7,57.019999999999996,24.625,-32.394999999999996,39.87369702304659,9.751300279596416,-30.122396743450174
S11,S11_E0I120D0,data/outputs_webcam_mean/S11/S11_E0I120D0.arff,fixation,mean,6,3,-3,135.11666666666667,331.8333333333333,196.71666666666664,64.81908412394198,266.6729332597018,201.8538491357598
S11,S11_E0I120D0,data/outputs_webcam_mean/S11/S11_E0I120D0.arff,saccade,mean,7,2,-5,42.771428571428565,31.6,-11.171428571428564,14.884971647684822,22.3445742854949,7.459602637810079
S11,S11_E0I121D0,data/outputs_webcam_mean/S11/S11_E0I121D0.arff,fixation,mean,10,10,0,147.85,183.93,36.08000000000001,81.46380586902791,151.14111912014178,69.67731325111387
S11,S11_E0I121D0,data/outputs_webcam_mean/S11/S11_E0I121D0.arff,saccade,mean,10,7,-3,53.98,27.928571428571427,-26.05142857142857,21.821691552723912,8.732260930158978,-13.089430622564935
S11,S11_E0I122D0,data/outputs_webcam_mean/S11/S11_E0I122D0.arff,fixation,mean,6,5,-1,168.29999999999998,256.68,88.38000000000002,47.029735274611106,231.5179841826548,184.4882489080437
S11,S11_E0I122D0,data/outputs_webcam_mean/S11/S11_E0I122D0.arff,saccade,mean,6,5,-1,57.81666666666667,28.360000000000003,-29.456666666666667,42.77641484120271,7.021609502101352,-35.75480533910135
S11,S11_E0I123D0,data/outputs_webcam_mean/S11/S11_E0I123D0.arff,fixation,mean,6,4,-2,127.39999999999998,265.4,138.0,80.7432226258031,206.77519193558982,126.03196930978672
S11,S11_E0I123D0,data/outputs_webcam_mean/S11/S11_E0I123D0.arff,saccade,mean,5,3,-2,65.76,41.56666666666667,-24.193333333333335,38.47022225046276,8.663909817936316,-29.806312432526447
S11,S11_E0I124D0,data/outputs_webcam_mean/S11/S11_E0I124D0.arff,fixation,mean,8,7,-1,124.95,180.6,55.64999999999999,58.298492996940205,215.323376962806,157.0248839658658
S11,S11_E0I124D0,data/outputs_webcam_mean/S11/S11_E0I124D0.arff,saccade,mean,8,5,-3,46.0375,25.060000000000002,-20.9775,22.306625377100094,8.456240299329249,-13.850385077770845
S11,S11_E0I125D0,data/outputs_webcam_mean/S11/S11_E0I125D0.arff,fixation,mean,7,5,-2,136.02857142857144,220.6,84.57142857142856,89.9804740723548,143.0042307066473,53.023756634292496
S11,S11_E0I125D0,data/outputs_webcam_mean/S11/S11_E0I125D0.arff,saccade,mean,6,5,-1,60.23333333333333,57.64,-2.5933333333333266,26.93768116721754,37.54894139652941,10.611260229311867
S11,S11_E0I126D0,data/outputs_webcam_mean/S11/S11_E0I126D0.arff,fixation,mean,6,4,-2,146.41666666666666,295.3,148.88333333333335,81.9417943827609,114.29193614016113,32.35014175740022
S11,S11_E0I126D0,data/outputs_webcam_mean/S11/S11_E0I126D0.arff,saccade,mean,7,4,-3,48.05714285714286,43.449999999999996,-4.607142857142861,31.091309457942163,19.777681023483684,-11.31362843445848
S11,S11_E0I127D0,data/outputs_webcam_mean/S11/S11_E0I127D0.arff,fixation,mean,6,3,-3,92.39999999999999,242.26666666666665,149.86666666666667,58.17989343407223,157.52575450805918,99.34586107398695
S11,S11_E0I127D0,data/outputs_webcam_mean/S11/S11_E0I127D0.arff,saccade,mean,6,2,-4,46.76666666666667,70.30000000000001,23.53333333333334,35.3052215212802,32.6683332908185,-2.6368882304617003
S11,S11_E0I128D0,data/outputs_webcam_mean/S11/S11_E0I128D0.arff,fixation,mean,10,8,-2,180.60999999999999,259.1125,78.50250000000003,62.72526427029046,126.07851791075049,63.35325364046003
S11,S11_E0I128D0,data/outputs_webcam_mean/S11/S11_E0I128D0.arff,saccade,mean,10,6,-4,51.89000000000001,36.88333333333333,-15.006666666666675,23.699716360234262,12.91733976740825,-10.782376592826012
S11,S11_E0I129D0,data/outputs_webcam_mean/S11/S11_E0I129D0.arff,fixation,mean,13,11,-2,131.76153846153846,179.23636363636365,47.474825174825185,53.894828732472696,87.96024411888898,34.065415386416284
S11,S11_E0I129D0,data/outputs_webcam_mean/S11/S11_E0I129D0.arff,saccade,mean,15,7,-8,39.84,29.342857142857138,-10.497142857142865,20.442490762415147,10.952907854820586,-9.489582907594562
S11,S11_E0I130D0,data/outputs_webcam_mean/S11/S11_E0I130D0.arff,fixation,mean,7,4,-3,131.08571428571426,336.925,205.83928571428575,29.905541770237644,254.10419614795816,224.19865437772052
S11,S11_E0I130D0,data/outputs_webcam_mean/S11/S11_E0I130D0.arff,saccade,mean,6,3,-3,60.28333333333333,31.5,-28.78333333333333,28.589887489576917,15.600961508830153,-12.988925980746764
S11,S11_E0I131D0,data/outputs_webcam_mean/S11/S11_E0I131D0.arff,fixation,mean,10,6,-4,141.63000000000002,300.5333333333333,158.90333333333328,42.44374184991496,245.91114384400447,203.46740199408953
S11,S11_E0I131D0,data/outputs_webcam_mean/S11/S11_E0I131D0.arff,saccade,mean,9,5,-4,52.74444444444445,29.619999999999997,-23.12444444444445,25.18149673426458,8.21565578636301,-16.96584094790157
S11,S11_E0I132D0,data/outputs_webcam_mean/S11/S11_E0I132D0.arff,fixation,mean,10,6,-4,156.36,324.65,168.28999999999996,60.10541110785654,241.22378614058772,181.1183750327312
S11,S11_E0I132D0,data/outputs_webcam_mean/S11/S11_E0I132D0.arff,saccade,mean,10,6,-4,46.33,31.55,-14.779999999999998,22.264323729031407,9.716120625023137,-12.54820310400827
S11,S11_E0I133D0,data/outputs_webcam_mean/S11/S11_E0I133D0.arff,fixation,mean,10,9,-1,177.95999999999998,261.9888888888888,84.02888888888884,115.1987577093511,219.56802160403757,104.36926389468647
S11,S11_E0I133D0,data/outputs_webcam_mean/S11/S11_E0I133D0.arff,saccade,mean,12,7,-5,49.05833333333333,27.714285714285715,-21.344047619047615,24.70802071957177,13.418945384719889,-11.289075334851882
S11,S11_E0I134D0,data/outputs_webcam_mean/S11/S11_E0I134D0.arff,fixation,mean,8,7,-1,139.76250000000002,178.3,38.537499999999994,55.625429372339624,76.32127270077895,20.695843328439324
S11,S11_E0I134D0,data/outputs_webcam_mean/S11/S11_E0I134D0.arff,saccade,mean,7,5,-2,51.228571428571435,37.56,-13.668571428571433,21.412668702251498,19.924683184432322,-1.487985517819176
S11,S11_E0I135D0,data/outputs_webcam_mean/S11/S11_E0I135D0.arff,fixation,mean,6,4,-2,163.13333333333335,321.25,158.11666666666665,65.41497280184917,125.06986047805442,59.65488767620525
S11,S11_E0I135D0,data/outputs_webcam_mean/S11/S11_E0I135D0.arff,saccade,mean,6,3,-3,60.23333333333333,36.63333333333333,-23.599999999999994,20.771486867017167,8.804733575374856,-11.966753291642311
S11,S11_E0I136D0,data/outputs_webcam_mean/S11/S11_E0I136D0.arff,fixation,mean,6,5,-1,179.86666666666667,235.39999999999995,55.533333333333275,68.95452607818189,201.46087709528118,132.5063510170993
S11,S11_E0I136D0,data/outputs_webcam_mean/S11/S11_E0I136D0.arff,saccade,mean,7,4,-3,38.228571428571435,39.225,0.9964285714285666,17.746146462984978,9.417492589148484,-8.328653873836494
S11,S11_E0I137D0,data/outputs_webcam_mean/S11/S11_E0I137D0.arff,fixation,mean,7,7,0,146.5,153.25714285714284,6.7571428571428385,44.88236476241717,70.82122697663597,25.9388622142188
S11,S11_E0I137D0,data/outputs_webcam_mean/S11/S11_E0I137D0.arff,saccade,mean,7,5,-2,40.34285714285715,34.739999999999995,-5.602857142857154,15.452061042986807,13.108317969899876,-2.343743073086932
S11,S11_E0I138D0,data/outputs_webcam_mean/S11/S11_E0I138D0.arff,fixation,mean,6,4,-2,157.41666666666666,302.5,145.08333333333334,106.45576389593316,298.2999832383502,191.84421934241703
S11,S11_E0I138D0,data/outputs_webcam_mean/S11/S11_E0I138D0.arff,saccade,mean,7,2,-5,54.142857142857146,31.9,-22.242857142857147,33.77118382797465,22.768838354206828,-11.002345473767825
S11,S11_E0I139D0,data/outputs_webcam_mean/S11/S11_E0I139D0.arff,fixation,mean,5,5,0,149.98,193.85999999999999,43.879999999999995,41.44553051898359,107.72426838925387,66.27873787027028
S11,S11_E0I139D0,data/outputs_webcam_mean/S11/S11_E0I139D0.arff,saccade,mean,7,2,-5,50.37142857142857,31.65,-18.721428571428568,18.895653317250357,0.07071067811865325,-18.824942639131702
S11,S11_E0I140D0,data/outputs_webcam_mean/S11/S11_E0I140D0.arff,fixation,mean,7,6,-1,144.6142857142857,168.55,23.93571428571431,67.40710715672417,108.61054736994929,41.20344021322512
S11,S11_E0I140D0,data/outputs_webcam_mean/S11/S11_E0I140D0.arff,saccade,mean,7,4,-3,37.92857142857143,31.6,-6.328571428571429,17.586710350499917,0.11547005383792475,-17.471240296661993
S13,S13_E0I101D0,data/outputs_webcam_mean/S13/S13_E0I101D0.arff,fixation,mean,8,7,-1,121.975,137.12857142857143,15.15357142857144,78.29119180524533,169.58573755169505,91.29454574644971
S13,S13_E0I101D0,data/outputs_webcam_mean/S13/S13_E0I101D0.arff,saccade,mean,7,4,-3,36.57142857142857,32.075,-4.496428571428567,12.05179299049375,0.1707825127659926,-11.881010477727758
S13,S13_E0I102D0,data/outputs_webcam_mean/S13/S13_E0I102D0.arff,fixation,mean,7,7,0,160.02857142857144,153.1142857142857,-6.9142857142857395,84.61057290681259,98.93661992358926,14.32604701677667
S13,S13_E0I102D0,data/outputs_webcam_mean/S13/S13_E0I102D0.arff,saccade,mean,6,6,0,29.266666666666666,34.949999999999996,5.68333333333333,12.026914262048544,12.006456596348484,-0.0204576657000608
S13,S13_E0I103D0,data/outputs_webcam_mean/S13/S13_E0I103D0.arff,fixation,mean,9,7,-2,174.45555555555558,235.8285714285714,61.37301587301582,173.56973462495637,313.90509029686933,140.33535567191296
S13,S13_E0I103D0,data/outputs_webcam_mean/S13/S13_E0I103D0.arff,saccade,mean,8,7,-1,37.912499999999994,34.385714285714286,-3.526785714285708,17.021367873520454,10.998398151765644,-6.02296972175481
S13,S13_E0I104D0,data/outputs_webcam_mean/S13/S13_E0I104D0.arff,fixation,mean,8,7,-1,122.0625,146.38571428571427,24.323214285714272,88.44820821087495,71.69822007487188,-16.74998813600307
S13,S13_E0I104D0,data/outputs_webcam_mean/S13/S13_E0I104D0.arff,saccade,mean,7,6,-1,27.471428571428568,42.63333333333333,15.161904761904765,7.837455855423639,16.39752013771188,8.560064282288241
S13,S13_E0I105D0,data/outputs_webcam_mean/S13/S13_E0I105D0.arff,fixation,mean,10,9,-1,136.05,154.63333333333335,18.583333333333343,77.89206563501118,79.53670536299576,1.6446397279845826
S13,S13_E0I105D0,data/outputs_webcam_mean/S13/S13_E0I105D0.arff,saccade,mean,10,8,-2,43.08,43.6875,0.6075000000000017,25.975022190130613,11.399428243807417,-14.575593946323195
S13,S13_E0I106D0,data/outputs_webcam_mean/S13/S13_E0I106D0.arff,fixation,mean,8,7,-1,138.11249999999998,153.22857142857143,15.116071428571445,68.97619542794662,61.78159689005874,-7.1945985378878845
S13,S13_E0I106D0,data/outputs_webcam_mean/S13/S13_E0I106D0.arff,saccade,mean,7,6,-1,38.714285714285715,53.25,14.535714285714285,15.708960136540817,26.234919477673262,10.525959341132445
S13,S13_E0I107D0,data/outputs_webcam_mean/S13/S13_E0I107D0.arff,fixation,mean,12,12,0,169.7,175.9416666666667,6.241666666666703,91.52486001081893,171.373433065356,79.84857305453708
S13,S13_E0I107D0,data/outputs_webcam_mean/S13/S13_E0I107D0.arff,saccade,mean,12,11,-1,53.29999999999999,36.36363636363637,-16.936363636363623,60.03574692706762,14.451177995393506,-45.58456893167411
S13,S13_E0I108D0,data/outputs_webcam_mean/S13/S13_E0I108D0.arff,fixation,mean,6,5,-1,189.26666666666665,243.21999999999997,53.95333333333332,138.59878306344058,116.12683583048322,-22.471947232957362
S13,S13_E0I108D0,data/outputs_webcam_mean/S13/S13_E0I108D0.arff,saccade,mean,5,4,-1,38.4,43.975,5.575000000000003,14.071424945612298,14.724441132575004,0.6530161869627058
S13,S13_E0I109D0,data/outputs_webcam_mean/S13/S13_E0I109D0.arff,fixation,mean,6,6,0,176.35000000000002,162.8,-13.550000000000011,95.97351197075159,96.26097859465173,0.2874666239001442
S13,S13_E0I109D0,data/outputs_webcam_mean/S13/S13_E0I109D0.arff,saccade,mean,5,5,0,22.3,38.4,16.099999999999998,8.626702730475879,8.49205511051359,-0.1346476199622888
S13,S13_E0I110D0,data/outputs_webcam_mean/S13/S13_E0I110D0.arff,fixation,mean,9,8,-1,133.3111111111111,145.925,12.613888888888908,65.07285233575604,85.42521792271214,20.352365586956097
S13,S13_E0I110D0,data/outputs_webcam_mean/S13/S13_E0I110D0.arff,saccade,mean,8,7,-1,46.0375,38.9,-7.137500000000003,35.76063028767011,15.644487847162015,-20.116142440508096
S13,S13_E0I111D0,data/outputs_webcam_mean/S13/S13_E0I111D0.arff,fixation,mean,8,7,-1,145.97499999999997,157.79999999999998,11.825000000000017,85.9544356039873,70.88337839954677,-15.071057204440535
S13,S13_E0I111D0,data/outputs_webcam_mean/S13/S13_E0I111D0.arff,saccade,mean,6,6,0,37.13333333333333,39.78333333333334,2.6500000000000057,19.238468407507565,16.400538609041675,-2.8379297984658898
S13,S13_E0I112D0,data/outputs_webcam_mean/S13/S13_E0I112D0.arff,fixation,mean,7,6,-1,157.64285714285714,186.61666666666667,28.973809523809535,74.77570588417197,88.03170830255804,13.256002418386075
S13,S13_E0I112D0,data/outputs_webcam_mean/S13/S13_E0I112D0.arff,saccade,mean,6,5,-1,32.06666666666667,38.239999999999995,6.173333333333325,14.333410852503555,9.007940941191833,-5.325469911311721
S13,S13_E0I113D0,data/outputs_webcam_mean/S13/S13_E0I113D0.arff,fixation,mean,7,5,-2,150.74285714285716,227.06,76.31714285714284,109.55864270095806,171.41917337334235,61.860530672384286
S13,S13_E0I113D0,data/outputs_webcam_mean/S13/S13_E0I113D0.arff,saccade,mean,7,4,-3,27.3,35.7,8.400000000000002,11.951150572225254,7.868502610619973,-4.082647961605281
S13,S13_E0I114D0,data/outputs_webcam_mean/S13/S13_E0I114D0.arff,fixation,mean,7,7,0,162.1285714285714,171.29999999999998,9.171428571428578,82.41154276527276,83.13843876330611,0.7268959980333562
S13,S13_E0I114D0,data/outputs_webcam_mean/S13/S13_E0I114D0.arff,saccade,mean,7,6,-1,38.75714285714286,29.333333333333332,-9.423809523809528,8.649827964157657,12.071067337508588,3.4212393733509305
S13,S13_E0I115D0,data/outputs_webcam_mean/S13/S13_E0I115D0.arff,fixation,mean,7,6,-1,143.94285714285715,167.91666666666669,23.973809523809535,76.10617270504098,103.53983613405357,27.433663429012597
S13,S13_E0I115D0,data/outputs_webcam_mean/S13/S13_E0I115D0.arff,saccade,mean,6,7,1,40.050000000000004,27.485714285714288,-12.564285714285717,16.48353724174517,7.878753829430254,-8.604783412314918
S13,S13_E0I116D0,data/outputs_webcam_mean/S13/S13_E0I116D0.arff,fixation,mean,6,6,0,197.53333333333333,173.64999999999998,-23.883333333333354,129.40192682748838,107.25140092325134,-22.150525904237043
S13,S13_E0I116D0,data/outputs_webcam_mean/S13/S13_E0I116D0.arff,saccade,mean,7,7,0,43.51428571428572,29.814285714285717,-13.700000000000003,35.313851322648105,11.071047612493373,-24.242803710154732
S13,S13_E0I117D0,data/outputs_webcam_mean/S13/S13_E0I117D0.arff,fixation,mean,8,7,-1,128.25,128.25714285714284,0.007142857142838466,37.251768893762424,41.31411611636137,4.0623472225989445
S13,S13_E0I117D0,data/outputs_webcam_mean/S13/S13_E0I117D0.arff,saccade,mean,6,6,0,61.28333333333333,32.0,-29.28333333333333,56.643107847880906,0.06324555320336848,-56.57986229467754
S13,S13_E0I118D0,data/outputs_webcam_mean/S13/S13_E0I118D0.arff,fixation,mean,6,5,-1,149.25,175.73999999999998,26.48999999999998,82.06331092516314,143.09518859835921,61.03187767319608
S13,S13_E0I118D0,data/outputs_webcam_mean/S13/S13_E0I118D0.arff,saccade,mean,5,6,1,70.67999999999999,32.199999999999996,-38.48,78.25846280115653,10.13133752275582,-68.12712527840071
S13,S13_E0I119D0,data/outputs_webcam_mean/S13/S13_E0I119D0.arff,fixation,mean,7,8,1,158.22857142857143,126.0,-32.22857142857143,83.86120903583719,115.53412606548027,31.672917029643074
S13,S13_E0I119D0,data/outputs_webcam_mean/S13/S13_E0I119D0.arff,saccade,mean,6,4,-2,53.333333333333336,47.49999999999999,-5.833333333333343,61.28058964033119,1.134313301811572,-60.14627633851962
S13,S13_E0I120D0,data/outputs_webcam_mean/S13/S13_E0I120D0.arff,fixation,mean,7,7,0,132.58571428571426,127.72857142857143,-4.857142857142833,38.83016132559107,33.47659452441931,-5.353566801171759
S13,S13_E0I120D0,data/outputs_webcam_mean/S13/S13_E0I120D0.arff,saccade,mean,6,6,0,42.96666666666667,34.76666666666667,-8.199999999999996,8.149519413233314,12.07123302180298,3.921713608569666
S13,S13_E0I121D0,data/outputs_webcam_mean/S13/S13_E0I121D0.arff,fixation,mean,17,16,-1,161.9294117647059,145.09375,-16.83566176470589,134.21440759427563,165.48492567300505,31.270518078729424
S13,S13_E0I121D0,data/outputs_webcam_mean/S13/S13_E0I121D0.arff,saccade,mean,18,10,-8,45.34444444444444,38.36,-6.984444444444442,22.137809611140057,8.105992296511953,-14.031817314628103
S13,S13_E0I122D0,data/outputs_webcam_mean/S13/S13_E0I122D0.arff,fixation,mean,7,6,-1,167.08571428571426,203.03333333333333,35.94761904761907,71.26159387710018,113.18036343229626,41.91876955519608
S13,S13_E0I122D0,data/outputs_webcam_mean/S13/S13_E0I122D0.arff,saccade,mean,5,5,0,35.0,38.26,3.259999999999998,17.346613502352554,8.80443070277687,-8.542182799575684
S13,S13_E0I123D0,data/outputs_webcam_mean/S13/S13_E0I123D0.arff,fixation,mean,7,6,-1,194.04285714285714,229.43333333333337,35.39047619047622,171.93766173764698,240.83695452871564,68.89929279106866
S13,S13_E0I123D0,data/outputs_webcam_mean/S13/S13_E0I123D0.arff,saccade,mean,6,5,-1,37.35,41.519999999999996,4.169999999999995,13.007497837785714,8.83102485558726,-4.176472982198453
S13,S13_E0I124D0,data/outputs_webcam_mean/S13/S13_E0I124D0.arff,fixation,mean,10,9,-1,140.87,163.3777777777778,22.50777777777779,55.270608021905375,108.26871406110098,52.998106039195605
S13,S13_E0I124D0,data/outputs_webcam_mean/S13/S13_E0I124D0.arff,saccade,mean,9,8,-1,55.25555555555555,40.125,-15.130555555555553,29.987210236662193,14.940716180959999,-15.046494055702194
S13,S13_E0I125D0,data/outputs_webcam_mean/S13/S13_E0I125D0.arff,fixation,mean,9,8,-1,195.15555555555557,217.875,22.719444444444434,133.23719554905747,154.29491010955056,21.057714560493082
S13,S13_E0I125D0,data/outputs_webcam_mean/S13/S13_E0I125D0.arff,saccade,mean,8,7,-1,35.9125,41.228571428571435,5.316071428571433,22.27179109482281,8.68153486539377,-13.59025622942904
S13,S13_E0I126D0,data/outputs_webcam_mean/S13/S13_E0I126D0.arff,fixation,mean,8,5,-3,105.86250000000001,166.52,60.6575,46.2680370234139,61.409502522003876,15.141465498589973
S13,S13_E0I126D0,data/outputs_webcam_mean/S13/S13_E0I126D0.arff,saccade,mean,8,4,-4,42.037499999999994,47.974999999999994,5.9375,19.030722341969653,18.56221520544715,-0.4685071365225042
S13,S13_E0I127D0,data/outputs_webcam_mean/S13/S13_E0I127D0.arff,fixation,mean,5,5,0,163.4,173.1,9.699999999999989,75.35011612466168,54.79648711368276,-20.553629010978923
S13,S13_E0I127D0,data/outputs_webcam_mean/S13/S13_E0I127D0.arff,saccade,mean,4,4,0,44.224999999999994,52.05,7.825000000000003,20.227930360436446,15.69639024319498,-4.531540117241466
S13,S13_E0I128D0,data/outputs_webcam_mean/S13/S13_E0I128D0.arff,fixation,mean,8,6,-2,165.8125,223.68333333333337,57.870833333333366,88.976761613035,247.64158307252572,158.66482145949072
S13,S13_E0I128D0,data/outputs_webcam_mean/S13/S13_E0I128D0.arff,saccade,mean,6,5,-1,24.05,41.92,17.87,19.718392429404584,14.162874002122592,-5.555518427281992
S13,S13_E0I129D0,data/outputs_webcam_mean/S13/S13_E0I129D0.arff,fixation,mean,10,8,-2,217.71000000000004,260.05,42.339999999999975,206.07047041674306,211.96703247708794,5.896562060344877
S13,S13_E0I129D0,data/outputs_webcam_mean/S13/S13_E0I129D0.arff,saccade,mean,8,7,-1,34.0625,41.214285714285715,7.151785714285715,15.920511253456295,12.635060819195209,-3.2854504342610866
S13,S13_E0I130D0,data/outputs_webcam_mean/S13/S13_E0I130D0.arff,fixation,mean,8,6,-2,192.22500000000002,264.2833333333333,72.05833333333328,226.3298335868,360.1464503041321,133.8166167173321
S13,S13_E0I130D0,data/outputs_webcam_mean/S13/S13_E0I130D0.arff,saccade,mean,7,6,-1,29.7,37.61666666666666,7.916666666666661,10.995453605922767,13.246043434424735,2.250589828501967
S13,S13_E0I131D0,data/outputs_webcam_mean/S13/S13_E0I131D0.arff,fixation,mean,6,6,0,216.03333333333333,210.54999999999998,-5.4833333333333485,216.0846377387034,203.50910299050508,-12.575534748198322
S13,S13_E0I131D0,data/outputs_webcam_mean/S13/S13_E0I131D0.arff,saccade,mean,5,5,0,35.24,41.82000000000001,6.580000000000005,13.49473971590412,9.06156719337224,-4.43317252253188
S13,S13_E0I132D0,data/outputs_webcam_mean/S13/S13_E0I132D0.arff,fixation,mean,7,5,-2,155.58571428571432,217.6,62.01428571428568,106.26660542508841,146.0439146284432,39.777309203354775
S13,S13_E0I132D0,data/outputs_webcam_mean/S13/S13_E0I132D0.arff,saccade,mean,6,4,-2,40.00000000000001,39.925000000000004,-0.07500000000000284,21.99727255820594,20.617205597914246,-1.3800669602916926
S13,S13_E0I133D0,data/outputs_webcam_mean/S13/S13_E0I133D0.arff,fixation,mean,17,14,-3,118.44117647058822,141.65714285714287,23.215966386554655,56.686121083819195,91.97378150058027,35.28766041676108
S13,S13_E0I133D0,data/outputs_webcam_mean/S13/S13_E0I133D0.arff,saccade,mean,20,14,-6,36.864999999999995,39.07142857142857,2.2064285714285745,14.782574200727018,14.861277953715232,0.07870375298821486
S13,S13_E0I134D0,data/outputs_webcam_mean/S13/S13_E0I134D0.arff,fixation,mean,8,7,-1,144.1375,171.31428571428572,27.176785714285728,101.20445977609597,115.66852681364146,14.46406703754549
S13,S13_E0I134D0,data/outputs_webcam_mean/S13/S13_E0I134D0.arff,saccade,mean,7,6,-1,43.371428571428574,48.18333333333334,4.8119047619047635,45.95188477402983,22.69294310279446,-23.25894167123537
S13,S13_E0I135D0,data/outputs_webcam_mean/S13/S13_E0I135D0.arff,fixation,mean,7,7,0,144.05714285714285,148.44285714285715,4.3857142857143,97.35784264151256,94.14350494755081,-3.2143376939617525
S13,S13_E0I135D0,data/outputs_webcam_mean/S13/S13_E0I135D0.arff,saccade,mean,7,6,-1,38.728571428571435,45.31666666666666,6.588095238095228,12.63325166451803,12.067711741115904,-0.5655399234021257
S13,S13_E0I136D0,data/outputs_webcam_mean/S13/S13_E0I136D0.arff,fixation,mean,9,7,-2,147.85555555555553,180.62857142857143,32.77301587301591,74.65224563117829,82.98828660892882,8.336040977750528
S13,S13_E0I136D0,data/outputs_webcam_mean/S13/S13_E0I136D0.arff,saccade,mean,8,5,-3,42.037499999999994,41.71999999999999,-0.31750000000000256,22.61926722951033,18.38510266492956,-4.234164564580773
S13,S13_E0I137D0,data/outputs_webcam_mean/S13/S13_E0I137D0.arff,fixation,mean,7,5,-2,180.44285714285715,278.16,97.71714285714287,175.03253847159252,282.18432451147953,107.15178603988701
S13,S13_E0I137D0,data/outputs_webcam_mean/S13/S13_E0I137D0.arff,saccade,mean,6,4,-2,42.65,52.075,9.425000000000004,34.66368416657411,15.329356368310663,-19.334327798263445
S13,S13_E0I138D0,data/outputs_webcam_mean/S13/S13_E0I138D0.arff,fixation,mean,6,7,1,181.53333333333333,148.67142857142858,-32.86190476190475,72.60974222972195,85.4680001381748,12.858257908452856
S13,S13_E0I138D0,data/outputs_webcam_mean/S13/S13_E0I138D0.arff,saccade,mean,7,6,-1,38.857142857142854,34.46666666666667,-4.3904761904761855,15.59763413073247,6.696168058424659,-8.90146607230781
S13,S13_E0I139D0,data/outputs_webcam_mean/S13/S13_E0I139D0.arff,fixation,mean,8,9,1,135.875,122.6888888888889,-13.186111111111103,87.59224933096046,79.80884105856387,-7.783408272396585
S13,S13_E0I139D0,data/outputs_webcam_mean/S13/S13_E0I139D0.arff,saccade,mean,8,9,1,33.975,33.72222222222222,-0.25277777777778,15.831501147125264,9.605698540160649,-6.225802606964615
S13,S13_E0I140D0,data/outputs_webcam_mean/S13/S13_E0I140D0.arff,fixation,mean,6,5,-1,176.11666666666667,179.04000000000002,2.923333333333346,138.94254088171365,105.99558009653043,-32.94696078518322
S13,S13_E0I140D0,data/outputs_webcam_mean/S13/S13_E0I140D0.arff,saccade,mean,4,5,1,36.0,41.64,5.640000000000001,15.497311594811103,21.444066778482107,5.946755183671003
S14,S14_E0I101D0,data/outputs_webcam_mean/S14/S14_E0I101D0.arff,fixation,mean,7,6,-1,212.37142857142857,186.63333333333333,-25.73809523809524,174.97185215805155,110.67799540408502,-64.29385675396652
S14,S14_E0I101D0,data/outputs_webcam_mean/S14/S14_E0I101D0.arff,saccade,mean,7,4,-3,43.48571428571428,36.1,-7.385714285714279,7.813114737719004,8.133469944207903,0.32035520648889904
S14,S14_E0I102D0,data/outputs_webcam_mean/S14/S14_E0I102D0.arff,fixation,mean,9,7,-2,172.43333333333334,219.2571428571428,46.82380952380947,174.44989251931338,277.2465200090758,102.79662748976244
S14,S14_E0I102D0,data/outputs_webcam_mean/S14/S14_E0I102D0.arff,saccade,mean,9,5,-4,35.46666666666667,38.34,2.873333333333335,13.330322576742093,18.60559055767916,5.275267980937068
S14,S14_E0I103D0,data/outputs_webcam_mean/S14/S14_E0I103D0.arff,fixation,mean,5,6,1,288.48,258.6166666666666,-29.8633333333334,277.4603341020118,298.5781801583409,21.117846056329086
S14,S14_E0I103D0,data/outputs_webcam_mean/S14/S14_E0I103D0.arff,saccade,mean,6,4,-2,45.300000000000004,51.675,6.374999999999993,23.72433349959488,30.526313785541372,6.801980285946492
S14,S14_E0I104D0,data/outputs_webcam_mean/S14/S14_E0I104D0.arff,fixation,mean,7,5,-2,169.44285714285715,275.34000000000003,105.89714285714288,71.45158867239779,282.9977703092376,211.54618163683978
S14,S14_E0I104D0,data/outputs_webcam_mean/S14/S14_E0I104D0.arff,saccade,mean,8,4,-4,37.8875,51.7,13.8125,16.760790767229842,23.782766870152013,7.021976102922171
S14,S14_E0I105D0,data/outputs_webcam_mean/S14/S14_E0I105D0.arff,fixation,mean,13,9,-4,151.4230769230769,223.82222222222222,72.39914529914532,103.29098180904722,191.31723509512793,88.0262532860807
S14,S14_E0I105D0,data/outputs_webcam_mean/S14/S14_E0I105D0.arff,saccade,mean,13,7,-6,35.784615384615385,59.457142857142856,23.67252747252747,18.897479821122804,34.24528469453165,15.347804873408844
S14,S14_E0I106D0,data/outputs_webcam_mean/S14/S14_E0I106D0.arff,fixation,mean,7,7,0,171.44285714285715,192.1142857142857,20.67142857142855,161.6442581426145,177.80316296934868,16.158904826734187
S14,S14_E0I106D0,data/outputs_webcam_mean/S14/S14_E0I106D0.arff,saccade,mean,8,5,-3,42.0125,51.2,9.1875,22.520050589894968,34.53758821921415,12.017537629319182
S14,S14_E0I107D0,data/outputs_webcam_mean/S14/S14_E0I107D0.arff,fixation,mean,9,7,-2,152.8,217.1285714285714,64.3285714285714,167.53913721874062,255.46792175852343,87.92878453978281
S14,S14_E0I107D0,data/outputs_webcam_mean/S14/S14_E0I107D0.arff,saccade,mean,9,5,-4,32.077777777777776,44.739999999999995,12.66222222222222,17.934518238426268,7.013772166245492,-10.920746072180776
S14,S14_E0I108D0,data/outputs_webcam_mean/S14/S14_E0I108D0.arff,fixation,mean,9,7,-2,181.36666666666667,219.25714285714284,37.890476190476164,158.7847757185808,258.1979012123766,99.41312549379583
S14,S14_E0I108D0,data/outputs_webcam_mean/S14/S14_E0I108D0.arff,saccade,mean,10,6,-4,30.740000000000002,46.15,15.409999999999997,16.166164940668175,12.771021885503135,-3.3951430551650397
S14,S14_E0I109D0,data/outputs_webcam_mean/S14/S14_E0I109D0.arff,fixation,mean,12,10,-2,144.14166666666665,223.85999999999999,79.71833333333333,93.55413074144765,297.90677214338194,204.3526414019343
S14,S14_E0I109D0,data/outputs_webcam_mean/S14/S14_E0I109D0.arff,saccade,mean,13,10,-3,62.623076923076916,33.54,-29.083076923076916,61.79940875993009,9.114969372777216,-52.68443938715287
S14,S14_E0I110D0,data/outputs_webcam_mean/S14/S14_E0I110D0.arff,fixation,mean,10,9,-1,130.06,153.14444444444442,23.084444444444415,48.38264610833563,85.90781558029384,37.525169471958215
S14,S14_E0I110D0,data/outputs_webcam_mean/S14/S14_E0I110D0.arff,saccade,mean,11,9,-2,31.927272727272726,26.6,-5.3272727272727245,14.245075704192724,11.261438629233833,-2.9836370749588905
S14,S14_E0I111D0,data/outputs_webcam_mean/S14/S14_E0I111D0.arff,fixation,mean,9,10,1,161.66666666666666,158.26999999999998,-3.3966666666666754,70.41148698898496,91.62361473865664,21.21212774967168
S14,S14_E0I111D0,data/outputs_webcam_mean/S14/S14_E0I111D0.arff,saccade,mean,10,8,-2,32.0,31.9,-0.10000000000000142,19.955840136550393,0.4898979485566363,-19.465942187993758
S14,S14_E0I112D0,data/outputs_webcam_mean/S14/S14_E0I112D0.arff,fixation,mean,9,7,-2,191.9111111111111,253.89999999999995,61.98888888888885,266.57691406254804,339.5187770948758,72.94186303232777
S14,S14_E0I112D0,data/outputs_webcam_mean/S14/S14_E0I112D0.arff,saccade,mean,8,5,-3,36.05,41.64,5.590000000000003,22.34598078274608,14.580569261863543,-7.765411520882536
S14,S14_E0I113D0,data/outputs_webcam_mean/S14/S14_E0I113D0.arff,fixation,mean,10,7,-3,147.22999999999996,246.67142857142858,99.44142857142862,106.3904762863878,223.05152404983107,116.66104776344328
S14,S14_E0I113D0,data/outputs_webcam_mean/S14/S14_E0I113D0.arff,saccade,mean,10,3,-7,33.43,42.6,9.170000000000002,25.564865212500795,18.100552477756032,-7.464312734744762
S14,S14_E0I114D0,data/outputs_webcam_mean/S14/S14_E0I114D0.arff,fixation,mean,10,7,-3,131.44,192.20000000000002,60.76000000000002,66.02794357946743,75.64502627403866,9.617082694571224
S14,S14_E0I114D0,data/outputs_webcam_mean/S14/S14_E0I114D0.arff,saccade,mean,8,5,-3,36.3,31.660000000000004,-4.6399999999999935,11.523516328422872,0.6503845016603654,-10.873131826762506
S14,S14_E0I115D0,data/outputs_webcam_mean/S14/S14_E0I115D0.arff,fixation,mean,7,6,-1,144.0,208.08333333333334,64.08333333333334,56.14751404410825,126.31901545953667,70.17150141542842
S14,S14_E0I115D0,data/outputs_webcam_mean/S14/S14_E0I115D0.arff,saccade,mean,7,5,-2,29.74285714285714,38.720000000000006,8.977142857142866,19.375573724224452,14.203415082296226,-5.172158641928226
S14,S14_E0I116D0,data/outputs_webcam_mean/S14/S14_E0I116D0.arff,fixation,mean,9,6,-3,161.60000000000002,282.96666666666664,121.36666666666662,29.386944380115466,158.24110296211495,128.85415858199949
S14,S14_E0I116D0,data/outputs_webcam_mean/S14/S14_E0I116D0.arff,saccade,mean,10,4,-6,30.45,44.550000000000004,14.100000000000005,14.153621444704532,24.37409827391911,10.220476829214578
S14,S14_E0I117D0,data/outputs_webcam_mean/S14/S14_E0I117D0.arff,fixation,mean,10,8,-2,140.89000000000001,144.0875,3.197499999999991,175.7269501243335,86.42766484176234,-89.29928528257118
S14,S14_E0I117D0,data/outputs_webcam_mean/S14/S14_E0I117D0.arff,saccade,mean,11,5,-6,42.054545454545455,32.4,-9.654545454545456,19.199602268607734,11.332034239270548,-7.8675680293371855
S14,S14_E0I118D0,data/outputs_webcam_mean/S14/S14_E0I118D0.arff,fixation,mean,8,5,-3,136.25,243.11999999999998,106.86999999999998,125.6533098876201,203.79960009774305,78.14629021012296
S14,S14_E0I118D0,data/outputs_webcam_mean/S14/S14_E0I118D0.arff,saccade,mean,8,2,-6,34.0625,32.0,-2.0625,16.01141891633236,0.2828427124746205,-15.72857620385774
S14,S14_E0I119D0,data/outputs_webcam_mean/S14/S14_E0I119D0.arff,fixation,mean,10,10,0,249.41000000000003,185.54000000000002,-63.870000000000005,218.1649653613318,105.06418355779797,-113.10078180353383
S14,S14_E0I119D0,data/outputs_webcam_mean/S14/S14_E0I119D0.arff,saccade,mean,11,5,-6,36.31818181818182,57.54,21.22181818181818,23.745265556814402,21.52006040883715,-2.2252051479772526
S14,S14_E0I120D0,data/outputs_webcam_mean/S14/S14_E0I120D0.arff,fixation,mean,8,6,-2,163.91250000000002,202.5666666666667,38.65416666666667,162.29206861616584,241.46872813403118,79.17665951786535
S14,S14_E0I120D0,data/outputs_webcam_mean/S14/S14_E0I120D0.arff,saccade,mean,10,4,-6,40.019999999999996,48.1,8.080000000000005,17.251589298767037,18.533393285274734,1.281803986507697
S14,S14_E0I121D0,data/outputs_webcam_mean/S14/S14_E0I121D0.arff,fixation,mean,12,6,-6,112.00000000000001,231.94999999999996,119.94999999999995,51.54658969409043,170.5647061967979,119.01811650270749
S14,S14_E0I121D0,data/outputs_webcam_mean/S14/S14_E0I121D0.arff,saccade,mean,11,4,-7,40.75454545454545,47.825,7.070454545454552,18.11056949056896,0.5909032633745274,-17.51966622719443
S14,S14_E0I122D0,data/outputs_webcam_mean/S14/S14_E0I122D0.arff,fixation,mean,11,9,-2,164.36363636363637,192.0666666666667,27.703030303030317,79.33094317764377,169.4240537822183,90.09311060457452
S14,S14_E0I122D0,data/outputs_webcam_mean/S14/S14_E0I122D0.arff,saccade,mean,11,6,-5,30.70909090909091,40.11666666666667,9.407575757575756,23.342855632739305,13.51938114954478,-9.823474483194525
S14,S14_E0I123D0,data/outputs_webcam_mean/S14/S14_E0I123D0.arff,fixation,mean,7,5,-2,189.72857142857146,268.96,79.23142857142852,123.2815843815249,223.06163498011037,99.78005059858548
S14,S14_E0I123D0,data/outputs_webcam_mean/S14/S14_E0I123D0.arff,saccade,mean,7,3,-4,36.01428571428571,36.06666666666667,0.052380952380957524,11.634063287236689,7.739078325830107,-3.894984961406582
S14,S14_E0I124D0,data/outputs_webcam_mean/S14/S14_E0I124D0.arff,fixation,mean,8,6,-2,210.15,296.15000000000003,86.00000000000003,226.09526437196462,247.07093515830633,20.97567078634171
S14,S14_E0I124D0,data/outputs_webcam_mean/S14/S14_E0I124D0.arff,saccade,mean,8,4,-4,43.9375,56.5,12.5625,22.219614083057337,20.187619968683777,-2.0319941143735605
S14,S14_E0I125D0,data/outputs_webcam_mean/S14/S14_E0I125D0.arff,fixation,mean,5,3,-2,124.35999999999999,245.26666666666665,120.90666666666667,47.47233931459456,148.55037305013184,101.07803373553728
S14,S14_E0I125D0,data/outputs_webcam_mean/S14/S14_E0I125D0.arff,saccade,mean,4,1,-3,55.99999999999999,32.4,-23.599999999999994,40.31897816165484,0.0,-40.31897816165484
S14,S14_E0I126D0,data/outputs_webcam_mean/S14/S14_E0I126D0.arff,fixation,mean,8,8,0,142.025,161.9875,19.962500000000006,63.196015923248105,157.61244908681184,94.41643316356374
S14,S14_E0I126D0,data/outputs_webcam_mean/S14/S14_E0I126D0.arff,saccade,mean,8,7,-1,44.2,31.95714285714286,-12.242857142857144,11.441278649821319,15.90019466787091,4.458916018049591
S14,S14_E0I127D0,data/outputs_webcam_mean/S14/S14_E0I127D0.arff,fixation,mean,9,7,-2,161.9888888888889,194.22857142857143,32.23968253968252,113.19989448365713,197.1600510100505,83.96015652639336
S14,S14_E0I127D0,data/outputs_webcam_mean/S14/S14_E0I127D0.arff,saccade,mean,10,6,-4,28.8,35.333333333333336,6.533333333333335,10.149110524792034,12.302791011257025,2.1536804864649906
S14,S14_E0I128D0,data/outputs_webcam_mean/S14/S14_E0I128D0.arff,fixation,mean,7,7,0,151.0285714285714,178.21428571428572,27.18571428571431,64.60223717193583,155.99229071305018,91.39005354111436
S14,S14_E0I128D0,data/outputs_webcam_mean/S14/S14_E0I128D0.arff,saccade,mean,9,4,-5,45.988888888888894,51.95,5.961111111111109,20.123086520489622,30.138071161461767,10.014984640972145
S14,S14_E0I129D0,data/outputs_webcam_mean/S14/S14_E0I129D0.arff,fixation,mean,10,9,-1,129.66,172.54444444444442,42.884444444444426,58.23937575978033,107.26544307360959,49.02606731382926
S14,S14_E0I129D0,data/outputs_webcam_mean/S14/S14_E0I129D0.arff,saccade,mean,10,8,-2,42.89,33.625,-9.265,25.601017774907135,10.285877974887983,-15.315139800019152
S14,S14_E0I130D0,data/outputs_webcam_mean/S14/S14_E0I130D0.arff,fixation,mean,7,6,-1,201.11428571428573,237.31666666666663,36.202380952380906,173.7866261499182,222.8119423789189,49.02531622900071
S14,S14_E0I130D0,data/outputs_webcam_mean/S14/S14_E0I130D0.arff,saccade,mean,7,4,-3,38.72857142857142,40.05,1.3214285714285765,15.543992868169822,9.18059547814483,-6.363397390024991
S14,S14_E0I131D0,data/outputs_webcam_mean/S14/S14_E0I131D0.arff,fixation,mean,10,10,0,152.18,136.06,-16.120000000000005,84.23593585215808,67.62866256255553,-16.607273289602546
S14,S14_E0I131D0,data/outputs_webcam_mean/S14/S14_E0I131D0.arff,saccade,mean,11,6,-5,37.845454545454544,42.56666666666667,4.721212121212126,20.673962544048667,8.233508770060713,-12.440453773987954
S14,S14_E0I132D0,data/outputs_webcam_mean/S14/S14_E0I132D0.arff,fixation,mean,13,10,-3,153.96153846153848,163.1,9.138461538461513,65.12154710566924,99.18129303900453,34.05974593333529
S14,S14_E0I132D0,data/outputs_webcam_mean/S14/S14_E0I132D0.arff,saccade,mean,12,7,-5,33.083333333333336,45.34285714285715,12.259523809523813,16.789706442467732,14.13752184116876,-2.6521846012989716
S14,S14_E0I133D0,data/outputs_webcam_mean/S14/S14_E0I133D0.arff,fixation,mean,6,6,0,215.96666666666667,224.04999999999998,8.083333333333314,219.83562647275048,254.42520118887595,34.58957471612547
S14,S14_E0I133D0,data/outputs_webcam_mean/S14/S14_E0I133D0.arff,saccade,mean,7,5,-2,27.38571428571429,41.739999999999995,14.354285714285705,15.204541927927169,8.801874800291126,-6.402667127636043
S14,S14_E0I134D0,data/outputs_webcam_mean/S14/S14_E0I134D0.arff,fixation,mean,11,14,3,178.96363636363637,155.43571428571428,-23.527922077922085,122.08047569310396,114.08708284695278,-7.993392846151181
S14,S14_E0I134D0,data/outputs_webcam_mean/S14/S14_E0I134D0.arff,saccade,mean,13,12,-1,33.26923076923077,36.01666666666666,2.747435897435892,17.997008298389698,16.957478014317477,-1.039530284072221
S14,S14_E0I135D0,data/outputs_webcam_mean/S14/S14_E0I135D0.arff,fixation,mean,10,8,-2,161.49,205.95,44.45999999999998,120.7520457613682,193.90081411455114,73.14876835318294
S14,S14_E0I135D0,data/outputs_webcam_mean/S14/S14_E0I135D0.arff,saccade,mean,9,7,-2,37.27777777777778,29.71428571428571,-7.563492063492067,17.840458078324232,17.13616337568288,-0.7042947026413522
S14,S14_E0I136D0,data/outputs_webcam_mean/S14/S14_E0I136D0.arff,fixation,mean,7,7,0,203.6428571428571,201.2428571428572,-2.3999999999999204,202.14409759000182,236.18802437283492,34.0439267828331
S14,S14_E0I136D0,data/outputs_webcam_mean/S14/S14_E0I136D0.arff,saccade,mean,8,3,-5,39.724999999999994,43.06666666666666,3.3416666666666686,22.515692940068014,9.500701728468972,-13.014991211599042
S14,S14_E0I137D0,data/outputs_webcam_mean/S14/S14_E0I137D0.arff,fixation,mean,8,6,-2,179.7625,264.0,84.23750000000001,149.68331272103399,286.3889383338679,136.7056256128339
S14,S14_E0I137D0,data/outputs_webcam_mean/S14/S14_E0I137D0.arff,saccade,mean,9,4,-5,40.81111111111111,51.5,10.68888888888889,16.380815337189755,30.60795103672682,14.227135699537065
S14,S14_E0I138D0,data/outputs_webcam_mean/S14/S14_E0I138D0.arff,fixation,mean,8,7,-1,166.27499999999998,187.3142857142857,21.03928571428571,102.16437385759426,120.12070913004453,17.956335272450275
S14,S14_E0I138D0,data/outputs_webcam_mean/S14/S14_E0I138D0.arff,saccade,mean,7,4,-3,29.671428571428574,39.675,10.003571428571423,11.03218235976217,8.862420662550383,-2.169761697211788
S14,S14_E0I139D0,data/outputs_webcam_mean/S14/S14_E0I139D0.arff,fixation,mean,11,9,-2,133.65454545454546,133.20000000000002,-0.45454545454543904,66.73023847756522,74.48019871079829,7.749960233233068
S14,S14_E0I139D0,data/outputs_webcam_mean/S14/S14_E0I139D0.arff,saccade,mean,14,3,-11,48.957142857142856,42.63333333333333,-6.323809523809523,21.344634140537675,9.122682354074009,-12.221951786463666
S14,S14_E0I140D0,data/outputs_webcam_mean/S14/S14_E0I140D0.arff,fixation,mean,6,5,-1,186.81666666666663,230.55,43.73333333333338,170.09325285462285,240.70742614219444,70.61417328757159
S14,S14_E0I140D0,data/outputs_webcam_mean/S14/S14_E0I140D0.arff,saccade,mean,7,3,-4,36.550000000000004,37.68333333333333,1.1333333333333258,11.974834723981234,9.757731976916222,-2.2171027470650113
S18,S18_E0I101D0,data/outputs_webcam_mean/S18/S18_E0I101D0.arff,fixation,mean,5,5,0,134.1,143.0,8.900000000000006,73.07270352190345,73.74062652296901,0.6679230010655601
S18,S18_E0I101D0,data/outputs_webcam_mean/S18/S18_E0I101D0.arff,saccade,mean,4,4,0,42.775,33.4,-9.375,7.337744885181004,4.1012193308819755,-3.2365255542990283
S18,S18_E0I102D0,data/outputs_webcam_mean/S18/S18_E0I102D0.arff,fixation,mean,4,4,0,143.375,138.0,-5.375,65.25526160139631,60.797587671441924,-4.457673929954389
S18,S18_E0I102D0,data/outputs_webcam_mean/S18/S18_E0I102D0.arff,saccade,mean,3,3,0,51.46666666666666,44.03333333333333,-7.43333333333333,26.487418396916926,14.800450443595738,-11.686967953321188
S18,S18_E0I103D0,data/outputs_webcam_mean/S18/S18_E0I103D0.arff,fixation,mean,6,5,-1,137.63333333333333,188.6,50.96666666666667,74.68380458082373,149.03065120974276,74.34684662891902
S18,S18_E0I103D0,data/outputs_webcam_mean/S18/S18_E0I103D0.arff,saccade,mean,5,4,-1,32.32,33.025,0.7049999999999983,15.994123920990482,7.184416005030145,-8.809707915960338
S18,S18_E0I104D0,data/outputs_webcam_mean/S18/S18_E0I104D0.arff,fixation,mean,7,7,0,110.54285714285713,113.87142857142858,3.3285714285714505,27.15123429624377,31.075269603856718,3.9240353076129466
S18,S18_E0I104D0,data/outputs_webcam_mean/S18/S18_E0I104D0.arff,saccade,mean,6,5,-1,38.266666666666666,53.1,14.833333333333336,17.91822163794908,22.98967159400064,5.071449956051559
S18,S18_E0I105D0,data/outputs_webcam_mean/S18/S18_E0I105D0.arff,fixation,mean,5,3,-2,112.47,145.91666666666666,33.44666666666666,38.83358082896812,30.826179350242757,-8.00740147872536
S18,S18_E0I105D0,data/outputs_webcam_mean/S18/S18_E0I105D0.arff,saccade,mean,4,3,-1,55.0,31.816666666666666,-23.183333333333334,41.55714940496601,4.099186911246342,-37.45796249371967
S18,S18_E0I106D0,data/outputs_webcam_mean/S18/S18_E0I106D0.arff,fixation,mean,5,5,0,154.74,176.66,21.919999999999987,45.89213440231343,62.182296515969874,16.290162113656443
S18,S18_E0I106D0,data/outputs_webcam_mean/S18/S18_E0I106D0.arff,saccade,mean,5,4,-1,50.18,40.699999999999996,-9.480000000000004,36.57413020155093,9.581579549670643,-26.992550651880286
S18,S18_E0I107D0,data/outputs_webcam_mean/S18/S18_E0I107D0.arff,fixation,mean,7,6,-1,153.74285714285716,173.16666666666666,19.423809523809496,88.66607500697693,72.27059337425332,-16.3954816327236
S18,S18_E0I107D0,data/outputs_webcam_mean/S18/S18_E0I107D0.arff,saccade,mean,7,4,-3,44.3142857142857,33.224999999999994,-11.089285714285708,12.837241210819474,7.385289432378393,-5.451951778441082
S18,S18_E0I108D0,data/outputs_webcam_mean/S18/S18_E0I108D0.arff,fixation,mean,11,9,-2,169.26363636363638,201.25555555555556,31.99191919191918,101.4942094183434,115.64898519994794,14.154775781604542
S18,S18_E0I108D0,data/outputs_webcam_mean/S18/S18_E0I108D0.arff,saccade,mean,9,8,-1,33.62222222222223,28.6375,-4.984722222222228,16.932570520876162,10.001276704215602,-6.93129381666056
S18,S18_E0I109D0,data/outputs_webcam_mean/S18/S18_E0I109D0.arff,fixation,mean,4,3,-1,126.99999999999999,154.63333333333333,27.63333333333334,81.85609323685074,44.94889690897134,-36.9071963278794
S18,S18_E0I109D0,data/outputs_webcam_mean/S18/S18_E0I109D0.arff,saccade,mean,3,2,-1,56.36666666666667,29.25,-27.116666666666667,46.96768392558157,0.21213203435596223,-46.75555189122561
S18,S18_E0I111D0,data/outputs_webcam_mean/S18/S18_E0I111D0.arff,fixation,mean,6,7,1,278.7166666666667,245.29999999999998,-33.416666666666714,222.34343180464467,196.95822738167942,-25.385204422965245
S18,S18_E0I111D0,data/outputs_webcam_mean/S18/S18_E0I111D0.arff,saccade,mean,6,7,1,40.650000000000006,33.728571428571435,-6.921428571428571,16.09481282898313,14.14870009172978,-1.946112737253351
S18,S18_E0I112D0,data/outputs_webcam_mean/S18/S18_E0I112D0.arff,fixation,mean,5,4,-1,129.31,180.32500000000002,51.015000000000015,54.486126674594885,25.815160274536353,-28.670966400058532
S18,S18_E0I112D0,data/outputs_webcam_mean/S18/S18_E0I112D0.arff,saccade,mean,6,4,-2,72.48333333333333,35.0,-37.483333333333334,43.16205123330756,16.333299319692475,-26.828751913615083
S18,S18_E0I113D0,data/outputs_webcam_mean/S18/S18_E0I113D0.arff,fixation,mean,4,4,0,165.775,173.02499999999998,7.249999999999972,50.01102378476169,40.12616561131485,-9.884858173446837
S18,S18_E0I113D0,data/outputs_webcam_mean/S18/S18_E0I113D0.arff,saccade,mean,4,4,0,51.675,38.824999999999996,-12.850000000000001,9.880747272684726,7.269284696584666,-2.6114625761000596
S18,S18_E0I114D0,data/outputs_webcam_mean/S18/S18_E0I114D0.arff,fixation,mean,3,4,1,151.79999999999998,135.85,-15.949999999999989,50.3405403228849,81.09963008546957,30.759089762584672
S18,S18_E0I114D0,data/outputs_webcam_mean/S18/S18_E0I114D0.arff,saccade,mean,3,3,0,58.866666666666674,49.23333333333333,-9.633333333333347,44.79066122902556,15.26084313966084,-29.529818089364717
S18,S18_E0I115D0,data/outputs_webcam_mean/S18/S18_E0I115D0.arff,fixation,mean,6,3,-3,125.21666666666665,174.29999999999998,49.08333333333333,66.9640326344424,80.88677271346657,13.922740079024166
S18,S18_E0I115D0,data/outputs_webcam_mean/S18/S18_E0I115D0.arff,saccade,mean,5,2,-3,32.46,40.7,8.240000000000002,21.076717011906766,4.949747468305833,-16.126969543600932
S18,S18_E0I116D0,data/outputs_webcam_mean/S18/S18_E0I116D0.arff,fixation,mean,6,5,-1,137.63333333333333,174.17000000000002,36.53666666666669,69.55873537282478,99.38987372967128,29.831138356846495
S18,S18_E0I116D0,data/outputs_webcam_mean/S18/S18_E0I116D0.arff,saccade,mean,5,4,-1,32.43,35.075,2.645000000000003,16.349678895929426,7.182559896490018,-9.167118999439408
S18,S18_E0I117D0,data/outputs_webcam_mean/S18/S18_E0I117D0.arff,fixation,mean,5,5,0,164.88,168.02000000000004,3.140000000000043,64.50284489850041,54.15899740578661,-10.343847492713806
S18,S18_E0I117D0,data/outputs_webcam_mean/S18/S18_E0I117D0.arff,saccade,mean,4,4,0,45.95,47.849999999999994,1.8999999999999915,24.500408159865422,15.500645147864008,-8.999763012001415
S18,S18_E0I118D0,data/outputs_webcam_mean/S18/S18_E0I118D0.arff,fixation,mean,3,3,0,189.0666666666667,193.96666666666667,4.899999999999977,29.93665534647004,46.996737475417746,17.060082128947705
S18,S18_E0I118D0,data/outputs_webcam_mean/S18/S18_E0I118D0.arff,saccade,mean,2,2,0,29.5,33.05,3.549999999999997,20.7889393668845,5.020458146424489,-15.76848122046001
S18,S18_E0I119D0,data/outputs_webcam_mean/S18/S18_E0I119D0.arff,fixation,mean,5,4,-1,95.78,104.975,9.194999999999993,48.54649317921944,25.381669895155966,-23.164823284063473
S18,S18_E0I119D0,data/outputs_webcam_mean/S18/S18_E0I119D0.arff,saccade,mean,4,4,0,33.275,29.474999999999998,-3.8000000000000007,12.827412053878989,10.370912849567935,-2.4564992043110543
S18,S18_E0I120D0,data/outputs_webcam_mean/S18/S18_E0I120D0.arff,fixation,mean,4,3,-1,168.05,280.6333333333333,112.58333333333331,62.43185618469683,199.7841418464772,137.3522856617804
S18,S18_E0I120D0,data/outputs_webcam_mean/S18/S18_E0I120D0.arff,saccade,mean,3,2,-1,51.5,36.8,-14.700000000000003,26.348434488599132,10.323759005323595,-16.024675483275537
S18,S18_E0I121D0,data/outputs_webcam_mean/S18/S18_E0I121D0.arff,fixation,mean,5,5,0,138.84,160.95999999999998,22.119999999999976,61.00945008767085,59.39093365152631,-1.6185164361445388
S18,S18_E0I121D0,data/outputs_webcam_mean/S18/S18_E0I121D0.arff,saccade,mean,4,4,0,53.6,40.55,-13.050000000000004,49.671923659145726,7.366817494685205,-42.30510616446052
S18,S18_E0I122D0,data/outputs_webcam_mean/S18/S18_E0I122D0.arff,fixation,mean,3,3,0,191.29999999999998,191.29999999999998,0.0,33.3558090892726,25.028583659488202,-8.327225429784395
S18,S18_E0I122D0,data/outputs_webcam_mean/S18/S18_E0I122D0.arff,saccade,mean,3,2,-1,120.33333333333333,36.8,-83.53333333333333,144.96214448376975,10.465180361560906,-134.49696412220885
S18,S18_E0I123D0,data/outputs_webcam_mean/S18/S18_E0I123D0.arff,fixation,mean,5,5,0,126.8,144.5,17.700000000000003,23.892572067485748,23.710862489584812,-0.18170957790093567
S18,S18_E0I123D0,data/outputs_webcam_mean/S18/S18_E0I123D0.arff,saccade,mean,4,4,0,57.275,40.525000000000006,-16.749999999999993,38.5742897968755,7.350453500748554,-31.223836296126944
S18,S18_E0I124D0,data/outputs_webcam_mean/S18/S18_E0I124D0.arff,fixation,mean,10,9,-1,227.20999999999998,238.34444444444443,11.134444444444455,122.05476412022779,165.82915237610598,43.77438825587819
S18,S18_E0I124D0,data/outputs_webcam_mean/S18/S18_E0I124D0.arff,saccade,mean,9,8,-1,32.75555555555556,31.325,-1.4305555555555607,26.552312098530663,12.270493062627924,-14.281819035902739
S18,S18_E0I125D0,data/outputs_webcam_mean/S18/S18_E0I125D0.arff,fixation,mean,6,7,1,125.06666666666668,105.11428571428569,-19.95238095238099,70.08793524328325,68.59089902145494,-1.49703622182831
S18,S18_E0I125D0,data/outputs_webcam_mean/S18/S18_E0I125D0.arff,saccade,mean,7,4,-3,46.45714285714286,44.449999999999996,-2.007142857142867,13.942842505847118,16.093994739239434,2.1511522333923168
S18,S18_E0I126D0,data/outputs_webcam_mean/S18/S18_E0I126D0.arff,fixation,mean,5,5,0,135.5,157.72,22.22,75.1661492960761,84.02316347293763,8.857014176861526
S18,S18_E0I126D0,data/outputs_webcam_mean/S18/S18_E0I126D0.arff,saccade,mean,5,4,-1,45.839999999999996,46.349999999999994,0.509999999999998,19.776829877409575,15.272960856799617,-4.503869020609958
S18,S18_E0I128D0,data/outputs_webcam_mean/S18/S18_E0I128D0.arff,fixation,mean,4,4,0,410.12499999999994,432.625,22.500000000000057,295.9822334195078,329.30370354228734,33.321470122779544
S18,S18_E0I128D0,data/outputs_webcam_mean/S18/S18_E0I128D0.arff,saccade,mean,3,3,0,44.1,36.86666666666667,-7.233333333333334,0.3464101615137763,7.100938905055678,6.7545287435419015
S18,S18_E0I129D0,data/outputs_webcam_mean/S18/S18_E0I129D0.arff,fixation,mean,10,10,0,193.96999999999997,409.82,215.85000000000002,63.913258057742254,704.2686479209793,640.3553898632371
S18,S18_E0I129D0,data/outputs_webcam_mean/S18/S18_E0I129D0.arff,saccade,mean,10,6,-4,48.67999999999999,34.46666666666666,-14.213333333333331,38.133706291882454,8.956933999235826,-29.17677229264663
S18,S18_E0I130D0,data/outputs_webcam_mean/S18/S18_E0I130D0.arff,fixation,mean,5,7,2,278.4,193.55714285714285,-84.84285714285713,181.2559378337714,186.95215838232392,5.696220548552503
S18,S18_E0I130D0,data/outputs_webcam_mean/S18/S18_E0I130D0.arff,saccade,mean,5,5,0,67.9,38.42,-29.480000000000004,61.056244561879176,13.180174505673284,-47.87607005620589
S18,S18_E0I131D0,data/outputs_webcam_mean/S18/S18_E0I131D0.arff,fixation,mean,3,3,0,157.13333333333333,142.29999999999998,-14.833333333333343,62.520823197822125,59.4465305968313,-3.074292600990823
S18,S18_E0I131D0,data/outputs_webcam_mean/S18/S18_E0I131D0.arff,saccade,mean,3,3,0,83.16666666666667,39.166666666666664,-44.00000000000001,94.41982489569304,8.286334131166406,-86.13349076452664
S18,S18_E0I132D0,data/outputs_webcam_mean/S18/S18_E0I132D0.arff,fixation,mean,7,7,0,186.4,204.15714285714284,17.75714285714284,142.1510698752094,174.61575775726212,32.464687882052715
S18,S18_E0I132D0,data/outputs_webcam_mean/S18/S18_E0I132D0.arff,saccade,mean,6,6,0,36.7,44.1,7.399999999999999,22.011451565037685,15.813791449238225,-6.19766011579946
S18,S18_E0I133D0,data/outputs_webcam_mean/S18/S18_E0I133D0.arff,fixation,mean,8,8,0,149.33749999999998,151.21249999999998,1.875,76.20982196728788,84.952431017095,8.742609049807115
S18,S18_E0I133D0,data/outputs_webcam_mean/S18/S18_E0I133D0.arff,saccade,mean,8,6,-2,36.775,37.93333333333333,1.1583333333333314,11.673627175328646,10.828604095942682,-0.8450230793859639
S18,S18_E0I134D0,data/outputs_webcam_mean/S18/S18_E0I134D0.arff,fixation,mean,8,9,1,184.0,164.46666666666664,-19.53333333333336,55.018308640981374,55.919003925320425,0.9006952843390508
S18,S18_E0I134D0,data/outputs_webcam_mean/S18/S18_E0I134D0.arff,saccade,mean,8,7,-1,29.4625,30.457142857142863,0.994642857142864,7.858923499527692,12.27502303363177,4.416099534104078
S18,S18_E0I135D0,data/outputs_webcam_mean/S18/S18_E0I135D0.arff,fixation,mean,4,3,-1,207.65,308.7,101.04999999999998,238.96109167254266,213.74028632899322,-25.220805343549443
S18,S18_E0I135D0,data/outputs_webcam_mean/S18/S18_E0I135D0.arff,saccade,mean,4,3,-1,71.775,36.800000000000004,-34.975,63.809109851180345,26.696254418925513,-37.11285543225483
S18,S18_E0I136D0,data/outputs_webcam_mean/S18/S18_E0I136D0.arff,fixation,mean,8,7,-1,121.31250000000001,144.9,23.58749999999999,39.00679199099269,22.369845775060675,-16.636946215932014
S18,S18_E0I136D0,data/outputs_webcam_mean/S18/S18_E0I136D0.arff,saccade,mean,7,5,-2,47.51428571428572,41.38,-6.134285714285717,16.450879264386707,9.88721396552133,-6.563665298865377
S18,S18_E0I137D0,data/outputs_webcam_mean/S18/S18_E0I137D0.arff,fixation,mean,6,6,0,207.66666666666666,589.6166666666667,381.95000000000005,101.58268881392473,913.8308671010553,812.2481782871306
S18,S18_E0I137D0,data/outputs_webcam_mean/S18/S18_E0I137D0.arff,saccade,mean,5,5,0,31.139999999999997,47.36,16.220000000000002,3.2784142508231016,8.46067373203813,5.182259481215028
S18,S18_E0I138D0,data/outputs_webcam_mean/S18/S18_E0I138D0.arff,fixation,mean,7,5,-2,213.9,277.06,63.16,135.87345828625493,97.44305003436624,-38.43040825188869
S18,S18_E0I138D0,data/outputs_webcam_mean/S18/S18_E0I138D0.arff,saccade,mean,7,5,-2,60.042857142857144,38.660000000000004,-21.38285714285714,36.9041938512349,16.114993018924952,-20.789200832309948
S18,S18_E0I139D0,data/outputs_webcam_mean/S18/S18_E0I139D0.arff,fixation,mean,5,5,0,154.94,160.78,5.840000000000003,53.52735749128664,56.01550678160467,2.4881492903180344
S18,S18_E0I139D0,data/outputs_webcam_mean/S18/S18_E0I139D0.arff,saccade,mean,5,4,-1,41.36,36.95,-4.409999999999997,24.87132887483095,18.194962672857194,-6.676366201973757
S18,S18_E0I140D0,data/outputs_webcam_mean/S18/S18_E0I140D0.arff,fixation,mean,4,4,0,132.625,152.95,20.32499999999999,62.968583436504275,38.431974535101205,-24.53660890140307
S18,S18_E0I140D0,data/outputs_webcam_mean/S18/S18_E0I140D0.arff,saccade,mean,3,3,0,44.06666666666666,34.300000000000004,-9.766666666666659,14.800112612184183,8.401785524517987,-6.398327087666196
S19,S19_E0I101D0,data/outputs_webcam_mean/S19/S19_E0I101D0.arff,fixation,mean,7,7,0,274.0857142857143,295.15714285714284,21.071428571428555,152.71829653069761,148.76898038169625,-3.949316149001362
S19,S19_E0I101D0,data/outputs_webcam_mean/S19/S19_E0I101D0.arff,saccade,mean,6,6,0,38.13333333333333,36.916666666666664,-1.2166666666666686,16.35783196718522,8.071038760077085,-8.286793207108134
S19,S19_E0I102D0,data/outputs_webcam_mean/S19/S19_E0I102D0.arff,fixation,mean,7,8,1,162.22857142857143,158.625,-3.6035714285714278,81.46338061333068,79.22381947008469,-2.239561143245993
S19,S19_E0I102D0,data/outputs_webcam_mean/S19/S19_E0I102D0.arff,saccade,mean,7,7,0,42.05714285714286,46.25714285714286,4.200000000000003,15.724382037974989,10.850784478991544,-4.873597558983445
S19,S19_E0I103D0,data/outputs_webcam_mean/S19/S19_E0I103D0.arff,fixation,mean,11,11,0,160.99999999999997,177.16363636363636,16.163636363636385,50.3670328687327,49.65608266319994,-0.710950205532761
S19,S19_E0I103D0,data/outputs_webcam_mean/S19/S19_E0I103D0.arff,saccade,mean,11,10,-1,37.50000000000001,40.559999999999995,3.059999999999988,12.040764095355412,12.117682213287416,0.07691811793200465
S19,S19_E0I104D0,data/outputs_webcam_mean/S19/S19_E0I104D0.arff,fixation,mean,7,7,0,195.35714285714286,204.81428571428572,9.457142857142856,85.5513268383929,157.89491683364844,72.34358999525554
S19,S19_E0I104D0,data/outputs_webcam_mean/S19/S19_E0I104D0.arff,saccade,mean,8,6,-2,36.0125,34.5,-1.5125000000000028,10.781921045369021,7.669680567011902,-3.112240478357119
S19,S19_E0I105D0,data/outputs_webcam_mean/S19/S19_E0I105D0.arff,fixation,mean,6,5,-1,221.23333333333335,280.1,58.866666666666674,105.60440647371996,165.59186272277995,59.98745624905999
S19,S19_E0I105D0,data/outputs_webcam_mean/S19/S19_E0I105D0.arff,saccade,mean,5,4,-1,50.04,57.0,6.960000000000001,45.23387005331292,36.26853549106535,-8.96533456224757
S19,S19_E0I106D0,data/outputs_webcam_mean/S19/S19_E0I106D0.arff,fixation,mean,8,8,0,162.16250000000002,175.91250000000002,13.75,73.16910818683759,73.76247473188131,0.5933665450437218
S19,S19_E0I106D0,data/outputs_webcam_mean/S19/S19_E0I106D0.arff,saccade,mean,7,7,0,41.107142857142854,37.949999999999996,-3.1571428571428584,18.492147625668682,7.875277772878872,-10.616869852789812
S19,S19_E0I107D0,data/outputs_webcam_mean/S19/S19_E0I107D0.arff,fixation,mean,6,6,0,181.79999999999998,187.91666666666666,6.116666666666674,87.52946932319423,98.59931879413095,11.069849470936717
S19,S19_E0I107D0,data/outputs_webcam_mean/S19/S19_E0I107D0.arff,saccade,mean,5,5,0,39.88,50.04,10.159999999999997,21.957162840403583,15.769051968967572,-6.188110871436011
S19,S19_E0I108D0,data/outputs_webcam_mean/S19/S19_E0I108D0.arff,fixation,mean,7,6,-1,228.6,286.28333333333336,57.683333333333366,96.29491159973097,255.43366588346703,159.13875428373606
S19,S19_E0I108D0,data/outputs_webcam_mean/S19/S19_E0I108D0.arff,saccade,mean,6,5,-1,41.7,39.779999999999994,-1.9200000000000088,22.966932751240424,14.254543135435805,-8.71238961580462
S19,S19_E0I109D0,data/outputs_webcam_mean/S19/S19_E0I109D0.arff,fixation,mean,6,7,1,180.38333333333333,150.35714285714286,-30.026190476190465,65.52231426519263,79.530640995423,14.008326730230365
S19,S19_E0I109D0,data/outputs_webcam_mean/S19/S19_E0I109D0.arff,saccade,mean,6,6,0,46.46666666666667,45.5,-0.9666666666666686,33.18582026508711,39.290711370500794,6.104891105413685
S19,S19_E0I110D0,data/outputs_webcam_mean/S19/S19_E0I110D0.arff,fixation,mean,10,10,0,173.07,172.32,-0.75,34.02074693804094,31.969700933505425,-2.051046004535518
S19,S19_E0I110D0,data/outputs_webcam_mean/S19/S19_E0I110D0.arff,saccade,mean,6,8,2,36.916666666666664,37.75,0.8333333333333357,6.667358297456846,15.87837703113442,9.211018733677573
S19,S19_E0I111D0,data/outputs_webcam_mean/S19/S19_E0I111D0.arff,fixation,mean,7,7,0,184.45714285714283,203.3857142857143,18.928571428571473,45.649456263386725,46.29439953786449,0.6449432744777681
S19,S19_E0I111D0,data/outputs_webcam_mean/S19/S19_E0I111D0.arff,saccade,mean,7,7,0,42.114285714285714,40.057142857142864,-2.05714285714285,17.905067119992278,11.080291383481626,-6.824775736510652
S19,S19_E0I112D0,data/outputs_webcam_mean/S19/S19_E0I112D0.arff,fixation,mean,6,5,-1,181.6833333333333,212.14000000000001,30.456666666666706,121.7554831071959,121.58158988925913,-0.17389321793676515
S19,S19_E0I112D0,data/outputs_webcam_mean/S19/S19_E0I112D0.arff,saccade,mean,5,5,0,53.24000000000001,51.58,-1.6600000000000108,24.20915116231877,27.782494488436416,3.573343326117648
S19,S19_E0I113D0,data/outputs_webcam_mean/S19/S19_E0I113D0.arff,fixation,mean,7,7,0,153.70000000000002,162.21428571428572,8.514285714285705,43.00976633277609,66.74322508867918,23.733458755903094
S19,S19_E0I113D0,data/outputs_webcam_mean/S19/S19_E0I113D0.arff,saccade,mean,7,6,-1,36.857142857142854,43.050000000000004,6.19285714285715,21.42590777095626,24.091139450013568,2.6652316790573067
S19,S19_E0I114D0,data/outputs_webcam_mean/S19/S19_E0I114D0.arff,fixation,mean,6,6,0,200.13333333333333,200.23333333333335,0.10000000000002274,54.23764989992346,51.829129518704704,-2.4085203812187572
S19,S19_E0I114D0,data/outputs_webcam_mean/S19/S19_E0I114D0.arff,saccade,mean,6,6,0,46.75,44.06666666666667,-2.68333333333333,28.341824217929233,13.851738759688859,-14.490085458240374
S19,S19_E0I115D0,data/outputs_webcam_mean/S19/S19_E0I115D0.arff,fixation,mean,7,7,0,151.29999999999998,178.67142857142858,27.371428571428595,59.25867025170241,46.14245024146111,-13.1162200102413
S19,S19_E0I115D0,data/outputs_webcam_mean/S19/S19_E0I115D0.arff,saccade,mean,6,6,0,46.88333333333333,45.61666666666667,-1.2666666666666657,14.6499715585617,18.770233527227806,4.120261968666105
S19,S19_E0I116D0,data/outputs_webcam_mean/S19/S19_E0I116D0.arff,fixation,mean,6,7,1,180.25,172.44285714285712,-7.807142857142878,49.37913526986878,74.91895303465955,25.53981776479077
S19,S19_E0I116D0,data/outputs_webcam_mean/S19/S19_E0I116D0.arff,saccade,mean,6,6,0,45.633333333333326,35.6,-10.033333333333324,35.233374329840544,8.743454694798846,-26.489919635041698
S19,S19_E0I117D0,data/outputs_webcam_mean/S19/S19_E0I117D0.arff,fixation,mean,9,10,1,159.10000000000002,153.55,-5.550000000000011,41.491866672879404,60.937586467175116,19.445719794295712
S19,S19_E0I117D0,data/outputs_webcam_mean/S19/S19_E0I117D0.arff,saccade,mean,8,9,1,42.4,37.75555555555555,-4.644444444444446,20.313401628340973,11.980516590605673,-8.3328850377353
S19,S19_E0I118D0,data/outputs_webcam_mean/S19/S19_E0I118D0.arff,fixation,mean,7,7,0,169.65714285714287,171.7,2.042857142857116,64.2652538868622,77.92534889238547,13.660095005523274
S19,S19_E0I118D0,data/outputs_webcam_mean/S19/S19_E0I118D0.arff,saccade,mean,6,6,0,33.15,40.6,7.450000000000003,11.125421340335835,8.918744306235043,-2.2066770341007924
S19,S19_E0I119D0,data/outputs_webcam_mean/S19/S19_E0I119D0.arff,fixation,mean,10,9,-1,156.85,175.76666666666668,18.916666666666686,59.63984965328691,55.86805885297967,-3.7717908003072367
S19,S19_E0I119D0,data/outputs_webcam_mean/S19/S19_E0I119D0.arff,saccade,mean,9,9,0,32.8,42.544444444444444,9.744444444444447,12.817761114952955,13.594126591207607,0.7763654762546519
S19,S19_E0I120D0,data/outputs_webcam_mean/S19/S19_E0I120D0.arff,fixation,mean,7,6,-1,164.0142857142857,212.1,48.08571428571429,54.96685148255048,144.4703568210448,89.5035053384943
S19,S19_E0I120D0,data/outputs_webcam_mean/S19/S19_E0I120D0.arff,saccade,mean,6,5,-1,36.96666666666666,35.42,-1.5466666666666598,25.907965313136167,8.152116289651417,-17.75584902348475
S19,S19_E0I121D0,data/outputs_webcam_mean/S19/S19_E0I121D0.arff,fixation,mean,9,7,-2,165.6111111111111,242.34285714285716,76.73174603174607,48.65101346437822,213.94752360600685,165.29651014162863
S19,S19_E0I121D0,data/outputs_webcam_mean/S19/S19_E0I121D0.arff,saccade,mean,8,6,-2,32.2875,40.65,8.362499999999997,18.438735430764073,10.238115060888894,-8.200620369875178
S19,S19_E0I122D0,data/outputs_webcam_mean/S19/S19_E0I122D0.arff,fixation,mean,6,6,0,203.88333333333333,214.95000000000002,11.066666666666691,44.7830957691255,42.192546735175874,-2.590549033949628
S19,S19_E0I122D0,data/outputs_webcam_mean/S19/S19_E0I122D0.arff,saccade,mean,5,5,0,32.300000000000004,35.260000000000005,2.960000000000001,12.161619957883898,14.018666127702733,1.857046169818835
S19,S19_E0I123D0,data/outputs_webcam_mean/S19/S19_E0I123D0.arff,fixation,mean,11,9,-2,124.19090909090909,181.4888888888889,57.29797979797982,46.781202518649614,108.1988498603895,61.41764734173989
S19,S19_E0I123D0,data/outputs_webcam_mean/S19/S19_E0I123D0.arff,saccade,mean,10,8,-2,39.059999999999995,37.775,-1.2849999999999966,19.03681812815483,12.104987165863262,-6.931830962291569
S19,S19_E0I124D0,data/outputs_webcam_mean/S19/S19_E0I124D0.arff,fixation,mean,9,9,0,191.16666666666663,201.01111111111112,9.844444444444491,46.927710363920376,33.816654345323855,-13.111056018596521
S19,S19_E0I124D0,data/outputs_webcam_mean/S19/S19_E0I124D0.arff,saccade,mean,8,8,0,34.05,32.2375,-1.8125,10.407552202950647,5.472251430104954,-4.935300772845693
S19,S19_E0I125D0,data/outputs_webcam_mean/S19/S19_E0I125D0.arff,fixation,mean,9,7,-2,183.61111111111111,226.3857142857143,42.774603174603186,112.07988718370085,125.29104022995723,13.211153046256385
S19,S19_E0I125D0,data/outputs_webcam_mean/S19/S19_E0I125D0.arff,saccade,mean,7,5,-2,37.98571428571429,41.28,3.2942857142857136,17.287030646453676,11.2861419448809,-6.0008887015727765
S19,S19_E0I126D0,data/outputs_webcam_mean/S19/S19_E0I126D0.arff,fixation,mean,7,7,0,214.78571428571428,224.37142857142857,9.585714285714289,100.67203233886806,106.3097003144698,5.63766797560173
S19,S19_E0I126D0,data/outputs_webcam_mean/S19/S19_E0I126D0.arff,saccade,mean,6,6,0,47.93333333333334,41.7,-6.233333333333334,34.15052952249301,20.025483764443745,-14.125045758049264
S19,S19_E0I127D0,data/outputs_webcam_mean/S19/S19_E0I127D0.arff,fixation,mean,7,7,0,157.93571428571428,167.46428571428572,9.52857142857144,49.77410399566655,40.66929343585193,-9.104810559814624
S19,S19_E0I127D0,data/outputs_webcam_mean/S19/S19_E0I127D0.arff,saccade,mean,6,6,0,33.333333333333336,44.21666666666667,10.883333333333333,15.924373352401238,13.497950461705907,-2.4264228906953313
S19,S19_E0I128D0,data/outputs_webcam_mean/S19/S19_E0I128D0.arff,fixation,mean,12,13,1,208.10833333333332,207.30769230769226,-0.8006410256410561,82.53071558608659,105.24267560847534,22.71196002238875
S19,S19_E0I128D0,data/outputs_webcam_mean/S19/S19_E0I128D0.arff,saccade,mean,11,12,1,42.98181818181818,40.550000000000004,-2.4318181818181728,11.310952053812107,14.900793145454921,3.589841091642814
S19,S19_E0I129D0,data/outputs_webcam_mean/S19/S19_E0I129D0.arff,fixation,mean,6,8,2,168.35,128.9875,-39.36249999999998,52.908931193136006,77.62896067650452,24.720029483368513
S19,S19_E0I129D0,data/outputs_webcam_mean/S19/S19_E0I129D0.arff,saccade,mean,6,7,1,36.833333333333336,46.25714285714286,9.423809523809524,11.336430949230301,12.5666035112724,1.2301725620420978
S19,S19_E0I130D0,data/outputs_webcam_mean/S19/S19_E0I130D0.arff,fixation,mean,10,10,0,168.08999999999997,177.54000000000002,9.450000000000045,41.29773870591733,48.009309282448314,6.711570576530981
S19,S19_E0I130D0,data/outputs_webcam_mean/S19/S19_E0I130D0.arff,saccade,mean,9,9,0,37.73333333333333,40.94444444444444,3.2111111111111157,10.00312451187128,9.071812265351273,-0.9313122465200063
S19,S19_E0I131D0,data/outputs_webcam_mean/S19/S19_E0I131D0.arff,fixation,mean,7,7,0,160.20000000000002,178.1285714285714,17.928571428571388,40.515881659747535,47.00318124998613,6.487299590238592
S19,S19_E0I131D0,data/outputs_webcam_mean/S19/S19_E0I131D0.arff,saccade,mean,6,6,0,46.76666666666667,41.9,-4.866666666666674,31.883893530537748,11.185705163287649,-20.698188367250097
S19,S19_E0I132D0,data/outputs_webcam_mean/S19/S19_E0I132D0.arff,fixation,mean,7,8,1,187.38571428571427,167.5625,-19.823214285714272,57.1216663088951,79.44561369713425,22.323947388239148
S19,S19_E0I132D0,data/outputs_webcam_mean/S19/S19_E0I132D0.arff,saccade,mean,7,7,0,29.542857142857144,37.957142857142856,8.414285714285711,17.07560219951819,11.70823885743954,-5.367363342078651
S19,S19_E0I134D0,data/outputs_webcam_mean/S19/S19_E0I134D0.arff,fixation,mean,5,4,-1,182.73999999999998,263.45000000000005,80.71000000000006,34.169913666850256,107.00060747491109,72.83069380806083
S19,S19_E0I134D0,data/outputs_webcam_mean/S19/S19_E0I134D0.arff,saccade,mean,4,3,-1,49.625,46.666666666666664,-2.9583333333333357,42.21108661635393,18.60385264759247,-23.607233968761463
S19,S19_E0I135D0,data/outputs_webcam_mean/S19/S19_E0I135D0.arff,fixation,mean,7,7,0,172.0,189.8,17.80000000000001,69.08002605674088,85.52485018987171,16.444824133130837
S19,S19_E0I135D0,data/outputs_webcam_mean/S19/S19_E0I135D0.arff,saccade,mean,6,6,0,36.9,40.583333333333336,3.683333333333337,24.209419654341158,11.259026008792528,-12.95039364554863
S19,S19_E0I136D0,data/outputs_webcam_mean/S19/S19_E0I136D0.arff,fixation,mean,7,7,0,182.05714285714285,191.51428571428576,9.457142857142912,96.86825859800271,108.84702458912123,11.978765991118522
S19,S19_E0I136D0,data/outputs_webcam_mean/S19/S19_E0I136D0.arff,saccade,mean,6,6,0,39.38333333333333,47.833333333333336,8.450000000000003,18.43468650849986,15.877867195145157,-2.5568193133547013
S19,S19_E0I137D0,data/outputs_webcam_mean/S19/S19_E0I137D0.arff,fixation,mean,8,9,1,170.225,148.82222222222222,-21.40277777777777,50.89967022065495,75.22565682295132,24.325986602296375
S19,S19_E0I137D0,data/outputs_webcam_mean/S19/S19_E0I137D0.arff,saccade,mean,7,8,1,34.871428571428574,40.599999999999994,5.728571428571421,15.250323962210802,9.692412348990171,-5.5579116132206305
S19,S19_E0I138D0,data/outputs_webcam_mean/S19/S19_E0I138D0.arff,fixation,mean,6,6,0,169.43333333333334,184.1,14.666666666666657,28.41609872355223,33.26740146149079,4.8513027379385605
S19,S19_E0I138D0,data/outputs_webcam_mean/S19/S19_E0I138D0.arff,saccade,mean,5,5,0,45.9,42.8,-3.1000000000000014,25.83882737277371,13.004037834457419,-12.834789538316292
S19,S19_E0I139D0,data/outputs_webcam_mean/S19/S19_E0I139D0.arff,fixation,mean,7,7,0,182.09999999999997,195.79999999999998,13.700000000000017,124.94436095051802,103.69091892092897,-21.253442029589053
S19,S19_E0I139D0,data/outputs_webcam_mean/S19/S19_E0I139D0.arff,saccade,mean,6,6,0,34.43333333333334,34.36666666666667,-0.06666666666666998,17.16539153840269,12.957571788983715,-4.2078197494189755
S19,S19_E0I140D0,data/outputs_webcam_mean/S19/S19_E0I140D0.arff,fixation,mean,9,8,-1,145.63333333333333,184.075,38.44166666666666,58.981098667284925,45.10789446268959,-13.873204204595332
S19,S19_E0I140D0,data/outputs_webcam_mean/S19/S19_E0I140D0.arff,saccade,mean,6,7,1,40.483333333333334,46.24285714285715,5.759523809523813,12.978045564208298,15.647135748847363,2.6690901846390656
S20,S20_E0I101D0,data/outputs_webcam_mean/S20/S20_E0I101D0.arff,fixation,mean,11,9,-2,182.36363636363635,231.7444444444444,49.380808080808066,100.34344296193223,120.52274796808184,20.17930500614962
S20,S20_E0I101D0,data/outputs_webcam_mean/S20/S20_E0I101D0.arff,saccade,mean,9,10,1,24.48888888888889,41.96,17.47111111111111,10.337848475921435,12.556025556591456,2.2181770806700207
S20,S20_E0I103D0,data/outputs_webcam_mean/S20/S20_E0I103D0.arff,fixation,mean,10,5,-5,151.23,349.65999999999997,198.42999999999998,76.21654894662532,314.17494807829604,237.95839913167072
S20,S20_E0I103D0,data/outputs_webcam_mean/S20/S20_E0I103D0.arff,saccade,mean,9,4,-5,26.999999999999996,42.475,15.475000000000005,10.333198923857026,11.039436881773756,0.7062379579167306
S20,S20_E0I104D0,data/outputs_webcam_mean/S20/S20_E0I104D0.arff,fixation,mean,8,8,0,163.9875,173.1875,9.199999999999989,26.480312767898237,41.05308192711341,14.572769159215174
S20,S20_E0I104D0,data/outputs_webcam_mean/S20/S20_E0I104D0.arff,saccade,mean,7,7,0,28.52857142857143,37.0,8.471428571428572,12.52274121824162,9.779229690181808,-2.7435115280598126
S20,S20_E0I105D0,data/outputs_webcam_mean/S20/S20_E0I105D0.arff,fixation,mean,11,5,-6,111.51363636363637,317.31,205.79636363636365,57.9752062993703,158.24300300487224,100.26779670550194
S20,S20_E0I105D0,data/outputs_webcam_mean/S20/S20_E0I105D0.arff,saccade,mean,9,5,-4,26.272222222222222,36.830000000000005,10.557777777777783,12.779356182705154,16.279189168997334,3.49983298629218
S20,S20_E0I106D0,data/outputs_webcam_mean/S20/S20_E0I106D0.arff,fixation,mean,6,6,0,199.25,206.69999999999996,7.44999999999996,72.10965954710923,84.73856265007095,12.628903102961715
S20,S20_E0I106D0,data/outputs_webcam_mean/S20/S20_E0I106D0.arff,saccade,mean,5,5,0,20.66,38.419999999999995,17.759999999999994,8.024213357083669,9.567497060360145,1.543283703276476
S20,S20_E0I107D0,data/outputs_webcam_mean/S20/S20_E0I107D0.arff,fixation,mean,10,9,-1,135.78,187.72222222222223,51.94222222222223,61.45415273916718,123.12502566271588,61.67087292354871
S20,S20_E0I107D0,data/outputs_webcam_mean/S20/S20_E0I107D0.arff,saccade,mean,10,8,-2,33.9,32.3625,-1.5375000000000014,19.967139671637167,5.424267560825939,-14.542872110811228
S20,S20_E0I108D0,data/outputs_webcam_mean/S20/S20_E0I108D0.arff,fixation,mean,8,8,0,222.54999999999998,233.47500000000002,10.92500000000004,155.7420945024177,156.74277153531335,1.000677032895652
S20,S20_E0I108D0,data/outputs_webcam_mean/S20/S20_E0I108D0.arff,saccade,mean,7,7,0,32.699999999999996,30.642857142857146,-2.05714285714285,13.250031446503565,2.805861212329852,-10.444170234173713
S20,S20_E0I109D0,data/outputs_webcam_mean/S20/S20_E0I109D0.arff,fixation,mean,10,9,-1,192.28000000000003,231.6222222222222,39.342222222222176,100.58798028481225,107.55794691441652,6.969966629604272
S20,S20_E0I109D0,data/outputs_webcam_mean/S20/S20_E0I109D0.arff,saccade,mean,8,8,0,31.4625,41.599999999999994,10.137499999999996,16.34065372883577,13.218169313486646,-3.1224844153491222
S20,S20_E0I110D0,data/outputs_webcam_mean/S20/S20_E0I110D0.arff,fixation,mean,12,11,-1,164.39166666666665,180.70000000000002,16.308333333333366,76.36725212399422,95.98890560892961,19.621653484935393
S20,S20_E0I110D0,data/outputs_webcam_mean/S20/S20_E0I110D0.arff,saccade,mean,10,12,2,22.150000000000002,41.85833333333333,19.708333333333325,10.378851360124374,35.048056834563425,24.669205474439053
S20,S20_E0I111D0,data/outputs_webcam_mean/S20/S20_E0I111D0.arff,fixation,mean,11,8,-3,123.10909090909091,210.01250000000002,86.90340909090911,84.3337827272731,126.57945486079937,42.24567213352627
S20,S20_E0I111D0,data/outputs_webcam_mean/S20/S20_E0I111D0.arff,saccade,mean,12,7,-5,32.6,41.98571428571428,9.385714285714279,19.251446226665205,31.478004414269368,12.226558187604162
S20,S20_E0I112D0,data/outputs_webcam_mean/S20/S20_E0I112D0.arff,fixation,mean,7,7,0,156.82857142857142,172.6,15.771428571428572,57.934667637656425,57.36991081278291,-0.5647568248735126
S20,S20_E0I112D0,data/outputs_webcam_mean/S20/S20_E0I112D0.arff,saccade,mean,6,6,0,41.88333333333333,35.766666666666666,-6.116666666666667,12.100316800260506,7.2992237030157305,-4.801093097244776
S20,S20_E0I113D0,data/outputs_webcam_mean/S20/S20_E0I113D0.arff,fixation,mean,11,12,1,177.51818181818183,156.61666666666667,-20.901515151515156,105.51162796755453,71.56591155689765,-33.945716410656885
S20,S20_E0I113D0,data/outputs_webcam_mean/S20/S20_E0I113D0.arff,saccade,mean,10,10,0,34.739999999999995,39.08,4.340000000000003,17.035792386097636,11.642431971981722,-5.393360414115914
S20,S20_E0I114D0,data/outputs_webcam_mean/S20/S20_E0I114D0.arff,fixation,mean,10,10,0,148.92,169.49,20.57000000000002,45.84558139377592,48.659644470546645,2.814063076770722
S20,S20_E0I114D0,data/outputs_webcam_mean/S20/S20_E0I114D0.arff,saccade,mean,9,9,0,27.166666666666668,35.3111111111111,8.144444444444435,11.827827357549651,11.51503847631918,-0.3127888812304711
S20,S20_E0I115D0,data/outputs_webcam_mean/S20/S20_E0I115D0.arff,fixation,mean,8,6,-2,198.0125,290.9166666666667,92.9041666666667,58.46956320538551,146.49072894441704,88.02116573903153
S20,S20_E0I115D0,data/outputs_webcam_mean/S20/S20_E0I115D0.arff,saccade,mean,7,5,-2,31.62857142857143,41.5,9.87142857142857,15.617587765690564,12.344026895628508,-3.273560870062056
S20,S20_E0I116D0,data/outputs_webcam_mean/S20/S20_E0I116D0.arff,fixation,mean,10,9,-1,117.13,163.02222222222224,45.892222222222244,59.15448794845954,64.70163788069391,5.547149932234369
S20,S20_E0I116D0,data/outputs_webcam_mean/S20/S20_E0I116D0.arff,saccade,mean,9,8,-1,39.47777777777778,31.4625,-8.015277777777783,23.009388180576302,14.63693347079816,-8.372454709778141
S20,S20_E0I117D0,data/outputs_webcam_mean/S20/S20_E0I117D0.arff,fixation,mean,11,11,0,228.5363636363636,231.42727272727276,2.8909090909091617,118.95997034908233,129.06038967017798,10.100419321095657
S20,S20_E0I117D0,data/outputs_webcam_mean/S20/S20_E0I117D0.arff,saccade,mean,8,9,1,26.8,46.7,19.900000000000002,11.127443551867607,16.071403174583107,4.9439596227155
S20,S20_E0I118D0,data/outputs_webcam_mean/S20/S20_E0I118D0.arff,fixation,mean,7,7,0,167.44285714285712,174.8857142857143,7.442857142857179,113.95030871894492,127.93755545279929,13.987246733854363
S20,S20_E0I118D0,data/outputs_webcam_mean/S20/S20_E0I118D0.arff,saccade,mean,5,5,0,32.54,35.440000000000005,2.9000000000000057,4.118009227770138,6.318465003464053,2.200455775693915
S20,S20_E0I119D0,data/outputs_webcam_mean/S20/S20_E0I119D0.arff,fixation,mean,7,7,0,170.29999999999998,195.72857142857143,25.428571428571445,56.93827066803721,61.198766716487405,4.260496048450193
S20,S20_E0I119D0,data/outputs_webcam_mean/S20/S20_E0I119D0.arff,saccade,mean,7,6,-1,25.371428571428574,35.666666666666664,10.29523809523809,11.166126497240704,9.746520746741714,-1.4196057504989898
S20,S20_E0I120D0,data/outputs_webcam_mean/S20/S20_E0I120D0.arff,fixation,mean,10,10,0,199.89,213.12000000000003,13.230000000000047,136.89320614584526,130.56593736499576,-6.327268780849494
S20,S20_E0I120D0,data/outputs_webcam_mean/S20/S20_E0I120D0.arff,saccade,mean,9,9,0,27.744444444444444,36.8,9.055555555555554,11.442149176521767,11.481180252918252,0.039031076396485176
S20,S20_E0I121D0,data/outputs_webcam_mean/S20/S20_E0I121D0.arff,fixation,mean,8,6,-2,173.125,265.25,92.125,86.279938903217,188.1870638487141,101.9071249454971
S20,S20_E0I121D0,data/outputs_webcam_mean/S20/S20_E0I121D0.arff,saccade,mean,7,4,-3,23.25714285714286,38.65,15.392857142857139,7.911143436709416,13.941185984939255,6.030042548229838
S20,S20_E0I122D0,data/outputs_webcam_mean/S20/S20_E0I122D0.arff,fixation,mean,11,9,-2,219.0,283.2444444444444,64.24444444444441,114.94674419051634,154.79216801174982,39.84542382123348
S20,S20_E0I122D0,data/outputs_webcam_mean/S20/S20_E0I122D0.arff,saccade,mean,9,7,-2,29.488888888888887,37.88571428571429,8.396825396825406,13.306900883042267,11.601067274383071,-1.705833608659196
S20,S20_E0I123D0,data/outputs_webcam_mean/S20/S20_E0I123D0.arff,fixation,mean,8,7,-1,159.91250000000002,198.45714285714283,38.544642857142804,80.7880195768089,84.38133397742372,3.5933144006148154
S20,S20_E0I123D0,data/outputs_webcam_mean/S20/S20_E0I123D0.arff,saccade,mean,7,6,-1,29.54285714285714,31.983333333333334,2.4404761904761934,0.39520940802374105,5.999805552404735,5.604596144380993
S20,S20_E0I124D0,data/outputs_webcam_mean/S20/S20_E0I124D0.arff,fixation,mean,8,8,0,203.8,219.4625,15.662499999999994,152.91428037582736,151.9360385867309,-0.9782417890964723
S20,S20_E0I124D0,data/outputs_webcam_mean/S20/S20_E0I124D0.arff,saccade,mean,7,7,0,24.47142857142857,33.957142857142856,9.485714285714284,9.280214488490065,11.954616561933602,2.6744020734435363
S20,S20_E0I125D0,data/outputs_webcam_mean/S20/S20_E0I125D0.arff,fixation,mean,8,8,0,151.225,165.8625,14.637500000000017,46.94625346378253,39.43102250404225,-7.515230959740286
S20,S20_E0I125D0,data/outputs_webcam_mean/S20/S20_E0I125D0.arff,saccade,mean,8,7,-1,24.0875,38.057142857142864,13.969642857142865,10.918063342134317,7.819602961544177,-3.09846038059014
S20,S20_E0I126D0,data/outputs_webcam_mean/S20/S20_E0I126D0.arff,fixation,mean,8,7,-1,142.9875,153.9,10.912499999999994,33.48058872583592,98.00590118287096,64.52531245703503
S20,S20_E0I126D0,data/outputs_webcam_mean/S20/S20_E0I126D0.arff,saccade,mean,6,5,-1,29.533333333333335,36.88,7.346666666666668,13.988233150282657,12.918862179000133,-1.069370971282524
S20,S20_E0I127D0,data/outputs_webcam_mean/S20/S20_E0I127D0.arff,fixation,mean,8,8,0,181.35000000000002,197.1375,15.787499999999966,67.9656635998754,81.6816457351344,13.715982135258997
S20,S20_E0I127D0,data/outputs_webcam_mean/S20/S20_E0I127D0.arff,saccade,mean,6,7,1,28.433333333333334,48.61428571428571,20.180952380952373,20.237259366491962,15.932088016685965,-4.305171349805997
S20,S20_E0I129D0,data/outputs_webcam_mean/S20/S20_E0I129D0.arff,fixation,mean,9,9,0,193.1222222222222,186.72222222222223,-6.399999999999977,56.287049526906664,84.18813422593736,27.901084699030697
S20,S20_E0I129D0,data/outputs_webcam_mean/S20/S20_E0I129D0.arff,saccade,mean,7,7,0,30.557142857142857,37.94285714285714,7.385714285714286,2.8512319810081763,10.779433680680564,7.928201699672387
S20,S20_E0I130D0,data/outputs_webcam_mean/S20/S20_E0I130D0.arff,fixation,mean,7,8,1,167.54285714285714,161.3625,-6.180357142857133,47.38332537728356,75.94740543861352,28.564080061329953
S20,S20_E0I130D0,data/outputs_webcam_mean/S20/S20_E0I130D0.arff,saccade,mean,7,7,0,27.428571428571427,36.81428571428571,9.385714285714283,13.249995507636255,7.368045550761426,-5.881949956874829
S20,S20_E0I131D0,data/outputs_webcam_mean/S20/S20_E0I131D0.arff,fixation,mean,8,8,0,197.1,209.75,12.650000000000006,94.81485718418365,104.33399665086571,9.519139466682063
S20,S20_E0I131D0,data/outputs_webcam_mean/S20/S20_E0I131D0.arff,saccade,mean,6,6,0,23.46666666666667,33.3,9.833333333333329,9.84675919613487,6.244037155558893,-3.6027220405759772
S20,S20_E0I132D0,data/outputs_webcam_mean/S20/S20_E0I132D0.arff,fixation,mean,12,9,-3,213.01666666666668,288.1444444444444,75.12777777777771,142.7708579465287,204.40887401915253,61.63801607262383
S20,S20_E0I132D0,data/outputs_webcam_mean/S20/S20_E0I132D0.arff,saccade,mean,9,8,-1,22.188888888888886,44.25,22.061111111111114,11.676733751829365,12.400806425390245,0.7240726735608796
S20,S20_E0I133D0,data/outputs_webcam_mean/S20/S20_E0I133D0.arff,fixation,mean,9,8,-1,206.33333333333337,248.6375,42.30416666666662,159.7328472794497,255.70618707247354,95.97333979302385
S20,S20_E0I133D0,data/outputs_webcam_mean/S20/S20_E0I133D0.arff,saccade,mean,7,7,0,21.12857142857143,34.77142857142857,13.642857142857142,7.893396878766092,6.982767905282805,-0.9106289734832869
S20,S20_E0I134D0,data/outputs_webcam_mean/S20/S20_E0I134D0.arff,fixation,mean,6,7,1,170.38333333333333,169.02857142857144,-1.3547619047618866,66.52209908494069,83.93375789445933,17.41165880951864
S20,S20_E0I134D0,data/outputs_webcam_mean/S20/S20_E0I134D0.arff,saccade,mean,6,5,-1,33.21666666666667,50.34,17.123333333333335,21.60688933342018,9.714061972213273,-11.892827361206908
S20,S20_E0I135D0,data/outputs_webcam_mean/S20/S20_E0I135D0.arff,fixation,mean,9,10,1,261.0111111111111,220.95,-40.06111111111113,129.8454604948171,154.17188279464077,24.326422299823662
S20,S20_E0I135D0,data/outputs_webcam_mean/S20/S20_E0I135D0.arff,saccade,mean,9,7,-2,25.400000000000002,33.77142857142857,8.37142857142857,8.252120939491858,15.815995519906872,7.563874580415014
S20,S20_E0I136D0,data/outputs_webcam_mean/S20/S20_E0I136D0.arff,fixation,mean,9,7,-2,119.0,165.71428571428572,46.71428571428572,64.904179372364,69.67621374547244,4.77203437310844
S20,S20_E0I136D0,data/outputs_webcam_mean/S20/S20_E0I136D0.arff,saccade,mean,6,5,-1,49.13333333333333,29.560000000000002,-19.57333333333333,23.567831182921065,10.39461398994691,-13.173217192974155
S20,S20_E0I137D0,data/outputs_webcam_mean/S20/S20_E0I137D0.arff,fixation,mean,7,6,-1,230.61428571428573,273.81666666666666,43.202380952380935,145.46105353405804,168.58190195470766,23.120848420649622
S20,S20_E0I137D0,data/outputs_webcam_mean/S20/S20_E0I137D0.arff,saccade,mean,6,5,-1,19.749999999999996,41.4,21.650000000000002,7.668572226953333,16.115675598621362,8.447103371668028
S20,S20_E0I138D0,data/outputs_webcam_mean/S20/S20_E0I138D0.arff,fixation,mean,12,11,-1,189.1,229.66363636363633,40.563636363636334,90.09419313342916,126.08329209476784,35.989098961338684
S20,S20_E0I138D0,data/outputs_webcam_mean/S20/S20_E0I138D0.arff,saccade,mean,11,10,-1,26.854545454545452,35.510000000000005,8.655454545454553,14.497818017644148,13.912620170190806,-0.5851978474533421
S20,S20_E0I139D0,data/outputs_webcam_mean/S20/S20_E0I139D0.arff,fixation,mean,7,6,-1,143.07142857142856,205.08333333333334,62.01190476190479,52.97545703077084,70.0475386196165,17.072081588845663
S20,S20_E0I139D0,data/outputs_webcam_mean/S20/S20_E0I139D0.arff,saccade,mean,5,5,0,44.22,45.540000000000006,1.3200000000000074,18.085823177284464,23.33983718880661,5.254014011522145
S20,S20_E0I140D0,data/outputs_webcam_mean/S20/S20_E0I140D0.arff,fixation,mean,12,12,0,212.43333333333337,223.02499999999998,10.591666666666612,154.04699007612953,157.68346961843875,3.6364795423092175
S20,S20_E0I140D0,data/outputs_webcam_mean/S20/S20_E0I140D0.arff,saccade,mean,10,10,0,23.6,36.13,12.530000000000001,14.123896220393453,7.268814667238852,-6.855081553154601
S21,S21_E0I101D0,data/outputs_webcam_mean/S21/S21_E0I101D0.arff,fixation,mean,4,3,-1,235.95,137.46666666666667,-98.48333333333332,149.96711861827134,40.46928876732742,-109.49782985094393
S21,S21_E0I101D0,data/outputs_webcam_mean/S21/S21_E0I101D0.arff,saccade,mean,4,3,-1,27.75,49.29999999999999,21.54999999999999,9.338272502627738,18.675920325381554,9.337647822753816
S21,S21_E0I102D0,data/outputs_webcam_mean/S21/S21_E0I102D0.arff,fixation,mean,13,14,1,200.6615384615385,191.00714285714284,-9.65439560439566,91.12027343445163,79.78907255320806,-11.331200881243575
S21,S21_E0I102D0,data/outputs_webcam_mean/S21/S21_E0I102D0.arff,saccade,mean,11,14,3,32.21818181818182,34.26428571428572,2.046103896103901,11.517362387440814,10.231445280480784,-1.2859171069600297
S21,S21_E0I103D0,data/outputs_webcam_mean/S21/S21_E0I103D0.arff,fixation,mean,4,4,0,134.975,162.075,27.099999999999994,111.91733184215333,122.56340875916703,10.646076917013701
S21,S21_E0I103D0,data/outputs_webcam_mean/S21/S21_E0I103D0.arff,saccade,mean,2,2,0,36.900000000000006,29.5,-7.400000000000006,10.323759005323595,20.64751801064719,10.323759005323595
S21,S21_E0I104D0,data/outputs_webcam_mean/S21/S21_E0I104D0.arff,fixation,mean,5,5,0,167.87,170.91,3.039999999999992,54.26884004656816,50.47675702736854,-3.792083019199616
S21,S21_E0I104D0,data/outputs_webcam_mean/S21/S21_E0I104D0.arff,saccade,mean,4,4,0,42.5,34.949999999999996,-7.550000000000004,15.126466871017833,7.046039076436256,-8.080427794581578
S21,S21_E0I105D0,data/outputs_webcam_mean/S21/S21_E0I105D0.arff,fixation,mean,7,8,1,152.65714285714287,132.64999999999998,-20.007142857142895,57.59279055410949,74.50804366931513,16.915253115205637
S21,S21_E0I105D0,data/outputs_webcam_mean/S21/S21_E0I105D0.arff,saccade,mean,7,7,0,39.0,43.2,4.200000000000003,14.005832118561658,11.566330446602327,-2.4395016719593308
S21,S21_E0I106D0,data/outputs_webcam_mean/S21/S21_E0I106D0.arff,fixation,mean,5,5,0,147.42000000000002,140.02,-7.400000000000006,29.831476664757986,26.944424284070355,-2.8870523806876314
S21,S21_E0I106D0,data/outputs_webcam_mean/S21/S21_E0I106D0.arff,saccade,mean,4,4,0,25.85,36.775,10.924999999999997,7.369079544511196,8.516014325962589,1.1469347814513924
S21,S21_E0I107D0,data/outputs_webcam_mean/S21/S21_E0I107D0.arff,fixation,mean,7,7,0,182.18571428571428,190.65714285714284,8.47142857142856,56.18622098496595,50.829678244861924,-5.356542740104025
S21,S21_E0I107D0,data/outputs_webcam_mean/S21/S21_E0I107D0.arff,saccade,mean,6,6,0,43.0,38.050000000000004,-4.949999999999996,9.796734149705197,11.629746342891577,1.8330121931863808
S21,S21_E0I108D0,data/outputs_webcam_mean/S21/S21_E0I108D0.arff,fixation,mean,5,5,0,195.54,192.56,-2.9799999999999898,99.01915471261104,90.05858093485597,-8.960573777755073
S21,S21_E0I108D0,data/outputs_webcam_mean/S21/S21_E0I108D0.arff,saccade,mean,4,4,0,33.125,33.225,0.10000000000000142,14.022214518399013,7.517701333076044,-6.504513185322969
S21,S21_E0I109D0,data/outputs_webcam_mean/S21/S21_E0I109D0.arff,fixation,mean,4,5,1,147.5,113.64000000000001,-33.859999999999985,27.895160870659986,53.44532720453679,25.550166333876803
S21,S21_E0I109D0,data/outputs_webcam_mean/S21/S21_E0I109D0.arff,saccade,mean,4,4,0,25.95,33.35,7.400000000000002,7.43527627821141,14.223103271321158,6.787826993109747
S21,S21_E0I110D0,data/outputs_webcam_mean/S21/S21_E0I110D0.arff,fixation,mean,4,4,0,184.52499999999998,191.7,7.175000000000011,75.88132730345018,64.61872793548322,-11.262599367966956
S21,S21_E0I110D0,data/outputs_webcam_mean/S21/S21_E0I110D0.arff,saccade,mean,3,3,0,49.29999999999999,44.46666666666667,-4.8333333333333215,4.330127018922194,12.759440949090731,8.429313930168536
S21,S21_E0I111D0,data/outputs_webcam_mean/S21/S21_E0I111D0.arff,fixation,mean,4,4,0,167.425,165.675,-1.75,45.81465376929089,42.350314835508215,-3.4643389337826775
S21,S21_E0I111D0,data/outputs_webcam_mean/S21/S21_E0I111D0.arff,saccade,mean,4,4,0,43.025,29.575,-13.45,9.517483911202584,12.125558406385524,2.60807449518294
S21,S21_E0I112D0,data/outputs_webcam_mean/S21/S21_E0I112D0.arff,fixation,mean,6,6,0,165.96666666666667,165.9333333333333,-0.03333333333335986,47.808646358861346,49.53918314492748,1.730536786066132
S21,S21_E0I112D0,data/outputs_webcam_mean/S21/S21_E0I112D0.arff,saccade,mean,5,5,0,42.84,39.76,-3.0800000000000054,13.213364446650218,6.675926901936541,-6.5374375447136766
S21,S21_E0I113D0,data/outputs_webcam_mean/S21/S21_E0I113D0.arff,fixation,mean,4,3,-1,174.75,164.2,-10.550000000000011,42.073071356074465,48.292960149487634,6.219888793413169
S21,S21_E0I113D0,data/outputs_webcam_mean/S21/S21_E0I113D0.arff,saccade,mean,3,3,0,44.5,34.6,-9.899999999999999,0.10000000000000142,22.487552112224222,22.38755211222422
S21,S21_E0I114D0,data/outputs_webcam_mean/S21/S21_E0I114D0.arff,fixation,mean,5,5,0,194.11999999999998,210.4,16.28000000000003,82.11136949290275,74.50567092510475,-7.605698567798001
S21,S21_E0I114D0,data/outputs_webcam_mean/S21/S21_E0I114D0.arff,saccade,mean,4,4,0,40.675,42.75,2.075000000000003,14.231040018213704,3.2377976053690167,-10.993242412844687
S21,S21_E0I115D0,data/outputs_webcam_mean/S21/S21_E0I115D0.arff,fixation,mean,15,14,-1,182.5,210.72142857142856,28.22142857142856,70.30929627621899,125.60948138252469,55.300185106305705
S21,S21_E0I115D0,data/outputs_webcam_mean/S21/S21_E0I115D0.arff,saccade,mean,11,11,0,44.33636363636363,42.372727272727275,-1.963636363636354,10.869339697265213,9.355649727206647,-1.5136899700585662
S21,S21_E0I116D0,data/outputs_webcam_mean/S21/S21_E0I116D0.arff,fixation,mean,5,4,-1,115.08,152.925,37.84500000000001,60.57835421996871,57.99611337552428,-2.582240844444428
S21,S21_E0I116D0,data/outputs_webcam_mean/S21/S21_E0I116D0.arff,saccade,mean,4,3,-1,35.025,41.76666666666666,6.74166666666666,21.971553578813367,21.24672523786509,-0.7248283409482781
S21,S21_E0I117D0,data/outputs_webcam_mean/S21/S21_E0I117D0.arff,fixation,mean,4,4,0,151.0,158.475,7.474999999999994,56.831857263334264,43.51278547737435,-13.319071785959913
S21,S21_E0I117D0,data/outputs_webcam_mean/S21/S21_E0I117D0.arff,saccade,mean,3,3,0,29.766666666666666,37.1,7.333333333333336,15.101765901156504,12.562245022288016,-2.5395208788684887
S21,S21_E0I118D0,data/outputs_webcam_mean/S21/S21_E0I118D0.arff,fixation,mean,5,8,3,244.28000000000003,198.025,-46.255000000000024,222.40302830672067,184.93074958712825,-37.472278719592424
S21,S21_E0I118D0,data/outputs_webcam_mean/S21/S21_E0I118D0.arff,saccade,mean,4,5,1,45.975,29.439999999999998,-16.535000000000004,7.2518388472625785,8.941364549105465,1.6895257018428866
S21,S21_E0I119D0,data/outputs_webcam_mean/S21/S21_E0I119D0.arff,fixation,mean,8,9,1,239.2625,207.7888888888889,-31.473611111111097,136.1382903783607,123.1576372423209,-12.980653136039791
S21,S21_E0I119D0,data/outputs_webcam_mean/S21/S21_E0I119D0.arff,saccade,mean,6,7,1,34.449999999999996,31.599999999999998,-2.849999999999998,12.027426990009126,9.175692526089424,-2.8517344639197013
S21,S21_E0I120D0,data/outputs_webcam_mean/S21/S21_E0I120D0.arff,fixation,mean,6,6,0,276.34999999999997,277.6166666666667,1.2666666666667084,208.91251518279128,190.75852187167595,-18.15399331111533
S21,S21_E0I120D0,data/outputs_webcam_mean/S21/S21_E0I120D0.arff,saccade,mean,5,5,0,32.64,38.46,5.82,6.742625601351451,13.116325705013578,6.373700103662127
S21,S21_E0I121D0,data/outputs_webcam_mean/S21/S21_E0I121D0.arff,fixation,mean,5,5,0,160.52,162.06,1.539999999999992,49.79650590151883,40.63290538467561,-9.163600516843218
S21,S21_E0I121D0,data/outputs_webcam_mean/S21/S21_E0I121D0.arff,saccade,mean,4,4,0,38.650000000000006,38.675,0.024999999999991473,18.356197863392083,10.962777932622734,-7.393419930769349
S21,S21_E0I122D0,data/outputs_webcam_mean/S21/S21_E0I122D0.arff,fixation,mean,5,5,0,157.57999999999998,160.51999999999998,2.9399999999999977,101.30543914321679,99.60430211592268,-1.7011370272941093
S21,S21_E0I122D0,data/outputs_webcam_mean/S21/S21_E0I122D0.arff,saccade,mean,4,4,0,35.0,35.125,0.125,7.001428425685717,11.05,4.048571574314284
S21,S21_E0I123D0,data/outputs_webcam_mean/S21/S21_E0I123D0.arff,fixation,mean,4,4,0,174.575,165.45,-9.125,49.835955895317184,66.2420561275086,16.40610023219142
S21,S21_E0I123D0,data/outputs_webcam_mean/S21/S21_E0I123D0.arff,saccade,mean,3,2,-1,49.29999999999999,44.55,-4.749999999999993,8.231038816577165,0.3535533905932738,-7.877485425983891
S21,S21_E0I124D0,data/outputs_webcam_mean/S21/S21_E0I124D0.arff,fixation,mean,4,4,0,173.0,172.925,-0.07499999999998863,132.0034595506244,121.74789183664194,-10.255567713982458
S21,S21_E0I124D0,data/outputs_webcam_mean/S21/S21_E0I124D0.arff,saccade,mean,3,3,0,44.26666666666667,34.43333333333333,-9.833333333333343,14.700453507743674,8.63153134347164,-6.068922164272035
S21,S21_E0I125D0,data/outputs_webcam_mean/S21/S21_E0I125D0.arff,fixation,mean,6,6,0,131.85,136.71666666666667,4.866666666666674,49.33671046999384,50.09077426699118,0.7540637969973432
S21,S21_E0I125D0,data/outputs_webcam_mean/S21/S21_E0I125D0.arff,saccade,mean,5,4,-1,28.139999999999997,38.849999999999994,10.709999999999997,8.112213014954675,14.044097217929913,5.9318842029752386
S21,S21_E0I126D0,data/outputs_webcam_mean/S21/S21_E0I126D0.arff,fixation,mean,4,4,0,243.20000000000002,254.25,11.049999999999983,148.93696653282555,139.34141523610273,-9.595551296722817
S21,S21_E0I126D0,data/outputs_webcam_mean/S21/S21_E0I126D0.arff,saccade,mean,3,3,0,44.1,37.266666666666666,-6.833333333333336,14.4,13.0193445815576,-1.3806554184423998
S21,S21_E0I127D0,data/outputs_webcam_mean/S21/S21_E0I127D0.arff,fixation,mean,4,5,1,254.52499999999998,200.62,-53.90499999999997,251.98192230131642,208.1544786931091,-43.82744360820732
S21,S21_E0I127D0,data/outputs_webcam_mean/S21/S21_E0I127D0.arff,saccade,mean,2,3,1,40.45,36.800000000000004,-3.6499999999999986,15.344217151748078,12.55746789762968,-2.786749254118398
S21,S21_E0I128D0,data/outputs_webcam_mean/S21/S21_E0I128D0.arff,fixation,mean,5,5,0,154.71999999999997,156.07999999999998,1.3600000000000136,29.55092215143209,37.82799228084937,8.277070129417282
S21,S21_E0I128D0,data/outputs_webcam_mean/S21/S21_E0I128D0.arff,saccade,mean,4,4,0,42.45,44.175000000000004,1.7250000000000014,9.399822693363246,10.455102422581364,1.0552797292181175
S21,S21_E0I129D0,data/outputs_webcam_mean/S21/S21_E0I129D0.arff,fixation,mean,4,4,0,176.425,178.325,1.8999999999999773,102.27141585017779,99.05848020235318,-3.212935647824608
S21,S21_E0I129D0,data/outputs_webcam_mean/S21/S21_E0I129D0.arff,saccade,mean,3,3,0,41.73333333333334,29.46666666666667,-12.266666666666673,11.20818153552722,0.1154700538379268,-11.092711481689294
S21,S21_E0I130D0,data/outputs_webcam_mean/S21/S21_E0I130D0.arff,fixation,mean,5,5,0,310.65999999999997,307.9,-2.759999999999991,338.14851470914374,356.343079068473,18.194564359329263
S21,S21_E0I130D0,data/outputs_webcam_mean/S21/S21_E0I130D0.arff,saccade,mean,4,4,0,26.0,42.65,16.65,14.3092044968731,15.433405327405872,1.1242008305327715
S21,S21_E0I131D0,data/outputs_webcam_mean/S21/S21_E0I131D0.arff,fixation,mean,3,4,1,295.3666666666666,199.42499999999998,-95.94166666666663,352.4329912668979,237.14290171399466,-115.29008955290323
S21,S21_E0I131D0,data/outputs_webcam_mean/S21/S21_E0I131D0.arff,saccade,mean,1,1,0,29.7,29.7,0.0,0.0,0.0,0.0
S21,S21_E0I132D0,data/outputs_webcam_mean/S21/S21_E0I132D0.arff,fixation,mean,4,4,0,204.35000000000002,210.0,5.649999999999977,85.17904671924897,88.03548526967217,2.856438550423192
S21,S21_E0I132D0,data/outputs_webcam_mean/S21/S21_E0I132D0.arff,saccade,mean,3,3,0,39.166666666666664,46.63333333333333,7.466666666666669,8.285127237003262,14.908163311868211,6.623036074864949
S21,S21_E0I133D0,data/outputs_webcam_mean/S21/S21_E0I133D0.arff,fixation,mean,6,6,0,158.53333333333333,153.68333333333334,-4.849999999999994,52.25995280008074,41.20060274640004,-11.059350053680703
S21,S21_E0I133D0,data/outputs_webcam_mean/S21/S21_E0I133D0.arff,saccade,mean,5,5,0,41.46,39.96,-1.5,15.265582203112988,12.502319784743948,-2.76326241836904
S21,S21_E0I134D0,data/outputs_webcam_mean/S21/S21_E0I134D0.arff,fixation,mean,5,6,1,176.66000000000003,133.75,-42.910000000000025,53.17718495746085,68.82647019860892,15.649285241148064
S21,S21_E0I134D0,data/outputs_webcam_mean/S21/S21_E0I134D0.arff,saccade,mean,4,5,1,37.7,37.480000000000004,-0.21999999999999886,19.83700246172961,14.920020107225056,-4.916982354504555
S21,S21_E0I135D0,data/outputs_webcam_mean/S21/S21_E0I135D0.arff,fixation,mean,4,4,0,171.7,171.7,0.0,33.57310431481327,25.114803071760942,-8.458301243052329
S21,S21_E0I135D0,data/outputs_webcam_mean/S21/S21_E0I135D0.arff,saccade,mean,3,3,0,42.0,44.23333333333333,2.233333333333327,23.829393613770367,0.15275252316519294,-23.676641090605173
S21,S21_E0I137D0,data/outputs_webcam_mean/S21/S21_E0I137D0.arff,fixation,mean,5,5,0,196.92000000000002,188.08,-8.840000000000003,57.95504292121609,72.63925935745766,14.68421643624157
S21,S21_E0I137D0,data/outputs_webcam_mean/S21/S21_E0I137D0.arff,saccade,mean,4,4,0,44.25,40.45,-3.799999999999997,15.708490273309739,9.35040106091712,-6.358089212392619
S21,S21_E0I139D0,data/outputs_webcam_mean/S21/S21_E0I139D0.arff,fixation,mean,4,4,0,179.125,145.8,-33.32499999999999,75.54938230499747,59.71917614970924,-15.830206155288224
S21,S21_E0I139D0,data/outputs_webcam_mean/S21/S21_E0I139D0.arff,saccade,mean,3,4,1,46.833333333333336,31.5,-15.333333333333336,4.301550108197431,19.40463862070098,15.103088512503547
S21,S21_E0I140D0,data/outputs_webcam_mean/S21/S21_E0I140D0.arff,fixation,mean,5,5,0,192.88000000000002,197.44,4.559999999999974,156.20421569215088,150.41526850689064,-5.788947185260241
S21,S21_E0I140D0,data/outputs_webcam_mean/S21/S21_E0I140D0.arff,saccade,mean,4,4,0,42.175,42.3,0.125,20.94522618641298,17.295278739201244,-3.649947447211737
S22,S22_E0I101D0,data/outputs_webcam_mean/S22/S22_E0I101D0.arff,fixation,mean,6,5,-1,152.28333333333333,197.24,44.95666666666668,51.238361280066975,140.68538659007905,89.44702531001207
S22,S22_E0I101D0,data/outputs_webcam_mean/S22/S22_E0I101D0.arff,saccade,mean,5,4,-1,27.26,37.75,10.489999999999998,17.69980225878244,21.562390096338273,3.8625878375558322
S22,S22_E0I102D0,data/outputs_webcam_mean/S22/S22_E0I102D0.arff,fixation,mean,5,4,-1,86.54,122.5,35.959999999999994,20.98268333650394,65.23214953788764,44.2494662013837
S22,S22_E0I102D0,data/outputs_webcam_mean/S22/S22_E0I102D0.arff,saccade,mean,4,3,-1,25.125,33.333333333333336,8.208333333333336,7.151864558747366,8.027660514330023,0.8757959555826567
S22,S22_E0I103D0,data/outputs_webcam_mean/S22/S22_E0I103D0.arff,fixation,mean,5,5,0,125.73999999999998,127.12,1.3800000000000239,38.869435293042265,41.50165056958578,2.632215276543512
S22,S22_E0I103D0,data/outputs_webcam_mean/S22/S22_E0I103D0.arff,saccade,mean,4,4,0,32.425000000000004,41.625,9.199999999999996,13.642427692069083,16.90115873739628,3.258731045327197
S22,S22_E0I104D0,data/outputs_webcam_mean/S22/S22_E0I104D0.arff,fixation,mean,5,3,-2,115.08,163.29999999999998,48.219999999999985,63.91304248742975,85.87223066859275,21.959188181163
S22,S22_E0I104D0,data/outputs_webcam_mean/S22/S22_E0I104D0.arff,saccade,mean,4,2,-2,32.625,36.7,4.075000000000003,13.998422530175795,10.748023074035519,-3.2503994561402756
S22,S22_E0I105D0,data/outputs_webcam_mean/S22/S22_E0I105D0.arff,fixation,mean,9,8,-1,118.8111111111111,138.8625,20.05138888888891,49.18641693710888,58.866627399814334,9.680210462705453
S22,S22_E0I105D0,data/outputs_webcam_mean/S22/S22_E0I105D0.arff,saccade,mean,7,7,0,30.58571428571429,33.74285714285715,3.1571428571428584,9.714152660153221,6.9777878879716475,-2.736364772181574
S22,S22_E0I106D0,data/outputs_webcam_mean/S22/S22_E0I106D0.arff,fixation,mean,6,5,-1,96.23333333333335,146.98,50.74666666666664,23.01865909792894,47.53974126980499,24.521082171876053
S22,S22_E0I106D0,data/outputs_webcam_mean/S22/S22_E0I106D0.arff,saccade,mean,4,3,-1,34.224999999999994,35.8,1.5750000000000028,6.734178989800219,0.1999999999999993,-6.534178989800219
S22,S22_E0I107D0,data/outputs_webcam_mean/S22/S22_E0I107D0.arff,fixation,mean,5,4,-1,117.62,146.725,29.10499999999999,30.106593962120655,64.5720979474365,34.46550398531585
S22,S22_E0I107D0,data/outputs_webcam_mean/S22/S22_E0I107D0.arff,saccade,mean,4,3,-1,32.15,40.3,8.149999999999999,7.106100665390735,20.52535017971679,13.419249514326054
S22,S22_E0I108D0,data/outputs_webcam_mean/S22/S22_E0I108D0.arff,fixation,mean,6,6,0,123.23333333333333,114.80000000000001,-8.433333333333323,72.90593025719285,62.76119820398588,-10.144732053206972
S22,S22_E0I108D0,data/outputs_webcam_mean/S22/S22_E0I108D0.arff,saccade,mean,5,5,0,40.239999999999995,44.58,4.340000000000003,14.763400692252446,9.088014084496127,-5.6753866077563195
S22,S22_E0I109D0,data/outputs_webcam_mean/S22/S22_E0I109D0.arff,fixation,mean,5,5,0,134.08,128.56,-5.52000000000001,21.47351857521259,13.879949567631721,-7.59356900758087
S22,S22_E0I109D0,data/outputs_webcam_mean/S22/S22_E0I109D0.arff,saccade,mean,4,4,0,43.2,39.6,-3.6000000000000014,12.097658175586437,14.037331180344315,1.9396730047578785
S22,S22_E0I110D0,data/outputs_webcam_mean/S22/S22_E0I110D0.arff,fixation,mean,6,6,0,135.11666666666667,133.98333333333335,-1.1333333333333258,21.63399331299394,29.63588477954837,8.00189146655443
S22,S22_E0I110D0,data/outputs_webcam_mean/S22/S22_E0I110D0.arff,saccade,mean,5,5,0,31.359999999999996,34.199999999999996,2.84,10.88751578644091,8.949301648732149,-1.9382141377087603
S22,S22_E0I111D0,data/outputs_webcam_mean/S22/S22_E0I111D0.arff,fixation,mean,11,11,0,143.02727272727273,156.75454545454548,13.727272727272748,39.83809962608887,35.96449259023026,-3.873607035858612
S22,S22_E0I111D0,data/outputs_webcam_mean/S22/S22_E0I111D0.arff,saccade,mean,9,9,0,35.17777777777778,34.388888888888886,-0.7888888888888914,11.834248790879986,10.5831758518467,-1.2510729390332855
S22,S22_E0I112D0,data/outputs_webcam_mean/S22/S22_E0I112D0.arff,fixation,mean,5,4,-1,119.16,170.225,51.065,24.990858328596882,69.4128890528745,44.42203072427762
S22,S22_E0I112D0,data/outputs_webcam_mean/S22/S22_E0I112D0.arff,saccade,mean,4,3,-1,34.3,38.93333333333334,4.63333333333334,18.002222085064943,8.617037387254005,-9.385184697810939
S22,S22_E0I113D0,data/outputs_webcam_mean/S22/S22_E0I113D0.arff,fixation,mean,6,5,-1,115.63333333333333,143.0,27.366666666666674,32.89842954711769,22.75708680828897,-10.141342738828723
S22,S22_E0I113D0,data/outputs_webcam_mean/S22/S22_E0I113D0.arff,saccade,mean,4,4,0,46.75,55.95,9.200000000000003,30.247258828969393,20.835626540455493,-9.4116322885139
S22,S22_E0I114D0,data/outputs_webcam_mean/S22/S22_E0I114D0.arff,fixation,mean,5,4,-1,138.56,180.52499999999998,41.964999999999975,91.03146708693649,87.55121834294103,-3.4802487439954604
S22,S22_E0I114D0,data/outputs_webcam_mean/S22/S22_E0I114D0.arff,saccade,mean,4,4,0,46.8,28.8,-17.999999999999996,26.27051579242403,0.14142135623730814,-26.12909443618672
S22,S22_E0I115D0,data/outputs_webcam_mean/S22/S22_E0I115D0.arff,fixation,mean,9,7,-2,145.7,200.5142857142857,54.81428571428572,47.72556966658439,97.38715569949711,49.66158603291272
S22,S22_E0I115D0,data/outputs_webcam_mean/S22/S22_E0I115D0.arff,saccade,mean,9,6,-3,27.188888888888886,33.63333333333333,6.444444444444446,11.756853793048169,5.585576663753409,-6.17127712929476
S22,S22_E0I116D0,data/outputs_webcam_mean/S22/S22_E0I116D0.arff,fixation,mean,4,5,1,153.55,135.78000000000003,-17.769999999999982,49.39949392453328,76.10996649585388,26.7104725713206
S22,S22_E0I116D0,data/outputs_webcam_mean/S22/S22_E0I116D0.arff,saccade,mean,3,4,1,35.63333333333333,30.325000000000003,-5.30833333333333,12.182501111567088,14.467521096119635,2.2850199845525463
S22,S22_E0I117D0,data/outputs_webcam_mean/S22/S22_E0I117D0.arff,fixation,mean,7,6,-1,94.32857142857142,123.16666666666667,28.83809523809525,46.18010806562043,69.83963535605456,23.659527290434127
S22,S22_E0I117D0,data/outputs_webcam_mean/S22/S22_E0I117D0.arff,saccade,mean,6,5,-1,30.0,32.980000000000004,2.980000000000004,14.502275683491883,13.961625979806222,-0.540649703685661
S22,S22_E0I118D0,data/outputs_webcam_mean/S22/S22_E0I118D0.arff,fixation,mean,6,6,0,159.08333333333334,164.0,4.916666666666657,46.3462368123526,46.21726949961454,-0.1289673127380624
S22,S22_E0I118D0,data/outputs_webcam_mean/S22/S22_E0I118D0.arff,saccade,mean,5,5,0,37.88,35.959999999999994,-1.9200000000000088,7.62869582563101,7.427516408598503,-0.20117941703250697
S22,S22_E0I119D0,data/outputs_webcam_mean/S22/S22_E0I119D0.arff,fixation,mean,8,6,-2,143.0875,207.19999999999996,64.11249999999995,59.535498114270325,101.94985041676128,42.414352302490954
S22,S22_E0I119D0,data/outputs_webcam_mean/S22/S22_E0I119D0.arff,saccade,mean,6,5,-1,37.28333333333333,33.46,-3.8233333333333306,16.65622005938522,12.260220226407027,-4.395999832978193
S22,S22_E0I120D0,data/outputs_webcam_mean/S22/S22_E0I120D0.arff,fixation,mean,8,8,0,164.325,178.60000000000002,14.275000000000034,44.441542663207734,50.852981370670044,6.41143870746231
S22,S22_E0I120D0,data/outputs_webcam_mean/S22/S22_E0I120D0.arff,saccade,mean,7,7,0,53.01428571428571,44.128571428571426,-8.885714285714286,34.915442074218326,17.63024997797009,-17.285192096248235
S22,S22_E0I121D0,data/outputs_webcam_mean/S22/S22_E0I121D0.arff,fixation,mean,8,7,-1,117.825,154.9857142857143,37.16071428571429,59.111220834723326,69.69049262205542,10.57927178733209
S22,S22_E0I121D0,data/outputs_webcam_mean/S22/S22_E0I121D0.arff,saccade,mean,7,6,-1,49.371428571428574,35.13333333333333,-14.23809523809524,26.205451995447707,14.733318250369354,-11.472133745078352
S22,S22_E0I122D0,data/outputs_webcam_mean/S22/S22_E0I122D0.arff,fixation,mean,6,6,0,109.73333333333335,111.41666666666667,1.683333333333323,30.900010787484636,39.68699619102795,8.786985403543316
S22,S22_E0I122D0,data/outputs_webcam_mean/S22/S22_E0I122D0.arff,saccade,mean,6,5,-1,35.99999999999999,40.239999999999995,4.240000000000002,27.196690975190343,14.646603701882565,-12.550087273307778
S22,S22_E0I123D0,data/outputs_webcam_mean/S22/S22_E0I123D0.arff,fixation,mean,8,7,-1,171.6875,200.24285714285716,28.55535714285716,54.78014336548288,92.4990064296703,37.718863064187424
S22,S22_E0I123D0,data/outputs_webcam_mean/S22/S22_E0I123D0.arff,saccade,mean,7,6,-1,30.67142857142857,37.016666666666666,6.345238095238095,10.537032201670812,13.757240517875182,3.2202083162043706
S22,S22_E0I124D0,data/outputs_webcam_mean/S22/S22_E0I124D0.arff,fixation,mean,5,4,-1,132.42,183.0,50.58000000000001,60.56638506630554,36.65978723342513,-23.906597832880415
S22,S22_E0I124D0,data/outputs_webcam_mean/S22/S22_E0I124D0.arff,saccade,mean,5,3,-2,27.380000000000003,33.5,6.119999999999997,12.70303113433955,3.9,-8.80303113433955
S22,S22_E0I125D0,data/outputs_webcam_mean/S22/S22_E0I125D0.arff,fixation,mean,6,6,0,150.3166666666667,149.23333333333335,-1.0833333333333428,70.2640567193972,78.53265987260757,8.268603153210364
S22,S22_E0I125D0,data/outputs_webcam_mean/S22/S22_E0I125D0.arff,saccade,mean,6,5,-1,27.61666666666667,28.78,1.1633333333333304,15.91608201369504,0.4919349550499539,-15.424147058645085
S22,S22_E0I126D0,data/outputs_webcam_mean/S22/S22_E0I126D0.arff,fixation,mean,5,5,0,110.2,137.57999999999998,27.37999999999998,43.73791261594453,70.58977971349677,26.851867097552237
S22,S22_E0I126D0,data/outputs_webcam_mean/S22/S22_E0I126D0.arff,saccade,mean,4,3,-1,36.2,33.36666666666667,-2.8333333333333357,14.07006278119137,8.173330614463929,-5.896732166727441
S22,S22_E0I127D0,data/outputs_webcam_mean/S22/S22_E0I127D0.arff,fixation,mean,8,8,0,94.2125,121.6875,27.474999999999994,41.05374308669761,50.7638914837252,9.710148397027595
S22,S22_E0I127D0,data/outputs_webcam_mean/S22/S22_E0I127D0.arff,saccade,mean,7,5,-2,35.885714285714286,28.660000000000004,-7.225714285714282,8.927005576979807,8.698735540295498,-0.22827003668430912
S22,S22_E0I128D0,data/outputs_webcam_mean/S22/S22_E0I128D0.arff,fixation,mean,5,4,-1,141.32,182.25,40.93000000000001,46.176909814321704,79.324250180299,33.1473403659773
S22,S22_E0I128D0,data/outputs_webcam_mean/S22/S22_E0I128D0.arff,saccade,mean,4,3,-1,28.65,38.13333333333333,9.483333333333334,11.717934971657764,10.763518631624759,-0.9544163400330046
S22,S22_E0I129D0,data/outputs_webcam_mean/S22/S22_E0I129D0.arff,fixation,mean,7,6,-1,147.02142857142857,181.0,33.97857142857143,65.72986927026186,45.4482012845393,-20.281667985722557
S22,S22_E0I129D0,data/outputs_webcam_mean/S22/S22_E0I129D0.arff,saccade,mean,6,5,-1,29.983333333333338,30.090000000000003,0.10666666666666558,14.327688811063236,10.569200537410575,-3.7584882736526612
S22,S22_E0I130D0,data/outputs_webcam_mean/S22/S22_E0I130D0.arff,fixation,mean,6,6,0,181.13333333333333,182.41666666666666,1.2833333333333314,58.98469858079013,158.15886211865165,99.17416353786152
S22,S22_E0I130D0,data/outputs_webcam_mean/S22/S22_E0I130D0.arff,saccade,mean,4,5,1,35.974999999999994,30.279999999999994,-5.695,14.320003491619685,16.348914337043915,2.02891084542423
S22,S22_E0I131D0,data/outputs_webcam_mean/S22/S22_E0I131D0.arff,fixation,mean,8,8,0,128.125,138.75,10.625,48.45860530980467,86.64396772342056,38.18536241361589
S22,S22_E0I131D0,data/outputs_webcam_mean/S22/S22_E0I131D0.arff,saccade,mean,7,7,0,35.34285714285714,28.928571428571427,-6.414285714285715,17.636785151387155,10.87914124762218,-6.757643903764976
S22,S22_E0I132D0,data/outputs_webcam_mean/S22/S22_E0I132D0.arff,fixation,mean,6,6,0,150.9,147.4,-3.5,27.580500358042812,34.584620859567046,7.004120501524234
S22,S22_E0I132D0,data/outputs_webcam_mean/S22/S22_E0I132D0.arff,saccade,mean,6,4,-2,28.78333333333333,37.975,9.19166666666667,9.20682717697398,10.566101457018101,1.3592742800441222
S22,S22_E0I133D0,data/outputs_webcam_mean/S22/S22_E0I133D0.arff,fixation,mean,11,8,-3,102.75454545454545,148.5125,45.75795454545454,51.80031589935265,66.30947869110203,14.509162791749382
S22,S22_E0I133D0,data/outputs_webcam_mean/S22/S22_E0I133D0.arff,saccade,mean,10,8,-2,28.890000000000004,35.150000000000006,6.260000000000002,15.044781302645927,20.599861303277883,5.555080000631957
S22,S22_E0I134D0,data/outputs_webcam_mean/S22/S22_E0I134D0.arff,fixation,mean,5,5,0,128.72,135.8,7.0800000000000125,33.448273498044706,36.29263010584931,2.844356607804606
S22,S22_E0I134D0,data/outputs_webcam_mean/S22/S22_E0I134D0.arff,saccade,mean,4,5,1,46.599999999999994,30.48,-16.119999999999994,22.48599564173221,10.466470274165976,-12.019525367566233
S22,S22_E0I135D0,data/outputs_webcam_mean/S22/S22_E0I135D0.arff,fixation,mean,9,8,-1,147.8777777777778,166.2875,18.4097222222222,58.24151821891703,37.16682228239897,-21.07469593651806
S22,S22_E0I135D0,data/outputs_webcam_mean/S22/S22_E0I135D0.arff,saccade,mean,8,7,-1,31.325,32.74285714285714,1.417857142857141,15.621299561816231,5.709891167339108,-9.911408394477125
S22,S22_E0I136D0,data/outputs_webcam_mean/S22/S22_E0I136D0.arff,fixation,mean,6,6,0,104.85000000000001,110.95,6.099999999999994,40.37017463425195,32.16089240055381,-8.20928223369814
S22,S22_E0I136D0,data/outputs_webcam_mean/S22/S22_E0I136D0.arff,saccade,mean,5,5,0,31.620000000000005,42.9,11.279999999999994,16.471399454812577,24.077894426215927,7.60649497140335
S22,S22_E0I137D0,data/outputs_webcam_mean/S22/S22_E0I137D0.arff,fixation,mean,6,6,0,195.83333333333334,205.39999999999998,9.566666666666634,92.7737175425598,80.66317623302469,-12.110541309535108
S22,S22_E0I137D0,data/outputs_webcam_mean/S22/S22_E0I137D0.arff,saccade,mean,6,5,-1,27.966666666666665,28.98,1.0133333333333354,11.483843723539026,8.709305368397644,-2.7745383551413827
S22,S22_E0I138D0,data/outputs_webcam_mean/S22/S22_E0I138D0.arff,fixation,mean,8,7,-1,124.575,149.3714285714286,24.796428571428592,42.97260755411522,58.434998482237056,15.462390928121835
S22,S22_E0I138D0,data/outputs_webcam_mean/S22/S22_E0I138D0.arff,saccade,mean,7,6,-1,32.01428571428571,32.333333333333336,0.31904761904762324,14.143128905517875,6.004220737670017,-8.138908167847859
S22,S22_E0I139D0,data/outputs_webcam_mean/S22/S22_E0I139D0.arff,fixation,mean,10,9,-1,126.34,144.33333333333334,17.99333333333334,62.53161333810816,50.72952789056882,-11.80208544753934
S22,S22_E0I139D0,data/outputs_webcam_mean/S22/S22_E0I139D0.arff,saccade,mean,9,8,-1,24.233333333333334,34.275,10.041666666666664,9.516827202382105,7.342391591689609,-2.1744356106924956
S22,S22_E0I140D0,data/outputs_webcam_mean/S22/S22_E0I140D0.arff,fixation,mean,7,6,-1,94.38571428571427,124.55000000000001,30.16428571428574,63.325651163158966,69.07256329397367,5.746912130814707
S22,S22_E0I140D0,data/outputs_webcam_mean/S22/S22_E0I140D0.arff,saccade,mean,6,5,-1,24.183333333333334,24.779999999999994,0.5966666666666605,11.77478945317778,9.771744982345783,-2.0030444708319965
S23,S23_E0I101D0,data/outputs_webcam_mean/S23/S23_E0I101D0.arff,fixation,mean,6,3,-3,161.6,359.8333333333333,198.23333333333332,58.71098704671894,442.18057774322625,383.46959069650734
S23,S23_E0I101D0,data/outputs_webcam_mean/S23/S23_E0I101D0.arff,saccade,mean,5,2,-3,27.04,44.95,17.910000000000004,12.417246071492666,21.566756826189703,9.149510754697037
S23,S23_E0I102D0,data/outputs_webcam_mean/S23/S23_E0I102D0.arff,fixation,mean,6,5,-1,190.11666666666667,235.42000000000002,45.30333333333334,118.82783203722377,189.42733963184935,70.59950759462558
S23,S23_E0I102D0,data/outputs_webcam_mean/S23/S23_E0I102D0.arff,saccade,mean,5,4,-1,29.839999999999996,53.175,23.335,15.03173310034475,6.6037236970262985,-8.428009403318452
S23,S23_E0I103D0,data/outputs_webcam_mean/S23/S23_E0I103D0.arff,fixation,mean,7,4,-3,180.3142857142857,365.59999999999997,185.28571428571428,68.82607133374746,269.90779907220167,201.08172773845422
S23,S23_E0I103D0,data/outputs_webcam_mean/S23/S23_E0I103D0.arff,saccade,mean,6,3,-3,34.88333333333333,37.06666666666667,2.183333333333337,12.139920373160061,7.1114930452988085,-5.028427327861253
S23,S23_E0I104D0,data/outputs_webcam_mean/S23/S23_E0I104D0.arff,fixation,mean,11,7,-4,201.15454545454543,357.3142857142857,156.15974025974026,50.354470777406924,211.07789579972152,160.7234250223146
S23,S23_E0I104D0,data/outputs_webcam_mean/S23/S23_E0I104D0.arff,saccade,mean,10,6,-4,40.94,44.48333333333333,3.5433333333333294,17.692006983694956,13.907468017819298,-3.784538965875658
S23,S23_E0I105D0,data/outputs_webcam_mean/S23/S23_E0I105D0.arff,fixation,mean,7,7,0,210.58571428571426,217.3285714285714,6.742857142857133,71.74353463486979,83.49037298367027,11.74683834880048
S23,S23_E0I105D0,data/outputs_webcam_mean/S23/S23_E0I105D0.arff,saccade,mean,6,6,0,33.63333333333333,33.83333333333333,0.19999999999999574,18.411699179235647,6.094478375272707,-12.31722080396294
S23,S23_E0I106D0,data/outputs_webcam_mean/S23/S23_E0I106D0.arff,fixation,mean,6,4,-2,234.76666666666665,367.0,132.23333333333335,125.36268450646175,76.63423951907312,-48.72844498738863
S23,S23_E0I106D0,data/outputs_webcam_mean/S23/S23_E0I106D0.arff,saccade,mean,5,3,-2,31.060000000000002,41.666666666666664,10.606666666666662,16.568282952677986,4.301550108197431,-12.266732844480554
S23,S23_E0I107D0,data/outputs_webcam_mean/S23/S23_E0I107D0.arff,fixation,mean,8,7,-1,182.03749999999997,259.61428571428576,77.57678571428579,103.97292144042669,212.00867457544777,108.03575313502108
S23,S23_E0I107D0,data/outputs_webcam_mean/S23/S23_E0I107D0.arff,saccade,mean,7,6,-1,38.22857142857142,41.166666666666664,2.9380952380952436,16.954715596328384,20.52984818907989,3.5751325927515047
S23,S23_E0I108D0,data/outputs_webcam_mean/S23/S23_E0I108D0.arff,fixation,mean,9,5,-4,198.43333333333334,383.14,184.70666666666665,70.80077683189641,188.30827915946765,117.50750232757123
S23,S23_E0I108D0,data/outputs_webcam_mean/S23/S23_E0I108D0.arff,saccade,mean,8,4,-4,32.5125,39.0,6.487499999999997,20.22512140171934,11.175270317386808,-9.04985108433253
S23,S23_E0I109D0,data/outputs_webcam_mean/S23/S23_E0I109D0.arff,fixation,mean,4,1,-3,194.575,910.0,715.425,73.60694600375702,0.0,-73.60694600375702
S23,S23_E0I109D0,data/outputs_webcam_mean/S23/S23_E0I109D0.arff,saccade,mean,3,0,-3,27.700000000000003,0.0,-27.700000000000003,11.62970334961301,0.0,-11.62970334961301
S23,S23_E0I110D0,data/outputs_webcam_mean/S23/S23_E0I110D0.arff,fixation,mean,10,5,-5,187.78,395.52000000000004,207.74000000000004,57.98974622005745,225.21909776926114,167.2293515492037
S23,S23_E0I110D0,data/outputs_webcam_mean/S23/S23_E0I110D0.arff,saccade,mean,9,5,-4,27.37777777777778,32.68,5.30222222222222,12.837228845994934,6.906301470396438,-5.930927375598496
S23,S23_E0I111D0,data/outputs_webcam_mean/S23/S23_E0I111D0.arff,fixation,mean,6,3,-3,203.01666666666665,445.6333333333334,242.61666666666673,190.86191256158645,732.9268062592154,542.0648936976289
S23,S23_E0I111D0,data/outputs_webcam_mean/S23/S23_E0I111D0.arff,saccade,mean,5,2,-3,31.28,48.0,16.72,17.03458247213591,25.314422766478405,8.279840294342495
S23,S23_E0I112D0,data/outputs_webcam_mean/S23/S23_E0I112D0.arff,fixation,mean,6,3,-3,214.20000000000002,489.8333333333333,275.6333333333333,90.24564255408677,355.35066249176083,265.10501993767406
S23,S23_E0I112D0,data/outputs_webcam_mean/S23/S23_E0I112D0.arff,saccade,mean,5,2,-3,34.68,26.1,-8.579999999999998,16.314778576493154,15.414927829866736,-0.8998507466264183
S23,S23_E0I113D0,data/outputs_webcam_mean/S23/S23_E0I113D0.arff,fixation,mean,13,9,-4,198.06923076923073,309.81111111111113,111.7418803418804,69.38052542098761,151.89256437071273,82.51203894972512
S23,S23_E0I113D0,data/outputs_webcam_mean/S23/S23_E0I113D0.arff,saccade,mean,12,8,-4,33.75,40.9625,7.212499999999999,10.813333520158427,18.027355205750112,7.214021685591685
S23,S23_E0I114D0,data/outputs_webcam_mean/S23/S23_E0I114D0.arff,fixation,mean,5,4,-1,211.13000000000002,280.65,69.51999999999995,42.70851203214647,140.08718713715396,97.37867510500749
S23,S23_E0I114D0,data/outputs_webcam_mean/S23/S23_E0I114D0.arff,saccade,mean,4,3,-1,30.025,19.783333333333335,-10.241666666666664,11.696545073938145,8.025168741735799,-3.671376332202346
S23,S23_E0I115D0,data/outputs_webcam_mean/S23/S23_E0I115D0.arff,fixation,mean,8,4,-4,208.0375,451.5,243.4625,99.75468392153681,425.3077003770329,325.5530164554961
S23,S23_E0I115D0,data/outputs_webcam_mean/S23/S23_E0I115D0.arff,saccade,mean,7,3,-4,36.58571428571428,42.26666666666667,5.680952380952391,11.567112657793873,3.8991452054691855,-7.667967452324687
S23,S23_E0I116D0,data/outputs_webcam_mean/S23/S23_E0I116D0.arff,fixation,mean,5,2,-3,212.28000000000003,613.5,401.21999999999997,145.63576827139684,623.243916937823,477.60814866642613
S23,S23_E0I116D0,data/outputs_webcam_mean/S23/S23_E0I116D0.arff,saccade,mean,4,1,-3,41.400000000000006,30.2,-11.200000000000006,14.34433686163289,0.0,-14.34433686163289
S23,S23_E0I117D0,data/outputs_webcam_mean/S23/S23_E0I117D0.arff,fixation,mean,6,3,-3,197.36666666666665,445.86666666666673,248.50000000000009,74.17246569089279,323.54388161937686,249.37141592848405
S23,S23_E0I117D0,data/outputs_webcam_mean/S23/S23_E0I117D0.arff,saccade,mean,6,2,-4,33.43333333333333,29.85,-3.5833333333333286,14.428813765055901,0.21213203435596475,-14.216681730699936
S23,S23_E0I118D0,data/outputs_webcam_mean/S23/S23_E0I118D0.arff,fixation,mean,5,1,-4,216.8,1332.3,1115.5,63.144714743199216,0.0,-63.144714743199216
S23,S23_E0I118D0,data/outputs_webcam_mean/S23/S23_E0I118D0.arff,saccade,mean,4,0,-4,42.6,0.0,-42.6,4.025750447639131,0.0,-4.025750447639131
S23,S23_E0I119D0,data/outputs_webcam_mean/S23/S23_E0I119D0.arff,fixation,mean,8,4,-4,177.78750000000002,403.8,226.0125,79.808224379267,159.21030117426452,79.40207679499751
S23,S23_E0I119D0,data/outputs_webcam_mean/S23/S23_E0I119D0.arff,saccade,mean,7,3,-4,33.54285714285714,25.03333333333333,-8.509523809523806,15.410695111172753,8.61181359141809,-6.798881519754664
S23,S23_E0I120D0,data/outputs_webcam_mean/S23/S23_E0I120D0.arff,fixation,mean,8,5,-3,151.85000000000002,277.34,125.48999999999995,79.24749658055903,288.7283463742346,209.4808497936756
S23,S23_E0I120D0,data/outputs_webcam_mean/S23/S23_E0I120D0.arff,saccade,mean,7,4,-3,34.95714285714286,33.525,-1.432142857142864,13.46437981525788,14.174713400982752,0.7103335857248716
S23,S23_E0I121D0,data/outputs_webcam_mean/S23/S23_E0I121D0.arff,fixation,mean,6,4,-2,141.76666666666668,243.02499999999998,101.2583333333333,64.46858666565187,153.66483820314915,89.19625153749728
S23,S23_E0I121D0,data/outputs_webcam_mean/S23/S23_E0I121D0.arff,saccade,mean,5,4,-1,34.5,37.075,2.575000000000003,19.847795847398267,5.930359741758223,-13.917436105640043
S23,S23_E0I122D0,data/outputs_webcam_mean/S23/S23_E0I122D0.arff,fixation,mean,5,5,0,260.18,267.65999999999997,7.479999999999961,113.59829224068467,110.44936849072518,-3.1489237499594935
S23,S23_E0I122D0,data/outputs_webcam_mean/S23/S23_E0I122D0.arff,saccade,mean,4,4,0,45.7,30.7,-15.000000000000004,12.261321299109651,17.785387260332566,5.524065961222915
S23,S23_E0I123D0,data/outputs_webcam_mean/S23/S23_E0I123D0.arff,fixation,mean,4,3,-1,242.77499999999998,325.59999999999997,82.82499999999999,58.20277055261201,182.09747389790996,123.89470334529796
S23,S23_E0I123D0,data/outputs_webcam_mean/S23/S23_E0I123D0.arff,saccade,mean,3,2,-1,30.0,49.0,19.0,0.3999999999999986,5.798275605729692,5.398275605729693
S23,S23_E0I124D0,data/outputs_webcam_mean/S23/S23_E0I124D0.arff,fixation,mean,6,1,-5,154.91666666666666,1145.6,990.6833333333333,58.7503673747379,0.0,-58.7503673747379
S23,S23_E0I124D0,data/outputs_webcam_mean/S23/S23_E0I124D0.arff,saccade,mean,5,0,-5,31.439999999999998,0.0,-31.439999999999998,15.257719357754619,0.0,-15.257719357754619
S23,S23_E0I125D0,data/outputs_webcam_mean/S23/S23_E0I125D0.arff,fixation,mean,8,2,-6,202.9875,965.7,762.7125000000001,68.90545152598595,323.2892203584895,254.38376883250356
S23,S23_E0I125D0,data/outputs_webcam_mean/S23/S23_E0I125D0.arff,saccade,mean,7,1,-6,29.642857142857142,52.0,22.357142857142858,11.888630022400553,0.0,-11.888630022400553
S23,S23_E0I126D0,data/outputs_webcam_mean/S23/S23_E0I126D0.arff,fixation,mean,9,4,-5,200.2,455.025,254.825,68.90451726846361,584.6831699020133,515.7786526335498
S23,S23_E0I126D0,data/outputs_webcam_mean/S23/S23_E0I126D0.arff,saccade,mean,8,3,-5,27.85,81.53333333333333,53.68333333333333,11.65222235087735,14.819019310782123,3.1667969599047723
S23,S23_E0I127D0,data/outputs_webcam_mean/S23/S23_E0I127D0.arff,fixation,mean,3,2,-1,225.0,382.15000000000003,157.15000000000003,31.712615786150476,498.58099141463464,466.86837562848416
S23,S23_E0I127D0,data/outputs_webcam_mean/S23/S23_E0I127D0.arff,saccade,mean,2,1,-1,38.15,30.7,-7.449999999999999,11.950104602052654,0.0,-11.950104602052654
S23,S23_E0I128D0,data/outputs_webcam_mean/S23/S23_E0I128D0.arff,fixation,mean,8,3,-5,236.95,706.4666666666667,469.5166666666667,79.74781680845116,456.0373815087238,376.28956470027265
S23,S23_E0I128D0,data/outputs_webcam_mean/S23/S23_E0I128D0.arff,saccade,mean,8,2,-6,35.712500000000006,48.05,12.337499999999991,10.493186564896018,5.303300858899107,-5.189885705996911
S23,S23_E0I129D0,data/outputs_webcam_mean/S23/S23_E0I129D0.arff,fixation,mean,6,5,-1,190.11666666666667,232.45,42.333333333333314,86.6102919211491,230.35128608280007,143.74099416165097
S23,S23_E0I129D0,data/outputs_webcam_mean/S23/S23_E0I129D0.arff,saccade,mean,5,4,-1,37.35,46.65,9.299999999999997,15.025145589976823,24.22023947032729,9.195093880350466
S23,S23_E0I130D0,data/outputs_webcam_mean/S23/S23_E0I130D0.arff,fixation,mean,5,2,-3,209.31,577.15,367.84,93.70775314775187,362.03867196751236,268.3309188197605
S23,S23_E0I130D0,data/outputs_webcam_mean/S23/S23_E0I130D0.arff,saccade,mean,4,1,-3,39.2,97.35,58.14999999999999,16.24920510876353,0.0,-16.24920510876353
S23,S23_E0I131D0,data/outputs_webcam_mean/S23/S23_E0I131D0.arff,fixation,mean,7,2,-5,239.35714285714286,967.7,728.3428571428572,67.99639346178239,1032.658743244834,964.6623497830517
S23,S23_E0I131D0,data/outputs_webcam_mean/S23/S23_E0I131D0.arff,saccade,mean,6,1,-5,37.18333333333333,52.1,14.916666666666671,13.197790219073292,0.0,-13.197790219073292
S23,S23_E0I132D0,data/outputs_webcam_mean/S23/S23_E0I132D0.arff,fixation,mean,6,4,-2,203.35,315.975,112.62500000000003,64.91393532978877,148.89341545772487,83.9794801279361
S23,S23_E0I132D0,data/outputs_webcam_mean/S23/S23_E0I132D0.arff,saccade,mean,5,3,-2,24.04,42.599999999999994,18.559999999999995,8.16321015287491,21.219095173922938,13.055885021048027
S23,S23_E0I133D0,data/outputs_webcam_mean/S23/S23_E0I133D0.arff,fixation,mean,9,7,-2,134.36111111111111,192.0071428571429,57.64603174603178,42.2245913078044,106.26015021544777,64.03555890764336
S23,S23_E0I133D0,data/outputs_webcam_mean/S23/S23_E0I133D0.arff,saccade,mean,8,6,-2,35.5375,39.916666666666664,4.379166666666663,17.598655589886082,17.779613794080756,0.180958204194674
S23,S23_E0I134D0,data/outputs_webcam_mean/S23/S23_E0I134D0.arff,fixation,mean,12,8,-4,236.35833333333335,388.1875,151.82916666666665,88.49143213106035,265.5961888576609,177.10475672660053
S23,S23_E0I134D0,data/outputs_webcam_mean/S23/S23_E0I134D0.arff,saccade,mean,11,7,-4,37.09090909090909,36.34285714285714,-0.7480519480519519,14.294226425060893,11.720758954785756,-2.573467470275137
S23,S23_E0I135D0,data/outputs_webcam_mean/S23/S23_E0I135D0.arff,fixation,mean,6,4,-2,183.96666666666667,299.37500000000006,115.40833333333339,33.14264121440334,246.54789088532073,213.40524967091739
S23,S23_E0I135D0,data/outputs_webcam_mean/S23/S23_E0I135D0.arff,saccade,mean,5,3,-2,35.78,42.599999999999994,6.819999999999993,14.126995434274056,26.781523481684154,12.654528047410098
S23,S23_E0I136D0,data/outputs_webcam_mean/S23/S23_E0I136D0.arff,fixation,mean,6,5,-1,231.16666666666666,280.3,49.133333333333354,117.1221698341807,159.70602681176436,42.583856977583665
S23,S23_E0I136D0,data/outputs_webcam_mean/S23/S23_E0I136D0.arff,saccade,mean,5,4,-1,28.439999999999998,44.425,15.985,18.42872757408932,20.75786999349082,2.329142419401503
S23,S23_E0I137D0,data/outputs_webcam_mean/S23/S23_E0I137D0.arff,fixation,mean,5,2,-3,142.36,452.95000000000005,310.59000000000003,0.9071934744033442,437.91122958882886,437.0040361144255
S23,S23_E0I137D0,data/outputs_webcam_mean/S23/S23_E0I137D0.arff,saccade,mean,4,1,-3,35.75,15.2,-20.55,10.7,0.0,-10.7
S23,S23_E0I138D0,data/outputs_webcam_mean/S23/S23_E0I138D0.arff,fixation,mean,6,5,-1,196.28333333333333,254.83999999999997,58.55666666666664,81.54202393040453,298.44871083655227,216.90668690614774
S23,S23_E0I138D0,data/outputs_webcam_mean/S23/S23_E0I138D0.arff,saccade,mean,5,4,-1,34.4,35.775,1.375,14.448702363880294,16.668208262037847,2.2195058981575535
S23,S23_E0I139D0,data/outputs_webcam_mean/S23/S23_E0I139D0.arff,fixation,mean,6,2,-4,152.6833333333333,551.05,398.3666666666667,62.29201125880161,441.9417382415922,379.6497269827906
S23,S23_E0I139D0,data/outputs_webcam_mean/S23/S23_E0I139D0.arff,saccade,mean,5,1,-4,29.590000000000003,15.05,-14.540000000000003,14.575596042700964,0.0,-14.575596042700964
S23,S23_E0I140D0,data/outputs_webcam_mean/S23/S23_E0I140D0.arff,fixation,mean,9,4,-5,140.34444444444443,380.30000000000007,239.95555555555563,73.84800456192285,239.51207346046948,165.66406889854665
S23,S23_E0I140D0,data/outputs_webcam_mean/S23/S23_E0I140D0.arff,saccade,mean,8,3,-5,35.6,47.6,12.0,19.116111379820797,31.43771620203987,12.321604822219072
S25,S25_E0I101D0,data/outputs_webcam_mean/S25/S25_E0I101D0.arff,fixation,mean,13,12,-1,192.79230769230767,205.0833333333333,12.291025641025612,98.00979085052727,85.35317891862698,-12.656611931900287
S25,S25_E0I101D0,data/outputs_webcam_mean/S25/S25_E0I101D0.arff,saccade,mean,12,11,-1,29.016666666666662,40.36363636363636,11.346969696969698,11.520719148428613,8.957820351767802,-2.5628987966608108
S25,S25_E0I102D0,data/outputs_webcam_mean/S25/S25_E0I102D0.arff,fixation,mean,8,8,0,238.0875,230.6375,-7.450000000000017,123.60848835277108,122.57635448393555,-1.0321338688355297
S25,S25_E0I102D0,data/outputs_webcam_mean/S25/S25_E0I102D0.arff,saccade,mean,7,7,0,24.75714285714286,46.25714285714286,21.5,9.257403729422403,13.480709321453523,4.223305592031119
S25,S25_E0I103D0,data/outputs_webcam_mean/S25/S25_E0I103D0.arff,fixation,mean,7,6,-1,191.59999999999997,218.65,27.05000000000004,126.42524800582095,124.97056853515551,-1.4546794706654396
S25,S25_E0I103D0,data/outputs_webcam_mean/S25/S25_E0I103D0.arff,saccade,mean,6,5,-1,31.266666666666666,37.42,6.153333333333336,13.90045562802409,9.974818294084358,-3.925637333939733
S25,S25_E0I104D0,data/outputs_webcam_mean/S25/S25_E0I104D0.arff,fixation,mean,9,7,-2,176.3222222222222,229.18571428571425,52.86349206349206,117.5463289279782,199.8099716278063,82.26364269982811
S25,S25_E0I104D0,data/outputs_webcam_mean/S25/S25_E0I104D0.arff,saccade,mean,8,6,-2,29.125,49.48333333333333,20.358333333333327,9.990245242235048,14.489363915185049,4.499118672950001
S25,S25_E0I105D0,data/outputs_webcam_mean/S25/S25_E0I105D0.arff,fixation,mean,9,8,-1,142.98888888888888,149.025,6.036111111111126,71.9177211201183,76.87087038850096,4.95314926838266
S25,S25_E0I105D0,data/outputs_webcam_mean/S25/S25_E0I105D0.arff,saccade,mean,8,8,0,30.0625,39.4,9.337499999999999,11.931942423595581,17.085750119408196,5.153807695812615
S25,S25_E0I106D0,data/outputs_webcam_mean/S25/S25_E0I106D0.arff,fixation,mean,8,8,0,199.2,192.8375,-6.362499999999983,64.35766132659398,62.558200044895344,-1.7994612816986404
S25,S25_E0I106D0,data/outputs_webcam_mean/S25/S25_E0I106D0.arff,saccade,mean,7,7,0,32.9,49.05714285714286,16.15714285714286,10.17185659880568,13.43451489545456,3.2626582966488797
S25,S25_E0I107D0,data/outputs_webcam_mean/S25/S25_E0I107D0.arff,fixation,mean,6,6,0,158.26666666666668,151.0666666666667,-7.199999999999989,66.68738011548112,71.862247854257,5.1748677387758875
S25,S25_E0I107D0,data/outputs_webcam_mean/S25/S25_E0I107D0.arff,saccade,mean,5,5,0,34.84,38.0,3.1599999999999966,7.2102704526252,7.779460135510689,0.5691896828854892
S25,S25_E0I108D0,data/outputs_webcam_mean/S25/S25_E0I108D0.arff,fixation,mean,9,9,0,149.89999999999998,134.35555555555555,-15.544444444444423,58.54000768705108,55.96700168650968,-2.5730060005413975
S25,S25_E0I108D0,data/outputs_webcam_mean/S25/S25_E0I108D0.arff,saccade,mean,8,8,0,30.0625,50.7,20.637500000000003,7.036829135748166,11.867001065379334,4.8301719296311685
S25,S25_E0I109D0,data/outputs_webcam_mean/S25/S25_E0I109D0.arff,fixation,mean,8,8,0,169.225,151.675,-17.549999999999983,52.696320012474715,57.29786208926123,4.601542076786515
S25,S25_E0I109D0,data/outputs_webcam_mean/S25/S25_E0I109D0.arff,saccade,mean,7,7,0,25.771428571428572,51.028571428571425,25.257142857142853,11.32294341675554,11.282244795210197,-0.04069862154534398
S25,S25_E0I110D0,data/outputs_webcam_mean/S25/S25_E0I110D0.arff,fixation,mean,9,9,0,177.2111111111111,160.3222222222222,-16.888888888888914,52.10049050739457,56.92690000732909,4.82640949993452
S25,S25_E0I110D0,data/outputs_webcam_mean/S25/S25_E0I110D0.arff,saccade,mean,8,7,-1,28.3125,49.65714285714285,21.34464285714285,8.652074482870734,10.489336989352115,1.8372625064813803
S25,S25_E0I111D0,data/outputs_webcam_mean/S25/S25_E0I111D0.arff,fixation,mean,8,8,0,185.975,184.2625,-1.7125000000000057,80.36318897889221,88.48055375537126,8.11736477647905
S25,S25_E0I111D0,data/outputs_webcam_mean/S25/S25_E0I111D0.arff,saccade,mean,7,7,0,29.828571428571426,41.84285714285714,12.014285714285716,11.947205291854422,18.413116442983167,6.465911151128745
S25,S25_E0I112D0,data/outputs_webcam_mean/S25/S25_E0I112D0.arff,fixation,mean,8,7,-1,161.8125,188.1,26.287499999999994,48.265143811480115,88.52159811782283,40.25645430634272
S25,S25_E0I112D0,data/outputs_webcam_mean/S25/S25_E0I112D0.arff,saccade,mean,7,6,-1,23.685714285714283,42.24999999999999,18.56428571428571,11.728942630863843,11.048031498868928,-0.6809111319949146
S25,S25_E0I113D0,data/outputs_webcam_mean/S25/S25_E0I113D0.arff,fixation,mean,12,12,0,168.88333333333335,163.2,-5.6833333333333655,77.15632105529578,69.96376984489251,-7.192551210403266
S25,S25_E0I113D0,data/outputs_webcam_mean/S25/S25_E0I113D0.arff,saccade,mean,11,11,0,26.2,41.71818181818182,15.51818181818182,7.010278168517994,12.844439900736678,5.834161732218684
S25,S25_E0I114D0,data/outputs_webcam_mean/S25/S25_E0I114D0.arff,fixation,mean,7,6,-1,164.82857142857142,208.31666666666663,43.48809523809521,79.44230011536075,79.86945390239417,0.42715378703341855
S25,S25_E0I114D0,data/outputs_webcam_mean/S25/S25_E0I114D0.arff,saccade,mean,6,5,-1,36.18333333333333,40.16,3.9766666666666666,13.72011904710257,10.048781020601457,-3.671338026501113
S25,S25_E0I115D0,data/outputs_webcam_mean/S25/S25_E0I115D0.arff,fixation,mean,8,8,0,155.79999999999998,158.60000000000002,2.80000000000004,91.16758509156953,95.31189402617673,4.144308934607196
S25,S25_E0I115D0,data/outputs_webcam_mean/S25/S25_E0I115D0.arff,saccade,mean,7,7,0,30.228571428571428,42.92857142857143,12.700000000000003,12.167540738335235,7.215426595315135,-4.952114143020101
S25,S25_E0I116D0,data/outputs_webcam_mean/S25/S25_E0I116D0.arff,fixation,mean,10,10,0,211.29000000000002,197.97,-13.320000000000022,59.66261531869573,53.27436427484507,-6.388251043850659
S25,S25_E0I116D0,data/outputs_webcam_mean/S25/S25_E0I116D0.arff,saccade,mean,8,9,1,32.9,47.388888888888886,14.488888888888887,9.65874880983187,14.311310600749014,4.652561790917144
S25,S25_E0I117D0,data/outputs_webcam_mean/S25/S25_E0I117D0.arff,fixation,mean,10,10,0,130.70999999999998,134.57999999999998,3.8700000000000045,49.71767961868963,49.907843961534624,0.1901643428449944
S25,S25_E0I117D0,data/outputs_webcam_mean/S25/S25_E0I117D0.arff,saccade,mean,8,9,1,33.900000000000006,38.422222222222224,4.522222222222219,9.565264539691817,12.247732216391915,2.6824676767000977
S25,S25_E0I118D0,data/outputs_webcam_mean/S25/S25_E0I118D0.arff,fixation,mean,9,9,0,157.39999999999998,153.10000000000002,-4.2999999999999545,30.163554167239642,33.24345800304174,3.079903835802096
S25,S25_E0I118D0,data/outputs_webcam_mean/S25/S25_E0I118D0.arff,saccade,mean,8,8,0,32.575,38.962500000000006,6.387500000000003,5.366230387472065,11.351895688134459,5.985665300662394
S25,S25_E0I119D0,data/outputs_webcam_mean/S25/S25_E0I119D0.arff,fixation,mean,9,9,0,178.82222222222222,177.9777777777778,-0.8444444444444343,81.06862490781772,85.39863549521411,4.330010587396387
S25,S25_E0I119D0,data/outputs_webcam_mean/S25/S25_E0I119D0.arff,saccade,mean,7,7,0,35.214285714285715,44.771428571428565,9.55714285714285,15.19368603197049,11.240064395680642,-3.9536216362898475
S25,S25_E0I120D0,data/outputs_webcam_mean/S25/S25_E0I120D0.arff,fixation,mean,9,8,-1,184.03333333333336,202.5375,18.504166666666634,86.59499119464128,101.78176846988434,15.18677727524306
S25,S25_E0I120D0,data/outputs_webcam_mean/S25/S25_E0I120D0.arff,saccade,mean,6,6,0,25.149999999999995,59.71666666666667,34.56666666666668,7.717447764643439,8.500215683538077,0.7827679188946375
S25,S25_E0I121D0,data/outputs_webcam_mean/S25/S25_E0I121D0.arff,fixation,mean,10,9,-1,131.38,143.53333333333333,12.153333333333336,37.18956842987022,66.9034939296895,29.713925499819283
S25,S25_E0I121D0,data/outputs_webcam_mean/S25/S25_E0I121D0.arff,saccade,mean,8,7,-1,26.8875,39.71428571428571,12.826785714285709,12.33559744340396,7.465125266068564,-4.8704721773353965
S25,S25_E0I122D0,data/outputs_webcam_mean/S25/S25_E0I122D0.arff,fixation,mean,11,11,0,180.66363636363636,181.65454545454543,0.9909090909090708,65.24724166931922,55.74819034975689,-9.499051319562334
S25,S25_E0I122D0,data/outputs_webcam_mean/S25/S25_E0I122D0.arff,saccade,mean,10,10,0,38.92,37.410000000000004,-1.509999999999998,10.957067734267838,9.836942840356675,-1.1201248939111625
S25,S25_E0I123D0,data/outputs_webcam_mean/S25/S25_E0I123D0.arff,fixation,mean,7,7,0,151.65714285714284,155.05714285714288,3.400000000000034,79.84735138881894,69.14026461097896,-10.707086777839976
S25,S25_E0I123D0,data/outputs_webcam_mean/S25/S25_E0I123D0.arff,saccade,mean,6,6,0,32.18333333333333,38.31666666666667,6.13333333333334,10.925276502984564,10.146017281015574,-0.7792592219689904
S25,S25_E0I124D0,data/outputs_webcam_mean/S25/S25_E0I124D0.arff,fixation,mean,9,8,-1,151.2111111111111,169.02499999999998,17.81388888888887,46.2247889244625,94.60845250670938,48.38366358224688
S25,S25_E0I124D0,data/outputs_webcam_mean/S25/S25_E0I124D0.arff,saccade,mean,7,7,0,34.27142857142857,44.60000000000001,10.328571428571436,11.554034545807552,14.59908672942706,3.045052183619509
S25,S25_E0I125D0,data/outputs_webcam_mean/S25/S25_E0I125D0.arff,fixation,mean,9,9,0,153.63333333333333,145.6888888888889,-7.944444444444429,53.875806258468195,55.013281224728914,1.1374749662607186
S25,S25_E0I125D0,data/outputs_webcam_mean/S25/S25_E0I125D0.arff,saccade,mean,8,8,0,24.4875,46.925,22.437499999999996,7.613603896034668,12.67491899100627,5.061315094971603
S25,S25_E0I126D0,data/outputs_webcam_mean/S25/S25_E0I126D0.arff,fixation,mean,7,7,0,204.67142857142855,202.5,-2.1714285714285495,140.97803273661367,141.98467053406387,1.006637797450196
S25,S25_E0I126D0,data/outputs_webcam_mean/S25/S25_E0I126D0.arff,saccade,mean,6,7,1,33.56666666666666,41.22857142857142,7.661904761904758,11.377990449401276,16.224129589977423,4.846139140576147
S25,S25_E0I127D0,data/outputs_webcam_mean/S25/S25_E0I127D0.arff,fixation,mean,7,7,0,197.17142857142855,201.79999999999998,4.628571428571433,91.6473806551632,223.67728241076847,132.02990175560527
S25,S25_E0I127D0,data/outputs_webcam_mean/S25/S25_E0I127D0.arff,saccade,mean,5,5,0,28.48,43.46,14.98,15.067415173147648,9.682871474929323,-5.384543698218325
S25,S25_E0I128D0,data/outputs_webcam_mean/S25/S25_E0I128D0.arff,fixation,mean,5,5,0,244.95,243.69,-1.259999999999991,131.40934137267413,116.99355965180307,-14.415781720871067
S25,S25_E0I128D0,data/outputs_webcam_mean/S25/S25_E0I128D0.arff,saccade,mean,4,4,0,33.85,46.925,13.074999999999996,7.872737770305828,24.014769760850644,16.142031990544815
S25,S25_E0I129D0,data/outputs_webcam_mean/S25/S25_E0I129D0.arff,fixation,mean,10,10,0,107.67,105.01999999999998,-2.65000000000002,60.3458559748168,56.87633368399666,-3.4695222908201373
S25,S25_E0I129D0,data/outputs_webcam_mean/S25/S25_E0I129D0.arff,saccade,mean,7,7,0,31.928571428571427,33.15714285714286,1.2285714285714313,15.634866408736842,11.945830115268555,-3.6890362934682877
S25,S25_E0I130D0,data/outputs_webcam_mean/S25/S25_E0I130D0.arff,fixation,mean,9,8,-1,129.25555555555553,150.925,21.66944444444448,67.94935818517918,63.608035206702795,-4.341322978476384
S25,S25_E0I130D0,data/outputs_webcam_mean/S25/S25_E0I130D0.arff,saccade,mean,7,7,0,25.87142857142857,38.528571428571425,12.657142857142855,11.351903553400826,16.318569615187304,4.966666061786478
S25,S25_E0I131D0,data/outputs_webcam_mean/S25/S25_E0I131D0.arff,fixation,mean,7,7,0,162.45714285714283,160.41428571428574,-2.0428571428570876,60.91348666053238,65.81665008621624,4.903163425683864
S25,S25_E0I131D0,data/outputs_webcam_mean/S25/S25_E0I131D0.arff,saccade,mean,6,6,0,34.916666666666664,38.699999999999996,3.7833333333333314,12.23509978163916,7.188602089419053,-5.0464976922201075
S25,S25_E0I132D0,data/outputs_webcam_mean/S25/S25_E0I132D0.arff,fixation,mean,7,7,0,187.20000000000002,176.67142857142858,-10.52857142857144,62.26390072372059,61.676162718014865,-0.5877380057057238
S25,S25_E0I132D0,data/outputs_webcam_mean/S25/S25_E0I132D0.arff,saccade,mean,6,6,0,27.666666666666668,44.93333333333333,17.266666666666662,6.143506056533734,16.363699663177233,10.220193606643498
S25,S25_E0I133D0,data/outputs_webcam_mean/S25/S25_E0I133D0.arff,fixation,mean,10,8,-2,173.84,221.6875,47.8475,102.92258363557642,123.32528923252404,20.402705596947627
S25,S25_E0I133D0,data/outputs_webcam_mean/S25/S25_E0I133D0.arff,saccade,mean,9,8,-1,25.92222222222222,42.1125,16.190277777777776,11.218263878356776,14.508464278285476,3.2902003999287004
S25,S25_E0I134D0,data/outputs_webcam_mean/S25/S25_E0I134D0.arff,fixation,mean,8,8,0,128.3625,131.275,2.9124999999999943,42.74315108044462,48.32413623498244,5.580985154537821
S25,S25_E0I134D0,data/outputs_webcam_mean/S25/S25_E0I134D0.arff,saccade,mean,6,6,0,28.78333333333333,43.849999999999994,15.066666666666663,11.88434544544489,16.36346540314734,4.479119957702451
S25,S25_E0I135D0,data/outputs_webcam_mean/S25/S25_E0I135D0.arff,fixation,mean,10,8,-2,178.70999999999998,228.2375,49.52750000000003,96.93706090952924,149.5681635098669,52.63110260033767
S25,S25_E0I135D0,data/outputs_webcam_mean/S25/S25_E0I135D0.arff,saccade,mean,8,7,-1,32.787499999999994,49.278571428571425,16.49107142857143,13.118573256483126,9.268893189177495,-3.8496800673056306
S25,S25_E0I136D0,data/outputs_webcam_mean/S25/S25_E0I136D0.arff,fixation,mean,8,8,0,147.9375,150.7625,2.8249999999999886,122.43590670224157,132.151849211428,9.71594250918642
S25,S25_E0I136D0,data/outputs_webcam_mean/S25/S25_E0I136D0.arff,saccade,mean,8,6,-2,25.525,38.666666666666664,13.141666666666666,8.929525663294134,14.998622158940691,6.069096495646557
S25,S25_E0I137D0,data/outputs_webcam_mean/S25/S25_E0I137D0.arff,fixation,mean,10,10,0,186.95,184.05,-2.8999999999999773,87.59873477016282,78.12624043459691,-9.472494335565912
S25,S25_E0I137D0,data/outputs_webcam_mean/S25/S25_E0I137D0.arff,saccade,mean,8,8,0,28.049999999999997,43.275000000000006,15.225000000000009,8.585203217496618,14.005585620438316,5.420382402941698
S25,S25_E0I138D0,data/outputs_webcam_mean/S25/S25_E0I138D0.arff,fixation,mean,9,9,0,133.35555555555553,126.0,-7.355555555555526,48.27750799055165,60.83806374302193,12.560555752470279
S25,S25_E0I138D0,data/outputs_webcam_mean/S25/S25_E0I138D0.arff,saccade,mean,8,8,0,24.5,42.2625,17.762500000000003,13.723389835293196,11.876740473956408,-1.8466493613367874
S25,S25_E0I139D0,data/outputs_webcam_mean/S25/S25_E0I139D0.arff,fixation,mean,9,9,0,134.43888888888887,125.59444444444443,-8.844444444444434,50.22624922399751,49.51260221173775,-0.7136470122597629
S25,S25_E0I139D0,data/outputs_webcam_mean/S25/S25_E0I139D0.arff,saccade,mean,7,9,2,35.121428571428574,38.794444444444444,3.6730158730158706,5.193494098618092,15.265902455399672,10.07240835678158
S25,S25_E0I140D0,data/outputs_webcam_mean/S25/S25_E0I140D0.arff,fixation,mean,17,18,1,170.2294117647059,160.74444444444444,-9.484967320261461,81.94400347726705,82.70968520157595,0.7656817243089051
S25,S25_E0I140D0,data/outputs_webcam_mean/S25/S25_E0I140D0.arff,saccade,mean,15,16,1,31.613333333333337,40.681250000000006,9.067916666666669,9.24962290093622,13.205111068572402,3.9554881676361813
S26,S26_E0I101D0,data/outputs_webcam_mean/S26/S26_E0I101D0.arff,fixation,mean,13,13,0,191.7769230769231,183.33076923076925,-8.446153846153862,70.54776341654583,79.71205873449955,9.164295317953716
S26,S26_E0I101D0,data/outputs_webcam_mean/S26/S26_E0I101D0.arff,saccade,mean,11,12,1,32.30909090909091,38.050000000000004,5.740909090909092,7.307318871577255,19.340842324422734,12.033523452845479
S26,S26_E0I102D0,data/outputs_webcam_mean/S26/S26_E0I102D0.arff,fixation,mean,9,10,1,195.54444444444445,161.0,-34.54444444444445,105.73909058516523,56.94273926986262,-48.79635131530261
S26,S26_E0I102D0,data/outputs_webcam_mean/S26/S26_E0I102D0.arff,saccade,mean,7,8,1,30.942857142857143,41.4375,10.494642857142857,13.590420295543616,11.368118012356184,-2.2223022831874317
S26,S26_E0I103D0,data/outputs_webcam_mean/S26/S26_E0I103D0.arff,fixation,mean,5,5,0,194.61999999999998,165.79999999999998,-28.819999999999993,66.79616006927344,81.45136585717884,14.655205787905402
S26,S26_E0I103D0,data/outputs_webcam_mean/S26/S26_E0I103D0.arff,saccade,mean,3,3,0,33.56666666666667,28.666666666666668,-4.900000000000002,8.3500499000505,13.955046876787383,5.604996976736883
S26,S26_E0I104D0,data/outputs_webcam_mean/S26/S26_E0I104D0.arff,fixation,mean,5,7,2,292.90000000000003,196.94285714285712,-95.95714285714291,218.12871200279892,102.79031823965488,-115.33839376314404
S26,S26_E0I104D0,data/outputs_webcam_mean/S26/S26_E0I104D0.arff,saccade,mean,4,6,2,27.525000000000002,43.88333333333333,16.35833333333333,16.991247747001985,27.88637062557024,10.895122878568255
S26,S26_E0I105D0,data/outputs_webcam_mean/S26/S26_E0I105D0.arff,fixation,mean,10,10,0,237.27000000000004,173.86999999999998,-63.40000000000006,126.95427698366228,106.55967342292298,-20.3946035607393
S26,S26_E0I105D0,data/outputs_webcam_mean/S26/S26_E0I105D0.arff,saccade,mean,9,8,-1,39.42777777777778,39.050000000000004,-0.3777777777777729,8.601857034643416,10.733791767790438,2.1319347331470215
S26,S26_E0I106D0,data/outputs_webcam_mean/S26/S26_E0I106D0.arff,fixation,mean,4,4,0,354.125,329.15,-24.975000000000023,312.55579101977935,306.5284597988687,-6.027331220910639
S26,S26_E0I106D0,data/outputs_webcam_mean/S26/S26_E0I106D0.arff,saccade,mean,4,3,-1,34.4,43.366666666666674,8.966666666666676,6.7572183626104625,12.271240089466646,5.514021726856184
S26,S26_E0I107D0,data/outputs_webcam_mean/S26/S26_E0I107D0.arff,fixation,mean,7,7,0,185.52857142857144,166.05714285714288,-19.47142857142856,65.61754628872053,71.87342710494278,6.255880816222245
S26,S26_E0I107D0,data/outputs_webcam_mean/S26/S26_E0I107D0.arff,saccade,mean,5,5,0,37.7,37.67999999999999,-0.020000000000010232,14.803209111540644,15.307416503120306,0.5042073915796621
S26,S26_E0I108D0,data/outputs_webcam_mean/S26/S26_E0I108D0.arff,fixation,mean,8,8,0,177.0,159.1375,-17.86250000000001,77.93819896009181,77.69467599888314,-0.24352296120866868
S26,S26_E0I108D0,data/outputs_webcam_mean/S26/S26_E0I108D0.arff,saccade,mean,7,7,0,33.042857142857144,41.31428571428571,8.271428571428565,11.583588554913533,13.767162449276245,2.1835738943627128
S26,S26_E0I109D0,data/outputs_webcam_mean/S26/S26_E0I109D0.arff,fixation,mean,6,7,1,242.79999999999998,153.52857142857144,-89.27142857142854,100.11615254293385,83.14580996229284,-16.970342580641002
S26,S26_E0I109D0,data/outputs_webcam_mean/S26/S26_E0I109D0.arff,saccade,mean,5,5,0,34.54,26.1,-8.439999999999998,13.705765210304751,11.923925528113633,-1.7818396821911175
S26,S26_E0I110D0,data/outputs_webcam_mean/S26/S26_E0I110D0.arff,fixation,mean,6,6,0,210.20000000000002,214.89999999999998,4.69999999999996,92.0987242039758,98.98797401704917,6.889249813073363
S26,S26_E0I110D0,data/outputs_webcam_mean/S26/S26_E0I110D0.arff,saccade,mean,5,5,0,39.11,33.35,-5.759999999999998,17.29416086429174,15.742140896333003,-1.5520199679587368
S26,S26_E0I111D0,data/outputs_webcam_mean/S26/S26_E0I111D0.arff,fixation,mean,10,9,-1,192.57,225.85555555555555,33.28555555555556,134.45483380426802,143.6937029858225,9.238869181554492
S26,S26_E0I111D0,data/outputs_webcam_mean/S26/S26_E0I111D0.arff,saccade,mean,8,8,0,43.675000000000004,39.0875,-4.587500000000006,8.458765529657049,17.711210130471443,9.252444600814394
S26,S26_E0I112D0,data/outputs_webcam_mean/S26/S26_E0I112D0.arff,fixation,mean,5,5,0,185.61999999999998,177.66,-7.9599999999999795,97.80683513947274,108.39311786271303,10.586282723240288
S26,S26_E0I112D0,data/outputs_webcam_mean/S26/S26_E0I112D0.arff,saccade,mean,4,4,0,36.075,38.050000000000004,1.9750000000000014,17.283397621224054,7.160307255977219,-10.123090365246835
S26,S26_E0I113D0,data/outputs_webcam_mean/S26/S26_E0I113D0.arff,fixation,mean,9,10,1,179.53333333333336,158.25999999999996,-21.273333333333397,96.79249712658518,82.41409264601938,-14.378404480565791
S26,S26_E0I113D0,data/outputs_webcam_mean/S26/S26_E0I113D0.arff,saccade,mean,7,9,2,42.3142857142857,35.388888888888886,-6.925396825396817,19.221639591133442,23.13230665349029,3.910667062356847
S26,S26_E0I114D0,data/outputs_webcam_mean/S26/S26_E0I114D0.arff,fixation,mean,7,7,0,352.27142857142866,354.2,1.9285714285713311,291.22496295410366,251.88878498257915,-39.336177971524506
S26,S26_E0I114D0,data/outputs_webcam_mean/S26/S26_E0I114D0.arff,saccade,mean,6,6,0,32.4,28.866666666666664,-3.533333333333335,12.406127518287082,11.858105526038578,-0.5480219922485041
S26,S26_E0I115D0,data/outputs_webcam_mean/S26/S26_E0I115D0.arff,fixation,mean,7,7,0,162.02142857142857,109.96428571428574,-52.057142857142836,56.32254475446798,85.09846118020052,28.77591642573254
S26,S26_E0I115D0,data/outputs_webcam_mean/S26/S26_E0I115D0.arff,saccade,mean,6,3,-3,41.083333333333336,33.85,-7.233333333333334,14.298624642484558,8.14616474176652,-6.152459900718037
S26,S26_E0I116D0,data/outputs_webcam_mean/S26/S26_E0I116D0.arff,fixation,mean,8,8,0,245.1625,245.95,0.7874999999999943,124.11875577733724,168.32752088031918,44.20876510298194
S26,S26_E0I116D0,data/outputs_webcam_mean/S26/S26_E0I116D0.arff,saccade,mean,6,6,0,42.36666666666667,42.516666666666666,0.14999999999999858,12.647318556384457,8.630276163986103,-4.017042392398354
S26,S26_E0I117D0,data/outputs_webcam_mean/S26/S26_E0I117D0.arff,fixation,mean,7,8,1,207.14285714285714,157.775,-49.36785714285713,70.68719490692443,88.777599330333,18.09040442340857
S26,S26_E0I117D0,data/outputs_webcam_mean/S26/S26_E0I117D0.arff,saccade,mean,6,7,1,37.449999999999996,37.300000000000004,-0.14999999999999147,10.45633779102416,14.202933969195707,3.746596178171547
S26,S26_E0I118D0,data/outputs_webcam_mean/S26/S26_E0I118D0.arff,fixation,mean,4,3,-1,191.475,276.56666666666666,85.09166666666667,201.6127868795363,244.0886177873383,42.47583090780202
S26,S26_E0I118D0,data/outputs_webcam_mean/S26/S26_E0I118D0.arff,saccade,mean,2,1,-1,36.4,43.1,6.700000000000003,0.14142135623731153,0.0,-0.14142135623731153
S26,S26_E0I119D0,data/outputs_webcam_mean/S26/S26_E0I119D0.arff,fixation,mean,9,8,-1,169.16666666666666,184.1,14.933333333333337,65.51198363658362,53.64331938168736,-11.86866425489626
S26,S26_E0I119D0,data/outputs_webcam_mean/S26/S26_E0I119D0.arff,saccade,mean,8,7,-1,37.1,30.014285714285712,-7.085714285714289,15.932357013323546,13.3379694320923,-2.5943875812312456
S26,S26_E0I120D0,data/outputs_webcam_mean/S26/S26_E0I120D0.arff,fixation,mean,8,8,0,239.175,180.14999999999998,-59.025000000000034,55.21603674917021,103.32496586705737,48.108929117887165
S26,S26_E0I120D0,data/outputs_webcam_mean/S26/S26_E0I120D0.arff,saccade,mean,7,6,-1,44.48571428571428,31.583333333333332,-12.902380952380948,22.982995784668613,10.859358483200868,-12.123637301467745
S26,S26_E0I121D0,data/outputs_webcam_mean/S26/S26_E0I121D0.arff,fixation,mean,7,5,-2,220.1285714285714,312.4,92.27142857142857,146.07639227798717,211.6097705683743,65.53337829038713
S26,S26_E0I121D0,data/outputs_webcam_mean/S26/S26_E0I121D0.arff,saccade,mean,6,4,-2,29.900000000000002,46.75,16.849999999999998,16.993881251791777,14.97230777134908,-2.0215734804426972
S26,S26_E0I122D0,data/outputs_webcam_mean/S26/S26_E0I122D0.arff,fixation,mean,7,7,0,227.43571428571428,232.72142857142856,5.285714285714278,95.45292781560674,79.5964344738656,-15.856493341741142
S26,S26_E0I122D0,data/outputs_webcam_mean/S26/S26_E0I122D0.arff,saccade,mean,6,6,0,44.5,37.35,-7.149999999999999,11.519331577830373,11.535857141972588,0.016525564142215288
S26,S26_E0I123D0,data/outputs_webcam_mean/S26/S26_E0I123D0.arff,fixation,mean,6,6,0,165.21666666666667,162.93333333333334,-2.2833333333333314,30.745563365576285,29.03540367666113,-1.7101596889151551
S26,S26_E0I123D0,data/outputs_webcam_mean/S26/S26_E0I123D0.arff,saccade,mean,4,5,1,41.949999999999996,36.36,-5.589999999999996,10.656609842409235,15.22737666178912,4.570766819379886
S26,S26_E0I124D0,data/outputs_webcam_mean/S26/S26_E0I124D0.arff,fixation,mean,8,7,-1,277.9125,319.3714285714286,41.4589285714286,97.66065792909066,91.3606902025467,-6.299967726543954
S26,S26_E0I124D0,data/outputs_webcam_mean/S26/S26_E0I124D0.arff,saccade,mean,7,6,-1,42.199999999999996,46.73333333333333,4.533333333333331,13.970564293065141,11.613210868087544,-2.357353424977598
S26,S26_E0I125D0,data/outputs_webcam_mean/S26/S26_E0I125D0.arff,fixation,mean,4,22,18,1468.9250000000002,193.76363636363638,-1275.1613636363638,1220.76751642836,94.12900238985374,-1126.6385140385064
S26,S26_E0I125D0,data/outputs_webcam_mean/S26/S26_E0I125D0.arff,saccade,mean,0,17,17,0.0,47.19411764705882,47.19411764705882,0.0,22.184523619751094,22.184523619751094
S26,S26_E0I126D0,data/outputs_webcam_mean/S26/S26_E0I126D0.arff,fixation,mean,11,10,-1,182.22727272727275,178.14,-4.087272727272762,65.35682199907048,66.93878131878743,1.5819593197169581
S26,S26_E0I126D0,data/outputs_webcam_mean/S26/S26_E0I126D0.arff,saccade,mean,10,10,0,36.63,39.470000000000006,2.8400000000000034,10.318920055466613,14.504179474283342,4.185259418816729
S26,S26_E0I127D0,data/outputs_webcam_mean/S26/S26_E0I127D0.arff,fixation,mean,6,8,2,256.15,171.85,-84.29999999999998,134.9038583584621,89.68732989033145,-45.21652846813063
S26,S26_E0I127D0,data/outputs_webcam_mean/S26/S26_E0I127D0.arff,saccade,mean,4,6,2,34.225,30.150000000000002,-4.074999999999999,6.4860748274026765,9.264502145285519,2.7784273178828425
S26,S26_E0I128D0,data/outputs_webcam_mean/S26/S26_E0I128D0.arff,fixation,mean,8,8,0,237.32500000000002,225.6625,-11.662500000000023,91.8260272782956,139.05056056290152,47.224533284605926
S26,S26_E0I128D0,data/outputs_webcam_mean/S26/S26_E0I128D0.arff,saccade,mean,6,6,0,23.016666666666666,33.53333333333334,10.516666666666673,9.62510606002171,16.47354444758828,6.848438387566571
S26,S26_E0I129D0,data/outputs_webcam_mean/S26/S26_E0I129D0.arff,fixation,mean,7,8,1,209.82857142857142,171.975,-37.85357142857143,82.27493977078143,112.55637000441791,30.281430233636485
S26,S26_E0I129D0,data/outputs_webcam_mean/S26/S26_E0I129D0.arff,saccade,mean,6,6,0,38.51666666666666,36.166666666666664,-2.3499999999999943,14.086222583314047,16.938201399991282,2.851978816677235
S26,S26_E0I130D0,data/outputs_webcam_mean/S26/S26_E0I130D0.arff,fixation,mean,9,10,1,273.2277777777778,142.57,-130.65777777777782,146.94719100562773,138.26079061766654,-8.686400387961186
S26,S26_E0I130D0,data/outputs_webcam_mean/S26/S26_E0I130D0.arff,saccade,mean,7,6,-1,31.164285714285715,33.86666666666667,2.7023809523809526,9.99957141938736,14.69304824284827,4.6934768234609106
S26,S26_E0I131D0,data/outputs_webcam_mean/S26/S26_E0I131D0.arff,fixation,mean,3,3,0,352.93333333333334,367.3666666666666,14.43333333333328,245.8062312744193,251.22862761503382,5.422396340614512
S26,S26_E0I131D0,data/outputs_webcam_mean/S26/S26_E0I131D0.arff,saccade,mean,3,2,-1,24.0,39.55,15.549999999999997,16.10807251039056,15.485638507985389,-0.6224340024051713
S26,S26_E0I132D0,data/outputs_webcam_mean/S26/S26_E0I132D0.arff,fixation,mean,11,11,0,234.9181818181818,239.05454545454543,4.136363636363626,51.76956283728534,125.13493008458,73.36536724729467
S26,S26_E0I132D0,data/outputs_webcam_mean/S26/S26_E0I132D0.arff,saccade,mean,10,11,1,42.88,35.190909090909095,-7.689090909090908,14.277316897014572,12.227956047144964,-2.0493608498696076
S26,S26_E0I133D0,data/outputs_webcam_mean/S26/S26_E0I133D0.arff,fixation,mean,8,8,0,229.025,233.35,4.324999999999989,95.94225569878702,137.03671041002116,41.094454711234135
S26,S26_E0I133D0,data/outputs_webcam_mean/S26/S26_E0I133D0.arff,saccade,mean,7,7,0,41.25714285714285,41.385714285714286,0.12857142857143344,12.857534385572938,6.75929694850694,-6.098237437065999
S26,S26_E0I134D0,data/outputs_webcam_mean/S26/S26_E0I134D0.arff,fixation,mean,9,9,0,296.68333333333334,295.21666666666664,-1.466666666666697,147.52385400334416,145.0829504111355,-2.440903592208656
S26,S26_E0I134D0,data/outputs_webcam_mean/S26/S26_E0I134D0.arff,saccade,mean,8,8,0,42.3375,46.1125,3.7749999999999986,8.801856541175194,13.420446820323939,4.618590279148744
S26,S26_E0I135D0,data/outputs_webcam_mean/S26/S26_E0I135D0.arff,fixation,mean,9,10,1,252.57777777777775,228.17000000000002,-24.40777777777774,103.56700461268754,112.8731249382834,9.306120325595856
S26,S26_E0I135D0,data/outputs_webcam_mean/S26/S26_E0I135D0.arff,saccade,mean,8,8,0,32.875,39.962500000000006,7.087500000000006,11.004382243971197,10.733783449597684,-0.2705987943735124
S26,S26_E0I136D0,data/outputs_webcam_mean/S26/S26_E0I136D0.arff,fixation,mean,9,6,-3,141.65555555555557,184.63333333333333,42.97777777777776,71.65759051055079,46.66011858821907,-24.99747192233172
S26,S26_E0I136D0,data/outputs_webcam_mean/S26/S26_E0I136D0.arff,saccade,mean,7,7,0,36.07142857142857,37.11428571428571,1.0428571428571374,10.925919379425892,15.609444637935132,4.68352525850924
S26,S26_E0I137D0,data/outputs_webcam_mean/S26/S26_E0I137D0.arff,fixation,mean,4,4,0,237.5,228.42499999999998,-9.075000000000017,160.92161653011902,166.85057936169517,5.928962831576143
S26,S26_E0I137D0,data/outputs_webcam_mean/S26/S26_E0I137D0.arff,saccade,mean,3,3,0,41.13333333333333,41.13333333333333,0.0,10.3016179958943,10.3016179958943,0.0
S26,S26_E0I138D0,data/outputs_webcam_mean/S26/S26_E0I138D0.arff,fixation,mean,6,6,0,304.2,296.9166666666667,-7.283333333333303,263.3331426159647,258.1815827410365,-5.151559874928182
S26,S26_E0I138D0,data/outputs_webcam_mean/S26/S26_E0I138D0.arff,saccade,mean,5,5,0,39.08,36.18,-2.8999999999999986,14.022553262512501,6.784688644293119,-7.2378646182193815
S26,S26_E0I139D0,data/outputs_webcam_mean/S26/S26_E0I139D0.arff,fixation,mean,13,13,0,217.8692307692308,169.04615384615389,-48.82307692307691,96.34697179651769,58.30382513730146,-38.043146659216234
S26,S26_E0I139D0,data/outputs_webcam_mean/S26/S26_E0I139D0.arff,saccade,mean,12,11,-1,39.825,31.681818181818187,-8.143181818181816,11.27548628259956,12.529071648116485,1.2535853655169245
S26,S26_E0I140D0,data/outputs_webcam_mean/S26/S26_E0I140D0.arff,fixation,mean,9,7,-2,282.93333333333334,347.3142857142857,64.38095238095235,181.23034376174428,207.51854879802457,26.28820503628029
S26,S26_E0I140D0,data/outputs_webcam_mean/S26/S26_E0I140D0.arff,saccade,mean,8,7,-1,39.1125,40.642857142857146,1.5303571428571487,13.855523653557297,8.133235752732352,-5.722287900824945
S27,S27_E0I101D0,data/outputs_webcam_mean/S27/S27_E0I101D0.arff,fixation,mean,6,6,0,171.9,175.26666666666668,3.3666666666666742,72.43774568551952,71.4243492561652,-1.0133964293543158
S27,S27_E0I101D0,data/outputs_webcam_mean/S27/S27_E0I101D0.arff,saccade,mean,5,5,0,41.63,35.89,-5.740000000000002,3.3146643872344,7.226202322105297,3.9115379348708967
S27,S27_E0I102D0,data/outputs_webcam_mean/S27/S27_E0I102D0.arff,fixation,mean,9,9,0,125.46666666666667,139.07777777777778,13.611111111111114,53.70526044997827,44.20092696363329,-9.504333486344976
S27,S27_E0I102D0,data/outputs_webcam_mean/S27/S27_E0I102D0.arff,saccade,mean,7,8,1,31.97142857142857,32.5625,0.5910714285714285,13.142769150844162,7.912365999768067,-5.230403151076095
S27,S27_E0I103D0,data/outputs_webcam_mean/S27/S27_E0I103D0.arff,fixation,mean,6,6,0,173.03333333333333,161.9,-11.133333333333326,68.09639246440788,55.63836805658484,-12.458024407823046
S27,S27_E0I103D0,data/outputs_webcam_mean/S27/S27_E0I103D0.arff,saccade,mean,5,5,0,33.339999999999996,39.260000000000005,5.920000000000009,17.479788328237845,9.652098217486184,-7.827690110751661
S27,S27_E0I104D0,data/outputs_webcam_mean/S27/S27_E0I104D0.arff,fixation,mean,7,7,0,142.35714285714283,146.3142857142857,3.9571428571428555,77.06754304164748,87.2516557354153,10.184112693767815
S27,S27_E0I104D0,data/outputs_webcam_mean/S27/S27_E0I104D0.arff,saccade,mean,6,6,0,31.599999999999998,33.766666666666666,2.166666666666668,10.95700689057007,7.2835888589806235,-3.6734180315894474
S27,S27_E0I105D0,data/outputs_webcam_mean/S27/S27_E0I105D0.arff,fixation,mean,7,6,-1,166.1142857142857,198.36666666666667,32.252380952380975,72.33955645821607,157.59164529462424,85.25208883640818
S27,S27_E0I105D0,data/outputs_webcam_mean/S27/S27_E0I105D0.arff,saccade,mean,5,5,0,31.46,28.76,-2.6999999999999993,3.8292296875481355,8.680610577603398,4.851380890055262
S27,S27_E0I106D0,data/outputs_webcam_mean/S27/S27_E0I106D0.arff,fixation,mean,6,6,0,224.13333333333335,220.38333333333333,-3.7500000000000284,83.16031305055715,83.40008792960992,0.23977487905277428
S27,S27_E0I106D0,data/outputs_webcam_mean/S27/S27_E0I106D0.arff,saccade,mean,5,5,0,37.31,45.79,8.479999999999997,15.481214422647856,8.011741383744237,-7.469473038903619
S27,S27_E0I107D0,data/outputs_webcam_mean/S27/S27_E0I107D0.arff,fixation,mean,6,7,1,162.66666666666666,124.08571428571429,-38.58095238095237,71.07431791207473,73.67908858854115,2.6047706764664156
S27,S27_E0I107D0,data/outputs_webcam_mean/S27/S27_E0I107D0.arff,saccade,mean,5,5,0,27.439999999999998,30.3,2.860000000000003,7.929249649241723,3.354101966249683,-4.57514768299204
S27,S27_E0I108D0,data/outputs_webcam_mean/S27/S27_E0I108D0.arff,fixation,mean,7,7,0,128.4857142857143,135.54285714285714,7.05714285714285,44.4314989082981,59.906951659576684,15.475452751278581
S27,S27_E0I108D0,data/outputs_webcam_mean/S27/S27_E0I108D0.arff,saccade,mean,6,6,0,38.449999999999996,40.85,2.4000000000000057,5.839434904166668,13.494406248516457,7.654971344349788
S27,S27_E0I109D0,data/outputs_webcam_mean/S27/S27_E0I109D0.arff,fixation,mean,9,9,0,163.83333333333334,156.72222222222223,-7.111111111111114,92.17183680495903,91.40684845483102,-0.7649883501280073
S27,S27_E0I109D0,data/outputs_webcam_mean/S27/S27_E0I109D0.arff,saccade,mean,8,8,0,24.5875,36.324999999999996,11.737499999999997,11.429715344536927,17.829970755524453,6.400255410987526
S27,S27_E0I110D0,data/outputs_webcam_mean/S27/S27_E0I110D0.arff,fixation,mean,7,6,-1,201.84285714285716,244.58333333333334,42.74047619047619,98.65807716794501,121.89632343375524,23.238246265810233
S27,S27_E0I110D0,data/outputs_webcam_mean/S27/S27_E0I110D0.arff,saccade,mean,6,5,-1,34.75,30.119999999999997,-4.630000000000003,9.47348932548087,3.011145961257939,-6.462343364222931
S27,S27_E0I111D0,data/outputs_webcam_mean/S27/S27_E0I111D0.arff,fixation,mean,4,6,2,180.2,145.73333333333332,-34.46666666666667,124.23577047962743,116.23473950014542,-8.00103097948201
S27,S27_E0I111D0,data/outputs_webcam_mean/S27/S27_E0I111D0.arff,saccade,mean,3,4,1,53.400000000000006,43.22500000000001,-10.174999999999997,35.812148776637244,27.78505293618615,-8.027095840451093
S27,S27_E0I112D0,data/outputs_webcam_mean/S27/S27_E0I112D0.arff,fixation,mean,6,6,0,146.33333333333331,140.38333333333333,-5.949999999999989,28.54082456178635,35.9380810097961,7.397256448009749
S27,S27_E0I112D0,data/outputs_webcam_mean/S27/S27_E0I112D0.arff,saccade,mean,5,5,0,34.6,38.71999999999999,4.11999999999999,12.916462363975674,6.679970059813144,-6.23649230416253
S27,S27_E0I113D0,data/outputs_webcam_mean/S27/S27_E0I113D0.arff,fixation,mean,7,7,0,174.05714285714288,180.0142857142857,5.957142857142827,91.95098072964126,96.10944158564631,4.15846085600505
S27,S27_E0I113D0,data/outputs_webcam_mean/S27/S27_E0I113D0.arff,saccade,mean,5,6,1,36.28,39.78333333333333,3.5033333333333303,14.366697602441556,9.853408885592167,-4.51328871684939
S27,S27_E0I114D0,data/outputs_webcam_mean/S27/S27_E0I114D0.arff,fixation,mean,7,6,-1,136.74285714285716,158.66666666666666,21.923809523809496,60.83290932663715,45.03987862624262,-15.793030700394532
S27,S27_E0I114D0,data/outputs_webcam_mean/S27/S27_E0I114D0.arff,saccade,mean,6,5,-1,33.61666666666667,38.980000000000004,5.363333333333337,15.473515006832374,6.201370816198626,-9.272144190633748
S27,S27_E0I115D0,data/outputs_webcam_mean/S27/S27_E0I115D0.arff,fixation,mean,7,7,0,137.21428571428572,146.18571428571428,8.97142857142856,43.164971468828305,58.49531116740408,15.330339698575777
S27,S27_E0I115D0,data/outputs_webcam_mean/S27/S27_E0I115D0.arff,saccade,mean,5,5,0,27.18,32.94,5.759999999999998,11.577866815609859,13.146976838802143,1.5691100231922839
S27,S27_E0I116D0,data/outputs_webcam_mean/S27/S27_E0I116D0.arff,fixation,mean,7,7,0,127.82857142857142,120.77142857142857,-7.05714285714285,49.49180788392204,49.10935804527532,-0.3824498386467212
S27,S27_E0I116D0,data/outputs_webcam_mean/S27/S27_E0I116D0.arff,saccade,mean,6,6,0,33.5,33.5,0.0,5.88829347094725,5.692099788303082,-0.19619368264416792
S27,S27_E0I117D0,data/outputs_webcam_mean/S27/S27_E0I117D0.arff,fixation,mean,5,5,0,123.3,117.34,-5.959999999999994,24.123328957670825,37.190764982721184,13.067436025050359
S27,S27_E0I117D0,data/outputs_webcam_mean/S27/S27_E0I117D0.arff,saccade,mean,4,4,0,21.95,38.25,16.3,14.299999999999999,10.906420127612911,-3.393579872387088
S27,S27_E0I118D0,data/outputs_webcam_mean/S27/S27_E0I118D0.arff,fixation,mean,7,7,0,143.4,157.25714285714284,13.857142857142833,67.92171964843058,79.52940456508014,11.60768491664956
S27,S27_E0I118D0,data/outputs_webcam_mean/S27/S27_E0I118D0.arff,saccade,mean,7,6,-1,28.457142857142856,27.416666666666668,-1.0404761904761877,10.761173595052592,6.983528239125741,-3.7776453559268504
S27,S27_E0I119D0,data/outputs_webcam_mean/S27/S27_E0I119D0.arff,fixation,mean,6,5,-1,159.91666666666666,196.0,36.08333333333334,63.73474457991236,146.639370566025,82.90462598611265
S27,S27_E0I119D0,data/outputs_webcam_mean/S27/S27_E0I119D0.arff,saccade,mean,4,3,-1,33.975,33.43333333333334,-0.5416666666666643,7.070301738021275,8.371578903249574,1.3012771652282993
S27,S27_E0I120D0,data/outputs_webcam_mean/S27/S27_E0I120D0.arff,fixation,mean,6,6,0,171.5333333333333,167.96666666666667,-3.5666666666666345,99.5740210429742,99.31451891172141,-0.25950213125278765
S27,S27_E0I120D0,data/outputs_webcam_mean/S27/S27_E0I120D0.arff,saccade,mean,5,5,0,33.31,39.15,5.839999999999996,14.3444414321367,6.086049621881176,-8.258391810255524
S27,S27_E0I121D0,data/outputs_webcam_mean/S27/S27_E0I121D0.arff,fixation,mean,7,7,0,137.22857142857143,126.99999999999999,-10.228571428571442,34.27475817010307,36.49671218068828,2.2219540105852076
S27,S27_E0I121D0,data/outputs_webcam_mean/S27/S27_E0I121D0.arff,saccade,mean,5,6,1,28.68,29.91666666666667,1.2366666666666717,15.062934641031939,9.423463623671855,-5.6394710173600835
S27,S27_E0I122D0,data/outputs_webcam_mean/S27/S27_E0I122D0.arff,fixation,mean,6,5,-1,178.48333333333335,207.06,28.576666666666654,113.61608014126638,119.20030620766039,5.5842260663940095
S27,S27_E0I122D0,data/outputs_webcam_mean/S27/S27_E0I122D0.arff,saccade,mean,5,6,1,27.1,29.783333333333335,2.6833333333333336,7.691553809211764,13.863681569722619,6.172127760510855
S27,S27_E0I123D0,data/outputs_webcam_mean/S27/S27_E0I123D0.arff,fixation,mean,4,4,0,146.675,150.35000000000002,3.6750000000000114,44.54199329471759,37.091463528238776,-7.450529766478816
S27,S27_E0I123D0,data/outputs_webcam_mean/S27/S27_E0I123D0.arff,saccade,mean,3,3,0,45.4,38.333333333333336,-7.066666666666663,4.243819034784588,7.9964575490234,3.7526385142388117
S27,S27_E0I124D0,data/outputs_webcam_mean/S27/S27_E0I124D0.arff,fixation,mean,6,6,0,150.45000000000002,145.53333333333333,-4.916666666666686,64.22179536574791,72.99733328462531,8.775537918877404
S27,S27_E0I124D0,data/outputs_webcam_mean/S27/S27_E0I124D0.arff,saccade,mean,5,6,1,34.739999999999995,28.933333333333334,-5.806666666666661,5.901101592075838,11.988605701526206,6.087504109450368
S27,S27_E0I125D0,data/outputs_webcam_mean/S27/S27_E0I125D0.arff,fixation,mean,6,6,0,133.91666666666669,129.20000000000002,-4.716666666666669,34.91517817034115,55.11362807872478,20.19844990838363
S27,S27_E0I125D0,data/outputs_webcam_mean/S27/S27_E0I125D0.arff,saccade,mean,5,6,1,31.799999999999994,31.299999999999997,-0.49999999999999645,11.753510114004241,11.711362004480948,-0.04214810952329273
S27,S27_E0I126D0,data/outputs_webcam_mean/S27/S27_E0I126D0.arff,fixation,mean,5,5,0,143.15,165.54999999999998,22.399999999999977,30.627357052151922,34.31071261282691,3.6833555606749897
S27,S27_E0I126D0,data/outputs_webcam_mean/S27/S27_E0I126D0.arff,saccade,mean,3,3,0,33.550000000000004,28.650000000000002,-4.900000000000002,8.662563131083084,0.09999999999999964,-8.562563131083085
S27,S27_E0I127D0,data/outputs_webcam_mean/S27/S27_E0I127D0.arff,fixation,mean,7,7,0,135.15714285714287,126.81428571428572,-8.342857142857156,35.09467467403268,36.26225901087008,1.1675843368374004
S27,S27_E0I127D0,data/outputs_webcam_mean/S27/S27_E0I127D0.arff,saccade,mean,6,6,0,31.116666666666664,31.3,0.18333333333333712,14.763660341076216,3.680217384883671,-11.083442956192545
S27,S27_E0I128D0,data/outputs_webcam_mean/S27/S27_E0I128D0.arff,fixation,mean,6,6,0,172.0,168.56666666666666,-3.433333333333337,87.00033907979899,84.69853402902949,-2.3018050507695023
S27,S27_E0I128D0,data/outputs_webcam_mean/S27/S27_E0I128D0.arff,saccade,mean,5,5,0,27.45,34.57000000000001,7.120000000000008,12.88681496724462,11.827806220935477,-1.0590087463091429
S27,S27_E0I129D0,data/outputs_webcam_mean/S27/S27_E0I129D0.arff,fixation,mean,8,8,0,164.65,173.51250000000002,8.862500000000011,52.475191417332766,65.4393598794225,12.96416846208973
S27,S27_E0I129D0,data/outputs_webcam_mean/S27/S27_E0I129D0.arff,saccade,mean,8,7,-1,27.1875,35.07142857142857,7.883928571428569,5.140160503330611,13.248863383414479,8.108702880083868
S27,S27_E0I130D0,data/outputs_webcam_mean/S27/S27_E0I130D0.arff,fixation,mean,7,7,0,135.87857142857143,158.35,22.47142857142856,58.542512025755386,44.59252553212627,-13.949986493629119
S27,S27_E0I130D0,data/outputs_webcam_mean/S27/S27_E0I130D0.arff,saccade,mean,5,5,0,34.55,31.889999999999997,-2.66,7.9053779163301225,6.590371764931019,-1.3150061513991034
S27,S27_E0I131D0,data/outputs_webcam_mean/S27/S27_E0I131D0.arff,fixation,mean,6,6,0,157.79999999999998,163.58333333333334,5.78333333333336,34.37417635376883,35.61400941577158,1.2398330620027451
S27,S27_E0I131D0,data/outputs_webcam_mean/S27/S27_E0I131D0.arff,saccade,mean,4,4,0,37.925,36.075,-1.8499999999999943,16.012781353239877,5.890882786136557,-10.121898567103319
S27,S27_E0I132D0,data/outputs_webcam_mean/S27/S27_E0I132D0.arff,fixation,mean,6,6,0,197.48333333333335,205.7166666666667,8.233333333333348,127.0822319077953,124.31908005880136,-2.7631518489939424
S27,S27_E0I132D0,data/outputs_webcam_mean/S27/S27_E0I132D0.arff,saccade,mean,5,5,0,33.36,36.160000000000004,2.8000000000000043,12.16667579908333,9.994398431121304,-2.1722773679620264
S27,S27_E0I133D0,data/outputs_webcam_mean/S27/S27_E0I133D0.arff,fixation,mean,8,8,0,136.7375,146.52499999999998,9.787499999999966,56.676284722977385,106.92580538458832,50.24952066161093
S27,S27_E0I133D0,data/outputs_webcam_mean/S27/S27_E0I133D0.arff,saccade,mean,6,7,1,42.00000000000001,33.99285714285715,-8.00714285714286,13.152908423614907,12.224273276676088,-0.9286351469388183
S27,S27_E0I134D0,data/outputs_webcam_mean/S27/S27_E0I134D0.arff,fixation,mean,5,5,0,202.3,205.21999999999997,2.919999999999959,168.58079665252504,162.97133797082233,-5.609458681702705
S27,S27_E0I134D0,data/outputs_webcam_mean/S27/S27_E0I134D0.arff,saccade,mean,4,4,0,37.825,39.650000000000006,1.8250000000000028,8.868436540149943,12.239961873578963,3.3715253334290196
S27,S27_E0I135D0,data/outputs_webcam_mean/S27/S27_E0I135D0.arff,fixation,mean,6,7,1,108.38333333333334,103.25714285714285,-5.126190476190487,41.31277849124489,49.64191297491993,8.329134483675041
S27,S27_E0I135D0,data/outputs_webcam_mean/S27/S27_E0I135D0.arff,saccade,mean,5,6,1,32.98,26.53333333333333,-6.446666666666665,6.143044847630529,5.895308869488236,-0.24773597814229298
S27,S27_E0I136D0,data/outputs_webcam_mean/S27/S27_E0I136D0.arff,fixation,mean,7,6,-1,152.5,188.73333333333332,36.23333333333332,38.56120675843362,93.88102399668776,55.31981723825414
S27,S27_E0I136D0,data/outputs_webcam_mean/S27/S27_E0I136D0.arff,saccade,mean,6,5,-1,38.36666666666667,35.88,-2.4866666666666646,13.885484027093426,7.428458790354832,-6.457025236738594
S27,S27_E0I137D0,data/outputs_webcam_mean/S27/S27_E0I137D0.arff,fixation,mean,5,5,0,147.01000000000002,144.27,-2.740000000000009,26.042906903800116,22.453329374504797,-3.589577529295319
S27,S27_E0I137D0,data/outputs_webcam_mean/S27/S27_E0I137D0.arff,saccade,mean,4,4,0,34.075,33.849999999999994,-0.22500000000000853,6.672518265242889,10.46868345749996,3.796165192257071
S27,S27_E0I138D0,data/outputs_webcam_mean/S27/S27_E0I138D0.arff,fixation,mean,7,6,-1,109.73571428571428,145.85,36.114285714285714,44.12801183569716,46.04671540946216,1.9187035737650007
S27,S27_E0I138D0,data/outputs_webcam_mean/S27/S27_E0I138D0.arff,saccade,mean,5,5,0,30.15,54.29,24.14,10.518792706389833,26.747953192721123,16.22916048633129
S27,S27_E0I139D0,data/outputs_webcam_mean/S27/S27_E0I139D0.arff,fixation,mean,6,6,0,140.04999999999998,149.9,9.850000000000023,26.296767862229764,37.788344763961284,11.49157690173152
S27,S27_E0I139D0,data/outputs_webcam_mean/S27/S27_E0I139D0.arff,saccade,mean,5,5,0,43.589999999999996,31.890000000000004,-11.699999999999992,8.85313503793995,3.6664696916789032,-5.186665346261046
S27,S27_E0I140D0,data/outputs_webcam_mean/S27/S27_E0I140D0.arff,fixation,mean,6,5,-1,105.96666666666665,132.82,26.85333333333334,44.10490524495735,36.55471241851041,-7.5501928264469385
S27,S27_E0I140D0,data/outputs_webcam_mean/S27/S27_E0I140D0.arff,saccade,mean,4,5,1,39.900000000000006,37.66,-2.240000000000009,9.279008567729635,9.638101472800543,0.3590929050709075
S28,S28_E0I103D0,data/outputs_webcam_mean/S28/S28_E0I103D0.arff,fixation,mean,8,8,0,196.875,234.25,37.375,127.50808097640603,159.36533051899514,31.857249542589102
S28,S28_E0I103D0,data/outputs_webcam_mean/S28/S28_E0I103D0.arff,saccade,mean,6,8,2,44.833333333333336,47.7375,2.9041666666666615,15.429149900972078,15.386723172917618,-0.04242672805446013
S28,S28_E0I104D0,data/outputs_webcam_mean/S28/S28_E0I104D0.arff,fixation,mean,10,10,0,181.39000000000001,198.4,17.00999999999999,89.97017345271216,163.30013268008491,73.32995922737275
S28,S28_E0I104D0,data/outputs_webcam_mean/S28/S28_E0I104D0.arff,saccade,mean,9,10,1,30.444444444444443,40.73,10.285555555555554,21.424816866843408,16.840628782138086,-4.584188084705321
S28,S28_E0I105D0,data/outputs_webcam_mean/S28/S28_E0I105D0.arff,fixation,mean,10,11,1,142.31,153.4090909090909,11.099090909090904,77.5618527370253,105.51599361751236,27.95414088048706
S28,S28_E0I105D0,data/outputs_webcam_mean/S28/S28_E0I105D0.arff,saccade,mean,8,7,-1,43.125,41.37142857142857,-1.7535714285714334,20.169549183997997,15.904581550160767,-4.26496763383723
S28,S28_E0I106D0,data/outputs_webcam_mean/S28/S28_E0I106D0.arff,fixation,mean,10,10,0,180.27000000000004,190.36999999999998,10.099999999999937,110.14118262989149,141.2877839336752,31.14660130378371
S28,S28_E0I106D0,data/outputs_webcam_mean/S28/S28_E0I106D0.arff,saccade,mean,8,9,1,36.5375,33.36666666666667,-3.1708333333333343,12.137184599403604,9.741021507008389,-2.3961630923952146
S28,S28_E0I107D0,data/outputs_webcam_mean/S28/S28_E0I107D0.arff,fixation,mean,9,11,2,135.95555555555555,127.92727272727271,-8.02828282828284,139.27747584508336,47.43823544165805,-91.83924040342531
S28,S28_E0I107D0,data/outputs_webcam_mean/S28/S28_E0I107D0.arff,saccade,mean,6,9,3,44.73333333333334,43.077777777777776,-1.6555555555555657,16.19094397083341,15.496433281385894,-0.6945106894475153
S28,S28_E0I108D0,data/outputs_webcam_mean/S28/S28_E0I108D0.arff,fixation,mean,11,13,2,122.67272727272726,122.02307692307694,-0.6496503496503152,49.98808039741257,52.33394618292149,2.34586578550892
S28,S28_E0I108D0,data/outputs_webcam_mean/S28/S28_E0I108D0.arff,saccade,mean,7,12,5,39.557142857142864,43.35833333333333,3.801190476190463,16.704575934242005,22.532177328245826,5.827601394003821
S28,S28_E0I109D0,data/outputs_webcam_mean/S28/S28_E0I109D0.arff,fixation,mean,10,10,0,135.35999999999999,161.19,25.830000000000013,42.43667700887471,98.16140280171224,55.72472579283753
S28,S28_E0I109D0,data/outputs_webcam_mean/S28/S28_E0I109D0.arff,saccade,mean,8,10,2,39.1875,50.84,11.652500000000003,11.538065881494795,19.737735995352207,8.199670113857412
S28,S28_E0I110D0,data/outputs_webcam_mean/S28/S28_E0I110D0.arff,fixation,mean,13,14,1,130.36923076923077,150.21428571428572,19.845054945054954,59.596188141739745,95.56945808510854,35.97326994336879
S28,S28_E0I110D0,data/outputs_webcam_mean/S28/S28_E0I110D0.arff,saccade,mean,10,14,4,33.519999999999996,52.44285714285714,18.922857142857147,18.03279728100379,31.58574932528213,13.552952044278339
S28,S28_E0I111D0,data/outputs_webcam_mean/S28/S28_E0I111D0.arff,fixation,mean,9,10,1,216.13333333333333,214.76,-1.3733333333333348,142.47879666813586,158.59172740089565,16.112930732759793
S28,S28_E0I111D0,data/outputs_webcam_mean/S28/S28_E0I111D0.arff,saccade,mean,8,8,0,44.525000000000006,42.650000000000006,-1.875,28.18473497683251,9.81762263919908,-18.36711233763343
S28,S28_E0I112D0,data/outputs_webcam_mean/S28/S28_E0I112D0.arff,fixation,mean,10,7,-3,208.82,331.1142857142857,122.2942857142857,162.841223282067,279.45531204214285,116.61408876007584
S28,S28_E0I112D0,data/outputs_webcam_mean/S28/S28_E0I112D0.arff,saccade,mean,8,7,-1,29.775,40.65714285714285,10.882142857142853,11.146652284110111,10.866747005253712,-0.2799052788563987
S28,S28_E0I113D0,data/outputs_webcam_mean/S28/S28_E0I113D0.arff,fixation,mean,7,7,0,141.99285714285716,156.53571428571428,14.542857142857116,46.569154925510404,42.48644601797254,-4.082708907537864
S28,S28_E0I113D0,data/outputs_webcam_mean/S28/S28_E0I113D0.arff,saccade,mean,7,7,0,37.02142857142858,34.06428571428571,-2.9571428571428697,9.346784524764704,5.926895919289897,-3.4198886054748074
S28,S28_E0I114D0,data/outputs_webcam_mean/S28/S28_E0I114D0.arff,fixation,mean,8,7,-1,195.375,233.64285714285714,38.26785714285714,114.71894537769874,205.9537962516744,91.23485087397565
S28,S28_E0I114D0,data/outputs_webcam_mean/S28/S28_E0I114D0.arff,saccade,mean,6,4,-2,41.23333333333333,41.1,-0.13333333333332575,16.830765480710216,12.60608318762546,-4.224682293084756
S28,S28_E0I115D0,data/outputs_webcam_mean/S28/S28_E0I115D0.arff,fixation,mean,12,14,2,159.50833333333333,154.19285714285712,-5.315476190476204,54.29413928414429,74.15006057662045,19.855921292476154
S28,S28_E0I115D0,data/outputs_webcam_mean/S28/S28_E0I115D0.arff,saccade,mean,9,12,3,47.66666666666666,63.599999999999994,15.933333333333337,13.784955567574384,63.513191185339245,49.72823561776486
S28,S28_E0I116D0,data/outputs_webcam_mean/S28/S28_E0I116D0.arff,fixation,mean,5,8,3,140.8,156.2375,15.4375,62.71259841531046,75.09614670540694,12.383548290096478
S28,S28_E0I116D0,data/outputs_webcam_mean/S28/S28_E0I116D0.arff,saccade,mean,3,7,4,53.166666666666664,60.871428571428574,7.704761904761909,19.856065404136174,26.505956203949978,6.649890799813804
S28,S28_E0I117D0,data/outputs_webcam_mean/S28/S28_E0I117D0.arff,fixation,mean,7,7,0,319.5285714285714,323.37142857142857,3.842857142857156,402.5146445132388,486.7663735108993,84.2517289976605
S28,S28_E0I117D0,data/outputs_webcam_mean/S28/S28_E0I117D0.arff,saccade,mean,5,6,1,44.879999999999995,40.76666666666666,-4.113333333333337,10.359391874043572,17.231908387252602,6.87251651320903
S28,S28_E0I118D0,data/outputs_webcam_mean/S28/S28_E0I118D0.arff,fixation,mean,9,7,-2,136.03333333333333,160.95714285714286,24.923809523809524,82.8579959931448,97.83645975372808,14.978463760583281
S28,S28_E0I118D0,data/outputs_webcam_mean/S28/S28_E0I118D0.arff,saccade,mean,7,4,-3,49.685714285714276,50.05,0.364285714285721,17.037451743284905,18.691263556360582,1.6538118130756772
S28,S28_E0I119D0,data/outputs_webcam_mean/S28/S28_E0I119D0.arff,fixation,mean,7,6,-1,152.84285714285713,206.91666666666666,54.07380952380953,46.563535702767005,112.97391586851658,66.41038016574959
S28,S28_E0I119D0,data/outputs_webcam_mean/S28/S28_E0I119D0.arff,saccade,mean,5,5,0,41.36,44.339999999999996,2.979999999999997,19.99507439346,21.62875400941996,1.6336796159599594
S28,S28_E0I120D0,data/outputs_webcam_mean/S28/S28_E0I120D0.arff,fixation,mean,10,11,1,222.91,213.97272727272727,-8.937272727272727,144.56721965922978,161.3588862809179,16.79166662168811
S28,S28_E0I120D0,data/outputs_webcam_mean/S28/S28_E0I120D0.arff,saccade,mean,7,11,4,41.82857142857143,37.45454545454545,-4.374025974025976,11.85393243973131,16.693194040468327,4.839261600737018
S28,S28_E0I121D0,data/outputs_webcam_mean/S28/S28_E0I121D0.arff,fixation,mean,12,11,-1,136.54166666666666,152.17272727272726,15.6310606060606,44.57270788137947,48.473664827596664,3.9009569462171925
S28,S28_E0I121D0,data/outputs_webcam_mean/S28/S28_E0I121D0.arff,saccade,mean,10,9,-1,34.21,41.48888888888889,7.278888888888886,12.172049037765898,12.604110881419249,0.43206184365335076
S28,S28_E0I122D0,data/outputs_webcam_mean/S28/S28_E0I122D0.arff,fixation,mean,8,8,0,133.75,146.9375,13.1875,54.31350792258904,72.017893361898,17.704385439308965
S28,S28_E0I122D0,data/outputs_webcam_mean/S28/S28_E0I122D0.arff,saccade,mean,7,8,1,51.88571428571429,46.612500000000004,-5.273214285714289,10.816719861928043,30.237887185261002,19.42116732333296
S28,S28_E0I123D0,data/outputs_webcam_mean/S28/S28_E0I123D0.arff,fixation,mean,10,9,-1,145.69,167.1222222222222,21.432222222222208,45.35804351061795,89.78741250556475,44.4293689949468
S28,S28_E0I123D0,data/outputs_webcam_mean/S28/S28_E0I123D0.arff,saccade,mean,8,9,1,37.849999999999994,45.75555555555555,7.9055555555555586,19.644701212140784,11.285954889940761,-8.358746322200023
S28,S28_E0I124D0,data/outputs_webcam_mean/S28/S28_E0I124D0.arff,fixation,mean,12,9,-3,178.2833333333333,265.5777777777778,87.29444444444448,86.5445952656604,199.2791181846318,112.73452291897141
S28,S28_E0I124D0,data/outputs_webcam_mean/S28/S28_E0I124D0.arff,saccade,mean,9,7,-2,35.955555555555556,80.01428571428572,44.058730158730164,17.434313229312412,62.87419790267517,45.439884673362755
S28,S28_E0I125D0,data/outputs_webcam_mean/S28/S28_E0I125D0.arff,fixation,mean,8,7,-1,135.425,167.54285714285717,32.11785714285716,80.47897240894666,83.66502369853362,3.186051289586956
S28,S28_E0I125D0,data/outputs_webcam_mean/S28/S28_E0I125D0.arff,saccade,mean,6,7,1,43.18333333333333,40.12857142857143,-3.0547619047618966,11.614201077416677,15.916209168194362,4.302008090777685
S28,S28_E0I126D0,data/outputs_webcam_mean/S28/S28_E0I126D0.arff,fixation,mean,15,14,-1,158.36,194.2642857142857,35.90428571428569,74.65009616298465,106.8738408458443,32.223744682859646
S28,S28_E0I126D0,data/outputs_webcam_mean/S28/S28_E0I126D0.arff,saccade,mean,12,11,-1,36.825,41.981818181818184,5.156818181818181,17.19509047267959,26.127717779470068,8.93262730679048
S28,S28_E0I127D0,data/outputs_webcam_mean/S28/S28_E0I127D0.arff,fixation,mean,6,5,-1,172.74999999999997,241.57999999999998,68.83000000000001,145.64935633225434,214.32518984011188,68.67583350785753
S28,S28_E0I127D0,data/outputs_webcam_mean/S28/S28_E0I127D0.arff,saccade,mean,4,5,1,37.3,38.58,1.2800000000000011,25.639032743065798,27.6266537966508,1.987621053585002
S28,S28_E0I128D0,data/outputs_webcam_mean/S28/S28_E0I128D0.arff,fixation,mean,6,6,0,176.33333333333334,221.3166666666667,44.98333333333335,63.43200033631816,96.54987139642738,33.117871060109216
S28,S28_E0I128D0,data/outputs_webcam_mean/S28/S28_E0I128D0.arff,saccade,mean,4,5,1,46.925,50.839999999999996,3.914999999999999,23.20292725785549,18.715848898727515,-4.487078359127974
S28,S28_E0I129D0,data/outputs_webcam_mean/S28/S28_E0I129D0.arff,fixation,mean,6,6,0,187.35,220.86666666666667,33.51666666666668,132.13585433182018,148.5433999431367,16.40754561131652
S28,S28_E0I129D0,data/outputs_webcam_mean/S28/S28_E0I129D0.arff,saccade,mean,5,4,-1,43.769999999999996,41.05,-2.719999999999999,10.372415340700543,3.98329846567724,-6.389116875023303
S28,S28_E0I130D0,data/outputs_webcam_mean/S28/S28_E0I130D0.arff,fixation,mean,8,8,0,144.22500000000002,172.96249999999998,28.737499999999955,65.93873238523341,109.59239986031358,43.65366747508017
S28,S28_E0I130D0,data/outputs_webcam_mean/S28/S28_E0I130D0.arff,saccade,mean,6,7,1,30.183333333333334,50.90000000000001,20.71666666666668,13.266411220321292,34.99095121122984,21.72453999090855
S28,S28_E0I131D0,data/outputs_webcam_mean/S28/S28_E0I131D0.arff,fixation,mean,11,8,-3,151.19090909090912,243.875,92.68409090909088,72.2806952726031,172.23041667653084,99.94972140392774
S28,S28_E0I131D0,data/outputs_webcam_mean/S28/S28_E0I131D0.arff,saccade,mean,10,8,-2,36.55,54.887499999999996,18.3375,18.857491879886886,14.839275829462068,-4.018216050424819
S28,S28_E0I132D0,data/outputs_webcam_mean/S28/S28_E0I132D0.arff,fixation,mean,5,4,-1,215.0,268.575,53.57499999999999,107.64545972775629,367.8008643727382,260.1554046449819
S28,S28_E0I132D0,data/outputs_webcam_mean/S28/S28_E0I132D0.arff,saccade,mean,3,3,0,32.4,26.766666666666666,-5.633333333333333,30.137684051698468,20.38046450239379,-9.75721954930468
S28,S28_E0I133D0,data/outputs_webcam_mean/S28/S28_E0I133D0.arff,fixation,mean,13,12,-1,153.6923076923077,167.11666666666667,13.424358974358967,74.49083233904761,78.22420961375684,3.733377274709227
S28,S28_E0I133D0,data/outputs_webcam_mean/S28/S28_E0I133D0.arff,saccade,mean,11,12,1,33.83636363636364,41.525,7.6886363636363555,13.669621262293461,14.945605921595698,1.275984659302237
S28,S28_E0I134D0,data/outputs_webcam_mean/S28/S28_E0I134D0.arff,fixation,mean,7,8,1,128.32857142857145,154.0,25.67142857142855,82.52182972373056,114.31975207410885,31.797922350378286
S28,S28_E0I134D0,data/outputs_webcam_mean/S28/S28_E0I134D0.arff,saccade,mean,4,7,3,37.175,38.214285714285715,1.0392857142857181,14.760843471834526,8.831653029761489,-5.929190442073038
S28,S28_E0I135D0,data/outputs_webcam_mean/S28/S28_E0I135D0.arff,fixation,mean,9,10,1,177.03333333333336,171.64,-5.3933333333333735,72.86983257837224,79.37082027490399,6.500987696531752
S28,S28_E0I135D0,data/outputs_webcam_mean/S28/S28_E0I135D0.arff,saccade,mean,7,10,3,37.01428571428572,46.0,8.98571428571428,12.670625947630286,20.33382513066453,7.6631991830342425
S28,S28_E0I136D0,data/outputs_webcam_mean/S28/S28_E0I136D0.arff,fixation,mean,11,10,-1,135.83636363636361,186.51999999999998,50.68363636363637,70.98681951922163,66.89334462826297,-4.09347489095866
S28,S28_E0I136D0,data/outputs_webcam_mean/S28/S28_E0I136D0.arff,saccade,mean,8,8,0,39.45,46.425,6.974999999999994,8.835318734649992,18.670813740013735,9.835495005363743
S28,S28_E0I137D0,data/outputs_webcam_mean/S28/S28_E0I137D0.arff,fixation,mean,10,12,2,168.81,147.59166666666664,-21.218333333333362,81.72053257562902,78.06227651786435,-3.6582560577646746
S28,S28_E0I137D0,data/outputs_webcam_mean/S28/S28_E0I137D0.arff,saccade,mean,8,10,2,33.650000000000006,38.07000000000001,4.420000000000002,10.275769001463031,20.729155527635196,10.453386526172165
S28,S28_E0I138D0,data/outputs_webcam_mean/S28/S28_E0I138D0.arff,fixation,mean,7,9,2,199.8857142857143,187.58888888888887,-12.296825396825426,219.9672962705398,87.2548486395519,-132.71244763098792
S28,S28_E0I138D0,data/outputs_webcam_mean/S28/S28_E0I138D0.arff,saccade,mean,4,8,4,40.375,39.525,-0.8500000000000014,13.95955467293519,14.939568744970996,0.9800140720358073
S28,S28_E0I139D0,data/outputs_webcam_mean/S28/S28_E0I139D0.arff,fixation,mean,7,8,1,248.35714285714286,242.9375,-5.419642857142861,55.59157181752336,81.95462050079038,26.363048683267024
S28,S28_E0I139D0,data/outputs_webcam_mean/S28/S28_E0I139D0.arff,saccade,mean,5,7,2,44.68,42.67142857142857,-2.008571428571429,13.929536962871376,12.383149072525168,-1.5463878903462085
S28,S28_E0I140D0,data/outputs_webcam_mean/S28/S28_E0I140D0.arff,fixation,mean,6,6,0,211.38333333333335,201.28333333333333,-10.100000000000023,79.9623015343272,84.24830957750231,4.286008043175116
S28,S28_E0I140D0,data/outputs_webcam_mean/S28/S28_E0I140D0.arff,saccade,mean,4,6,2,29.625,72.11666666666667,42.491666666666674,11.839869087114097,59.949626076120495,48.1097569890064
S29,S29_E0I102D0,data/outputs_webcam_mean/S29/S29_E0I102D0.arff,fixation,mean,6,5,-1,163.46666666666667,201.49999999999997,38.0333333333333,92.48382921714835,118.22806350439814,25.744234287249782
S29,S29_E0I102D0,data/outputs_webcam_mean/S29/S29_E0I102D0.arff,saccade,mean,6,4,-2,31.266666666666662,28.825000000000003,-2.4416666666666593,14.127656092454497,11.6760081648938,-2.451647927560698
S29,S29_E0I103D0,data/outputs_webcam_mean/S29/S29_E0I103D0.arff,fixation,mean,4,4,0,170.875,189.125,18.25,82.4186214800191,81.91281442281584,-0.5058070572032562
S29,S29_E0I103D0,data/outputs_webcam_mean/S29/S29_E0I103D0.arff,saccade,mean,3,3,0,41.199999999999996,31.3,-9.899999999999995,23.243923937235724,3.988734135035825,-19.2551898021999
S29,S29_E0I104D0,data/outputs_webcam_mean/S29/S29_E0I104D0.arff,fixation,mean,5,5,0,100.9,120.8,19.89999999999999,23.263275779648914,25.047055715193352,1.7837799355444375
S29,S29_E0I104D0,data/outputs_webcam_mean/S29/S29_E0I104D0.arff,saccade,mean,4,4,0,32.625,34.474999999999994,1.8499999999999943,7.117759478937174,15.022288995578094,7.90452951664092
S29,S29_E0I105D0,data/outputs_webcam_mean/S29/S29_E0I105D0.arff,fixation,mean,4,5,1,149.15,119.26000000000002,-29.889999999999986,65.10988148251128,73.52552617968809,8.415644697176802
S29,S29_E0I105D0,data/outputs_webcam_mean/S29/S29_E0I105D0.arff,saccade,mean,3,4,1,43.0,44.824999999999996,1.8249999999999957,25.62732916243907,6.88688366873339,-18.740445493705682
S29,S29_E0I106D0,data/outputs_webcam_mean/S29/S29_E0I106D0.arff,fixation,mean,5,5,0,98.02,126.71999999999998,28.69999999999999,47.23554805440496,33.5995833307498,-13.635964723655157
S29,S29_E0I106D0,data/outputs_webcam_mean/S29/S29_E0I106D0.arff,saccade,mean,3,3,0,28.833333333333332,26.633333333333336,-2.1999999999999957,0.40414518843273833,10.818656724997485,10.414511536564747
S29,S29_E0I107D0,data/outputs_webcam_mean/S29/S29_E0I107D0.arff,fixation,mean,6,5,-1,72.2,112.24000000000001,40.040000000000006,33.00502991969557,62.484262018527524,29.47923209883195
S29,S29_E0I107D0,data/outputs_webcam_mean/S29/S29_E0I107D0.arff,saccade,mean,5,4,-1,37.4,34.3,-3.1000000000000014,7.808008709011536,15.814761037292552,8.006752328281017
S29,S29_E0I108D0,data/outputs_webcam_mean/S29/S29_E0I108D0.arff,fixation,mean,6,6,0,120.21666666666665,119.0166666666667,-1.1999999999999602,41.73078799479668,48.81252571488866,7.081737720091979
S29,S29_E0I108D0,data/outputs_webcam_mean/S29/S29_E0I108D0.arff,saccade,mean,5,5,0,36.31,42.489999999999995,6.179999999999993,14.479744472883493,9.162859815581598,-5.316884657301895
S29,S29_E0I109D0,data/outputs_webcam_mean/S29/S29_E0I109D0.arff,fixation,mean,6,6,0,117.95,124.85000000000001,6.900000000000006,43.393547907494266,48.0022916119637,4.608743704469433
S29,S29_E0I109D0,data/outputs_webcam_mean/S29/S29_E0I109D0.arff,saccade,mean,6,5,-1,26.38333333333333,41.85000000000001,15.46666666666668,5.811941729462424,24.65329592569724,18.841354196234818
S29,S29_E0I110D0,data/outputs_webcam_mean/S29/S29_E0I110D0.arff,fixation,mean,5,3,-2,161.72000000000003,298.23333333333335,136.51333333333332,69.77819860099571,174.88545775259115,105.10725915159544
S29,S29_E0I110D0,data/outputs_webcam_mean/S29/S29_E0I110D0.arff,saccade,mean,4,2,-2,32.325,32.65,0.32499999999999574,13.641205958418778,5.161879502661795,-8.479326455756983
S29,S29_E0I111D0,data/outputs_webcam_mean/S29/S29_E0I111D0.arff,fixation,mean,6,4,-2,104.18333333333334,170.64999999999998,66.46666666666664,44.33966245548862,92.59296229555821,48.25329984006959
S29,S29_E0I111D0,data/outputs_webcam_mean/S29/S29_E0I111D0.arff,saccade,mean,5,3,-2,29.8,31.0,1.1999999999999993,10.38388174046681,4.331281565541543,-6.052600174925267
S29,S29_E0I112D0,data/outputs_webcam_mean/S29/S29_E0I112D0.arff,fixation,mean,12,9,-3,128.025,187.18888888888887,59.16388888888886,47.068385935205534,160.73476945300638,113.66638351780085
S29,S29_E0I112D0,data/outputs_webcam_mean/S29/S29_E0I112D0.arff,saccade,mean,9,6,-3,34.57777777777778,33.766666666666666,-0.8111111111111171,11.665523753541647,12.546021945886537,0.8804981923448896
S29,S29_E0I113D0,data/outputs_webcam_mean/S29/S29_E0I113D0.arff,fixation,mean,6,5,-1,143.71666666666667,199.28,55.56333333333333,73.95799934196886,171.76704282253914,97.80904348057028
S29,S29_E0I113D0,data/outputs_webcam_mean/S29/S29_E0I113D0.arff,saccade,mean,5,4,-1,34.68,31.025,-3.655000000000001,7.874769837906375,14.763553095376466,6.888783257470091
S29,S29_E0I114D0,data/outputs_webcam_mean/S29/S29_E0I114D0.arff,fixation,mean,5,3,-2,123.26000000000002,150.16666666666669,26.906666666666666,84.84260722066479,80.51461565041055,-4.327991570254241
S29,S29_E0I114D0,data/outputs_webcam_mean/S29/S29_E0I114D0.arff,saccade,mean,4,2,-2,21.65,39.25,17.6,8.259741723161406,15.202795795510772,6.943054072349366
S29,S29_E0I115D0,data/outputs_webcam_mean/S29/S29_E0I115D0.arff,fixation,mean,5,3,-2,111.20000000000002,237.33333333333334,126.13333333333333,53.01518650349163,93.60007122504413,40.584884721552505
S29,S29_E0I115D0,data/outputs_webcam_mean/S29/S29_E0I115D0.arff,saccade,mean,4,2,-2,28.924999999999997,22.45,-6.474999999999998,11.557789581057444,11.101576464628797,-0.45621311642864626
S29,S29_E0I116D0,data/outputs_webcam_mean/S29/S29_E0I116D0.arff,fixation,mean,4,2,-2,94.85000000000001,207.05,112.2,47.35852615949952,178.82730496207787,131.46877880257836
S29,S29_E0I116D0,data/outputs_webcam_mean/S29/S29_E0I116D0.arff,saccade,mean,3,1,-2,31.733333333333334,43.7,11.966666666666669,3.478984526170438,0.0,-3.478984526170438
S29,S29_E0I117D0,data/outputs_webcam_mean/S29/S29_E0I117D0.arff,fixation,mean,6,5,-1,118.81666666666666,162.46,43.643333333333345,54.586277274299135,69.79239213553294,15.2061148612338
S29,S29_E0I117D0,data/outputs_webcam_mean/S29/S29_E0I117D0.arff,saccade,mean,6,4,-2,36.36666666666667,40.199999999999996,3.8333333333333286,12.918307422672163,8.978864070694021,-3.9394433519781415
S29,S29_E0I118D0,data/outputs_webcam_mean/S29/S29_E0I118D0.arff,fixation,mean,4,3,-1,102.075,119.96666666666668,17.89166666666668,53.99175091314104,106.7285029096414,52.73675199650037
S29,S29_E0I118D0,data/outputs_webcam_mean/S29/S29_E0I118D0.arff,saccade,mean,2,1,-1,29.200000000000003,43.7,14.5,0.8485281374238565,0.0,-0.8485281374238565
S29,S29_E0I119D0,data/outputs_webcam_mean/S29/S29_E0I119D0.arff,fixation,mean,5,5,0,112.85,101.43,-11.419999999999987,38.66897981586791,65.85512128908427,27.18614147321636
S29,S29_E0I119D0,data/outputs_webcam_mean/S29/S29_E0I119D0.arff,saccade,mean,4,4,0,30.625,43.474999999999994,12.849999999999994,3.556566696501934,38.92157713488325,35.36501043838132
S29,S29_E0I120D0,data/outputs_webcam_mean/S29/S29_E0I120D0.arff,fixation,mean,4,4,0,102.04999999999998,109.35,7.300000000000011,35.931184227631576,27.838761945651722,-8.092422281979854
S29,S29_E0I120D0,data/outputs_webcam_mean/S29/S29_E0I120D0.arff,saccade,mean,3,3,0,41.13333333333333,40.86666666666667,-0.2666666666666657,4.707794954470014,10.83158960325461,6.123794648784596
S29,S29_E0I121D0,data/outputs_webcam_mean/S29/S29_E0I121D0.arff,fixation,mean,6,6,0,123.01666666666667,136.54999999999998,13.533333333333317,61.13416120849837,69.4134785182244,8.279317309726025
S29,S29_E0I121D0,data/outputs_webcam_mean/S29/S29_E0I121D0.arff,saccade,mean,5,5,0,32.120000000000005,36.019999999999996,3.8999999999999915,12.128767455928898,14.231725123821075,2.102957667892177
S29,S29_E0I122D0,data/outputs_webcam_mean/S29/S29_E0I122D0.arff,fixation,mean,4,4,0,129.875,142.525,12.650000000000006,26.101771970500398,14.1325569755323,-11.969214994968098
S29,S29_E0I122D0,data/outputs_webcam_mean/S29/S29_E0I122D0.arff,saccade,mean,3,3,0,40.63333333333333,38.400000000000006,-2.233333333333327,10.884086242461208,11.065260954898442,0.18117471243723315
S29,S29_E0I123D0,data/outputs_webcam_mean/S29/S29_E0I123D0.arff,fixation,mean,4,4,0,145.975,149.85,3.875,23.629836365634585,29.799832214292746,6.169995848658161
S29,S29_E0I123D0,data/outputs_webcam_mean/S29/S29_E0I123D0.arff,saccade,mean,3,3,0,36.63333333333333,36.4,-0.23333333333333428,8.00333263917809,11.873078791956196,3.869746152778106
S29,S29_E0I124D0,data/outputs_webcam_mean/S29/S29_E0I124D0.arff,fixation,mean,5,3,-2,114.6,120.06666666666668,5.466666666666683,61.67045483860161,21.42809682014093,-40.24235801846068
S29,S29_E0I124D0,data/outputs_webcam_mean/S29/S29_E0I124D0.arff,saccade,mean,4,4,0,37.55,36.1,-1.4499999999999957,17.782856913330885,10.259629622944486,-7.5232272903864
S29,S29_E0I125D0,data/outputs_webcam_mean/S29/S29_E0I125D0.arff,fixation,mean,4,3,-1,105.125,192.76666666666665,87.64166666666665,51.626632339003734,184.51613298932244,132.88950065031872
S29,S29_E0I125D0,data/outputs_webcam_mean/S29/S29_E0I125D0.arff,saccade,mean,5,3,-2,30.48,14.800000000000002,-15.679999999999998,12.613564127557286,2.175583928816829e-15,-12.613564127557284
S29,S29_E0I126D0,data/outputs_webcam_mean/S29/S29_E0I126D0.arff,fixation,mean,6,4,-2,74.21666666666667,113.0,38.78333333333333,42.715321216943536,35.0116647228701,-7.703656494073435
S29,S29_E0I126D0,data/outputs_webcam_mean/S29/S29_E0I126D0.arff,saccade,mean,4,3,-1,18.15,40.983333333333334,22.833333333333336,7.199999999999998,8.393052682625871,1.193052682625873
S29,S29_E0I127D0,data/outputs_webcam_mean/S29/S29_E0I127D0.arff,fixation,mean,4,3,-1,146.275,204.66666666666666,58.39166666666665,41.84426483999928,46.02448623649517,4.180221396495888
S29,S29_E0I127D0,data/outputs_webcam_mean/S29/S29_E0I127D0.arff,saccade,mean,3,2,-1,28.5,42.8,14.299999999999997,14.1,9.899494936611665,-4.200505063388334
S29,S29_E0I128D0,data/outputs_webcam_mean/S29/S29_E0I128D0.arff,fixation,mean,6,4,-2,133.78333333333333,229.025,95.24166666666667,68.39033313756168,151.93225189757,83.54191876000833
S29,S29_E0I128D0,data/outputs_webcam_mean/S29/S29_E0I128D0.arff,saccade,mean,5,2,-3,27.48,25.5,-1.9800000000000004,17.840179371295573,15.414927829866736,-2.425251541428837
S29,S29_E0I129D0,data/outputs_webcam_mean/S29/S29_E0I129D0.arff,fixation,mean,6,4,-2,129.71666666666667,210.85,81.13333333333333,61.6668927923782,146.46547943685115,84.79858664447295
S29,S29_E0I129D0,data/outputs_webcam_mean/S29/S29_E0I129D0.arff,saccade,mean,4,3,-1,25.525,33.800000000000004,8.275000000000006,7.085842692768916,4.073082370883259,-3.012760321885658
S29,S29_E0I130D0,data/outputs_webcam_mean/S29/S29_E0I130D0.arff,fixation,mean,4,5,1,203.675,152.55,-51.125,92.84781006212981,57.02819478117819,-35.819615280951616
S29,S29_E0I130D0,data/outputs_webcam_mean/S29/S29_E0I130D0.arff,saccade,mean,2,3,1,36.35,31.483333333333334,-4.866666666666667,10.748023074035524,18.17259841996552,7.424575345929997
S29,S29_E0I131D0,data/outputs_webcam_mean/S29/S29_E0I131D0.arff,fixation,mean,14,9,-5,238.23571428571427,375.9166666666667,137.68095238095242,141.35393035346993,334.7890977914305,193.43516743796056
S29,S29_E0I131D0,data/outputs_webcam_mean/S29/S29_E0I131D0.arff,saccade,mean,13,6,-7,29.788461538461544,27.416666666666668,-2.371794871794876,15.200248817126779,10.3087664958843,-4.89148232124248
S29,S29_E0I132D0,data/outputs_webcam_mean/S29/S29_E0I132D0.arff,fixation,mean,5,5,0,131.45999999999998,145.94,14.480000000000018,25.814492053883217,44.76598038689647,18.951488333013256
S29,S29_E0I132D0,data/outputs_webcam_mean/S29/S29_E0I132D0.arff,saccade,mean,5,4,-1,28.96,32.775,3.8149999999999977,10.509662221023092,7.170018595977744,-3.3396436250453476
S29,S29_E0I133D0,data/outputs_webcam_mean/S29/S29_E0I133D0.arff,fixation,mean,6,5,-1,142.10000000000002,187.9,45.79999999999998,44.49804490087177,115.22849040059494,70.73044549972317
S29,S29_E0I133D0,data/outputs_webcam_mean/S29/S29_E0I133D0.arff,saccade,mean,5,4,-1,31.339999999999996,28.499999999999996,-2.84,11.73213535550967,11.595113913483845,-0.13702144202582467
S29,S29_E0I134D0,data/outputs_webcam_mean/S29/S29_E0I134D0.arff,fixation,mean,5,3,-2,100.26,193.63333333333333,93.37333333333332,40.88756534693647,156.23320176368827,115.3456364167518
S29,S29_E0I134D0,data/outputs_webcam_mean/S29/S29_E0I134D0.arff,saccade,mean,4,2,-2,37.9,75.1,37.199999999999996,6.928684338795256,65.33666658163699,58.40798224284173
S29,S29_E0I135D0,data/outputs_webcam_mean/S29/S29_E0I135D0.arff,fixation,mean,5,4,-1,109.56000000000002,161.775,52.21499999999999,36.167775712642324,139.17824003773003,103.01046432508771
S29,S29_E0I135D0,data/outputs_webcam_mean/S29/S29_E0I135D0.arff,saccade,mean,4,3,-1,33.025,36.8,3.7749999999999986,15.476299083867994,7.6,-7.876299083867995
S29,S29_E0I136D0,data/outputs_webcam_mean/S29/S29_E0I136D0.arff,fixation,mean,5,4,-1,109.75999999999999,106.775,-2.984999999999985,50.13863779561626,68.51493146266246,18.3762936670462
S29,S29_E0I136D0,data/outputs_webcam_mean/S29/S29_E0I136D0.arff,saccade,mean,4,3,-1,45.324999999999996,34.13333333333333,-11.191666666666663,19.19138261477444,8.732315462312005,-10.459067152462435
S29,S29_E0I137D0,data/outputs_webcam_mean/S29/S29_E0I137D0.arff,fixation,mean,6,3,-3,102.78333333333332,255.36666666666667,152.58333333333337,55.27999336710042,225.5846034935304,170.30461012643
S29,S29_E0I137D0,data/outputs_webcam_mean/S29/S29_E0I137D0.arff,saccade,mean,4,2,-2,30.724999999999998,29.1,-1.6249999999999964,12.19818975640785,0.424264068711927,-11.773925687695922
S29,S29_E0I139D0,data/outputs_webcam_mean/S29/S29_E0I139D0.arff,fixation,mean,5,4,-1,145.01999999999998,205.925,60.90500000000003,40.28978778797427,103.52508150202057,63.2352937140463
S29,S29_E0I139D0,data/outputs_webcam_mean/S29/S29_E0I139D0.arff,saccade,mean,5,3,-2,34.42,38.4,3.979999999999997,5.954158210864069,10.54324428247776,4.589086071613691
S29,S29_E0I140D0,data/outputs_webcam_mean/S29/S29_E0I140D0.arff,fixation,mean,6,5,-1,138.35,156.07999999999998,17.72999999999999,29.68169469555268,146.63924099639905,116.95754630084637
S29,S29_E0I140D0,data/outputs_webcam_mean/S29/S29_E0I140D0.arff,saccade,mean,6,4,-2,37.11666666666667,32.4,-4.716666666666669,9.329612353504654,3.989151956661132,-5.340460396843522
S30,S30_E0I101D0,data/outputs_webcam_mean/S30/S30_E0I101D0.arff,fixation,mean,6,5,-1,178.91666666666666,239.21000000000004,60.29333333333338,78.04500411087609,119.01444450149738,40.96944039062129
S30,S30_E0I101D0,data/outputs_webcam_mean/S30/S30_E0I101D0.arff,saccade,mean,5,4,-1,37.769999999999996,51.0,13.230000000000004,7.522100770396526,10.187083324812194,2.6649825544156682
S30,S30_E0I102D0,data/outputs_webcam_mean/S30/S30_E0I102D0.arff,fixation,mean,6,6,0,169.88333333333335,159.1,-10.78333333333336,128.3415819859903,127.48890147773648,-0.852680508253826
S30,S30_E0I102D0,data/outputs_webcam_mean/S30/S30_E0I102D0.arff,saccade,mean,6,5,-1,39.666666666666664,50.54,10.873333333333335,17.407661148662868,14.979419214375437,-2.4282419342874313
S30,S30_E0I103D0,data/outputs_webcam_mean/S30/S30_E0I103D0.arff,fixation,mean,5,5,0,132.45999999999998,135.3,2.840000000000032,88.15865243979175,77.33062136049342,-10.828031079298327
S30,S30_E0I103D0,data/outputs_webcam_mean/S30/S30_E0I103D0.arff,saccade,mean,3,4,1,24.166666666666668,70.725,46.55833333333332,16.22354256422848,59.999243050780784,43.7757004865523
S30,S30_E0I104D0,data/outputs_webcam_mean/S30/S30_E0I104D0.arff,fixation,mean,6,6,0,204.30000000000004,219.86666666666667,15.566666666666634,136.22901306256315,122.43211452338258,-13.796898539180575
S30,S30_E0I104D0,data/outputs_webcam_mean/S30/S30_E0I104D0.arff,saccade,mean,4,5,1,33.5,45.06,11.560000000000002,14.416888244925348,13.240203925921985,-1.1766843190033622
S30,S30_E0I105D0,data/outputs_webcam_mean/S30/S30_E0I105D0.arff,fixation,mean,9,9,0,202.65555555555557,212.98888888888888,10.333333333333314,145.4869849085401,160.55152945740227,15.064544548862159
S30,S30_E0I105D0,data/outputs_webcam_mean/S30/S30_E0I105D0.arff,saccade,mean,6,8,2,29.183333333333337,44.55,15.36666666666666,8.98741712989147,18.584248322552238,9.596831192660767
S30,S30_E0I106D0,data/outputs_webcam_mean/S30/S30_E0I106D0.arff,fixation,mean,5,6,1,163.57,144.75,-18.819999999999993,116.90866948177967,85.82603334653187,-31.082636135247796
S30,S30_E0I106D0,data/outputs_webcam_mean/S30/S30_E0I106D0.arff,saccade,mean,4,5,1,34.475,44.95,10.475000000000001,10.652190698005114,8.155366331440913,-2.4968243665642014
S30,S30_E0I107D0,data/outputs_webcam_mean/S30/S30_E0I107D0.arff,fixation,mean,6,6,0,164.93333333333334,206.51666666666665,41.583333333333314,164.0827281180645,144.26003835666572,-19.822689761398777
S30,S30_E0I107D0,data/outputs_webcam_mean/S30/S30_E0I107D0.arff,saccade,mean,5,5,0,51.89,52.19,0.29999999999999716,39.60066918626502,20.26284777616414,-19.337821410100883
S30,S30_E0I108D0,data/outputs_webcam_mean/S30/S30_E0I108D0.arff,fixation,mean,5,4,-1,124.42,178.87500000000003,54.45500000000003,24.48503624665481,39.70200456735991,15.216968320705096
S30,S30_E0I108D0,data/outputs_webcam_mean/S30/S30_E0I108D0.arff,saccade,mean,3,3,0,43.76666666666667,60.5,16.733333333333327,14.400462955521025,3.9,-10.500462955521025
S30,S30_E0I109D0,data/outputs_webcam_mean/S30/S30_E0I109D0.arff,fixation,mean,5,5,0,208.9,211.48000000000002,2.5800000000000125,53.782013722061386,60.759748189076625,6.977734467015239
S30,S30_E0I109D0,data/outputs_webcam_mean/S30/S30_E0I109D0.arff,saccade,mean,4,5,1,38.075,50.58,12.504999999999995,21.584620296251064,25.023329115047822,3.4387088187967585
S30,S30_E0I110D0,data/outputs_webcam_mean/S30/S30_E0I110D0.arff,fixation,mean,6,5,-1,128.35,155.48,27.129999999999995,71.9204491087201,73.24497935012337,1.3245302414032665
S30,S30_E0I110D0,data/outputs_webcam_mean/S30/S30_E0I110D0.arff,saccade,mean,5,4,-1,52.08,40.1,-11.979999999999997,28.060060584396464,9.29623579735368,-18.763824787042786
S30,S30_E0I111D0,data/outputs_webcam_mean/S30/S30_E0I111D0.arff,fixation,mean,8,8,0,84.6125,87.4,2.7875000000000085,64.85762291357894,51.84314254143385,-13.014480372145087
S30,S30_E0I111D0,data/outputs_webcam_mean/S30/S30_E0I111D0.arff,saccade,mean,6,7,1,39.96666666666666,42.64999999999999,2.68333333333333,21.907570989652562,14.565026604850402,-7.34254438480216
S30,S30_E0I112D0,data/outputs_webcam_mean/S30/S30_E0I112D0.arff,fixation,mean,5,6,1,199.8,171.58333333333334,-28.21666666666667,129.66501070065124,125.57903354727121,-4.085977153380028
S30,S30_E0I112D0,data/outputs_webcam_mean/S30/S30_E0I112D0.arff,saccade,mean,3,5,2,34.199999999999996,47.68,13.480000000000004,16.803571049035977,23.374708554332823,6.571137505296846
S30,S30_E0I113D0,data/outputs_webcam_mean/S30/S30_E0I113D0.arff,fixation,mean,7,5,-2,126.8142857142857,183.32,56.50571428571429,50.04309571330923,89.24862463926264,39.205528925953416
S30,S30_E0I113D0,data/outputs_webcam_mean/S30/S30_E0I113D0.arff,saccade,mean,6,4,-2,32.93333333333333,39.9,6.966666666666669,17.63946333272831,9.012213934433646,-8.627249398294666
S30,S30_E0I114D0,data/outputs_webcam_mean/S30/S30_E0I114D0.arff,fixation,mean,9,9,0,125.1222222222222,123.66666666666664,-1.4555555555555628,60.97851625322187,68.91904671424292,7.940530461021055
S30,S30_E0I114D0,data/outputs_webcam_mean/S30/S30_E0I114D0.arff,saccade,mean,6,9,3,34.85,48.0,13.149999999999999,9.309940923550483,43.97655625444084,34.66661533089035
S30,S30_E0I115D0,data/outputs_webcam_mean/S30/S30_E0I115D0.arff,fixation,mean,7,7,0,109.17142857142858,150.1285714285714,40.95714285714283,45.060763208720516,38.582928620730456,-6.47783458799006
S30,S30_E0I115D0,data/outputs_webcam_mean/S30/S30_E0I115D0.arff,saccade,mean,4,7,3,36.175,39.371428571428574,3.1964285714285765,8.343210812790641,13.885929843515976,5.542719030725335
S30,S30_E0I117D0,data/outputs_webcam_mean/S30/S30_E0I117D0.arff,fixation,mean,7,7,0,132.83571428571426,159.46428571428572,26.628571428571462,68.42741722855999,103.12788870413002,34.700471475570026
S30,S30_E0I117D0,data/outputs_webcam_mean/S30/S30_E0I117D0.arff,saccade,mean,5,7,2,42.13000000000001,34.15,-7.980000000000011,9.280463350501417,17.27252152987513,7.992058179373714
S30,S30_E0I118D0,data/outputs_webcam_mean/S30/S30_E0I118D0.arff,fixation,mean,8,5,-3,133.0875,200.8,67.7125,77.65008393887469,154.53764913444232,76.88756519556763
S30,S30_E0I118D0,data/outputs_webcam_mean/S30/S30_E0I118D0.arff,saccade,mean,6,6,0,27.316666666666663,42.800000000000004,15.483333333333341,9.885022340220921,15.014659503298768,5.129637163077847
S30,S30_E0I119D0,data/outputs_webcam_mean/S30/S30_E0I119D0.arff,fixation,mean,6,6,0,147.08333333333334,180.16666666666666,33.083333333333314,68.22842271859044,77.0892902202807,8.860867501690265
S30,S30_E0I119D0,data/outputs_webcam_mean/S30/S30_E0I119D0.arff,saccade,mean,5,5,0,35.08,33.58,-1.5,18.562246631267453,13.964490681725561,-4.597755949541892
S30,S30_E0I120D0,data/outputs_webcam_mean/S30/S30_E0I120D0.arff,fixation,mean,7,6,-1,137.17142857142858,173.01666666666665,35.845238095238074,88.9956312464403,77.66887192863476,-11.32675931780554
S30,S30_E0I120D0,data/outputs_webcam_mean/S30/S30_E0I120D0.arff,saccade,mean,5,5,0,36.239999999999995,46.379999999999995,10.14,15.799462016157385,19.90796323082801,4.108501214670625
S30,S30_E0I121D0,data/outputs_webcam_mean/S30/S30_E0I121D0.arff,fixation,mean,7,7,0,167.44285714285712,151.88571428571427,-15.55714285714285,67.47865976595507,124.39198029577616,56.91332052982109
S30,S30_E0I121D0,data/outputs_webcam_mean/S30/S30_E0I121D0.arff,saccade,mean,5,6,1,24.56,56.18333333333333,31.62333333333333,13.900467618033574,36.493255084558655,22.59278746652508
S30,S30_E0I122D0,data/outputs_webcam_mean/S30/S30_E0I122D0.arff,fixation,mean,5,5,0,161.45999999999998,178.78000000000003,17.32000000000005,106.14783558791954,105.4255519312088,-0.7222836567107436
S30,S30_E0I122D0,data/outputs_webcam_mean/S30/S30_E0I122D0.arff,saccade,mean,4,4,0,37.875,41.475,3.6000000000000014,16.805430669875737,10.774468277676938,-6.0309623921987985
S30,S30_E0I123D0,data/outputs_webcam_mean/S30/S30_E0I123D0.arff,fixation,mean,6,6,0,201.45000000000002,208.88333333333333,7.433333333333309,205.9213223539515,201.15695778835658,-4.764364565594917
S30,S30_E0I123D0,data/outputs_webcam_mean/S30/S30_E0I123D0.arff,saccade,mean,4,5,1,37.9,47.440000000000005,9.540000000000006,6.936377536822323,26.597800660956917,19.661423124134593
S30,S30_E0I124D0,data/outputs_webcam_mean/S30/S30_E0I124D0.arff,fixation,mean,6,6,0,131.16666666666666,159.85,28.683333333333337,112.65900171165492,136.85090792537696,24.191906213722035
S30,S30_E0I124D0,data/outputs_webcam_mean/S30/S30_E0I124D0.arff,saccade,mean,4,3,-1,32.475,36.63333333333333,4.158333333333331,13.727678852109946,7.352777253074742,-6.374901599035204
S30,S30_E0I125D0,data/outputs_webcam_mean/S30/S30_E0I125D0.arff,fixation,mean,7,7,0,95.90714285714286,103.97857142857144,8.071428571428584,66.06690692378591,84.84049179265197,18.773584868866067
S30,S30_E0I125D0,data/outputs_webcam_mean/S30/S30_E0I125D0.arff,saccade,mean,5,5,0,43.589999999999996,39.489999999999995,-4.100000000000001,32.522115552343756,9.79504977016452,-22.72706578217924
S30,S30_E0I126D0,data/outputs_webcam_mean/S30/S30_E0I126D0.arff,fixation,mean,10,8,-2,134.43,188.275,53.845,82.77824526340777,84.58277011306735,1.804524849659586
S30,S30_E0I126D0,data/outputs_webcam_mean/S30/S30_E0I126D0.arff,saccade,mean,6,9,3,35.15,41.37777777777778,6.227777777777781,13.551789549723683,17.06442042509632,3.5126308753726363
S30,S30_E0I127D0,data/outputs_webcam_mean/S30/S30_E0I127D0.arff,fixation,mean,6,6,0,156.86666666666667,159.1,2.23333333333332,93.99409910556442,92.20067244874085,-1.79342665682357
S30,S30_E0I127D0,data/outputs_webcam_mean/S30/S30_E0I127D0.arff,saccade,mean,4,5,1,35.824999999999996,35.980000000000004,0.15500000000000824,5.675312032537654,12.529046252608378,6.853734220070724
S30,S30_E0I128D0,data/outputs_webcam_mean/S30/S30_E0I128D0.arff,fixation,mean,5,5,0,139.23,141.97,2.740000000000009,49.01848630873866,53.265345206804014,4.246858898065355
S30,S30_E0I128D0,data/outputs_webcam_mean/S30/S30_E0I128D0.arff,saccade,mean,3,5,2,33.38333333333333,27.47,-5.913333333333334,4.2770706486254495,7.770907282936786,3.4938366343113367
S30,S30_E0I129D0,data/outputs_webcam_mean/S30/S30_E0I129D0.arff,fixation,mean,6,5,-1,123.30000000000001,157.8,34.5,24.140919617943304,100.64904371130407,76.50812409336078
S30,S30_E0I129D0,data/outputs_webcam_mean/S30/S30_E0I129D0.arff,saccade,mean,5,4,-1,27.68,47.175000000000004,19.495000000000005,12.89251720960651,22.269467139261923,9.376949929655414
S30,S30_E0I130D0,data/outputs_webcam_mean/S30/S30_E0I130D0.arff,fixation,mean,5,5,0,179.5,175.35999999999999,-4.140000000000015,85.96880248090001,95.46676385004363,9.497961369143624
S30,S30_E0I130D0,data/outputs_webcam_mean/S30/S30_E0I130D0.arff,saccade,mean,4,4,0,41.575,48.7,7.125,16.75835612463227,10.741508273980891,-6.016847850651381
S30,S30_E0I131D0,data/outputs_webcam_mean/S30/S30_E0I131D0.arff,fixation,mean,5,6,1,145.6,123.84999999999998,-21.750000000000014,73.96897998485582,69.01793245237067,-4.951047532485148
S30,S30_E0I131D0,data/outputs_webcam_mean/S30/S30_E0I131D0.arff,saccade,mean,3,5,2,45.93333333333334,42.300000000000004,-3.633333333333333,8.429313930168533,9.475230867899736,1.045916937731203
S30,S30_E0I132D0,data/outputs_webcam_mean/S30/S30_E0I132D0.arff,fixation,mean,10,9,-1,155.19,173.24444444444444,18.054444444444442,70.76933501014248,94.912079198476,24.14274418833351
S30,S30_E0I132D0,data/outputs_webcam_mean/S30/S30_E0I132D0.arff,saccade,mean,8,9,1,33.550000000000004,42.011111111111106,8.461111111111101,10.860413041342923,9.949050764324761,-0.9113622770181617
S30,S30_E0I133D0,data/outputs_webcam_mean/S30/S30_E0I133D0.arff,fixation,mean,8,8,0,103.71249999999999,113.41250000000001,9.700000000000017,37.497140367157144,28.73104033221611,-8.766100034941033
S30,S30_E0I133D0,data/outputs_webcam_mean/S30/S30_E0I133D0.arff,saccade,mean,6,7,1,37.51666666666667,35.2,-2.31666666666667,8.321398119707208,18.12355741385596,9.802159294148751
S30,S30_E0I134D0,data/outputs_webcam_mean/S30/S30_E0I134D0.arff,fixation,mean,7,6,-1,162.91428571428568,205.66666666666666,42.752380952380975,107.15825413178132,98.94385613400495,-8.214397997776373
S30,S30_E0I134D0,data/outputs_webcam_mean/S30/S30_E0I134D0.arff,saccade,mean,5,5,0,33.28,46.00000000000001,12.720000000000006,21.303919827111628,20.518893732362866,-0.785026094748762
S30,S30_E0I135D0,data/outputs_webcam_mean/S30/S30_E0I135D0.arff,fixation,mean,6,5,-1,142.31666666666666,170.88,28.563333333333333,68.25863803700354,122.83129487227593,54.5726568352724
S30,S30_E0I135D0,data/outputs_webcam_mean/S30/S30_E0I135D0.arff,saccade,mean,4,5,1,22.125,51.85999999999999,29.734999999999992,8.25,9.111695780698566,0.8616957806985663
S30,S30_E0I136D0,data/outputs_webcam_mean/S30/S30_E0I136D0.arff,fixation,mean,5,6,1,146.62000000000003,126.98333333333333,-19.6366666666667,47.037400013181006,74.40146279923982,27.364062786058817
S30,S30_E0I136D0,data/outputs_webcam_mean/S30/S30_E0I136D0.arff,saccade,mean,4,5,1,52.175000000000004,53.24000000000001,1.0650000000000048,47.93456477324061,27.02374881470001,-20.9108159585406
S30,S30_E0I137D0,data/outputs_webcam_mean/S30/S30_E0I137D0.arff,fixation,mean,4,4,0,262.325,246.075,-16.25,281.221980826535,282.40088969406594,1.1789088675309358
S30,S30_E0I137D0,data/outputs_webcam_mean/S30/S30_E0I137D0.arff,saccade,mean,3,3,0,26.883333333333336,31.583333333333332,4.699999999999996,10.789501069712786,3.79780638439262,-6.991694685320166
S30,S30_E0I138D0,data/outputs_webcam_mean/S30/S30_E0I138D0.arff,fixation,mean,5,4,-1,115.2,138.5,23.299999999999997,48.54848092371171,36.11435540981822,-12.434125513893491
S30,S30_E0I138D0,data/outputs_webcam_mean/S30/S30_E0I138D0.arff,saccade,mean,4,4,0,43.675,38.02499999999999,-5.650000000000006,27.532934823589002,10.53165862214178,-17.001276201447222
S30,S30_E0I139D0,data/outputs_webcam_mean/S30/S30_E0I139D0.arff,fixation,mean,6,6,0,129.16666666666666,130.5,1.3333333333333428,56.915610043876946,68.50821848508396,11.592608441207013
S30,S30_E0I139D0,data/outputs_webcam_mean/S30/S30_E0I139D0.arff,saccade,mean,5,5,0,30.46,68.97999999999999,38.51999999999999,16.15481352414815,77.1585186482996,61.00370512415145
S30,S30_E0I140D0,data/outputs_webcam_mean/S30/S30_E0I140D0.arff,fixation,mean,7,8,1,164.1,160.6875,-3.4124999999999943,64.99766662478483,54.55011948395976,-10.447547140825066
S30,S30_E0I140D0,data/outputs_webcam_mean/S30/S30_E0I140D0.arff,saccade,mean,5,7,2,34.14,33.42857142857142,-0.7114285714285771,14.413812819653236,13.298711000909611,-1.115101818743625
S31,S31_E0I101D0,data/outputs_webcam_mean/S31/S31_E0I101D0.arff,fixation,mean,3,3,0,249.33333333333334,249.13333333333335,-0.19999999999998863,153.52662092722986,173.3361570282823,19.80953610105243
S31,S31_E0I101D0,data/outputs_webcam_mean/S31/S31_E0I101D0.arff,saccade,mean,2,2,0,29.75,30.6,0.8500000000000014,20.57680733252853,0.141421356237309,-20.435385976291222
S31,S31_E0I102D0,data/outputs_webcam_mean/S31/S31_E0I102D0.arff,fixation,mean,5,5,0,271.64,274.84000000000003,3.2000000000000455,178.84009058373908,177.64431597999416,-1.1957746037449226
S31,S31_E0I102D0,data/outputs_webcam_mean/S31/S31_E0I102D0.arff,saccade,mean,4,4,0,35.4,39.225,3.825000000000003,6.593936608733813,10.640606185739607,4.046669577005794
S31,S31_E0I103D0,data/outputs_webcam_mean/S31/S31_E0I103D0.arff,fixation,mean,4,4,0,191.75,200.95,9.199999999999989,133.1731829861653,143.58877625589915,10.415593269733847
S31,S31_E0I103D0,data/outputs_webcam_mean/S31/S31_E0I103D0.arff,saccade,mean,3,4,1,46.0,34.45,-11.549999999999997,14.992331373072036,14.318635875436366,-0.6736954976356699
S31,S31_E0I104D0,data/outputs_webcam_mean/S31/S31_E0I104D0.arff,fixation,mean,6,5,-1,174.30000000000004,221.6,47.299999999999955,92.06921309536645,92.06351068691656,-0.005702408449892005
S31,S31_E0I104D0,data/outputs_webcam_mean/S31/S31_E0I104D0.arff,saccade,mean,5,4,-1,25.32,40.475,15.155000000000001,16.233822716784854,12.44357263811322,-3.790250078671633
S31,S31_E0I105D0,data/outputs_webcam_mean/S31/S31_E0I105D0.arff,fixation,mean,8,7,-1,112.95,149.09285714285716,36.14285714285715,55.128473327569765,70.21058460429019,15.082111276720426
S31,S31_E0I105D0,data/outputs_webcam_mean/S31/S31_E0I105D0.arff,saccade,mean,7,6,-1,33.56428571428572,42.916666666666664,9.352380952380948,12.232392593905274,14.056125592305534,1.82373299840026
S31,S31_E0I106D0,data/outputs_webcam_mean/S31/S31_E0I106D0.arff,fixation,mean,5,5,0,285.30000000000007,289.52000000000004,4.21999999999997,99.86070298170347,104.1888765655912,4.328173583887732
S31,S31_E0I106D0,data/outputs_webcam_mean/S31/S31_E0I106D0.arff,saccade,mean,4,4,0,29.725,29.875,0.14999999999999858,0.35939764421413056,0.09574271077563332,-0.2636549334384972
S31,S31_E0I107D0,data/outputs_webcam_mean/S31/S31_E0I107D0.arff,fixation,mean,6,6,0,168.66666666666666,188.79999999999998,20.133333333333326,46.551376635569724,53.90951678507237,7.3581401495026455
S31,S31_E0I107D0,data/outputs_webcam_mean/S31/S31_E0I107D0.arff,saccade,mean,6,5,-1,39.9,37.58,-2.3200000000000003,12.902867898261997,7.5955249983131505,-5.307342899948846
S31,S31_E0I108D0,data/outputs_webcam_mean/S31/S31_E0I108D0.arff,fixation,mean,7,6,-1,148.22857142857143,169.18333333333334,20.95476190476191,133.87481359197372,136.03633950774577,2.161525915772046
S31,S31_E0I108D0,data/outputs_webcam_mean/S31/S31_E0I108D0.arff,saccade,mean,6,6,0,28.36666666666667,35.81666666666666,7.449999999999992,7.157839525070862,13.630615050930997,6.4727755258601345
S31,S31_E0I109D0,data/outputs_webcam_mean/S31/S31_E0I109D0.arff,fixation,mean,4,4,0,235.325,244.475,9.150000000000006,168.12129301985124,184.47023924380503,16.34894622395379
S31,S31_E0I109D0,data/outputs_webcam_mean/S31/S31_E0I109D0.arff,saccade,mean,3,3,0,34.78333333333333,49.449999999999996,14.666666666666664,17.008919228843826,16.974097914174997,-0.03482131466882876
S31,S31_E0I110D0,data/outputs_webcam_mean/S31/S31_E0I110D0.arff,fixation,mean,7,7,0,104.8,120.77142857142856,15.97142857142856,59.40266548452743,54.222126918989886,-5.180538565537546
S31,S31_E0I110D0,data/outputs_webcam_mean/S31/S31_E0I110D0.arff,saccade,mean,6,6,0,32.349999999999994,39.56666666666666,7.216666666666669,14.271475046399372,12.548572295949315,-1.7229027504500571
S31,S31_E0I111D0,data/outputs_webcam_mean/S31/S31_E0I111D0.arff,fixation,mean,6,5,-1,131.06666666666663,156.9,25.83333333333337,59.43566830335693,26.541571166756498,-32.89409713660043
S31,S31_E0I111D0,data/outputs_webcam_mean/S31/S31_E0I111D0.arff,saccade,mean,5,4,-1,45.5,38.050000000000004,-7.449999999999996,10.33247308247159,8.378345103101607,-1.954127979369984
S31,S31_E0I112D0,data/outputs_webcam_mean/S31/S31_E0I112D0.arff,fixation,mean,5,5,0,171.57999999999998,171.56,-0.01999999999998181,62.23019363620845,61.9312764279891,-0.2989172082193505
S31,S31_E0I112D0,data/outputs_webcam_mean/S31/S31_E0I112D0.arff,saccade,mean,4,4,0,39.0,51.599999999999994,12.599999999999994,16.28639514032085,12.7559136612527,-3.5304814790681487
S31,S31_E0I113D0,data/outputs_webcam_mean/S31/S31_E0I113D0.arff,fixation,mean,6,6,0,133.15,136.56666666666666,3.416666666666657,50.53599707139457,32.813330624407314,-17.722666446987255
S31,S31_E0I113D0,data/outputs_webcam_mean/S31/S31_E0I113D0.arff,saccade,mean,5,5,0,28.339999999999996,39.779999999999994,11.439999999999998,7.876103097344523,9.5891605472012,1.7130574498566764
S31,S31_E0I114D0,data/outputs_webcam_mean/S31/S31_E0I114D0.arff,fixation,mean,7,7,0,166.31428571428572,166.42857142857142,0.11428571428569967,88.02032773875644,67.964861369331,-20.05546636942543
S31,S31_E0I114D0,data/outputs_webcam_mean/S31/S31_E0I114D0.arff,saccade,mean,6,5,-1,33.833333333333336,47.9,14.066666666666663,11.551565550464002,16.907246966907415,5.355681416443414
S31,S31_E0I115D0,data/outputs_webcam_mean/S31/S31_E0I115D0.arff,fixation,mean,5,5,0,170.12,174.35999999999999,4.239999999999981,62.49105535994731,53.814059501212135,-8.676995858735175
S31,S31_E0I115D0,data/outputs_webcam_mean/S31/S31_E0I115D0.arff,saccade,mean,5,4,-1,30.160000000000004,43.825,13.665,10.195243989233411,11.386358797555372,1.1911148083219611
S31,S31_E0I116D0,data/outputs_webcam_mean/S31/S31_E0I116D0.arff,fixation,mean,5,5,0,144.78,150.58,5.800000000000011,49.61277053340198,38.178226779147295,-11.434543754254683
S31,S31_E0I116D0,data/outputs_webcam_mean/S31/S31_E0I116D0.arff,saccade,mean,4,4,0,37.725,32.275,-5.450000000000003,6.466000824827249,3.5311707218239494,-2.9348301030033
S31,S31_E0I117D0,data/outputs_webcam_mean/S31/S31_E0I117D0.arff,fixation,mean,6,6,0,169.6,172.25,2.6500000000000057,104.08823180360017,97.75571083062104,-6.332520972979125
S31,S31_E0I117D0,data/outputs_webcam_mean/S31/S31_E0I117D0.arff,saccade,mean,5,5,0,33.18,39.06,5.880000000000003,6.781740189656338,13.39656672435143,6.6148265346950925
S31,S31_E0I118D0,data/outputs_webcam_mean/S31/S31_E0I118D0.arff,fixation,mean,6,6,0,172.75,183.9,11.150000000000006,64.24798051300913,64.19828658149686,-0.049693931512265976
S31,S31_E0I118D0,data/outputs_webcam_mean/S31/S31_E0I118D0.arff,saccade,mean,5,5,0,33.0,36.279999999999994,3.279999999999994,12.194875973129042,17.025334064270222,4.83045809114118
S31,S31_E0I119D0,data/outputs_webcam_mean/S31/S31_E0I119D0.arff,fixation,mean,8,7,-1,134.3625,173.2357142857143,38.87321428571428,78.85897788366992,75.06500357626558,-3.7939743074043406
S31,S31_E0I119D0,data/outputs_webcam_mean/S31/S31_E0I119D0.arff,saccade,mean,6,6,0,30.05,33.71666666666667,3.666666666666668,13.351554216644592,13.001179433677034,-0.35037478296755786
S31,S31_E0I120D0,data/outputs_webcam_mean/S31/S31_E0I120D0.arff,fixation,mean,6,5,-1,156.63333333333333,184.78,28.146666666666675,73.38069682598187,42.916511973831234,-30.464184852150638
S31,S31_E0I120D0,data/outputs_webcam_mean/S31/S31_E0I120D0.arff,saccade,mean,5,6,1,40.38,36.25,-4.130000000000003,6.621329171699592,15.611630280018804,8.990301108319212
S31,S31_E0I121D0,data/outputs_webcam_mean/S31/S31_E0I121D0.arff,fixation,mean,6,6,0,203.41666666666666,227.85,24.433333333333337,173.71396508820663,177.38358154011885,3.669616451912219
S31,S31_E0I121D0,data/outputs_webcam_mean/S31/S31_E0I121D0.arff,saccade,mean,5,5,0,46.8,33.32,-13.479999999999997,37.836292101631734,16.705897162379518,-21.130394939252216
S31,S31_E0I122D0,data/outputs_webcam_mean/S31/S31_E0I122D0.arff,fixation,mean,7,5,-2,116.3714285714286,149.22,32.848571428571404,77.80849812811182,63.1727156294551,-14.635782498656724
S31,S31_E0I122D0,data/outputs_webcam_mean/S31/S31_E0I122D0.arff,saccade,mean,5,5,0,32.7,37.16,4.459999999999994,13.381330277666716,7.3656635817827025,-6.015666695884014
S31,S31_E0I123D0,data/outputs_webcam_mean/S31/S31_E0I123D0.arff,fixation,mean,8,6,-2,146.33749999999998,216.0333333333333,69.69583333333333,61.765453531889484,97.881819898624,36.11636636673452
S31,S31_E0I123D0,data/outputs_webcam_mean/S31/S31_E0I123D0.arff,saccade,mean,7,5,-2,28.24285714285714,39.339999999999996,11.097142857142856,13.756314567361073,9.77179615014558,-3.9845184172154937
S31,S31_E0I124D0,data/outputs_webcam_mean/S31/S31_E0I124D0.arff,fixation,mean,5,3,-2,121.64000000000001,202.46666666666667,80.82666666666665,68.25659675079032,87.0143857838078,18.757789033017474
S31,S31_E0I124D0,data/outputs_webcam_mean/S31/S31_E0I124D0.arff,saccade,mean,4,3,-1,24.375,62.1,37.725,10.90210224375709,55.07930645895971,44.177204215202615
S31,S31_E0I125D0,data/outputs_webcam_mean/S31/S31_E0I125D0.arff,fixation,mean,12,10,-2,125.66666666666667,149.59999999999997,23.933333333333294,64.59255984924879,67.8292136341136,3.2366537848648136
S31,S31_E0I125D0,data/outputs_webcam_mean/S31/S31_E0I125D0.arff,saccade,mean,10,9,-1,28.369999999999997,47.93333333333333,19.563333333333333,15.111662163155096,17.393820741861173,2.2821585787060776
S31,S31_E0I126D0,data/outputs_webcam_mean/S31/S31_E0I126D0.arff,fixation,mean,8,8,0,171.2625,180.65,9.387500000000017,75.56643127549617,67.96244761421035,-7.603983661285824
S31,S31_E0I126D0,data/outputs_webcam_mean/S31/S31_E0I126D0.arff,saccade,mean,7,7,0,39.25714285714286,43.385714285714286,4.128571428571426,11.863368990700907,16.425024461821312,4.561655471120405
S31,S31_E0I128D0,data/outputs_webcam_mean/S31/S31_E0I128D0.arff,fixation,mean,5,5,0,178.8,181.58,2.780000000000001,76.90728183988821,81.51384544971486,4.606563609826651
S31,S31_E0I128D0,data/outputs_webcam_mean/S31/S31_E0I128D0.arff,saccade,mean,4,4,0,26.400000000000002,35.574999999999996,9.174999999999994,7.4828693248869005,7.343194127898296,-0.13967519698860453
S31,S31_E0I129D0,data/outputs_webcam_mean/S31/S31_E0I129D0.arff,fixation,mean,5,4,-1,138.48000000000002,172.72500000000002,34.245000000000005,100.22675291557638,66.74021151699574,-33.48654139858064
S31,S31_E0I129D0,data/outputs_webcam_mean/S31/S31_E0I129D0.arff,saccade,mean,4,4,0,39.474999999999994,43.199999999999996,3.7250000000000014,7.527449767351489,9.089187715815607,1.5617379484641178
S31,S31_E0I130D0,data/outputs_webcam_mean/S31/S31_E0I130D0.arff,fixation,mean,6,5,-1,132.8,183.07999999999998,50.27999999999997,63.79485872701656,53.96459024212079,-9.830268484895768
S31,S31_E0I130D0,data/outputs_webcam_mean/S31/S31_E0I130D0.arff,saccade,mean,5,4,-1,28.459999999999997,33.625,5.165000000000003,15.171123887174609,7.586116705315484,-7.585007181859125
S31,S31_E0I131D0,data/outputs_webcam_mean/S31/S31_E0I131D0.arff,fixation,mean,7,8,1,186.32857142857142,163.0625,-23.266071428571422,47.21404149493786,72.84233340382696,25.628291908889096
S31,S31_E0I131D0,data/outputs_webcam_mean/S31/S31_E0I131D0.arff,saccade,mean,6,7,1,43.18333333333334,41.557142857142864,-1.626190476190473,16.77848821159602,14.144475616868606,-2.6340125947274142
S31,S31_E0I132D0,data/outputs_webcam_mean/S31/S31_E0I132D0.arff,fixation,mean,7,7,0,210.30714285714288,241.12142857142857,30.81428571428569,88.77144543043964,90.76120159124004,1.9897561608003969
S31,S31_E0I132D0,data/outputs_webcam_mean/S31/S31_E0I132D0.arff,saccade,mean,6,6,0,56.88333333333333,38.65,-18.233333333333334,20.23043911205752,13.402537073255944,-6.827902038801577
S31,S31_E0I133D0,data/outputs_webcam_mean/S31/S31_E0I133D0.arff,fixation,mean,6,7,1,142.51666666666668,126.62857142857142,-15.88809523809526,83.20717316834329,90.02212161992396,6.814948451580676
S31,S31_E0I133D0,data/outputs_webcam_mean/S31/S31_E0I133D0.arff,saccade,mean,6,6,0,32.4,38.45000000000001,6.050000000000011,10.714662850505377,11.752574186109186,1.037911335603809
S31,S31_E0I134D0,data/outputs_webcam_mean/S31/S31_E0I134D0.arff,fixation,mean,5,5,0,171.07000000000002,160.17,-10.900000000000034,44.53180885614236,49.099358447947154,4.5675495918047915
S31,S31_E0I134D0,data/outputs_webcam_mean/S31/S31_E0I134D0.arff,saccade,mean,4,4,0,35.75,37.575,1.8250000000000028,14.201173660417414,8.28547926596082,-5.915694394456594
S31,S31_E0I135D0,data/outputs_webcam_mean/S31/S31_E0I135D0.arff,fixation,mean,7,6,-1,148.27142857142854,191.5,43.228571428571456,87.67444922906016,107.88649591121218,20.21204668215202
S31,S31_E0I135D0,data/outputs_webcam_mean/S31/S31_E0I135D0.arff,saccade,mean,6,5,-1,33.583333333333336,38.48,4.896666666666661,19.77052519956581,15.972069371249297,-3.798455828316513
S31,S31_E0I136D0,data/outputs_webcam_mean/S31/S31_E0I136D0.arff,fixation,mean,7,6,-1,157.07142857142858,193.20000000000002,36.12857142857143,102.97685361746291,95.45216603094977,-7.524687586513139
S31,S31_E0I136D0,data/outputs_webcam_mean/S31/S31_E0I136D0.arff,saccade,mean,6,5,-1,25.149999999999995,40.419999999999995,15.27,7.794805962947378,11.503564664920175,3.708758701972797
S31,S31_E0I137D0,data/outputs_webcam_mean/S31/S31_E0I137D0.arff,fixation,mean,5,5,0,152.82,169.28,16.460000000000008,46.23880405027795,36.55047195317729,-9.688332097100655
S31,S31_E0I137D0,data/outputs_webcam_mean/S31/S31_E0I137D0.arff,saccade,mean,4,4,0,35.55,37.525,1.9750000000000014,11.905880899790658,9.35534606521854,-2.550534834572117
S31,S31_E0I138D0,data/outputs_webcam_mean/S31/S31_E0I138D0.arff,fixation,mean,6,6,0,129.0666666666667,134.26666666666668,5.199999999999989,46.064592331493245,50.057313817929405,3.99272148643616
S31,S31_E0I138D0,data/outputs_webcam_mean/S31/S31_E0I138D0.arff,saccade,mean,5,6,1,40.12,38.349999999999994,-1.7700000000000031,6.6721061142640705,17.898016649897276,11.225910535633204
S31,S31_E0I139D0,data/outputs_webcam_mean/S31/S31_E0I139D0.arff,fixation,mean,5,5,0,201.02,211.21999999999997,10.19999999999996,60.30237972087006,64.46772060496633,4.165340884096274
S31,S31_E0I139D0,data/outputs_webcam_mean/S31/S31_E0I139D0.arff,saccade,mean,5,4,-1,36.72,34.55,-2.1700000000000017,13.673587678440505,8.301204731844651,-5.372382946595854
S31,S31_E0I140D0,data/outputs_webcam_mean/S31/S31_E0I140D0.arff,fixation,mean,7,7,0,153.42857142857142,160.07142857142858,6.642857142857167,44.92748654909428,39.94645225322329,-4.981034295870991
S31,S31_E0I140D0,data/outputs_webcam_mean/S31/S31_E0I140D0.arff,saccade,mean,6,6,0,40.800000000000004,37.43333333333334,-3.366666666666667,22.07949274779654,11.788921352976558,-10.290571394819981
S32,S32_E0I101D0,data/outputs_webcam_mean/S32/S32_E0I101D0.arff,fixation,mean,4,4,0,211.825,208.725,-3.0999999999999943,219.0630255580952,202.4655094083928,-16.597516149702415
S32,S32_E0I101D0,data/outputs_webcam_mean/S32/S32_E0I101D0.arff,saccade,mean,2,2,0,22.6,22.4,-0.20000000000000284,10.606601717798215,10.323759005323593,-0.282842712474622
S32,S32_E0I102D0,data/outputs_webcam_mean/S32/S32_E0I102D0.arff,fixation,mean,7,7,0,203.68571428571428,206.77142857142857,3.085714285714289,107.70095060817597,100.0267583247222,-7.6741922834537775
S32,S32_E0I102D0,data/outputs_webcam_mean/S32/S32_E0I102D0.arff,saccade,mean,5,7,2,26.859999999999996,38.771428571428565,11.91142857142857,12.420265697641092,10.732616065948116,-1.6876496316929757
S32,S32_E0I103D0,data/outputs_webcam_mean/S32/S32_E0I103D0.arff,fixation,mean,6,7,1,123.36666666666667,110.6,-12.76666666666668,35.90842055377355,51.040702711985986,15.132282158212433
S32,S32_E0I103D0,data/outputs_webcam_mean/S32/S32_E0I103D0.arff,saccade,mean,4,5,1,40.825,48.92,8.094999999999999,17.504547028320005,3.9175247287030635,-13.58702229961694
S32,S32_E0I104D0,data/outputs_webcam_mean/S32/S32_E0I104D0.arff,fixation,mean,4,5,1,239.92499999999998,189.18,-50.744999999999976,41.82912661451746,86.17422468464686,44.345098070129396
S32,S32_E0I104D0,data/outputs_webcam_mean/S32/S32_E0I104D0.arff,saccade,mean,3,3,0,29.566666666666666,49.166666666666664,19.599999999999998,14.300466192867045,18.711582865522985,4.41111667265594
S32,S32_E0I105D0,data/outputs_webcam_mean/S32/S32_E0I105D0.arff,fixation,mean,6,6,0,144.58333333333331,138.1833333333333,-6.400000000000006,51.093146963821546,59.500635850944214,8.407488887122668
S32,S32_E0I105D0,data/outputs_webcam_mean/S32/S32_E0I105D0.arff,saccade,mean,4,6,2,32.125,39.98333333333333,7.858333333333327,12.935577554429745,22.92949338006984,9.993915825640094
S32,S32_E0I106D0,data/outputs_webcam_mean/S32/S32_E0I106D0.arff,fixation,mean,5,5,0,151.82,147.52,-4.299999999999983,88.10704852621042,83.69463543143013,-4.412413094780291
S32,S32_E0I106D0,data/outputs_webcam_mean/S32/S32_E0I106D0.arff,saccade,mean,4,4,0,30.2,37.175,6.974999999999998,0.4242640687119284,14.785437655567272,14.361173586855344
S32,S32_E0I107D0,data/outputs_webcam_mean/S32/S32_E0I107D0.arff,fixation,mean,4,5,1,262.59999999999997,193.98,-68.61999999999998,142.0761063655673,161.04922228933611,18.973115923768802
S32,S32_E0I107D0,data/outputs_webcam_mean/S32/S32_E0I107D0.arff,saccade,mean,4,4,0,35.675,39.55,3.875,6.7830057250946405,11.1476454913134,4.364639766218759
S32,S32_E0I108D0,data/outputs_webcam_mean/S32/S32_E0I108D0.arff,fixation,mean,4,4,0,142.125,134.725,-7.400000000000006,67.67798140212713,48.156160907337004,-19.521820494790127
S32,S32_E0I108D0,data/outputs_webcam_mean/S32/S32_E0I108D0.arff,saccade,mean,2,4,2,45.2,26.425000000000004,-18.775,0.49497474683058024,14.268233948180132,13.773259201349552
S32,S32_E0I109D0,data/outputs_webcam_mean/S32/S32_E0I109D0.arff,fixation,mean,5,5,0,339.12,337.72,-1.3999999999999773,206.9352483266203,257.08233506019036,50.14708673357006
S32,S32_E0I109D0,data/outputs_webcam_mean/S32/S32_E0I109D0.arff,saccade,mean,5,4,-1,34.44,32.025,-2.414999999999999,20.606261184407035,12.723043399019485,-7.883217785387551
S32,S32_E0I110D0,data/outputs_webcam_mean/S32/S32_E0I110D0.arff,fixation,mean,6,4,-2,147.65,218.85,71.19999999999999,124.68072425198692,121.04870920418772,-3.6320150477992
S32,S32_E0I110D0,data/outputs_webcam_mean/S32/S32_E0I110D0.arff,saccade,mean,4,4,0,29.674999999999997,42.599999999999994,12.924999999999997,17.923239104581516,7.485986908885158,-10.437252195696358
S32,S32_E0I111D0,data/outputs_webcam_mean/S32/S32_E0I111D0.arff,fixation,mean,6,6,0,158.18333333333334,148.5,-9.683333333333337,71.41443598227649,46.849589112392444,-24.564846869884043
S32,S32_E0I111D0,data/outputs_webcam_mean/S32/S32_E0I111D0.arff,saccade,mean,4,4,0,43.075,52.275000000000006,9.200000000000003,16.942525392239098,22.049092951865386,5.1065675596262885
S32,S32_E0I112D0,data/outputs_webcam_mean/S32/S32_E0I112D0.arff,fixation,mean,8,8,0,188.1125,195.825,7.712499999999977,116.68446386363034,99.72130808264744,-16.963155780982902
S32,S32_E0I112D0,data/outputs_webcam_mean/S32/S32_E0I112D0.arff,saccade,mean,7,8,1,42.74285714285714,45.0,2.25714285714286,17.801952808878127,9.03943740347974,-8.762515405398387
S32,S32_E0I113D0,data/outputs_webcam_mean/S32/S32_E0I113D0.arff,fixation,mean,6,7,1,224.7833333333333,199.3,-25.48333333333329,227.014478980233,213.81552017256996,-13.198958807663047
S32,S32_E0I113D0,data/outputs_webcam_mean/S32/S32_E0I113D0.arff,saccade,mean,4,7,3,40.8,32.17142857142857,-8.628571428571426,7.487322618933952,14.049402630920444,6.562080011986492
S32,S32_E0I114D0,data/outputs_webcam_mean/S32/S32_E0I114D0.arff,fixation,mean,6,6,0,188.43333333333337,179.83333333333334,-8.600000000000023,67.66853527797589,74.99412421427873,7.325588936302836
S32,S32_E0I114D0,data/outputs_webcam_mean/S32/S32_E0I114D0.arff,saccade,mean,4,4,0,44.725,45.099999999999994,0.3749999999999929,16.715137849665894,0.7164728420068208,-15.998665007659072
S32,S32_E0I115D0,data/outputs_webcam_mean/S32/S32_E0I115D0.arff,fixation,mean,8,9,1,215.2625,190.66666666666666,-24.59583333333333,118.13719551557719,131.70522958485742,13.56803406928023
S32,S32_E0I115D0,data/outputs_webcam_mean/S32/S32_E0I115D0.arff,saccade,mean,4,9,5,33.575,40.25555555555556,6.680555555555557,14.247192705933333,17.91662015497839,3.669427449045056
S32,S32_E0I116D0,data/outputs_webcam_mean/S32/S32_E0I116D0.arff,fixation,mean,4,4,0,283.2,257.375,-25.82499999999999,219.19645678401525,207.24358253031625,-11.952874253699008
S32,S32_E0I116D0,data/outputs_webcam_mean/S32/S32_E0I116D0.arff,saccade,mean,2,3,1,22.45,42.76666666666667,20.316666666666674,10.39446968344225,11.513615128765306,1.1191454453230563
S32,S32_E0I117D0,data/outputs_webcam_mean/S32/S32_E0I117D0.arff,fixation,mean,8,8,0,278.3125,277.51250000000005,-0.7999999999999545,101.87056826469276,128.6284953710824,26.757927106389644
S32,S32_E0I117D0,data/outputs_webcam_mean/S32/S32_E0I117D0.arff,saccade,mean,7,7,0,41.528571428571425,50.42857142857143,8.900000000000006,17.95083231920963,10.988132126027956,-6.962700193181675
S32,S32_E0I118D0,data/outputs_webcam_mean/S32/S32_E0I118D0.arff,fixation,mean,5,5,0,195.9,185.32,-10.580000000000013,75.36176086053192,57.318906130525555,-18.04285473000636
S32,S32_E0I118D0,data/outputs_webcam_mean/S32/S32_E0I118D0.arff,saccade,mean,3,6,3,29.833333333333332,38.56666666666666,8.73333333333333,0.20816659994661224,25.31313229662948,25.104965696682868
S32,S32_E0I119D0,data/outputs_webcam_mean/S32/S32_E0I119D0.arff,fixation,mean,5,5,0,218.56000000000003,197.6,-20.960000000000036,95.03890256100394,77.94716159040046,-17.09174097060348
S32,S32_E0I119D0,data/outputs_webcam_mean/S32/S32_E0I119D0.arff,saccade,mean,3,5,2,34.800000000000004,56.82000000000001,22.020000000000003,17.062532051251946,25.851537671867803,8.789005620615857
S32,S32_E0I120D0,data/outputs_webcam_mean/S32/S32_E0I120D0.arff,fixation,mean,5,5,0,137.10000000000002,140.0,2.8999999999999773,66.30607061197338,80.69240980414453,14.38633919217115
S32,S32_E0I120D0,data/outputs_webcam_mean/S32/S32_E0I120D0.arff,saccade,mean,2,5,3,36.8,43.099999999999994,6.299999999999997,9.333809511662427,21.1303099835284,11.796500471865972
S32,S32_E0I121D0,data/outputs_webcam_mean/S32/S32_E0I121D0.arff,fixation,mean,6,6,0,165.9333333333333,160.95000000000002,-4.983333333333292,60.9638144038467,45.4769721947273,-15.486842209119395
S32,S32_E0I121D0,data/outputs_webcam_mean/S32/S32_E0I121D0.arff,saccade,mean,4,6,2,27.625,41.76666666666667,14.141666666666673,17.274330667206762,17.984956676808167,0.7106260096014054
S32,S32_E0I122D0,data/outputs_webcam_mean/S32/S32_E0I122D0.arff,fixation,mean,4,4,0,220.375,212.875,-7.5,118.98115747181707,113.739889660576,-5.241267811241073
S32,S32_E0I122D0,data/outputs_webcam_mean/S32/S32_E0I122D0.arff,saccade,mean,2,2,0,37.4,45.6,8.200000000000003,11.313708498984761,21.213203435596427,9.899494936611665
S32,S32_E0I123D0,data/outputs_webcam_mean/S32/S32_E0I123D0.arff,fixation,mean,5,6,1,246.68,199.38333333333335,-47.29666666666665,211.89471914136982,222.7237878329719,10.829068691602089
S32,S32_E0I123D0,data/outputs_webcam_mean/S32/S32_E0I123D0.arff,saccade,mean,3,4,1,40.46666666666667,31.674999999999997,-8.791666666666671,9.174057626444982,12.633652150770443,3.4595945243254604
S32,S32_E0I124D0,data/outputs_webcam_mean/S32/S32_E0I124D0.arff,fixation,mean,6,5,-1,196.2166666666667,245.84000000000006,49.62333333333336,152.2718282108239,160.65320725089805,8.381379040074137
S32,S32_E0I124D0,data/outputs_webcam_mean/S32/S32_E0I124D0.arff,saccade,mean,5,4,-1,41.86,39.2,-2.6599999999999966,16.437548479015962,11.264398193719302,-5.173150285296661
S32,S32_E0I125D0,data/outputs_webcam_mean/S32/S32_E0I125D0.arff,fixation,mean,8,9,1,150.2625,134.53333333333333,-15.729166666666657,70.15887964368547,69.62201519634432,-0.536864447341145
S32,S32_E0I125D0,data/outputs_webcam_mean/S32/S32_E0I125D0.arff,saccade,mean,5,6,1,46.06,40.85,-5.210000000000001,11.168169053161757,13.235369280832327,2.06720022767057
S32,S32_E0I126D0,data/outputs_webcam_mean/S32/S32_E0I126D0.arff,fixation,mean,7,8,1,159.84285714285713,145.1875,-14.655357142857127,53.86040156871147,90.10423230110464,36.24383073239318
S32,S32_E0I126D0,data/outputs_webcam_mean/S32/S32_E0I126D0.arff,saccade,mean,6,8,2,35.06666666666667,28.925,-6.141666666666669,7.456719564705827,10.044579206147535,2.5878596414417085
S32,S32_E0I128D0,data/outputs_webcam_mean/S32/S32_E0I128D0.arff,fixation,mean,8,8,0,291.225,274.2625,-16.962500000000034,162.3360337606622,164.88444384303986,2.5484100823776714
S32,S32_E0I128D0,data/outputs_webcam_mean/S32/S32_E0I128D0.arff,saccade,mean,6,9,3,28.28333333333333,42.07777777777778,13.794444444444451,11.561559871689749,16.852060540018375,5.290500668328626
S32,S32_E0I129D0,data/outputs_webcam_mean/S32/S32_E0I129D0.arff,fixation,mean,5,4,-1,93.97999999999999,125.0,31.02000000000001,70.25302128734393,54.69052324976726,-15.562498037576667
S32,S32_E0I129D0,data/outputs_webcam_mean/S32/S32_E0I129D0.arff,saccade,mean,2,3,1,22.55,45.53333333333333,22.98333333333333,10.535891039679559,26.991171396094195,16.455280356414637
S32,S32_E0I130D0,data/outputs_webcam_mean/S32/S32_E0I130D0.arff,fixation,mean,4,4,0,262.45000000000005,253.25,-9.200000000000045,137.54282969315412,131.56586436711717,-5.976965326036947
S32,S32_E0I130D0,data/outputs_webcam_mean/S32/S32_E0I130D0.arff,saccade,mean,3,3,0,32.699999999999996,42.5,9.800000000000004,3.7242448899072143,11.20535586226515,7.4811109723579365
S32,S32_E0I131D0,data/outputs_webcam_mean/S32/S32_E0I131D0.arff,fixation,mean,7,7,0,169.8857142857143,187.20000000000002,17.314285714285717,75.59068347734018,68.70359039623281,-6.887093081107366
S32,S32_E0I131D0,data/outputs_webcam_mean/S32/S32_E0I131D0.arff,saccade,mean,5,6,1,34.279999999999994,30.05,-4.229999999999993,17.811007832236783,9.747563798201066,-8.063444034035717
S32,S32_E0I132D0,data/outputs_webcam_mean/S32/S32_E0I132D0.arff,fixation,mean,4,5,1,167.42499999999998,127.04,-40.38499999999998,33.16296880558193,72.2001592796027,39.03719047402077
S32,S32_E0I132D0,data/outputs_webcam_mean/S32/S32_E0I132D0.arff,saccade,mean,3,3,0,34.63333333333333,49.699999999999996,15.066666666666663,8.297188278768498,3.7509998667022098,-4.5461884120662885
S32,S32_E0I133D0,data/outputs_webcam_mean/S32/S32_E0I133D0.arff,fixation,mean,7,7,0,246.02857142857147,248.99999999999997,2.971428571428504,139.167114342023,227.10253191014846,87.93541756812544
S32,S32_E0I133D0,data/outputs_webcam_mean/S32/S32_E0I133D0.arff,saccade,mean,5,7,2,34.519999999999996,41.471428571428575,6.951428571428579,14.691562204204153,12.388800626064695,-2.3027615781394584
S32,S32_E0I134D0,data/outputs_webcam_mean/S32/S32_E0I134D0.arff,fixation,mean,5,5,0,200.38,191.42,-8.960000000000008,139.71394704896142,147.8098169946773,8.09586994571589
S32,S32_E0I134D0,data/outputs_webcam_mean/S32/S32_E0I134D0.arff,saccade,mean,3,3,0,39.76666666666667,52.73333333333333,12.966666666666654,8.565823564219224,27.319285007725465,18.75346144350624
S32,S32_E0I135D0,data/outputs_webcam_mean/S32/S32_E0I135D0.arff,fixation,mean,2,3,1,497.05,358.25,-138.8,94.32804461028542,229.21276142483865,134.88471681455323
S32,S32_E0I135D0,data/outputs_webcam_mean/S32/S32_E0I135D0.arff,saccade,mean,1,2,1,45.55,37.55,-8.0,0.0,31.819805153394636,31.819805153394636
S32,S32_E0I136D0,data/outputs_webcam_mean/S32/S32_E0I136D0.arff,fixation,mean,9,9,0,239.11111111111111,221.53333333333336,-17.577777777777754,69.3303765395163,63.510688076889856,-5.819688462626438
S32,S32_E0I136D0,data/outputs_webcam_mean/S32/S32_E0I136D0.arff,saccade,mean,7,9,2,38.24285714285714,41.577777777777776,3.3349206349206355,14.512851447694802,19.81809638800973,5.30524494031493
S32,S32_E0I137D0,data/outputs_webcam_mean/S32/S32_E0I137D0.arff,fixation,mean,2,3,1,465.95000000000005,300.73333333333335,-165.2166666666667,425.183307527471,381.89444003982743,-43.288867487643586
S32,S32_E0I137D0,data/outputs_webcam_mean/S32/S32_E0I137D0.arff,saccade,mean,1,2,1,15.1,51.849999999999994,36.74999999999999,0.0,12.091525958289964,12.091525958289964
S32,S32_E0I138D0,data/outputs_webcam_mean/S32/S32_E0I138D0.arff,fixation,mean,7,7,0,147.34285714285716,138.84285714285713,-8.500000000000028,77.63686532275023,73.49800126858003,-4.138864054170199
S32,S32_E0I138D0,data/outputs_webcam_mean/S32/S32_E0I138D0.arff,saccade,mean,4,8,4,30.275,45.2875,15.012500000000003,12.289121205358828,12.874608177116913,0.5854869717580851
S32,S32_E0I139D0,data/outputs_webcam_mean/S32/S32_E0I139D0.arff,fixation,mean,5,5,0,177.74,171.72,-6.02000000000001,43.818865800018145,46.39210062068757,2.573234820669427
S32,S32_E0I139D0,data/outputs_webcam_mean/S32/S32_E0I139D0.arff,saccade,mean,3,3,0,37.46666666666666,32.6,-4.86666666666666,7.005949852327899,4.513313638558702,-2.492636213769197
S32,S32_E0I140D0,data/outputs_webcam_mean/S32/S32_E0I140D0.arff,fixation,mean,6,6,0,142.36666666666667,135.0666666666667,-7.299999999999983,94.42606984655599,83.62149643881452,-10.804573407741472
S32,S32_E0I140D0,data/outputs_webcam_mean/S32/S32_E0I140D0.arff,saccade,mean,4,5,1,27.975,46.32000000000001,18.345000000000006,17.405434974934312,17.071526000917434,-0.3339089740168788
S33,S33_E0I101D0,data/outputs_webcam_mean/S33/S33_E0I101D0.arff,fixation,mean,7,5,-2,155.4857142857143,250.63999999999996,95.15428571428566,87.80631011059567,113.25852285810548,25.452212747509805
S33,S33_E0I101D0,data/outputs_webcam_mean/S33/S33_E0I101D0.arff,saccade,mean,5,3,-2,28.959999999999997,33.46666666666667,4.506666666666671,14.350714267938026,8.003957354542399,-6.346756913395627
S33,S33_E0I102D0,data/outputs_webcam_mean/S33/S33_E0I102D0.arff,fixation,mean,9,8,-1,161.08888888888887,192.9625,31.87361111111113,122.94073210743099,129.7918436519469,6.851111544515902
S33,S33_E0I102D0,data/outputs_webcam_mean/S33/S33_E0I102D0.arff,saccade,mean,7,6,-1,28.97142857142857,34.88333333333333,5.911904761904761,8.20156779437409,7.410915373060648,-0.7906524213134425
S33,S33_E0I103D0,data/outputs_webcam_mean/S33/S33_E0I103D0.arff,fixation,mean,6,4,-2,209.61666666666667,342.45000000000005,132.83333333333337,127.23655790167646,295.609613059747,168.37305515807054
S33,S33_E0I103D0,data/outputs_webcam_mean/S33/S33_E0I103D0.arff,saccade,mean,4,2,-2,32.175,35.85,3.6750000000000043,13.730106821628642,10.253048327204938,-3.4770584944237033
S33,S33_E0I104D0,data/outputs_webcam_mean/S33/S33_E0I104D0.arff,fixation,mean,6,7,1,140.41666666666666,129.35714285714286,-11.059523809523796,84.5104352530897,84.94023108717597,0.42979583408627775
S33,S33_E0I104D0,data/outputs_webcam_mean/S33/S33_E0I104D0.arff,saccade,mean,4,5,1,34.2,28.639999999999997,-5.560000000000006,6.4791974811700275,8.616437779036067,2.1372402978660396
S33,S33_E0I105D0,data/outputs_webcam_mean/S33/S33_E0I105D0.arff,fixation,mean,5,5,0,309.18,230.58,-78.6,292.8624199176125,341.2111325850902,48.348712667477685
S33,S33_E0I105D0,data/outputs_webcam_mean/S33/S33_E0I105D0.arff,saccade,mean,5,4,-1,45.1,31.025,-14.075000000000003,20.78677464158401,14.399392348290256,-6.387382293293754
S33,S33_E0I106D0,data/outputs_webcam_mean/S33/S33_E0I106D0.arff,fixation,mean,8,7,-1,145.78750000000002,198.14285714285714,52.355357142857116,61.89007392142944,113.83795291470031,51.94787899327087
S33,S33_E0I106D0,data/outputs_webcam_mean/S33/S33_E0I106D0.arff,saccade,mean,6,5,-1,35.300000000000004,38.04,2.739999999999995,13.202878474029818,12.908640517111012,-0.2942379569188063
S33,S33_E0I107D0,data/outputs_webcam_mean/S33/S33_E0I107D0.arff,fixation,mean,6,4,-2,244.39999999999998,386.20000000000005,141.80000000000007,166.45489479135182,263.3153369377991,96.86044214644727
S33,S33_E0I107D0,data/outputs_webcam_mean/S33/S33_E0I107D0.arff,saccade,mean,5,3,-2,30.8,38.96666666666667,8.166666666666668,3.417601498127012,11.180488957703654,7.762887459576642
S33,S33_E0I108D0,data/outputs_webcam_mean/S33/S33_E0I108D0.arff,fixation,mean,8,6,-2,164.1375,240.35,76.2125,90.21390354516947,120.52041735739218,30.306513812222704
S33,S33_E0I108D0,data/outputs_webcam_mean/S33/S33_E0I108D0.arff,saccade,mean,7,5,-2,33.49999999999999,32.22,-1.279999999999994,13.970325694127535,6.531998162890127,-7.438327531237408
S33,S33_E0I109D0,data/outputs_webcam_mean/S33/S33_E0I109D0.arff,fixation,mean,8,7,-1,262.17499999999995,304.5428571428571,42.36785714285713,193.46137119036746,281.74404966886084,88.28267847849338
S33,S33_E0I109D0,data/outputs_webcam_mean/S33/S33_E0I109D0.arff,saccade,mean,6,5,-1,27.766666666666666,30.48,2.7133333333333347,19.651022026008384,10.735315551952818,-8.915706474055566
S33,S33_E0I110D0,data/outputs_webcam_mean/S33/S33_E0I110D0.arff,fixation,mean,7,7,0,150.72857142857143,169.27142857142857,18.542857142857144,94.31554686769505,113.93041318111266,19.614866313417608
S33,S33_E0I110D0,data/outputs_webcam_mean/S33/S33_E0I110D0.arff,saccade,mean,5,4,-1,29.1,25.6,-3.5,10.290529626797642,7.341207893346526,-2.949321733451116
S33,S33_E0I111D0,data/outputs_webcam_mean/S33/S33_E0I111D0.arff,fixation,mean,7,5,-2,200.0142857142857,299.68,99.6657142857143,172.0640813628402,202.98063208099438,30.916550718154184
S33,S33_E0I111D0,data/outputs_webcam_mean/S33/S33_E0I111D0.arff,saccade,mean,6,4,-2,33.25000000000001,34.025,0.7749999999999915,11.587536407709795,7.11120008624892,-4.476336321460875
S33,S33_E0I112D0,data/outputs_webcam_mean/S33/S33_E0I112D0.arff,fixation,mean,9,5,-4,149.64444444444445,299.34,149.69555555555553,55.54277880857041,199.44279380313543,143.90001499456503
S33,S33_E0I112D0,data/outputs_webcam_mean/S33/S33_E0I112D0.arff,saccade,mean,8,4,-4,32.7625,45.650000000000006,12.887500000000003,18.47924994612683,14.531918891415089,-3.947331054711743
S33,S33_E0I113D0,data/outputs_webcam_mean/S33/S33_E0I113D0.arff,fixation,mean,5,4,-1,210.54000000000002,285.15,74.60999999999996,91.69290048853291,126.89642758302273,35.203527094489814
S33,S33_E0I113D0,data/outputs_webcam_mean/S33/S33_E0I113D0.arff,saccade,mean,4,3,-1,32.724999999999994,33.5,0.7750000000000057,7.734500630292816,7.720751258783046,-0.013749371509770292
S33,S33_E0I114D0,data/outputs_webcam_mean/S33/S33_E0I114D0.arff,fixation,mean,6,5,-1,195.9,253.54000000000002,57.640000000000015,81.12868789768511,43.06730778676559,-38.06138011091952
S33,S33_E0I114D0,data/outputs_webcam_mean/S33/S33_E0I114D0.arff,saccade,mean,4,3,-1,29.474999999999998,48.300000000000004,18.825000000000006,12.04778679536896,4.156921938165308,-7.890864857203653
S33,S33_E0I115D0,data/outputs_webcam_mean/S33/S33_E0I115D0.arff,fixation,mean,5,5,0,274.41999999999996,274.56000000000006,0.14000000000010004,81.92183469625178,97.28786152444712,15.366026828195345
S33,S33_E0I115D0,data/outputs_webcam_mean/S33/S33_E0I115D0.arff,saccade,mean,4,4,0,29.0,30.700000000000003,1.7000000000000028,0.38297084310253576,3.342653636459114,2.9596827933565786
S33,S33_E0I116D0,data/outputs_webcam_mean/S33/S33_E0I116D0.arff,fixation,mean,7,6,-1,173.4857142857143,216.88333333333335,43.39761904761906,37.909824081691035,81.24411158149658,43.33428749980555
S33,S33_E0I116D0,data/outputs_webcam_mean/S33/S33_E0I116D0.arff,saccade,mean,7,5,-2,33.214285714285715,30.159999999999997,-3.0542857142857187,10.98414441690515,10.533897664207679,-0.4502467526974705
S33,S33_E0I117D0,data/outputs_webcam_mean/S33/S33_E0I117D0.arff,fixation,mean,9,9,0,174.26666666666665,182.7,8.433333333333337,112.29578130989604,176.09033903085086,63.79455772095481
S33,S33_E0I117D0,data/outputs_webcam_mean/S33/S33_E0I117D0.arff,saccade,mean,7,6,-1,34.042857142857144,42.199999999999996,8.157142857142851,12.245796168870516,20.120437370991716,7.8746412021212
S33,S33_E0I118D0,data/outputs_webcam_mean/S33/S33_E0I118D0.arff,fixation,mean,6,5,-1,218.01666666666665,268.62,50.60333333333335,61.14731119735901,260.7552722381659,199.60796104080688
S33,S33_E0I118D0,data/outputs_webcam_mean/S33/S33_E0I118D0.arff,saccade,mean,5,3,-2,34.8,24.13333333333333,-10.666666666666668,11.964113005150027,8.258530942808978,-3.7055820623410494
S33,S33_E0I119D0,data/outputs_webcam_mean/S33/S33_E0I119D0.arff,fixation,mean,7,5,-2,238.22857142857143,347.93999999999994,109.71142857142851,187.85456000397147,317.8901901600614,130.03563015608995
S33,S33_E0I119D0,data/outputs_webcam_mean/S33/S33_E0I119D0.arff,saccade,mean,6,4,-2,43.88333333333333,42.275,-1.6083333333333343,25.881222279225273,13.014703223662073,-12.8665190555632
S33,S33_E0I120D0,data/outputs_webcam_mean/S33/S33_E0I120D0.arff,fixation,mean,6,5,-1,174.41666666666666,163.76999999999998,-10.646666666666675,128.88608406909827,151.3069628272275,22.42087875812922
S33,S33_E0I120D0,data/outputs_webcam_mean/S33/S33_E0I120D0.arff,saccade,mean,4,3,-1,43.125,42.81666666666666,-0.3083333333333371,11.817324852379521,0.4725815626252608,-11.34474328975426
S33,S33_E0I121D0,data/outputs_webcam_mean/S33/S33_E0I121D0.arff,fixation,mean,7,6,-1,176.45714285714286,227.51666666666668,51.059523809523824,79.70478566022781,137.83011886618493,58.12533320595712
S33,S33_E0I121D0,data/outputs_webcam_mean/S33/S33_E0I121D0.arff,saccade,mean,5,5,0,30.24,31.7,1.4600000000000009,10.512516349571115,3.9293765408776995,-6.583139808693415
S33,S33_E0I122D0,data/outputs_webcam_mean/S33/S33_E0I122D0.arff,fixation,mean,7,7,0,168.48571428571427,184.97142857142856,16.485714285714295,53.35942367790431,100.38299514502302,47.02357146711871
S33,S33_E0I122D0,data/outputs_webcam_mean/S33/S33_E0I122D0.arff,saccade,mean,6,5,-1,32.583333333333336,40.36,7.776666666666664,11.768673105608238,16.209040687221435,4.440367581613197
S33,S33_E0I123D0,data/outputs_webcam_mean/S33/S33_E0I123D0.arff,fixation,mean,8,7,-1,151.3875,172.81428571428572,21.426785714285728,78.87142226434109,104.00696176332667,25.13553949898558
S33,S33_E0I123D0,data/outputs_webcam_mean/S33/S33_E0I123D0.arff,saccade,mean,7,6,-1,24.685714285714287,36.18333333333333,11.497619047619043,13.613771039089864,15.021240516903612,1.4074694778137484
S33,S33_E0I124D0,data/outputs_webcam_mean/S33/S33_E0I124D0.arff,fixation,mean,5,5,0,294.76000000000005,316.2,21.43999999999994,154.22161975546751,166.68762701532467,12.46600725985715
S33,S33_E0I124D0,data/outputs_webcam_mean/S33/S33_E0I124D0.arff,saccade,mean,3,3,0,43.166666666666664,50.199999999999996,7.033333333333331,0.20816659994661224,12.03868763611715,11.830521036170538
S33,S33_E0I125D0,data/outputs_webcam_mean/S33/S33_E0I125D0.arff,fixation,mean,8,6,-2,314.725,440.18333333333334,125.45833333333331,214.94563930711146,577.1789095823466,362.2332702752351
S33,S33_E0I125D0,data/outputs_webcam_mean/S33/S33_E0I125D0.arff,saccade,mean,7,5,-2,27.128571428571433,26.48,-0.648571428571433,5.534652739999227,6.6443208832807,1.109668143281473
S33,S33_E0I126D0,data/outputs_webcam_mean/S33/S33_E0I126D0.arff,fixation,mean,6,7,1,207.61666666666667,204.55,-3.066666666666663,129.23098183743193,140.30325489215613,11.072273054724207
S33,S33_E0I126D0,data/outputs_webcam_mean/S33/S33_E0I126D0.arff,saccade,mean,5,5,0,28.830000000000002,26.01,-2.8200000000000003,10.044749872445806,12.122829702672556,2.0780798302267502
S33,S33_E0I127D0,data/outputs_webcam_mean/S33/S33_E0I127D0.arff,fixation,mean,6,6,0,153.96666666666667,181.16666666666666,27.19999999999999,88.50316755160047,75.6889071573019,-12.814260394298572
S33,S33_E0I127D0,data/outputs_webcam_mean/S33/S33_E0I127D0.arff,saccade,mean,4,4,0,39.95,48.975,9.024999999999999,9.225508116087697,3.7250279641008524,-5.500480151986845
S33,S33_E0I128D0,data/outputs_webcam_mean/S33/S33_E0I128D0.arff,fixation,mean,6,6,0,262.15,271.88333333333327,9.733333333333292,165.48807509908377,175.8608247071151,10.372749608031341
S33,S33_E0I128D0,data/outputs_webcam_mean/S33/S33_E0I128D0.arff,saccade,mean,5,5,0,40.08,37.300000000000004,-2.779999999999994,12.787376587869772,11.778370006074695,-1.0090065817950773
S33,S33_E0I129D0,data/outputs_webcam_mean/S33/S33_E0I129D0.arff,fixation,mean,7,5,-2,144.12857142857143,210.28000000000003,66.1514285714286,63.22319496001749,113.21791819319058,49.9947232331731
S33,S33_E0I129D0,data/outputs_webcam_mean/S33/S33_E0I129D0.arff,saccade,mean,6,4,-2,28.78333333333333,34.050000000000004,5.266666666666673,13.37331920903209,15.631698564135633,2.2583793551035427
S33,S33_E0I130D0,data/outputs_webcam_mean/S33/S33_E0I130D0.arff,fixation,mean,9,8,-1,202.5,250.4125,47.912499999999994,127.65565009038966,143.83449256002538,16.178842469635725
S33,S33_E0I130D0,data/outputs_webcam_mean/S33/S33_E0I130D0.arff,saccade,mean,7,6,-1,33.385714285714286,30.516666666666666,-2.8690476190476204,11.883241501014298,2.858962515785518,-9.024278985228781
S33,S33_E0I131D0,data/outputs_webcam_mean/S33/S33_E0I131D0.arff,fixation,mean,9,8,-1,192.57777777777775,262.0,69.42222222222225,98.75268069497884,162.9360610791853,64.18338038420646
S33,S33_E0I131D0,data/outputs_webcam_mean/S33/S33_E0I131D0.arff,saccade,mean,6,5,-1,35.21666666666667,46.739999999999995,11.523333333333326,16.02141275501841,4.052530073916787,-11.968882681101622
S33,S33_E0I132D0,data/outputs_webcam_mean/S33/S33_E0I132D0.arff,fixation,mean,8,8,0,148.1,144.3875,-3.7125000000000057,60.65353599396682,58.80280453710156,-1.8507314568652617
S33,S33_E0I132D0,data/outputs_webcam_mean/S33/S33_E0I132D0.arff,saccade,mean,7,7,0,28.985714285714288,36.91428571428571,7.9285714285714235,11.842216652219095,16.642258317450846,4.800041665231751
S33,S33_E0I133D0,data/outputs_webcam_mean/S33/S33_E0I133D0.arff,fixation,mean,7,6,-1,210.45714285714283,215.88333333333335,5.426190476190527,162.6976322009928,169.37238755672857,6.674755355735755
S33,S33_E0I133D0,data/outputs_webcam_mean/S33/S33_E0I133D0.arff,saccade,mean,6,5,-1,33.61666666666667,34.38,0.7633333333333354,10.832066592606724,13.515805562377702,2.683738969770978
S33,S33_E0I134D0,data/outputs_webcam_mean/S33/S33_E0I134D0.arff,fixation,mean,7,5,-2,190.42857142857142,292.38,101.95142857142858,117.88430365243309,108.13085591078986,-9.753447741643228
S33,S33_E0I134D0,data/outputs_webcam_mean/S33/S33_E0I134D0.arff,saccade,mean,6,4,-2,38.68333333333333,30.900000000000002,-7.783333333333328,12.700774254614034,3.8105117766515306,-8.890262477962503
S33,S33_E0I135D0,data/outputs_webcam_mean/S33/S33_E0I135D0.arff,fixation,mean,8,7,-1,165.9375,227.42857142857142,61.491071428571416,55.858032738618455,136.23659217559373,80.37855943697528
S33,S33_E0I135D0,data/outputs_webcam_mean/S33/S33_E0I135D0.arff,saccade,mean,6,5,-1,34.833333333333336,37.339999999999996,2.5066666666666606,9.430729911659366,15.57571828199265,6.144988370333284
S33,S33_E0I136D0,data/outputs_webcam_mean/S33/S33_E0I136D0.arff,fixation,mean,6,5,-1,152.95000000000002,209.11999999999998,56.16999999999996,74.18991171311636,50.370249155627576,-23.819662557488783
S33,S33_E0I136D0,data/outputs_webcam_mean/S33/S33_E0I136D0.arff,saccade,mean,4,4,0,38.275000000000006,39.89999999999999,1.6249999999999858,15.965457504667173,22.197297132759203,6.231839628092031
S33,S33_E0I137D0,data/outputs_webcam_mean/S33/S33_E0I137D0.arff,fixation,mean,1,5,4,557.7,223.06,-334.64000000000004,0.0,206.65243284316782,206.65243284316782
S33,S33_E0I137D0,data/outputs_webcam_mean/S33/S33_E0I137D0.arff,saccade,mean,0,2,2,0.0,36.05,36.05,0.0,0.6363961030678917,0.6363961030678917
S33,S33_E0I138D0,data/outputs_webcam_mean/S33/S33_E0I138D0.arff,fixation,mean,7,6,-1,199.65,250.01666666666665,50.366666666666646,74.86803946500358,118.76091388443703,43.892874419433454
S33,S33_E0I138D0,data/outputs_webcam_mean/S33/S33_E0I138D0.arff,saccade,mean,6,5,-1,30.133333333333336,28.889999999999997,-1.2433333333333394,14.688964111422791,17.514080050062578,2.8251159386397866
S33,S33_E0I139D0,data/outputs_webcam_mean/S33/S33_E0I139D0.arff,fixation,mean,9,8,-1,145.73333333333332,193.45000000000002,47.7166666666667,80.34637515158975,110.98733518482446,30.640960033234705
S33,S33_E0I139D0,data/outputs_webcam_mean/S33/S33_E0I139D0.arff,saccade,mean,7,6,-1,30.071428571428573,32.35,2.2785714285714285,8.923510946877784,16.457065352000033,7.533554405122249
S33,S33_E0I140D0,data/outputs_webcam_mean/S33/S33_E0I140D0.arff,fixation,mean,5,5,0,192.76999999999998,228.97000000000003,36.200000000000045,82.76682306335069,128.433648239081,45.666825175730324
S33,S33_E0I140D0,data/outputs_webcam_mean/S33/S33_E0I140D0.arff,saccade,mean,4,3,-1,44.875,35.983333333333334,-8.891666666666666,12.397412364414329,12.444409722173782,0.04699735775945335
S34,S34_E0I101D0,data/outputs_webcam_mean/S34/S34_E0I101D0.arff,fixation,mean,5,5,0,115.96,128.76,12.799999999999997,25.813426738811714,26.94091683666315,1.1274900978514353
S34,S34_E0I101D0,data/outputs_webcam_mean/S34/S34_E0I101D0.arff,saccade,mean,4,3,-1,28.774999999999995,31.53333333333333,2.7583333333333364,11.512999898665276,4.647938611183815,-6.865061287481462
S34,S34_E0I102D0,data/outputs_webcam_mean/S34/S34_E0I102D0.arff,fixation,mean,6,6,0,135.0666666666667,127.98333333333333,-7.083333333333357,69.37517327305689,73.96102802602643,4.585854752969539
S34,S34_E0I102D0,data/outputs_webcam_mean/S34/S34_E0I102D0.arff,saccade,mean,4,6,2,25.35,37.2,11.850000000000001,7.252355939049507,15.37010084547268,8.117744906423173
S34,S34_E0I103D0,data/outputs_webcam_mean/S34/S34_E0I103D0.arff,fixation,mean,7,6,-1,163.4714285714286,202.93333333333337,39.461904761904776,131.58644451824202,142.30257435010324,10.716129831861224
S34,S34_E0I103D0,data/outputs_webcam_mean/S34/S34_E0I103D0.arff,saccade,mean,6,5,-1,29.983333333333334,34.46,4.476666666666667,14.405334660002406,9.374593324512801,-5.030741335489605
S34,S34_E0I104D0,data/outputs_webcam_mean/S34/S34_E0I104D0.arff,fixation,mean,4,4,0,116.675,120.14999999999999,3.4749999999999943,50.242835310121585,61.92148254039142,11.678647230269839
S34,S34_E0I104D0,data/outputs_webcam_mean/S34/S34_E0I104D0.arff,saccade,mean,3,4,1,36.0,34.225,-1.7749999999999986,6.600000000000001,6.453100030218036,-0.1468999697819653
S34,S34_E0I105D0,data/outputs_webcam_mean/S34/S34_E0I105D0.arff,fixation,mean,8,5,-3,88.125,152.7,64.57499999999999,32.040365166458386,50.17035977546902,18.12999460901063
S34,S34_E0I105D0,data/outputs_webcam_mean/S34/S34_E0I105D0.arff,saccade,mean,7,4,-3,33.75714285714286,33.7,-0.05714285714285694,11.96451101422552,20.919369015340784,8.954858001115264
S34,S34_E0I106D0,data/outputs_webcam_mean/S34/S34_E0I106D0.arff,fixation,mean,5,6,1,129.36,106.45,-22.91000000000001,53.5349698795096,74.018990806414,20.484020926904392
S34,S34_E0I106D0,data/outputs_webcam_mean/S34/S34_E0I106D0.arff,saccade,mean,4,3,-1,27.375,33.6,6.225000000000001,9.112765771158612,4.161730409336962,-4.95103536182165
S34,S34_E0I107D0,data/outputs_webcam_mean/S34/S34_E0I107D0.arff,fixation,mean,6,4,-2,133.78333333333333,222.4,88.61666666666667,52.123599901260334,115.82656574954355,63.70296584828321
S34,S34_E0I107D0,data/outputs_webcam_mean/S34/S34_E0I107D0.arff,saccade,mean,5,4,-1,31.639999999999997,36.25,4.610000000000003,18.68737541764493,10.089763789768982,-8.597611627875947
S34,S34_E0I108D0,data/outputs_webcam_mean/S34/S34_E0I108D0.arff,fixation,mean,5,5,0,116.05999999999999,130.23999999999998,14.179999999999993,35.31894675666307,30.192432826786252,-5.126513929876815
S34,S34_E0I108D0,data/outputs_webcam_mean/S34/S34_E0I108D0.arff,saccade,mean,4,4,0,41.724999999999994,30.849999999999998,-10.874999999999996,9.287042945236479,3.3030289129827475,-5.984014032253731
S34,S34_E0I109D0,data/outputs_webcam_mean/S34/S34_E0I109D0.arff,fixation,mean,5,5,0,199.18,202.14000000000001,2.960000000000008,114.49033583669846,120.69193427897325,6.201598442274786
S34,S34_E0I109D0,data/outputs_webcam_mean/S34/S34_E0I109D0.arff,saccade,mean,4,4,0,31.025,34.275,3.25,12.407893992669882,6.590080930206144,-5.817813062463738
S34,S34_E0I110D0,data/outputs_webcam_mean/S34/S34_E0I110D0.arff,fixation,mean,5,5,0,137.71999999999997,144.82,7.100000000000023,64.88183104691174,80.68858035682622,15.80674930991448
S34,S34_E0I110D0,data/outputs_webcam_mean/S34/S34_E0I110D0.arff,saccade,mean,4,4,0,30.725,36.275,5.549999999999997,12.471667891665493,15.631458665140629,3.1597907734751356
S34,S34_E0I111D0,data/outputs_webcam_mean/S34/S34_E0I111D0.arff,fixation,mean,7,7,0,103.92142857142856,121.40714285714286,17.485714285714295,53.27988095224795,65.44126774298863,12.161386790740679
S34,S34_E0I111D0,data/outputs_webcam_mean/S34/S34_E0I111D0.arff,saccade,mean,6,6,0,42.050000000000004,37.416666666666664,-4.63333333333334,8.457422775290354,8.550711471372814,0.09328869608246038
S34,S34_E0I112D0,data/outputs_webcam_mean/S34/S34_E0I112D0.arff,fixation,mean,6,6,0,117.18333333333332,132.96666666666667,15.783333333333346,58.16327592791406,22.15178698585436,-36.0114889420597
S34,S34_E0I112D0,data/outputs_webcam_mean/S34/S34_E0I112D0.arff,saccade,mean,6,5,-1,36.03333333333333,31.690000000000005,-4.343333333333327,12.652022236254043,6.408041822585117,-6.243980413668925
S34,S34_E0I113D0,data/outputs_webcam_mean/S34/S34_E0I113D0.arff,fixation,mean,4,4,0,184.75,191.55,6.800000000000011,62.873974478051466,33.994264222071344,-28.87971025598012
S34,S34_E0I113D0,data/outputs_webcam_mean/S34/S34_E0I113D0.arff,saccade,mean,2,2,0,36.1,14.5,-21.6,10.323759005323593,0.0,-10.323759005323593
S34,S34_E0I114D0,data/outputs_webcam_mean/S34/S34_E0I114D0.arff,fixation,mean,5,5,0,154.6,156.57999999999998,1.9799999999999898,74.9039051051412,82.95035864901368,8.046453543872474
S34,S34_E0I114D0,data/outputs_webcam_mean/S34/S34_E0I114D0.arff,saccade,mean,4,4,0,32.1,31.950000000000003,-0.14999999999999858,13.69038592102745,6.969218033610369,-6.7211678874170815
S34,S34_E0I115D0,data/outputs_webcam_mean/S34/S34_E0I115D0.arff,fixation,mean,6,5,-1,108.03333333333335,145.44,37.40666666666665,53.11710333467617,92.01661806434747,38.899514729671296
S34,S34_E0I115D0,data/outputs_webcam_mean/S34/S34_E0I115D0.arff,saccade,mean,5,4,-1,33.019999999999996,41.05,8.030000000000001,6.223905526275282,27.459242524148404,21.235336997873123
S34,S34_E0I116D0,data/outputs_webcam_mean/S34/S34_E0I116D0.arff,fixation,mean,6,6,0,113.3,127.71666666666665,14.416666666666657,89.66087217956336,90.6015765131417,0.9407043335783385
S34,S34_E0I116D0,data/outputs_webcam_mean/S34/S34_E0I116D0.arff,saccade,mean,5,4,-1,30.619999999999997,29.124999999999996,-1.495000000000001,16.63045399260044,11.718752777777448,-4.911701214822992
S34,S34_E0I117D0,data/outputs_webcam_mean/S34/S34_E0I117D0.arff,fixation,mean,5,4,-1,78.06,97.7,19.64,32.5649811914578,35.94236126541123,3.3773800739534323
S34,S34_E0I117D0,data/outputs_webcam_mean/S34/S34_E0I117D0.arff,saccade,mean,4,2,-2,36.325,36.6,0.2749999999999986,14.48456074584245,10.040916292848976,-4.443644452993473
S34,S34_E0I118D0,data/outputs_webcam_mean/S34/S34_E0I118D0.arff,fixation,mean,4,5,1,123.225,114.35999999999999,-8.865000000000009,26.471541322711072,52.649434944736115,26.177893622025042
S34,S34_E0I118D0,data/outputs_webcam_mean/S34/S34_E0I118D0.arff,saccade,mean,4,4,0,37.525,28.725,-8.799999999999997,10.618027123717473,11.67772095345092,1.0596938297334475
S34,S34_E0I119D0,data/outputs_webcam_mean/S34/S34_E0I119D0.arff,fixation,mean,5,4,-1,107.67999999999999,129.275,21.595000000000013,64.17092020533912,77.83107241541346,13.660152210074344
S34,S34_E0I119D0,data/outputs_webcam_mean/S34/S34_E0I119D0.arff,saccade,mean,4,3,-1,41.55,36.166666666666664,-5.383333333333333,9.13692143631176,11.980122425640454,2.843200989328695
S34,S34_E0I120D0,data/outputs_webcam_mean/S34/S34_E0I120D0.arff,fixation,mean,5,4,-1,126.38999999999999,170.07500000000002,43.68500000000003,40.87319414971138,67.26957583732288,26.396381687611495
S34,S34_E0I120D0,data/outputs_webcam_mean/S34/S34_E0I120D0.arff,saccade,mean,5,3,-2,28.99,45.51666666666667,16.526666666666674,14.233165494716907,18.484137343498976,4.2509718487820685
S34,S34_E0I121D0,data/outputs_webcam_mean/S34/S34_E0I121D0.arff,fixation,mean,7,7,0,206.77142857142854,204.77142857142854,-2.0,108.0785781161977,108.27789423955558,0.19931612335787463
S34,S34_E0I121D0,data/outputs_webcam_mean/S34/S34_E0I121D0.arff,saccade,mean,6,6,0,35.03333333333334,36.449999999999996,1.4166666666666572,12.550166001558173,11.196919219142378,-1.3532467824157948
S34,S34_E0I122D0,data/outputs_webcam_mean/S34/S34_E0I122D0.arff,fixation,mean,5,4,-1,108.78,144.64999999999998,35.869999999999976,57.060161233561196,31.332890067786597,-25.7272711657746
S34,S34_E0I122D0,data/outputs_webcam_mean/S34/S34_E0I122D0.arff,saccade,mean,3,3,0,33.666666666666664,33.36666666666667,-0.29999999999999716,7.827089710315922,16.252486989175942,8.425397278860022
S34,S34_E0I123D0,data/outputs_webcam_mean/S34/S34_E0I123D0.arff,fixation,mean,5,5,0,205.56000000000003,212.6,7.039999999999964,113.22141140261412,113.65350852481413,0.4320971222000054
S34,S34_E0I123D0,data/outputs_webcam_mean/S34/S34_E0I123D0.arff,saccade,mean,4,4,0,43.650000000000006,34.474999999999994,-9.175000000000011,5.838093296045663,10.884660460176665,5.046567164131002
S34,S34_E0I124D0,data/outputs_webcam_mean/S34/S34_E0I124D0.arff,fixation,mean,11,11,0,220.89999999999998,221.1,0.20000000000001705,228.82130582618393,227.5485310873265,-1.2727747388574358
S34,S34_E0I124D0,data/outputs_webcam_mean/S34/S34_E0I124D0.arff,saccade,mean,9,9,0,31.511111111111113,40.2,8.68888888888889,15.814901552368612,13.496758870188057,-2.3181426821805555
S34,S34_E0I125D0,data/outputs_webcam_mean/S34/S34_E0I125D0.arff,fixation,mean,5,5,0,106.8,111.06000000000002,4.260000000000019,57.79044038593234,60.02601935827496,2.2355789723426156
S34,S34_E0I125D0,data/outputs_webcam_mean/S34/S34_E0I125D0.arff,saccade,mean,4,4,0,25.325,30.7,5.375,13.726221864251892,3.66878726556883,-10.057434598683063
S34,S34_E0I126D0,data/outputs_webcam_mean/S34/S34_E0I126D0.arff,fixation,mean,5,5,0,133.37999999999997,136.76000000000002,3.3800000000000523,63.046149763486746,61.15495073990331,-1.8911990235834324
S34,S34_E0I126D0,data/outputs_webcam_mean/S34/S34_E0I126D0.arff,saccade,mean,4,4,0,29.099999999999998,28.925,-0.17499999999999716,11.928397489464652,0.2986078811194817,-11.62978960834517
S34,S34_E0I127D0,data/outputs_webcam_mean/S34/S34_E0I127D0.arff,fixation,mean,5,4,-1,247.10000000000005,292.825,45.72499999999994,259.99571150309384,284.2237777409436,24.22806623784976
S34,S34_E0I127D0,data/outputs_webcam_mean/S34/S34_E0I127D0.arff,saccade,mean,4,3,-1,25.625,38.56666666666667,12.94166666666667,7.354080499967349,8.030774142841606,0.6766936428742572
S34,S34_E0I128D0,data/outputs_webcam_mean/S34/S34_E0I128D0.arff,fixation,mean,5,4,-1,119.06000000000002,154.3,35.239999999999995,60.072814150828655,46.224019730006184,-13.848794420822472
S34,S34_E0I128D0,data/outputs_webcam_mean/S34/S34_E0I128D0.arff,saccade,mean,4,3,-1,32.6,40.96666666666667,8.366666666666667,12.617712418131374,20.382672379580978,7.764959961449604
S34,S34_E0I129D0,data/outputs_webcam_mean/S34/S34_E0I129D0.arff,fixation,mean,6,6,0,151.4333333333333,152.38333333333333,0.950000000000017,25.70047989175818,35.660085062527074,9.959605170768892
S34,S34_E0I129D0,data/outputs_webcam_mean/S34/S34_E0I129D0.arff,saccade,mean,5,5,0,37.54,39.14,1.6000000000000014,15.73810662055636,15.255097508701805,-0.483009111854555
S34,S34_E0I130D0,data/outputs_webcam_mean/S34/S34_E0I130D0.arff,fixation,mean,4,4,0,111.025,114.45,3.424999999999997,22.24355711960956,17.736309274103974,-4.507247845505585
S34,S34_E0I130D0,data/outputs_webcam_mean/S34/S34_E0I130D0.arff,saccade,mean,3,3,0,33.76666666666667,33.56666666666667,-0.20000000000000284,8.000208330620731,4.052571200279318,-3.9476371303414135
S34,S34_E0I131D0,data/outputs_webcam_mean/S34/S34_E0I131D0.arff,fixation,mean,4,4,0,140.475,142.3,1.825000000000017,74.57981742178421,95.39654081778856,20.81672339600435
S34,S34_E0I131D0,data/outputs_webcam_mean/S34/S34_E0I131D0.arff,saccade,mean,3,3,0,45.53333333333333,36.0,-9.533333333333331,14.693649421887448,12.297967311714569,-2.3956821101728796
S34,S34_E0I132D0,data/outputs_webcam_mean/S34/S34_E0I132D0.arff,fixation,mean,5,4,-1,234.17,165.2,-68.97,152.99048009598508,51.765786642015456,-101.22469345396962
S34,S34_E0I132D0,data/outputs_webcam_mean/S34/S34_E0I132D0.arff,saccade,mean,4,3,-1,32.55,29.016666666666666,-3.5333333333333314,7.147493733237313,0.5507570547286109,-6.5967366785087025
S34,S34_E0I133D0,data/outputs_webcam_mean/S34/S34_E0I133D0.arff,fixation,mean,7,7,0,122.04285714285713,132.15714285714287,10.114285714285742,72.16732541214796,74.09221410159229,1.9248886894443302
S34,S34_E0I133D0,data/outputs_webcam_mean/S34/S34_E0I133D0.arff,saccade,mean,7,6,-1,28.957142857142856,32.38333333333333,3.4261904761904773,11.746468567596127,8.79259157852033,-2.9538769890757965
S34,S34_E0I134D0,data/outputs_webcam_mean/S34/S34_E0I134D0.arff,fixation,mean,6,5,-1,113.56666666666666,117.62,4.053333333333342,58.96268876727609,66.56404434828161,7.601355581005521
S34,S34_E0I134D0,data/outputs_webcam_mean/S34/S34_E0I134D0.arff,saccade,mean,4,3,-1,36.275,38.666666666666664,2.3916666666666657,6.1004781233386405,10.664114277957326,4.563636154618686
S34,S34_E0I135D0,data/outputs_webcam_mean/S34/S34_E0I135D0.arff,fixation,mean,6,6,0,137.61666666666665,126.8,-10.816666666666649,112.02828958199206,102.89581138219378,-9.132478199798271
S34,S34_E0I135D0,data/outputs_webcam_mean/S34/S34_E0I135D0.arff,saccade,mean,4,4,0,27.375,32.725,5.350000000000001,15.304329452805177,3.6727600883622467,-11.631569364442932
S34,S34_E0I136D0,data/outputs_webcam_mean/S34/S34_E0I136D0.arff,fixation,mean,5,5,0,168.82,176.18,7.360000000000014,101.68784096439455,106.44781350502227,4.7599725406277145
S34,S34_E0I136D0,data/outputs_webcam_mean/S34/S34_E0I136D0.arff,saccade,mean,4,4,0,29.150000000000002,29.200000000000003,0.05000000000000071,11.843845096364047,0.3651483716701107,-11.478696724693936
S34,S34_E0I137D0,data/outputs_webcam_mean/S34/S34_E0I137D0.arff,fixation,mean,5,5,0,144.98000000000002,147.78000000000003,2.8000000000000114,52.92118668359583,57.40241284127349,4.481226157677661
S34,S34_E0I137D0,data/outputs_webcam_mean/S34/S34_E0I137D0.arff,saccade,mean,4,4,0,37.949999999999996,25.150000000000002,-12.799999999999994,7.096712854084864,7.036334272900912,-0.06037858118395256
S34,S34_E0I138D0,data/outputs_webcam_mean/S34/S34_E0I138D0.arff,fixation,mean,6,5,-1,111.58333333333333,146.44,34.85666666666667,42.91994485861633,44.034963381385936,1.1150185227696028
S34,S34_E0I138D0,data/outputs_webcam_mean/S34/S34_E0I138D0.arff,saccade,mean,5,4,-1,30.639999999999997,34.4,3.7600000000000016,10.672066341622882,6.928684338795256,-3.7433820028276257
S34,S34_E0I139D0,data/outputs_webcam_mean/S34/S34_E0I139D0.arff,fixation,mean,6,7,1,122.13333333333333,108.77142857142857,-13.361904761904754,78.05533080236523,60.83085056903594,-17.224480233329295
S34,S34_E0I139D0,data/outputs_webcam_mean/S34/S34_E0I139D0.arff,saccade,mean,4,6,2,37.775,33.666666666666664,-4.108333333333334,15.682766550155193,5.653907203577599,-10.028859346577594
S34,S34_E0I140D0,data/outputs_webcam_mean/S34/S34_E0I140D0.arff,fixation,mean,5,5,0,123.38,126.28,2.9000000000000057,44.49490982123685,58.122345100658144,13.627435279421292
S34,S34_E0I140D0,data/outputs_webcam_mean/S34/S34_E0I140D0.arff,saccade,mean,4,4,0,39.400000000000006,32.6,-6.800000000000004,8.934577027854575,4.5158978435448835,-4.418679184309691
S35,S35_E0I101D0,data/outputs_webcam_mean/S35/S35_E0I101D0.arff,fixation,mean,18,16,-2,175.94999999999996,192.03125,16.08125000000004,110.47455522852842,148.11768617667954,37.643130948151125
S35,S35_E0I101D0,data/outputs_webcam_mean/S35/S35_E0I101D0.arff,saccade,mean,14,11,-3,26.921428571428567,44.53636363636364,17.61493506493507,13.20263252137639,13.710235061972698,0.5076025405963076
S35,S35_E0I102D0,data/outputs_webcam_mean/S35/S35_E0I102D0.arff,fixation,mean,13,11,-2,176.7076923076923,217.19090909090903,40.48321678321673,82.97555324249086,74.56400545230191,-8.411547790188948
S35,S35_E0I102D0,data/outputs_webcam_mean/S35/S35_E0I102D0.arff,saccade,mean,9,10,1,31.211111111111116,41.12,9.908888888888882,17.865990347895945,14.256366998643097,-3.609623349252848
S35,S35_E0I103D0,data/outputs_webcam_mean/S35/S35_E0I103D0.arff,fixation,mean,9,9,0,207.88333333333333,224.5611111111111,16.677777777777777,120.87713803693401,138.7564182699709,17.879280233036894
S35,S35_E0I103D0,data/outputs_webcam_mean/S35/S35_E0I103D0.arff,saccade,mean,6,7,1,28.05,33.26428571428572,5.214285714285719,15.962455951387932,11.382944635349352,-4.57951131603858
S35,S35_E0I104D0,data/outputs_webcam_mean/S35/S35_E0I104D0.arff,fixation,mean,14,14,0,167.46428571428575,172.28571428571428,4.821428571428527,66.4111043442268,71.66747848590371,5.256374141676915
S35,S35_E0I104D0,data/outputs_webcam_mean/S35/S35_E0I104D0.arff,saccade,mean,11,12,1,20.800000000000004,35.28333333333333,14.483333333333327,8.547631250820311,13.648098990724169,5.100467739903857
S35,S35_E0I105D0,data/outputs_webcam_mean/S35/S35_E0I105D0.arff,fixation,mean,12,12,0,197.83333333333334,206.4416666666667,8.608333333333348,213.70922613058457,136.4718649548046,-77.23736117577997
S35,S35_E0I105D0,data/outputs_webcam_mean/S35/S35_E0I105D0.arff,saccade,mean,11,11,0,29.709090909090904,39.49090909090909,9.781818181818188,12.591938257905692,11.87235903647245,-0.7195792214332428
S35,S35_E0I106D0,data/outputs_webcam_mean/S35/S35_E0I106D0.arff,fixation,mean,16,12,-4,165.33125,207.95000000000002,42.618750000000006,61.14534289979355,145.99223204739974,84.84688914760619
S35,S35_E0I106D0,data/outputs_webcam_mean/S35/S35_E0I106D0.arff,saccade,mean,15,11,-4,28.233333333333338,43.46363636363637,15.23030303030303,13.292944781062658,15.010014838585118,1.7170700575224593
S35,S35_E0I107D0,data/outputs_webcam_mean/S35/S35_E0I107D0.arff,fixation,mean,14,13,-1,182.60714285714286,197.69230769230768,15.085164835164818,80.66457104564569,95.06198382755731,14.397412781911626
S35,S35_E0I107D0,data/outputs_webcam_mean/S35/S35_E0I107D0.arff,saccade,mean,12,12,0,28.041666666666668,34.016666666666666,5.974999999999998,11.86442032705221,12.25033085514861,0.3859105280963995
S35,S35_E0I108D0,data/outputs_webcam_mean/S35/S35_E0I108D0.arff,fixation,mean,13,11,-2,187.87692307692308,228.5545454545455,40.67762237762241,108.22261896854214,124.22101564257446,15.998396674032321
S35,S35_E0I108D0,data/outputs_webcam_mean/S35/S35_E0I108D0.arff,saccade,mean,10,10,0,19.759999999999998,43.92,24.160000000000004,11.799830507257298,14.521845612731184,2.7220151054738864
S35,S35_E0I109D0,data/outputs_webcam_mean/S35/S35_E0I109D0.arff,fixation,mean,11,11,0,215.88181818181818,234.74545454545458,18.863636363636402,101.39067825181779,108.92207639993248,7.53139814811469
S35,S35_E0I109D0,data/outputs_webcam_mean/S35/S35_E0I109D0.arff,saccade,mean,9,9,0,27.400000000000002,38.12222222222223,10.722222222222225,13.76172227593625,18.177512053205866,4.415789777269616
S35,S35_E0I110D0,data/outputs_webcam_mean/S35/S35_E0I110D0.arff,fixation,mean,15,14,-1,179.8,212.2357142857143,32.43571428571428,80.70678852665192,87.32614030300309,6.6193517763511664
S35,S35_E0I110D0,data/outputs_webcam_mean/S35/S35_E0I110D0.arff,saccade,mean,12,13,1,29.108333333333334,36.01538461538462,6.907051282051285,7.332053951759708,10.56589214988857,3.233838198128863
S35,S35_E0I111D0,data/outputs_webcam_mean/S35/S35_E0I111D0.arff,fixation,mean,14,13,-1,158.95,174.97692307692307,16.026923076923083,77.73229949393873,60.937319624979594,-16.794979868959132
S35,S35_E0I111D0,data/outputs_webcam_mean/S35/S35_E0I111D0.arff,saccade,mean,13,12,-1,20.71538461538461,38.06666666666667,17.35128205128206,9.983556994198524,15.796969406321024,5.813412412122499
S35,S35_E0I112D0,data/outputs_webcam_mean/S35/S35_E0I112D0.arff,fixation,mean,12,11,-1,208.98333333333335,239.07272727272724,30.089393939393887,106.67206189006934,78.7937826342801,-27.878279255789238
S35,S35_E0I112D0,data/outputs_webcam_mean/S35/S35_E0I112D0.arff,saccade,mean,10,9,-1,20.389999999999997,37.01111111111111,16.621111111111116,7.481451136718806,16.165893452299848,8.684442315581041
S35,S35_E0I113D0,data/outputs_webcam_mean/S35/S35_E0I113D0.arff,fixation,mean,19,18,-1,180.70526315789473,203.16666666666666,22.461403508771923,88.27201314172893,131.6226111452963,43.35059800356737
S35,S35_E0I113D0,data/outputs_webcam_mean/S35/S35_E0I113D0.arff,saccade,mean,18,17,-1,26.83888888888889,35.9470588235294,9.108169934640514,13.012172531400283,10.304799709786867,-2.7073728216134167
S35,S35_E0I114D0,data/outputs_webcam_mean/S35/S35_E0I114D0.arff,fixation,mean,13,11,-2,276.5230769230769,318.93636363636364,42.41328671328671,154.14604629942215,205.24511332904993,51.099067029627776
S35,S35_E0I114D0,data/outputs_webcam_mean/S35/S35_E0I114D0.arff,saccade,mean,11,9,-2,29.900000000000002,39.5,9.599999999999998,13.354549786495987,12.933387027379952,-0.42116275911603474
S35,S35_E0I115D0,data/outputs_webcam_mean/S35/S35_E0I115D0.arff,fixation,mean,14,13,-1,240.37857142857138,261.6307692307692,21.252197802197827,151.60076201640953,194.85789858516293,43.257136568753396
S35,S35_E0I115D0,data/outputs_webcam_mean/S35/S35_E0I115D0.arff,saccade,mean,13,12,-1,24.161538461538463,34.30833333333333,10.146794871794867,9.848649523457388,12.753998184764248,2.90534866130686
S35,S35_E0I116D0,data/outputs_webcam_mean/S35/S35_E0I116D0.arff,fixation,mean,11,10,-1,203.34545454545457,237.45999999999998,34.11454545454541,139.30353451105512,198.13727676649953,58.833742255444406
S35,S35_E0I116D0,data/outputs_webcam_mean/S35/S35_E0I116D0.arff,saccade,mean,9,8,-1,21.066666666666663,44.05,22.983333333333334,10.452272480183437,11.185960588421286,0.7336881082378497
S35,S35_E0I117D0,data/outputs_webcam_mean/S35/S35_E0I117D0.arff,fixation,mean,10,11,1,300.2,265.42727272727274,-34.77272727272725,147.28165006016346,157.67994857247444,10.398298512310987
S35,S35_E0I117D0,data/outputs_webcam_mean/S35/S35_E0I117D0.arff,saccade,mean,8,10,2,26.5875,39.959999999999994,13.372499999999995,12.186812251657233,20.206775541332117,8.019963289674884
S35,S35_E0I118D0,data/outputs_webcam_mean/S35/S35_E0I118D0.arff,fixation,mean,13,14,1,189.99999999999997,173.92142857142858,-16.078571428571394,90.00672197119502,89.60552162391839,-0.4012003472766281
S35,S35_E0I118D0,data/outputs_webcam_mean/S35/S35_E0I118D0.arff,saccade,mean,12,13,1,26.86666666666667,37.36153846153846,10.494871794871788,10.512013329635016,11.212533051719287,0.7005197220842714
S35,S35_E0I119D0,data/outputs_webcam_mean/S35/S35_E0I119D0.arff,fixation,mean,14,11,-3,202.14285714285714,291.99090909090904,89.8480519480519,111.44755727236924,192.412751420198,80.96519414782875
S35,S35_E0I119D0,data/outputs_webcam_mean/S35/S35_E0I119D0.arff,saccade,mean,10,9,-1,27.660000000000004,43.48888888888889,15.828888888888883,10.508641946300937,17.242494341339107,6.73385239503817
S35,S35_E0I120D0,data/outputs_webcam_mean/S35/S35_E0I120D0.arff,fixation,mean,11,10,-1,225.7090909090909,254.89000000000004,29.180909090909154,96.7574746936427,165.31400727101138,68.55653257736867
S35,S35_E0I120D0,data/outputs_webcam_mean/S35/S35_E0I120D0.arff,saccade,mean,9,9,0,25.26666666666667,40.47777777777778,15.211111111111112,8.211577193207162,12.61980366108936,4.408226467882198
S35,S35_E0I121D0,data/outputs_webcam_mean/S35/S35_E0I121D0.arff,fixation,mean,12,12,0,187.79166666666666,180.4166666666667,-7.374999999999943,72.65993591986431,79.04289782750692,6.38296190764261
S35,S35_E0I121D0,data/outputs_webcam_mean/S35/S35_E0I121D0.arff,saccade,mean,9,11,2,26.87777777777778,37.28181818181818,10.404040404040401,7.138238189108321,9.952770285887059,2.8145320967787377
S35,S35_E0I122D0,data/outputs_webcam_mean/S35/S35_E0I122D0.arff,fixation,mean,13,14,1,210.13846153846154,204.84285714285713,-5.295604395604414,105.05771856826719,129.41891262506783,24.36119405680064
S35,S35_E0I122D0,data/outputs_webcam_mean/S35/S35_E0I122D0.arff,saccade,mean,11,12,1,20.036363636363635,40.11666666666667,20.080303030303032,9.873021090555081,13.999274872995992,4.1262537824409105
S35,S35_E0I123D0,data/outputs_webcam_mean/S35/S35_E0I123D0.arff,fixation,mean,13,13,0,166.23076923076923,173.45384615384617,7.223076923076945,57.84145550000427,60.04449205082033,2.2030365508160585
S35,S35_E0I123D0,data/outputs_webcam_mean/S35/S35_E0I123D0.arff,saccade,mean,11,11,0,28.363636363636363,41.39090909090909,13.027272727272727,13.732317555844151,13.274521049397945,-0.45779650644620595
S35,S35_E0I124D0,data/outputs_webcam_mean/S35/S35_E0I124D0.arff,fixation,mean,16,12,-4,206.96875,263.4833333333333,56.51458333333329,120.3697787029618,171.64521990184147,51.275441198879676
S35,S35_E0I124D0,data/outputs_webcam_mean/S35/S35_E0I124D0.arff,saccade,mean,12,11,-1,24.400000000000006,38.89090909090909,14.490909090909085,13.114530456364387,17.518016699698315,4.403486243333928
S35,S35_E0I125D0,data/outputs_webcam_mean/S35/S35_E0I125D0.arff,fixation,mean,10,8,-2,201.61999999999998,262.7,61.08000000000001,98.88862478117042,149.0576398578751,50.16901507670468
S35,S35_E0I125D0,data/outputs_webcam_mean/S35/S35_E0I125D0.arff,saccade,mean,7,7,0,23.97857142857143,42.392857142857146,18.414285714285715,13.64816401397569,9.519953981481414,-4.128210032494275
S35,S35_E0I126D0,data/outputs_webcam_mean/S35/S35_E0I126D0.arff,fixation,mean,14,12,-2,176.82857142857145,222.1,45.271428571428544,78.57585681827005,145.51694684187754,66.94109002360749
S35,S35_E0I126D0,data/outputs_webcam_mean/S35/S35_E0I126D0.arff,saccade,mean,9,11,2,21.95555555555556,52.25454545454545,30.29898989898989,8.810520857348775,13.069457803318672,4.2589369459698965
S35,S35_E0I127D0,data/outputs_webcam_mean/S35/S35_E0I127D0.arff,fixation,mean,17,15,-2,174.9764705882353,210.5666666666667,35.590196078431404,53.742866147654475,99.0582272249629,45.31536107730843
S35,S35_E0I127D0,data/outputs_webcam_mean/S35/S35_E0I127D0.arff,saccade,mean,13,13,0,24.092307692307692,38.49230769230769,14.399999999999999,8.005566973306923,15.336963059792375,7.3313960864854515
S35,S35_E0I128D0,data/outputs_webcam_mean/S35/S35_E0I128D0.arff,fixation,mean,15,15,0,143.73999999999998,151.21333333333334,7.473333333333358,50.536829568712974,71.71585665135777,21.179027082644794
S35,S35_E0I128D0,data/outputs_webcam_mean/S35/S35_E0I128D0.arff,saccade,mean,12,14,2,29.708333333333332,32.3,2.591666666666665,11.621489368902557,9.668187325132159,-1.9533020437703978
S35,S35_E0I129D0,data/outputs_webcam_mean/S35/S35_E0I129D0.arff,fixation,mean,13,11,-2,164.56923076923073,206.6727272727273,42.10349650349656,85.39685186054757,80.28803261892884,-5.108819241618733
S35,S35_E0I129D0,data/outputs_webcam_mean/S35/S35_E0I129D0.arff,saccade,mean,11,10,-1,18.809090909090912,39.33,20.520909090909086,6.873929668749099,14.270953405820897,7.397023737071798
S35,S35_E0I130D0,data/outputs_webcam_mean/S35/S35_E0I130D0.arff,fixation,mean,15,16,1,211.49333333333337,202.35625,-9.13708333333338,111.874115904993,119.12831719760561,7.254201292612606
S35,S35_E0I130D0,data/outputs_webcam_mean/S35/S35_E0I130D0.arff,saccade,mean,10,15,5,24.73,38.12666666666667,13.396666666666672,11.714003964865682,14.389007047379046,2.6750030825133635
S35,S35_E0I131D0,data/outputs_webcam_mean/S35/S35_E0I131D0.arff,fixation,mean,14,16,2,193.82857142857142,184.2625,-9.566071428571433,86.62188769919199,113.08737551115067,26.46548781195868
S35,S35_E0I131D0,data/outputs_webcam_mean/S35/S35_E0I131D0.arff,saccade,mean,12,14,2,23.108333333333338,44.05,20.94166666666666,11.361054555192517,19.836010377399678,8.47495582220716
S35,S35_E0I132D0,data/outputs_webcam_mean/S35/S35_E0I132D0.arff,fixation,mean,14,13,-1,169.82857142857142,200.8615384615385,31.032967032967065,90.68016006035404,166.03762394139036,75.35746388103632
S35,S35_E0I132D0,data/outputs_webcam_mean/S35/S35_E0I132D0.arff,saccade,mean,11,10,-1,25.063636363636366,30.51,5.446363636363635,8.746116021100192,6.511263744892811,-2.2348522762073815
S35,S35_E0I133D0,data/outputs_webcam_mean/S35/S35_E0I133D0.arff,fixation,mean,12,13,1,188.8333333333333,198.66923076923075,9.835897435897465,104.66216936873465,138.18333464770262,33.52116527896797
S35,S35_E0I133D0,data/outputs_webcam_mean/S35/S35_E0I133D0.arff,saccade,mean,10,12,2,21.86,38.50833333333333,16.648333333333333,10.05796533433411,12.361704673071689,2.3037393387375786
S35,S35_E0I135D0,data/outputs_webcam_mean/S35/S35_E0I135D0.arff,fixation,mean,10,9,-1,191.91000000000003,215.34444444444446,23.434444444444438,166.36318002090087,174.20725523863172,7.844075217730847
S35,S35_E0I135D0,data/outputs_webcam_mean/S35/S35_E0I135D0.arff,saccade,mean,8,7,-1,28.2,41.41428571428571,13.214285714285712,12.3532528972274,18.285279012676526,5.932026115449126
S35,S35_E0I136D0,data/outputs_webcam_mean/S35/S35_E0I136D0.arff,fixation,mean,18,16,-2,185.31666666666666,200.28125,14.964583333333337,68.42332118768383,128.13061158442974,59.70729039674592
S35,S35_E0I136D0,data/outputs_webcam_mean/S35/S35_E0I136D0.arff,saccade,mean,14,15,1,23.642857142857146,34.74666666666667,11.103809523809524,12.097343273864483,9.334564544642413,-2.7627787292220702
S35,S35_E0I137D0,data/outputs_webcam_mean/S35/S35_E0I137D0.arff,fixation,mean,13,12,-1,264.1384615384615,297.09999999999997,32.96153846153845,114.98829316109777,113.27318546529247,-1.715107695805301
S35,S35_E0I137D0,data/outputs_webcam_mean/S35/S35_E0I137D0.arff,saccade,mean,11,10,-1,25.845454545454547,38.42999999999999,12.584545454545445,9.75862322629208,10.745133265292196,0.986510039000116
S35,S35_E0I138D0,data/outputs_webcam_mean/S35/S35_E0I138D0.arff,fixation,mean,13,12,-1,216.8615384615385,226.79166666666666,9.93012820512817,116.78612602004243,122.75813217523115,5.972006155188723
S35,S35_E0I138D0,data/outputs_webcam_mean/S35/S35_E0I138D0.arff,saccade,mean,9,11,2,27.38888888888889,36.3,8.911111111111108,8.52883996280333,12.653537054910775,4.124697092107445
S35,S35_E0I139D0,data/outputs_webcam_mean/S35/S35_E0I139D0.arff,fixation,mean,17,16,-1,211.9,234.78125,22.881249999999994,126.16028495529012,168.5950383562142,42.434753400924066
S35,S35_E0I139D0,data/outputs_webcam_mean/S35/S35_E0I139D0.arff,saccade,mean,14,15,1,26.514285714285712,34.41333333333333,7.899047619047614,10.326206924643214,13.741535923025836,3.4153289983826216
S35,S35_E0I140D0,data/outputs_webcam_mean/S35/S35_E0I140D0.arff,fixation,mean,14,13,-1,223.17857142857147,243.09230769230768,19.91373626373621,86.55890994062882,115.3301598422146,28.771249901585776
S35,S35_E0I140D0,data/outputs_webcam_mean/S35/S35_E0I140D0.arff,saccade,mean,12,11,-1,25.65833333333333,35.52727272727272,9.868939393939385,8.935776746349813,11.664569508480875,2.7287927621310626
