subject,trial,file,event_type,smoothing,gt_event_count,pred_event_count,event_count_error,gt_mean_duration_ms,pred_mean_duration_ms,mean_duration_error_ms,gt_sd_duration_ms,pred_sd_duration_ms,sd_duration_error_ms
S11,S11_E0I101D0,data/outputs_webcam_sg_p5_n23/S11/S11_E0I101D0.arff,fixation,sg_p5_n23,7,7,0,178.3857142857143,203.1,24.714285714285694,35.724568043641376,54.58879616429242,18.864228120651042
S11,S11_E0I101D0,data/outputs_webcam_sg_p5_n23/S11/S11_E0I101D0.arff,saccade,sg_p5_n23,7,6,-1,43.75714285714286,37.85,-5.907142857142858,12.491711537770039,12.557189175926275,0.06547763815623675
S11,S11_E0I102D0,data/outputs_webcam_sg_p5_n23/S11/S11_E0I102D0.arff,fixation,sg_p5_n23,14,12,-2,229.38571428571427,286.9583333333333,57.57261904761904,144.89674231695457,179.6825759667882,34.78583364983362
S11,S11_E0I102D0,data/outputs_webcam_sg_p5_n23/S11/S11_E0I102D0.arff,saccade,sg_p5_n23,13,10,-3,36.83846153846153,36.230000000000004,-0.6084615384615262,14.099559003832855,13.473517234436844,-0.6260417693960107
S11,S11_E0I103D0,data/outputs_webcam_sg_p5_n23/S11/S11_E0I103D0.arff,fixation,sg_p5_n23,8,9,1,201.8,196.0333333333333,-5.766666666666708,153.44554175900416,224.26021715854998,70.81467539954582
S11,S11_E0I103D0,data/outputs_webcam_sg_p5_n23/S11/S11_E0I103D0.arff,saccade,sg_p5_n23,7,8,1,44.60000000000001,35.2375,-9.362500000000011,24.26032426274087,14.094876222027835,-10.165448040713034
S11,S11_E0I104D0,data/outputs_webcam_sg_p5_n23/S11/S11_E0I104D0.arff,fixation,sg_p5_n23,10,10,0,160.94,196.68,35.74000000000001,70.11560612461552,129.73487323512262,59.619267110507096
S11,S11_E0I104D0,data/outputs_webcam_sg_p5_n23/S11/S11_E0I104D0.arff,saccade,sg_p5_n23,11,7,-4,54.9,35.92857142857143,-18.971428571428568,64.0864884355509,20.076828624537484,-44.00965981101342
S11,S11_E0I105D0,data/outputs_webcam_sg_p5_n23/S11/S11_E0I105D0.arff,fixation,sg_p5_n23,9,6,-3,182.03333333333333,328.8833333333334,146.85000000000005,72.6246514621585,179.3652409656527,106.7405895034942
S11,S11_E0I105D0,data/outputs_webcam_sg_p5_n23/S11/S11_E0I105D0.arff,saccade,sg_p5_n23,9,4,-5,44.43333333333333,40.95,-3.483333333333327,22.681545361813424,8.100411512180516,-14.581133849632907
S11,S11_E0I106D0,data/outputs_webcam_sg_p5_n23/S11/S11_E0I106D0.arff,fixation,sg_p5_n23,11,6,-5,155.6727272727273,324.3,168.62727272727273,80.97680026907818,152.97958033672336,72.00278006764518
S11,S11_E0I106D0,data/outputs_webcam_sg_p5_n23/S11/S11_E0I106D0.arff,saccade,sg_p5_n23,14,4,-10,32.51428571428571,31.675,-0.8392857142857117,18.837436422958696,12.901517998540585,-5.9359184244181105
S11,S11_E0I107D0,data/outputs_webcam_sg_p5_n23/S11/S11_E0I107D0.arff,fixation,sg_p5_n23,2,2,0,155.75,194.05,38.30000000000001,12.091525958289978,88.45905832643712,76.36753236814714
S11,S11_E0I107D0,data/outputs_webcam_sg_p5_n23/S11/S11_E0I107D0.arff,saccade,sg_p5_n23,2,1,-1,54.35,63.3,8.949999999999996,9.687362902255703,0.0,-9.687362902255703
S11,S11_E0I108D0,data/outputs_webcam_sg_p5_n23/S11/S11_E0I108D0.arff,fixation,sg_p5_n23,10,7,-3,156.14000000000001,296.84285714285716,140.70285714285714,88.92973755849177,184.0845445001006,95.15480694160884
S11,S11_E0I108D0,data/outputs_webcam_sg_p5_n23/S11/S11_E0I108D0.arff,saccade,sg_p5_n23,10,6,-4,51.61,38.800000000000004,-12.809999999999995,28.910338404568474,18.527385136602522,-10.382953267965952
S11,S11_E0I109D0,data/outputs_webcam_sg_p5_n23/S11/S11_E0I109D0.arff,fixation,sg_p5_n23,10,7,-3,130.73999999999998,247.84285714285716,117.10285714285718,93.16012737933183,122.26539244805207,29.105265068720243
S11,S11_E0I109D0,data/outputs_webcam_sg_p5_n23/S11/S11_E0I109D0.arff,saccade,sg_p5_n23,10,4,-6,43.22,33.275,-9.945,25.089209721401037,3.6962819156552422,-21.392927805745796
S11,S11_E0I110D0,data/outputs_webcam_sg_p5_n23/S11/S11_E0I110D0.arff,fixation,sg_p5_n23,13,9,-4,152.71538461538464,316.5333333333333,163.81794871794867,79.5022100966785,178.9156016114861,99.4133915148076
S11,S11_E0I110D0,data/outputs_webcam_sg_p5_n23/S11/S11_E0I110D0.arff,saccade,sg_p5_n23,13,7,-6,68.23076923076923,45.07142857142858,-23.15934065934065,72.5361448361595,19.091945447030298,-53.444199389129196
S11,S11_E0I111D0,data/outputs_webcam_sg_p5_n23/S11/S11_E0I111D0.arff,fixation,sg_p5_n23,10,8,-2,136.95000000000002,217.72500000000002,80.775,46.60084047882971,110.11860813297113,63.51776765414142
S11,S11_E0I111D0,data/outputs_webcam_sg_p5_n23/S11/S11_E0I111D0.arff,saccade,sg_p5_n23,10,7,-3,50.32000000000001,42.77142857142858,-7.548571428571428,17.936480516905576,23.401546550439374,5.465066033533798
S11,S11_E0I112D0,data/outputs_webcam_sg_p5_n23/S11/S11_E0I112D0.arff,fixation,sg_p5_n23,6,6,0,176.11666666666667,195.65,19.53333333333333,73.80323615307574,152.08133021511878,78.27809406204304
S11,S11_E0I112D0,data/outputs_webcam_sg_p5_n23/S11/S11_E0I112D0.arff,saccade,sg_p5_n23,5,5,0,57.88000000000001,42.059999999999995,-15.820000000000014,18.477202169159703,13.58613263589017,-4.891069533269533
S11,S11_E0I113D0,data/outputs_webcam_sg_p5_n23/S11/S11_E0I113D0.arff,fixation,sg_p5_n23,8,6,-2,144.9125,208.95000000000002,64.03750000000002,52.187229896649185,161.91183712131738,109.72460722466819
S11,S11_E0I113D0,data/outputs_webcam_sg_p5_n23/S11/S11_E0I113D0.arff,saccade,sg_p5_n23,9,4,-5,31.355555555555554,39.474999999999994,8.11944444444444,18.894517135343197,15.896828824223611,-2.9976883111195853
S11,S11_E0I114D0,data/outputs_webcam_sg_p5_n23/S11/S11_E0I114D0.arff,fixation,sg_p5_n23,9,7,-2,240.0,371.12857142857143,131.12857142857143,125.0891681961312,330.44569253401636,205.35652433788516
S11,S11_E0I114D0,data/outputs_webcam_sg_p5_n23/S11/S11_E0I114D0.arff,saccade,sg_p5_n23,8,6,-2,52.775,34.26666666666667,-18.508333333333326,40.60945526774346,15.548590504179685,-25.060864763563778
S11,S11_E0I115D0,data/outputs_webcam_sg_p5_n23/S11/S11_E0I115D0.arff,fixation,sg_p5_n23,16,10,-6,131.075,273.43,142.35500000000002,66.27118529195023,214.90347729982304,148.63229200787282
S11,S11_E0I115D0,data/outputs_webcam_sg_p5_n23/S11/S11_E0I115D0.arff,saccade,sg_p5_n23,18,9,-9,41.511111111111106,32.300000000000004,-9.211111111111101,20.835204621841058,13.789398101440105,-7.045806520400953
S11,S11_E0I116D0,data/outputs_webcam_sg_p5_n23/S11/S11_E0I116D0.arff,fixation,sg_p5_n23,7,7,0,153.55714285714288,173.92857142857142,20.371428571428538,133.16674831632278,143.27546561647966,10.108717300156883
S11,S11_E0I116D0,data/outputs_webcam_sg_p5_n23/S11/S11_E0I116D0.arff,saccade,sg_p5_n23,9,5,-4,34.94444444444444,40.88,5.93555555555556,18.880288074544247,17.84130040103579,-1.038987673508455
S11,S11_E0I117D0,data/outputs_webcam_sg_p5_n23/S11/S11_E0I117D0.arff,fixation,sg_p5_n23,6,6,0,155.6833333333333,192.85000000000002,37.166666666666714,55.239348897924806,65.51948565121677,10.280136753291963
S11,S11_E0I117D0,data/outputs_webcam_sg_p5_n23/S11/S11_E0I117D0.arff,saccade,sg_p5_n23,6,5,-1,57.20000000000001,37.9,-19.30000000000001,23.266542502056463,8.627572080255257,-14.638970421801206
S11,S11_E0I118D0,data/outputs_webcam_sg_p5_n23/S11/S11_E0I118D0.arff,fixation,sg_p5_n23,11,8,-3,170.0909090909091,296.425,126.33409090909092,69.3639164774518,316.7242728304858,247.360356353034
S11,S11_E0I118D0,data/outputs_webcam_sg_p5_n23/S11/S11_E0I118D0.arff,saccade,sg_p5_n23,13,5,-8,50.19230769230769,45.36,-4.832307692307694,28.554406009652922,11.694357613823858,-16.860048395829065
S11,S11_E0I119D0,data/outputs_webcam_sg_p5_n23/S11/S11_E0I119D0.arff,fixation,sg_p5_n23,14,9,-5,154.84285714285716,319.5111111111111,164.66825396825396,67.0459740578257,316.4073262601723,249.36135220234658
S11,S11_E0I119D0,data/outputs_webcam_sg_p5_n23/S11/S11_E0I119D0.arff,saccade,sg_p5_n23,15,6,-9,57.019999999999996,26.316666666666666,-30.70333333333333,39.87369702304659,12.892543064371228,-26.98115395867536
S11,S11_E0I120D0,data/outputs_webcam_sg_p5_n23/S11/S11_E0I120D0.arff,fixation,sg_p5_n23,6,5,-1,135.11666666666667,192.8,57.68333333333334,64.81908412394198,140.6623972495848,75.84331312564284
S11,S11_E0I120D0,data/outputs_webcam_sg_p5_n23/S11/S11_E0I120D0.arff,saccade,sg_p5_n23,7,4,-3,42.771428571428565,31.55,-11.221428571428564,14.884971647684822,22.297458749074224,7.412487101389402
S11,S11_E0I121D0,data/outputs_webcam_sg_p5_n23/S11/S11_E0I121D0.arff,fixation,sg_p5_n23,10,9,-1,147.85,186.88888888888889,39.03888888888889,81.46380586902791,150.85757724128777,69.39377137225986
S11,S11_E0I121D0,data/outputs_webcam_sg_p5_n23/S11/S11_E0I121D0.arff,saccade,sg_p5_n23,10,8,-2,53.98,45.9,-8.079999999999998,21.821691552723912,22.301377279697963,0.47968572697405065
S11,S11_E0I122D0,data/outputs_webcam_sg_p5_n23/S11/S11_E0I122D0.arff,fixation,sg_p5_n23,6,4,-2,168.29999999999998,340.4,172.1,47.029735274611106,262.4979111027997,215.4681758281886
S11,S11_E0I122D0,data/outputs_webcam_sg_p5_n23/S11/S11_E0I122D0.arff,saccade,sg_p5_n23,6,3,-3,57.81666666666667,36.86666666666667,-20.950000000000003,42.77641484120271,9.122134253196085,-33.65428058800662
S11,S11_E0I123D0,data/outputs_webcam_sg_p5_n23/S11/S11_E0I123D0.arff,fixation,sg_p5_n23,6,5,-1,127.39999999999998,206.11999999999998,78.72,80.7432226258031,139.15892713009828,58.41570450429518
S11,S11_E0I123D0,data/outputs_webcam_sg_p5_n23/S11/S11_E0I123D0.arff,saccade,sg_p5_n23,5,4,-1,65.76,35.125,-30.635000000000005,38.47022225046276,14.697703902310726,-23.772518348152033
S11,S11_E0I124D0,data/outputs_webcam_sg_p5_n23/S11/S11_E0I124D0.arff,fixation,sg_p5_n23,8,6,-2,124.95,171.4,46.45,58.298492996940205,205.63833300238556,147.33984000544535
S11,S11_E0I124D0,data/outputs_webcam_sg_p5_n23/S11/S11_E0I124D0.arff,saccade,sg_p5_n23,8,5,-3,46.0375,34.56,-11.4775,22.306625377100094,17.082388591763156,-5.224236785336938
S11,S11_E0I125D0,data/outputs_webcam_sg_p5_n23/S11/S11_E0I125D0.arff,fixation,sg_p5_n23,7,7,0,136.02857142857144,159.57142857142858,23.542857142857144,89.9804740723548,81.80288736317551,-8.17758670917928
S11,S11_E0I125D0,data/outputs_webcam_sg_p5_n23/S11/S11_E0I125D0.arff,saccade,sg_p5_n23,6,6,0,60.23333333333333,48.26666666666666,-11.966666666666669,26.93768116721754,15.736920495022739,-11.200760672194802
S11,S11_E0I126D0,data/outputs_webcam_sg_p5_n23/S11/S11_E0I126D0.arff,fixation,sg_p5_n23,6,5,-1,146.41666666666666,236.36000000000004,89.94333333333338,81.9417943827609,150.24374529410534,68.30195091134443
S11,S11_E0I126D0,data/outputs_webcam_sg_p5_n23/S11/S11_E0I126D0.arff,saccade,sg_p5_n23,7,4,-3,48.05714285714286,39.724999999999994,-8.332142857142863,31.091309457942163,9.152185531336217,-21.939123926605944
S11,S11_E0I127D0,data/outputs_webcam_sg_p5_n23/S11/S11_E0I127D0.arff,fixation,sg_p5_n23,6,3,-3,92.39999999999999,226.4333333333333,134.0333333333333,58.17989343407223,118.24357628781927,60.06368285374704
S11,S11_E0I127D0,data/outputs_webcam_sg_p5_n23/S11/S11_E0I127D0.arff,saccade,sg_p5_n23,6,1,-5,46.76666666666667,31.5,-15.266666666666673,35.3052215212802,0.0,-35.3052215212802
S11,S11_E0I128D0,data/outputs_webcam_sg_p5_n23/S11/S11_E0I128D0.arff,fixation,sg_p5_n23,10,8,-2,180.60999999999999,259.11249999999995,78.50249999999997,62.72526427029046,131.33352784309986,68.60826357280939
S11,S11_E0I128D0,data/outputs_webcam_sg_p5_n23/S11/S11_E0I128D0.arff,saccade,sg_p5_n23,10,6,-4,51.89000000000001,39.416666666666664,-12.473333333333343,23.699716360234262,21.583180179636795,-2.1165361805974676
S11,S11_E0I129D0,data/outputs_webcam_sg_p5_n23/S11/S11_E0I129D0.arff,fixation,sg_p5_n23,13,12,-1,131.76153846153846,160.04166666666666,28.280128205128193,53.894828732472696,78.18842576905116,24.29359703657847
S11,S11_E0I129D0,data/outputs_webcam_sg_p5_n23/S11/S11_E0I129D0.arff,saccade,sg_p5_n23,15,8,-7,39.84,35.525,-4.315000000000005,20.442490762415147,11.224176711774582,-9.218314050640565
S11,S11_E0I130D0,data/outputs_webcam_sg_p5_n23/S11/S11_E0I130D0.arff,fixation,sg_p5_n23,7,5,-2,131.08571428571426,253.76,122.67428571428573,29.905541770237644,177.3342409124645,147.42869914222686
S11,S11_E0I130D0,data/outputs_webcam_sg_p5_n23/S11/S11_E0I130D0.arff,saccade,sg_p5_n23,6,4,-2,60.28333333333333,35.275000000000006,-25.008333333333326,28.589887489576917,14.841243209381078,-13.748644280195839
S11,S11_E0I131D0,data/outputs_webcam_sg_p5_n23/S11/S11_E0I131D0.arff,fixation,sg_p5_n23,10,8,-2,141.63000000000002,209.78749999999997,68.15749999999994,42.44374184991496,142.92879783304693,100.48505598313197
S11,S11_E0I131D0,data/outputs_webcam_sg_p5_n23/S11/S11_E0I131D0.arff,saccade,sg_p5_n23,9,7,-2,52.74444444444445,32.44285714285714,-20.301587301587304,25.18149673426458,9.408481482658281,-15.7730152516063
S11,S11_E0I132D0,data/outputs_webcam_sg_p5_n23/S11/S11_E0I132D0.arff,fixation,sg_p5_n23,10,9,-1,156.36,201.58888888888887,45.22888888888886,60.10541110785654,129.35474908603516,69.24933797817862
S11,S11_E0I132D0,data/outputs_webcam_sg_p5_n23/S11/S11_E0I132D0.arff,saccade,sg_p5_n23,10,8,-2,46.33,42.337500000000006,-3.9924999999999926,22.264323729031407,15.976495011645792,-6.287828717385615
S11,S11_E0I133D0,data/outputs_webcam_sg_p5_n23/S11/S11_E0I133D0.arff,fixation,sg_p5_n23,10,8,-2,177.95999999999998,297.6375,119.67750000000001,115.1987577093511,297.9403245018803,182.7415667925292
S11,S11_E0I133D0,data/outputs_webcam_sg_p5_n23/S11/S11_E0I133D0.arff,saccade,sg_p5_n23,12,7,-5,49.05833333333333,31.328571428571426,-17.729761904761904,24.70802071957177,9.096650351588083,-15.611370367983687
S11,S11_E0I134D0,data/outputs_webcam_sg_p5_n23/S11/S11_E0I134D0.arff,fixation,sg_p5_n23,8,7,-1,139.76250000000002,185.25714285714284,45.49464285714282,55.625429372339624,67.1000461287188,11.474616756379177
S11,S11_E0I134D0,data/outputs_webcam_sg_p5_n23/S11/S11_E0I134D0.arff,saccade,sg_p5_n23,7,6,-1,51.228571428571435,50.699999999999996,-0.5285714285714391,21.412668702251498,17.45256428150316,-3.960104420748337
S11,S11_E0I135D0,data/outputs_webcam_sg_p5_n23/S11/S11_E0I135D0.arff,fixation,sg_p5_n23,6,4,-2,163.13333333333335,321.25,158.11666666666665,65.41497280184917,125.06986047805442,59.65488767620525
S11,S11_E0I135D0,data/outputs_webcam_sg_p5_n23/S11/S11_E0I135D0.arff,saccade,sg_p5_n23,6,3,-3,60.23333333333333,41.699999999999996,-18.53333333333333,20.771486867017167,8.833459118601272,-11.938027748415895
S11,S11_E0I136D0,data/outputs_webcam_sg_p5_n23/S11/S11_E0I136D0.arff,fixation,sg_p5_n23,6,6,0,179.86666666666667,191.95000000000002,12.083333333333343,68.95452607818189,165.48849808974643,96.53397201156454
S11,S11_E0I136D0,data/outputs_webcam_sg_p5_n23/S11/S11_E0I136D0.arff,saccade,sg_p5_n23,7,5,-2,38.228571428571435,34.6,-3.6285714285714334,17.746146462984978,25.667002162309487,7.920855699324509
S11,S11_E0I137D0,data/outputs_webcam_sg_p5_n23/S11/S11_E0I137D0.arff,fixation,sg_p5_n23,7,7,0,146.5,156.55714285714288,10.057142857142878,44.88236476241717,80.81540400078146,35.93303923836429
S11,S11_E0I137D0,data/outputs_webcam_sg_p5_n23/S11/S11_E0I137D0.arff,saccade,sg_p5_n23,7,5,-2,40.34285714285715,28.26,-12.082857142857147,15.452061042986807,12.961789999841843,-2.490271043144965
S11,S11_E0I138D0,data/outputs_webcam_sg_p5_n23/S11/S11_E0I138D0.arff,fixation,sg_p5_n23,6,4,-2,157.41666666666666,306.65,149.23333333333332,106.45576389593316,295.30509082416216,188.849326928229
S11,S11_E0I138D0,data/outputs_webcam_sg_p5_n23/S11/S11_E0I138D0.arff,saccade,sg_p5_n23,7,3,-4,54.142857142857146,26.53333333333333,-27.609523809523814,33.77118382797465,18.59067866790595,-15.180505160068702
S11,S11_E0I139D0,data/outputs_webcam_sg_p5_n23/S11/S11_E0I139D0.arff,fixation,sg_p5_n23,5,6,1,149.98,160.1,10.120000000000005,41.44553051898359,83.22244889451402,41.77691837553043
S11,S11_E0I139D0,data/outputs_webcam_sg_p5_n23/S11/S11_E0I139D0.arff,saccade,sg_p5_n23,7,4,-3,50.37142857142857,44.574999999999996,-5.796428571428571,18.895653317250357,17.58491304120287,-1.3107402760474862
S11,S11_E0I140D0,data/outputs_webcam_sg_p5_n23/S11/S11_E0I140D0.arff,fixation,sg_p5_n23,7,6,-1,144.6142857142857,179.05000000000004,34.43571428571434,67.40710715672417,103.9560051175496,36.54889796082543
S11,S11_E0I140D0,data/outputs_webcam_sg_p5_n23/S11/S11_E0I140D0.arff,saccade,sg_p5_n23,7,4,-3,37.92857142857143,31.35,-6.578571428571429,17.586710350499917,0.4434711565216692,-17.143239193978246
S13,S13_E0I101D0,data/outputs_webcam_sg_p5_n23/S13/S13_E0I101D0.arff,fixation,sg_p5_n23,8,6,-2,121.975,170.75,48.775000000000006,78.29119180524533,176.70666937045698,98.41547756521165
S13,S13_E0I101D0,data/outputs_webcam_sg_p5_n23/S13/S13_E0I101D0.arff,saccade,sg_p5_n23,7,5,-2,36.57142857142857,35.260000000000005,-1.3114285714285643,12.05179299049375,7.123412103760389,-4.928380886733361
S13,S13_E0I102D0,data/outputs_webcam_sg_p5_n23/S13/S13_E0I102D0.arff,fixation,sg_p5_n23,7,5,-2,160.02857142857144,112.05999999999999,-47.96857142857145,84.61057290681259,62.782824084298724,-21.82774882251387
S13,S13_E0I102D0,data/outputs_webcam_sg_p5_n23/S13/S13_E0I102D0.arff,saccade,sg_p5_n23,6,4,-2,29.266666666666666,51.974999999999994,22.70833333333333,12.026914262048544,15.327834158810564,3.3009198967620197
S13,S13_E0I103D0,data/outputs_webcam_sg_p5_n23/S13/S13_E0I103D0.arff,fixation,sg_p5_n23,9,7,-2,174.45555555555558,235.79999999999998,61.344444444444406,173.56973462495637,313.24134997367975,139.67161534872338
S13,S13_E0I103D0,data/outputs_webcam_sg_p5_n23/S13/S13_E0I103D0.arff,saccade,sg_p5_n23,8,6,-2,37.912499999999994,34.78333333333334,-3.1291666666666558,17.021367873520454,6.436588123118231,-10.584779750402223
S13,S13_E0I104D0,data/outputs_webcam_sg_p5_n23/S13/S13_E0I104D0.arff,fixation,sg_p5_n23,8,7,-1,122.0625,146.38571428571427,24.323214285714272,88.44820821087495,71.69822007487188,-16.74998813600307
S13,S13_E0I104D0,data/outputs_webcam_sg_p5_n23/S13/S13_E0I104D0.arff,saccade,sg_p5_n23,7,6,-1,27.471428571428568,42.63333333333333,15.161904761904765,7.837455855423639,16.39752013771188,8.560064282288241
S13,S13_E0I105D0,data/outputs_webcam_sg_p5_n23/S13/S13_E0I105D0.arff,fixation,sg_p5_n23,10,9,-1,136.05,145.81111111111113,9.76111111111112,77.89206563501118,78.97311954780001,1.081053912788832
S13,S13_E0I105D0,data/outputs_webcam_sg_p5_n23/S13/S13_E0I105D0.arff,saccade,sg_p5_n23,10,8,-2,43.08,41.7,-1.3799999999999955,25.975022190130613,11.933625960764337,-14.041396229366276
S13,S13_E0I106D0,data/outputs_webcam_sg_p5_n23/S13/S13_E0I106D0.arff,fixation,sg_p5_n23,8,8,0,138.11249999999998,116.025,-22.087499999999977,68.97619542794662,59.065720055835136,-9.910475372111485
S13,S13_E0I106D0,data/outputs_webcam_sg_p5_n23/S13/S13_E0I106D0.arff,saccade,sg_p5_n23,7,6,-1,38.714285714285715,37.18333333333334,-1.5309523809523782,15.708960136540817,16.721174201193726,1.012214064652909
S13,S13_E0I107D0,data/outputs_webcam_sg_p5_n23/S13/S13_E0I107D0.arff,fixation,sg_p5_n23,12,12,0,169.7,148.11666666666667,-21.583333333333314,91.52486001081893,180.72631157905508,89.20145156823615
S13,S13_E0I107D0,data/outputs_webcam_sg_p5_n23/S13/S13_E0I107D0.arff,saccade,sg_p5_n23,12,10,-2,53.29999999999999,35.18,-18.11999999999999,60.03574692706762,18.14924546947093,-41.886501457596694
S13,S13_E0I108D0,data/outputs_webcam_sg_p5_n23/S13/S13_E0I108D0.arff,fixation,sg_p5_n23,6,5,-1,189.26666666666665,243.21999999999997,53.95333333333332,138.59878306344058,116.12683583048322,-22.471947232957362
S13,S13_E0I108D0,data/outputs_webcam_sg_p5_n23/S13/S13_E0I108D0.arff,saccade,sg_p5_n23,5,4,-1,38.4,51.975,13.575000000000003,14.071424945612298,14.67000908884063,0.5985841432283312
S13,S13_E0I109D0,data/outputs_webcam_sg_p5_n23/S13/S13_E0I109D0.arff,fixation,sg_p5_n23,6,6,0,176.35000000000002,157.48333333333332,-18.866666666666703,95.97351197075159,102.96165143715724,6.988139466405656
S13,S13_E0I109D0,data/outputs_webcam_sg_p5_n23/S13/S13_E0I109D0.arff,saccade,sg_p5_n23,5,5,0,22.3,41.6,19.3,8.626702730475879,8.539906322671227,-0.08679640780465192
S13,S13_E0I110D0,data/outputs_webcam_sg_p5_n23/S13/S13_E0I110D0.arff,fixation,sg_p5_n23,9,9,0,133.3111111111111,128.07777777777778,-5.23333333333332,65.07285233575604,88.85092540004547,23.77807306428943
S13,S13_E0I110D0,data/outputs_webcam_sg_p5_n23/S13/S13_E0I110D0.arff,saccade,sg_p5_n23,8,7,-1,46.0375,34.357142857142854,-11.680357142857147,35.76063028767011,11.145082195428492,-24.615548092241617
S13,S13_E0I111D0,data/outputs_webcam_sg_p5_n23/S13/S13_E0I111D0.arff,fixation,sg_p5_n23,8,7,-1,145.97499999999997,157.95714285714286,11.98214285714289,85.9544356039873,63.46520981721291,-22.489225786774398
S13,S13_E0I111D0,data/outputs_webcam_sg_p5_n23/S13/S13_E0I111D0.arff,saccade,sg_p5_n23,6,6,0,37.13333333333333,39.68333333333333,2.549999999999997,19.238468407507565,13.315767595849163,-5.922700811658402
S13,S13_E0I112D0,data/outputs_webcam_sg_p5_n23/S13/S13_E0I112D0.arff,fixation,sg_p5_n23,7,6,-1,157.64285714285714,186.61666666666667,28.973809523809535,74.77570588417197,88.03170830255804,13.256002418386075
S13,S13_E0I112D0,data/outputs_webcam_sg_p5_n23/S13/S13_E0I112D0.arff,saccade,sg_p5_n23,6,5,-1,32.06666666666667,38.239999999999995,6.173333333333325,14.333410852503555,9.007940941191833,-5.325469911311721
S13,S13_E0I113D0,data/outputs_webcam_sg_p5_n23/S13/S13_E0I113D0.arff,fixation,sg_p5_n23,7,6,-1,150.74285714285716,181.18333333333337,30.440476190476204,109.55864270095806,177.70304912034197,68.14440641938391
S13,S13_E0I113D0,data/outputs_webcam_sg_p5_n23/S13/S13_E0I113D0.arff,saccade,sg_p5_n23,7,5,-2,27.3,38.17999999999999,10.879999999999992,11.951150572225254,8.785613239837048,-3.1655373323882063
S13,S13_E0I114D0,data/outputs_webcam_sg_p5_n23/S13/S13_E0I114D0.arff,fixation,sg_p5_n23,7,6,-1,162.1285714285714,205.14999999999998,43.02142857142857,82.41154276527276,96.79040758256987,14.378864817297114
S13,S13_E0I114D0,data/outputs_webcam_sg_p5_n23/S13/S13_E0I114D0.arff,saccade,sg_p5_n23,7,5,-2,38.75714285714286,32.0,-6.75714285714286,8.649827964157657,11.349229048706349,2.6994010845486915
S13,S13_E0I115D0,data/outputs_webcam_sg_p5_n23/S13/S13_E0I115D0.arff,fixation,sg_p5_n23,7,6,-1,143.94285714285715,165.25,21.30714285714285,76.10617270504098,106.9028858356967,30.796713130655718
S13,S13_E0I115D0,data/outputs_webcam_sg_p5_n23/S13/S13_E0I115D0.arff,saccade,sg_p5_n23,6,6,0,40.050000000000004,26.766666666666666,-13.283333333333339,16.48353724174517,8.375360688750465,-8.108176552994706
S13,S13_E0I116D0,data/outputs_webcam_sg_p5_n23/S13/S13_E0I116D0.arff,fixation,sg_p5_n23,6,6,0,197.53333333333333,186.98333333333332,-10.550000000000011,129.40192682748838,119.41025779499292,-9.991669032495466
S13,S13_E0I116D0,data/outputs_webcam_sg_p5_n23/S13/S13_E0I116D0.arff,saccade,sg_p5_n23,7,5,-2,43.51428571428572,32.08,-11.434285714285721,35.313851322648105,0.47644516998286324,-34.837406152665245
S13,S13_E0I117D0,data/outputs_webcam_sg_p5_n23/S13/S13_E0I117D0.arff,fixation,sg_p5_n23,8,8,0,128.25,120.22500000000001,-8.024999999999991,37.251768893762424,44.48755042545209,7.235781531689668
S13,S13_E0I117D0,data/outputs_webcam_sg_p5_n23/S13/S13_E0I117D0.arff,saccade,sg_p5_n23,6,8,2,61.28333333333333,52.0,-9.283333333333331,56.643107847880906,63.28170577437278,6.638597926491876
S13,S13_E0I118D0,data/outputs_webcam_sg_p5_n23/S13/S13_E0I118D0.arff,fixation,sg_p5_n23,6,5,-1,149.25,169.54,20.289999999999992,82.06331092516314,103.32416464699824,21.260853721835105
S13,S13_E0I118D0,data/outputs_webcam_sg_p5_n23/S13/S13_E0I118D0.arff,saccade,sg_p5_n23,5,5,0,70.67999999999999,35.760000000000005,-34.91999999999999,78.25846280115653,18.13651013839211,-60.121952662764414
S13,S13_E0I119D0,data/outputs_webcam_sg_p5_n23/S13/S13_E0I119D0.arff,fixation,sg_p5_n23,7,7,0,158.22857142857143,162.58571428571426,4.357142857142833,83.86120903583719,130.51264853864328,46.651439502806085
S13,S13_E0I119D0,data/outputs_webcam_sg_p5_n23/S13/S13_E0I119D0.arff,saccade,sg_p5_n23,6,6,0,53.333333333333336,64.01666666666667,10.68333333333333,61.28058964033119,57.23220829800879,-4.048381342322401
S13,S13_E0I120D0,data/outputs_webcam_sg_p5_n23/S13/S13_E0I120D0.arff,fixation,sg_p5_n23,7,7,0,132.58571428571426,120.87142857142858,-11.71428571428568,38.83016132559107,38.06156041142271,-0.7686009141683599
S13,S13_E0I120D0,data/outputs_webcam_sg_p5_n23/S13/S13_E0I120D0.arff,saccade,sg_p5_n23,6,6,0,42.96666666666667,40.13333333333333,-2.8333333333333357,8.149519413233314,8.800378779726852,0.6508593664935383
S13,S13_E0I121D0,data/outputs_webcam_sg_p5_n23/S13/S13_E0I121D0.arff,fixation,sg_p5_n23,17,14,-3,161.9294117647059,158.91428571428574,-3.0151260504201502,134.21440759427563,107.73995657024483,-26.4744510240308
S13,S13_E0I121D0,data/outputs_webcam_sg_p5_n23/S13/S13_E0I121D0.arff,saccade,sg_p5_n23,18,10,-8,45.34444444444444,33.61,-11.734444444444442,22.137809611140057,9.00425208196414,-13.133557529175917
S13,S13_E0I122D0,data/outputs_webcam_sg_p5_n23/S13/S13_E0I122D0.arff,fixation,sg_p5_n23,7,6,-1,167.08571428571426,203.03333333333333,35.94761904761907,71.26159387710018,113.18036343229626,41.91876955519608
S13,S13_E0I122D0,data/outputs_webcam_sg_p5_n23/S13/S13_E0I122D0.arff,saccade,sg_p5_n23,5,5,0,35.0,35.04,0.03999999999999915,17.346613502352554,7.138137011854003,-10.208476490498551
S13,S13_E0I123D0,data/outputs_webcam_sg_p5_n23/S13/S13_E0I123D0.arff,fixation,sg_p5_n23,7,5,-2,194.04285714285714,163.34,-30.70285714285714,171.93766173764698,86.38392790328534,-85.55373383436164
S13,S13_E0I123D0,data/outputs_webcam_sg_p5_n23/S13/S13_E0I123D0.arff,saccade,sg_p5_n23,6,4,-2,37.35,39.824999999999996,2.4749999999999943,13.007497837785714,9.210275059229593,-3.7972227785561206
S13,S13_E0I124D0,data/outputs_webcam_sg_p5_n23/S13/S13_E0I124D0.arff,fixation,sg_p5_n23,10,8,-2,140.87,197.8625,56.99250000000001,55.270608021905375,89.24162925931564,33.97102123741027
S13,S13_E0I124D0,data/outputs_webcam_sg_p5_n23/S13/S13_E0I124D0.arff,saccade,sg_p5_n23,9,7,-2,55.25555555555555,36.58571428571429,-18.669841269841264,29.987210236662193,12.047327306838444,-17.93988292982375
S13,S13_E0I125D0,data/outputs_webcam_sg_p5_n23/S13/S13_E0I125D0.arff,fixation,sg_p5_n23,9,8,-1,195.15555555555557,217.875,22.719444444444434,133.23719554905747,154.29491010955056,21.057714560493082
S13,S13_E0I125D0,data/outputs_webcam_sg_p5_n23/S13/S13_E0I125D0.arff,saccade,sg_p5_n23,8,7,-1,35.9125,41.228571428571435,5.316071428571433,22.27179109482281,8.68153486539377,-13.59025622942904
S13,S13_E0I126D0,data/outputs_webcam_sg_p5_n23/S13/S13_E0I126D0.arff,fixation,sg_p5_n23,8,6,-2,105.86250000000001,160.13333333333333,54.270833333333314,46.2680370234139,86.37899436012592,40.11095733671201
S13,S13_E0I126D0,data/outputs_webcam_sg_p5_n23/S13/S13_E0I126D0.arff,saccade,sg_p5_n23,8,5,-3,42.037499999999994,38.4,-3.6374999999999957,19.030722341969653,24.298456741118358,5.267734399148704
S13,S13_E0I127D0,data/outputs_webcam_sg_p5_n23/S13/S13_E0I127D0.arff,fixation,sg_p5_n23,5,5,0,163.4,169.92000000000002,6.52000000000001,75.35011612466168,71.21633941729945,-4.13377670736223
S13,S13_E0I127D0,data/outputs_webcam_sg_p5_n23/S13/S13_E0I127D0.arff,saccade,sg_p5_n23,4,4,0,44.224999999999994,48.050000000000004,3.82500000000001,20.227930360436446,13.083450105635999,-7.144480254800447
S13,S13_E0I128D0,data/outputs_webcam_sg_p5_n23/S13/S13_E0I128D0.arff,fixation,sg_p5_n23,8,5,-3,165.8125,255.92000000000002,90.10750000000002,88.976761613035,362.84763606781286,273.8708744547779
S13,S13_E0I128D0,data/outputs_webcam_sg_p5_n23/S13/S13_E0I128D0.arff,saccade,sg_p5_n23,6,4,-2,24.05,47.825,23.775000000000002,19.718392429404584,18.797052073840373,-0.9213403555642117
S13,S13_E0I129D0,data/outputs_webcam_sg_p5_n23/S13/S13_E0I129D0.arff,fixation,sg_p5_n23,10,8,-2,217.71000000000004,257.8875,40.17749999999995,206.07047041674306,222.4102094104495,16.339738993706447
S13,S13_E0I129D0,data/outputs_webcam_sg_p5_n23/S13/S13_E0I129D0.arff,saccade,sg_p5_n23,8,7,-1,34.0625,41.24285714285714,7.18035714285714,15.920511253456295,12.7374588181025,-3.1830524353537957
S13,S13_E0I130D0,data/outputs_webcam_sg_p5_n23/S13/S13_E0I130D0.arff,fixation,sg_p5_n23,8,6,-2,192.22500000000002,267.0166666666666,74.79166666666657,226.3298335868,366.77529042544114,140.44545683864115
S13,S13_E0I130D0,data/outputs_webcam_sg_p5_n23/S13/S13_E0I130D0.arff,saccade,sg_p5_n23,7,5,-2,29.7,35.48,5.779999999999998,10.995453605922767,13.604484554734148,2.6090309488113803
S13,S13_E0I131D0,data/outputs_webcam_sg_p5_n23/S13/S13_E0I131D0.arff,fixation,sg_p5_n23,6,6,0,216.03333333333333,213.23333333333335,-2.799999999999983,216.0846377387034,201.79398074934412,-14.290656989359292
S13,S13_E0I131D0,data/outputs_webcam_sg_p5_n23/S13/S13_E0I131D0.arff,saccade,sg_p5_n23,5,5,0,35.24,38.620000000000005,3.3800000000000026,13.49473971590412,9.201738966086793,-4.293000749817326
S13,S13_E0I132D0,data/outputs_webcam_sg_p5_n23/S13/S13_E0I132D0.arff,fixation,sg_p5_n23,7,5,-2,155.58571428571432,214.44,58.85428571428568,106.26660542508841,144.734940494685,38.46833506959658
S13,S13_E0I132D0,data/outputs_webcam_sg_p5_n23/S13/S13_E0I132D0.arff,saccade,sg_p5_n23,6,4,-2,40.00000000000001,43.9,3.8999999999999915,21.99727255820594,15.31883372410141,-6.678438834104529
S13,S13_E0I133D0,data/outputs_webcam_sg_p5_n23/S13/S13_E0I133D0.arff,fixation,sg_p5_n23,17,16,-1,118.44117647058822,138.03125,19.590073529411782,56.686121083819195,94.87394246226586,38.187821378446664
S13,S13_E0I133D0,data/outputs_webcam_sg_p5_n23/S13/S13_E0I133D0.arff,saccade,sg_p5_n23,20,13,-7,36.864999999999995,37.0,0.13500000000000512,14.782574200727018,19.938572332708944,5.155998131981926
S13,S13_E0I134D0,data/outputs_webcam_sg_p5_n23/S13/S13_E0I134D0.arff,fixation,sg_p5_n23,8,7,-1,144.1375,175.9,31.762500000000017,101.20445977609597,110.87775550878844,9.673295732692466
S13,S13_E0I134D0,data/outputs_webcam_sg_p5_n23/S13/S13_E0I134D0.arff,saccade,sg_p5_n23,7,6,-1,43.371428571428574,48.18333333333334,4.8119047619047635,45.95188477402983,10.07619306418186,-35.87569170984797
S13,S13_E0I135D0,data/outputs_webcam_sg_p5_n23/S13/S13_E0I135D0.arff,fixation,sg_p5_n23,7,7,0,144.05714285714285,148.44285714285715,4.3857142857143,97.35784264151256,94.14350494755081,-3.2143376939617525
S13,S13_E0I135D0,data/outputs_webcam_sg_p5_n23/S13/S13_E0I135D0.arff,saccade,sg_p5_n23,7,6,-1,38.728571428571435,39.96666666666667,1.2380952380952337,12.63325166451803,8.838023911863255,-3.7952277526547746
S13,S13_E0I136D0,data/outputs_webcam_sg_p5_n23/S13/S13_E0I136D0.arff,fixation,sg_p5_n23,9,7,-2,147.85555555555553,164.6142857142857,16.758730158730174,74.65224563117829,89.93483619768683,15.282590566508546
S13,S13_E0I136D0,data/outputs_webcam_sg_p5_n23/S13/S13_E0I136D0.arff,saccade,sg_p5_n23,8,5,-3,42.037499999999994,41.739999999999995,-0.29749999999999943,22.61926722951033,14.393331789408592,-8.22593544010174
S13,S13_E0I137D0,data/outputs_webcam_sg_p5_n23/S13/S13_E0I137D0.arff,fixation,sg_p5_n23,7,7,0,180.44285714285715,189.44285714285715,9.0,175.03253847159252,167.80642475923318,-7.226113712359336
S13,S13_E0I137D0,data/outputs_webcam_sg_p5_n23/S13/S13_E0I137D0.arff,saccade,sg_p5_n23,6,6,0,42.65,37.233333333333334,-5.416666666666664,34.66368416657411,16.487530641871956,-18.17615352470215
S13,S13_E0I138D0,data/outputs_webcam_sg_p5_n23/S13/S13_E0I138D0.arff,fixation,sg_p5_n23,6,7,1,181.53333333333333,155.62857142857143,-25.904761904761898,72.60974222972195,80.31064093642291,7.700898706700968
S13,S13_E0I138D0,data/outputs_webcam_sg_p5_n23/S13/S13_E0I138D0.arff,saccade,sg_p5_n23,7,6,-1,38.857142857142854,34.68333333333334,-4.173809523809517,15.59763413073247,6.525156447677454,-9.072477683055016
S13,S13_E0I139D0,data/outputs_webcam_sg_p5_n23/S13/S13_E0I139D0.arff,fixation,sg_p5_n23,8,7,-1,135.875,120.95714285714284,-14.917857142857159,87.59224933096046,65.11018499801847,-22.482064332941988
S13,S13_E0I139D0,data/outputs_webcam_sg_p5_n23/S13/S13_E0I139D0.arff,saccade,sg_p5_n23,8,8,0,33.975,27.9625,-6.012500000000003,15.831501147125264,7.383560407128412,-8.447940739996852
S13,S13_E0I140D0,data/outputs_webcam_sg_p5_n23/S13/S13_E0I140D0.arff,fixation,sg_p5_n23,6,5,-1,176.11666666666667,175.84,-0.27666666666667084,138.94254088171365,102.66928946866244,-36.27325141305121
S13,S13_E0I140D0,data/outputs_webcam_sg_p5_n23/S13/S13_E0I140D0.arff,saccade,sg_p5_n23,4,4,0,36.0,32.05,-3.950000000000003,15.497311594811103,0.10000000000000143,-15.397311594811102
S14,S14_E0I101D0,data/outputs_webcam_sg_p5_n23/S14/S14_E0I101D0.arff,fixation,sg_p5_n23,7,8,1,212.37142857142857,166.075,-46.29642857142858,174.97185215805155,106.5605093027297,-68.41134285532185
S14,S14_E0I101D0,data/outputs_webcam_sg_p5_n23/S14/S14_E0I101D0.arff,saccade,sg_p5_n23,7,4,-3,43.48571428571428,40.05,-3.4357142857142833,7.813114737719004,15.966736255937425,8.153621518218422
S14,S14_E0I102D0,data/outputs_webcam_sg_p5_n23/S14/S14_E0I102D0.arff,fixation,sg_p5_n23,9,7,-2,172.43333333333334,203.37142857142857,30.93809523809523,174.44989251931338,257.7818309752501,83.33193845593672
S14,S14_E0I102D0,data/outputs_webcam_sg_p5_n23/S14/S14_E0I102D0.arff,saccade,sg_p5_n23,9,3,-6,35.46666666666667,31.866666666666664,-3.600000000000005,13.330322576742093,0.05773502691896134,-13.272587549823132
S14,S14_E0I103D0,data/outputs_webcam_sg_p5_n23/S14/S14_E0I103D0.arff,fixation,sg_p5_n23,5,6,1,288.48,255.98333333333332,-32.4966666666667,277.4603341020118,299.3465243938314,21.88619029181956
S14,S14_E0I103D0,data/outputs_webcam_sg_p5_n23/S14/S14_E0I103D0.arff,saccade,sg_p5_n23,6,3,-3,45.300000000000004,31.433333333333334,-13.86666666666667,23.72433349959488,15.654498820892774,-8.069834678702106
S14,S14_E0I104D0,data/outputs_webcam_sg_p5_n23/S14/S14_E0I104D0.arff,fixation,sg_p5_n23,7,5,-2,169.44285714285715,278.54,109.09714285714287,71.45158867239779,289.96313213924276,218.51154346684496
S14,S14_E0I104D0,data/outputs_webcam_sg_p5_n23/S14/S14_E0I104D0.arff,saccade,sg_p5_n23,8,5,-3,37.8875,47.839999999999996,9.952499999999993,16.760790767229842,31.638157342045062,14.87736657481522
S14,S14_E0I105D0,data/outputs_webcam_sg_p5_n23/S14/S14_E0I105D0.arff,fixation,sg_p5_n23,13,8,-5,151.4230769230769,215.925,64.5019230769231,103.29098180904722,173.64682342534886,70.35584161630163
S14,S14_E0I105D0,data/outputs_webcam_sg_p5_n23/S14/S14_E0I105D0.arff,saccade,sg_p5_n23,13,5,-8,35.784615384615385,44.779999999999994,8.995384615384609,18.897479821122804,13.500814790226553,-5.396665030896251
S14,S14_E0I106D0,data/outputs_webcam_sg_p5_n23/S14/S14_E0I106D0.arff,fixation,sg_p5_n23,7,7,0,171.44285714285715,185.2428571428571,13.799999999999955,161.6442581426145,157.2180212013756,-4.426236941238898
S14,S14_E0I106D0,data/outputs_webcam_sg_p5_n23/S14/S14_E0I106D0.arff,saccade,sg_p5_n23,8,5,-3,42.0125,51.14,9.127499999999998,22.520050589894968,36.39413414274339,13.874083552848422
S14,S14_E0I107D0,data/outputs_webcam_sg_p5_n23/S14/S14_E0I107D0.arff,fixation,sg_p5_n23,9,7,-2,152.8,187.45714285714283,34.657142857142816,167.53913721874062,195.18186269172023,27.642725472979606
S14,S14_E0I107D0,data/outputs_webcam_sg_p5_n23/S14/S14_E0I107D0.arff,saccade,sg_p5_n23,9,4,-5,32.077777777777776,44.025,11.947222222222223,17.934518238426268,20.139575467223732,2.2050572287974646
S14,S14_E0I108D0,data/outputs_webcam_sg_p5_n23/S14/S14_E0I108D0.arff,fixation,sg_p5_n23,9,7,-2,181.36666666666667,219.2571428571429,37.89047619047622,158.7847757185808,258.68491682059124,99.90014110201045
S14,S14_E0I108D0,data/outputs_webcam_sg_p5_n23/S14/S14_E0I108D0.arff,saccade,sg_p5_n23,10,6,-4,30.740000000000002,43.916666666666664,13.176666666666662,16.166164940668175,13.251176048436859,-2.9149888922313156
S14,S14_E0I109D0,data/outputs_webcam_sg_p5_n23/S14/S14_E0I109D0.arff,fixation,sg_p5_n23,12,9,-3,144.14166666666665,243.35555555555553,99.21388888888887,93.55413074144765,290.2092310347446,196.65510029329698
S14,S14_E0I109D0,data/outputs_webcam_sg_p5_n23/S14/S14_E0I109D0.arff,saccade,sg_p5_n23,13,8,-5,62.623076923076916,42.0,-20.623076923076916,61.79940875993009,11.943796955503124,-49.855611804426964
S14,S14_E0I110D0,data/outputs_webcam_sg_p5_n23/S14/S14_E0I110D0.arff,fixation,sg_p5_n23,10,9,-1,130.06,153.37777777777777,23.317777777777764,48.38264610833563,87.86965883878487,39.487012730449244
S14,S14_E0I110D0,data/outputs_webcam_sg_p5_n23/S14/S14_E0I110D0.arff,saccade,sg_p5_n23,11,7,-4,31.927272727272726,34.18571428571429,2.2584415584415645,14.245075704192724,6.140691755665256,-8.104383948527467
S14,S14_E0I111D0,data/outputs_webcam_sg_p5_n23/S14/S14_E0I111D0.arff,fixation,sg_p5_n23,9,10,1,161.66666666666666,148.76,-12.906666666666666,70.41148698898496,89.79056124609583,19.379074257110872
S14,S14_E0I111D0,data/outputs_webcam_sg_p5_n23/S14/S14_E0I111D0.arff,saccade,sg_p5_n23,10,8,-2,32.0,39.85,7.850000000000001,19.955840136550393,12.1420167776433,-7.813823358907092
S14,S14_E0I112D0,data/outputs_webcam_sg_p5_n23/S14/S14_E0I112D0.arff,fixation,sg_p5_n23,9,7,-2,191.9111111111111,242.77142857142852,50.86031746031742,266.57691406254804,357.9881781767182,91.41126411417014
S14,S14_E0I112D0,data/outputs_webcam_sg_p5_n23/S14/S14_E0I112D0.arff,saccade,sg_p5_n23,8,5,-3,36.05,41.660000000000004,5.6100000000000065,22.34598078274608,8.594067721399453,-13.751913061346626
S14,S14_E0I113D0,data/outputs_webcam_sg_p5_n23/S14/S14_E0I113D0.arff,fixation,sg_p5_n23,10,6,-4,147.22999999999996,212.9,65.67000000000004,106.3904762863878,97.9225408167088,-8.467935469678991
S14,S14_E0I113D0,data/outputs_webcam_sg_p5_n23/S14/S14_E0I113D0.arff,saccade,sg_p5_n23,10,4,-6,33.43,43.974999999999994,10.544999999999995,25.564865212500795,15.032714325762997,-10.532150886737798
S14,S14_E0I114D0,data/outputs_webcam_sg_p5_n23/S14/S14_E0I114D0.arff,fixation,sg_p5_n23,10,7,-3,131.44,182.95714285714286,51.51714285714286,66.02794357946743,73.80035810985511,7.772414530387678
S14,S14_E0I114D0,data/outputs_webcam_sg_p5_n23/S14/S14_E0I114D0.arff,saccade,sg_p5_n23,8,6,-2,36.3,37.48333333333333,1.18333333333333,11.523516328422872,13.107771231855805,1.5842549034329334
S14,S14_E0I115D0,data/outputs_webcam_sg_p5_n23/S14/S14_E0I115D0.arff,fixation,sg_p5_n23,7,6,-1,144.0,186.71666666666667,42.71666666666667,56.14751404410825,90.80862110321169,34.66110705910344
S14,S14_E0I115D0,data/outputs_webcam_sg_p5_n23/S14/S14_E0I115D0.arff,saccade,sg_p5_n23,7,4,-3,29.74285714285714,36.35,6.607142857142861,19.375573724224452,7.5958321905283475,-11.779741533696104
S14,S14_E0I116D0,data/outputs_webcam_sg_p5_n23/S14/S14_E0I116D0.arff,fixation,sg_p5_n23,9,7,-2,161.60000000000002,183.21428571428572,21.6142857142857,29.386944380115466,90.35348044525695,60.96653606514148
S14,S14_E0I116D0,data/outputs_webcam_sg_p5_n23/S14/S14_E0I116D0.arff,saccade,sg_p5_n23,10,5,-5,30.45,41.9,11.45,14.153621444704532,21.64162655624572,7.488005111541186
S14,S14_E0I117D0,data/outputs_webcam_sg_p5_n23/S14/S14_E0I117D0.arff,fixation,sg_p5_n23,10,6,-4,140.89000000000001,290.95,150.05999999999997,175.7269501243335,236.10240786573948,60.37545774140597
S14,S14_E0I117D0,data/outputs_webcam_sg_p5_n23/S14/S14_E0I117D0.arff,saccade,sg_p5_n23,11,3,-8,42.054545454545455,42.5,0.4454545454545453,19.199602268607734,9.096702699330127,-10.102899569277607
S14,S14_E0I118D0,data/outputs_webcam_sg_p5_n23/S14/S14_E0I118D0.arff,fixation,sg_p5_n23,8,6,-2,136.25,183.98333333333335,47.73333333333335,125.6533098876201,188.97705063490295,63.323740747282855
S14,S14_E0I118D0,data/outputs_webcam_sg_p5_n23/S14/S14_E0I118D0.arff,saccade,sg_p5_n23,8,5,-3,34.0625,25.58,-8.482500000000002,16.01141891633236,8.746542173910786,-7.264876742421574
S14,S14_E0I119D0,data/outputs_webcam_sg_p5_n23/S14/S14_E0I119D0.arff,fixation,sg_p5_n23,10,7,-3,249.41000000000003,319.95714285714286,70.54714285714283,218.1649653613318,333.50030413350873,115.33533877217693
S14,S14_E0I119D0,data/outputs_webcam_sg_p5_n23/S14/S14_E0I119D0.arff,saccade,sg_p5_n23,11,3,-8,36.31818181818182,58.56666666666666,22.248484848484843,23.745265556814402,18.736684160580104,-5.008581396234298
S14,S14_E0I120D0,data/outputs_webcam_sg_p5_n23/S14/S14_E0I120D0.arff,fixation,sg_p5_n23,8,5,-3,163.91250000000002,233.71999999999997,69.80749999999995,162.29206861616584,263.7289650379723,101.43689642180644
S14,S14_E0I120D0,data/outputs_webcam_sg_p5_n23/S14/S14_E0I120D0.arff,saccade,sg_p5_n23,10,3,-7,40.019999999999996,58.73333333333333,18.71333333333333,17.251589298767037,9.297490700900608,-7.9540985978664285
S14,S14_E0I121D0,data/outputs_webcam_sg_p5_n23/S14/S14_E0I121D0.arff,fixation,sg_p5_n23,12,6,-6,112.00000000000001,239.86666666666665,127.86666666666663,51.54658969409043,192.5927689885232,141.04617929443276
S14,S14_E0I121D0,data/outputs_webcam_sg_p5_n23/S14/S14_E0I121D0.arff,saccade,sg_p5_n23,11,4,-7,40.75454545454545,40.075,-0.6795454545454476,18.11056949056896,9.383451745848468,-8.727117744720491
S14,S14_E0I122D0,data/outputs_webcam_sg_p5_n23/S14/S14_E0I122D0.arff,fixation,sg_p5_n23,11,9,-2,164.36363636363637,202.74444444444444,38.380808080808066,79.33094317764377,199.60621302398826,120.27526984634449
S14,S14_E0I122D0,data/outputs_webcam_sg_p5_n23/S14/S14_E0I122D0.arff,saccade,sg_p5_n23,11,7,-4,30.70909090909091,39.01428571428572,8.305194805194809,23.342855632739305,15.704927949683881,-7.637927683055423
S14,S14_E0I123D0,data/outputs_webcam_sg_p5_n23/S14/S14_E0I123D0.arff,fixation,sg_p5_n23,7,6,-1,189.72857142857146,229.68333333333337,39.95476190476191,123.2815843815249,229.4701847009033,106.18860031937841
S14,S14_E0I123D0,data/outputs_webcam_sg_p5_n23/S14/S14_E0I123D0.arff,saccade,sg_p5_n23,7,4,-3,36.01428571428571,35.3,-0.7142857142857153,11.634063287236689,14.54028885545263,2.906225568215941
S14,S14_E0I124D0,data/outputs_webcam_sg_p5_n23/S14/S14_E0I124D0.arff,fixation,sg_p5_n23,8,8,0,210.15,211.925,1.7750000000000057,226.09526437196462,230.86472693518414,4.76946256321952
S14,S14_E0I124D0,data/outputs_webcam_sg_p5_n23/S14/S14_E0I124D0.arff,saccade,sg_p5_n23,8,5,-3,43.9375,45.239999999999995,1.3024999999999949,22.219614083057337,18.619559608111032,-3.6000544749463046
S14,S14_E0I125D0,data/outputs_webcam_sg_p5_n23/S14/S14_E0I125D0.arff,fixation,sg_p5_n23,5,4,-1,124.35999999999999,163.95,39.59,47.47233931459456,134.72541210427477,87.2530727896802
S14,S14_E0I125D0,data/outputs_webcam_sg_p5_n23/S14/S14_E0I125D0.arff,saccade,sg_p5_n23,4,3,-1,55.99999999999999,36.96666666666667,-19.033333333333324,40.31897816165484,23.583963478035944,-16.735014683618896
S14,S14_E0I126D0,data/outputs_webcam_sg_p5_n23/S14/S14_E0I126D0.arff,fixation,sg_p5_n23,8,7,-1,142.025,150.65714285714287,8.632142857142867,63.196015923248105,107.91687938938402,44.72086346613592
S14,S14_E0I126D0,data/outputs_webcam_sg_p5_n23/S14/S14_E0I126D0.arff,saccade,sg_p5_n23,8,5,-3,44.2,51.08,6.8799999999999955,11.441278649821319,20.82755386501257,9.38627521519125
S14,S14_E0I127D0,data/outputs_webcam_sg_p5_n23/S14/S14_E0I127D0.arff,fixation,sg_p5_n23,9,8,-1,161.9888888888889,165.975,3.986111111111086,113.19989448365713,195.76401792537285,82.56412344171572
S14,S14_E0I127D0,data/outputs_webcam_sg_p5_n23/S14/S14_E0I127D0.arff,saccade,sg_p5_n23,10,8,-2,28.8,44.4625,15.662499999999998,10.149110524792034,20.58695408678585,10.437843561993814
S14,S14_E0I128D0,data/outputs_webcam_sg_p5_n23/S14/S14_E0I128D0.arff,fixation,sg_p5_n23,7,6,-1,151.0285714285714,199.85000000000002,48.82142857142861,64.60223717193583,116.02650990183236,51.42427272989653
S14,S14_E0I128D0,data/outputs_webcam_sg_p5_n23/S14/S14_E0I128D0.arff,saccade,sg_p5_n23,9,3,-6,45.988888888888894,37.36666666666667,-8.622222222222227,20.123086520489622,9.295877222367631,-10.827209298121991
S14,S14_E0I129D0,data/outputs_webcam_sg_p5_n23/S14/S14_E0I129D0.arff,fixation,sg_p5_n23,10,9,-1,129.66,170.85555555555553,41.19555555555553,58.23937575978033,107.00236108506101,48.76298532528068
S14,S14_E0I129D0,data/outputs_webcam_sg_p5_n23/S14/S14_E0I129D0.arff,saccade,sg_p5_n23,10,7,-3,42.89,31.557142857142853,-11.332857142857147,25.601017774907135,9.226204915503294,-16.37481285940384
S14,S14_E0I130D0,data/outputs_webcam_sg_p5_n23/S14/S14_E0I130D0.arff,fixation,sg_p5_n23,7,5,-2,201.11428571428573,300.76000000000005,99.64571428571432,173.7866261499182,259.4480930745108,85.66146692459259
S14,S14_E0I130D0,data/outputs_webcam_sg_p5_n23/S14/S14_E0I130D0.arff,saccade,sg_p5_n23,7,4,-3,38.72857142857142,28.099999999999998,-10.628571428571423,15.543992868169822,8.068457101577723,-7.475535766592099
S14,S14_E0I131D0,data/outputs_webcam_sg_p5_n23/S14/S14_E0I131D0.arff,fixation,sg_p5_n23,10,8,-2,152.18,132.1375,-20.042500000000018,84.23593585215808,76.34380763549663,-7.8921282166614475
S14,S14_E0I131D0,data/outputs_webcam_sg_p5_n23/S14/S14_E0I131D0.arff,saccade,sg_p5_n23,11,6,-5,37.845454545454544,42.56666666666667,4.721212121212126,20.673962544048667,16.33495230071599,-4.339010243332677
S14,S14_E0I132D0,data/outputs_webcam_sg_p5_n23/S14/S14_E0I132D0.arff,fixation,sg_p5_n23,13,10,-3,153.96153846153848,131.29,-22.67153846153849,65.12154710566924,114.35215054092043,49.2306034352512
S14,S14_E0I132D0,data/outputs_webcam_sg_p5_n23/S14/S14_E0I132D0.arff,saccade,sg_p5_n23,12,6,-6,33.083333333333336,42.61666666666667,9.533333333333331,16.789706442467732,19.47669547604692,2.686989033579188
S14,S14_E0I133D0,data/outputs_webcam_sg_p5_n23/S14/S14_E0I133D0.arff,fixation,sg_p5_n23,6,6,0,215.96666666666667,210.68333333333337,-5.283333333333303,219.83562647275048,230.681134180207,10.845507707456534
S14,S14_E0I133D0,data/outputs_webcam_sg_p5_n23/S14/S14_E0I133D0.arff,saccade,sg_p5_n23,7,4,-3,27.38571428571429,36.05,8.664285714285707,15.204541927927169,15.37194414076068,0.16740221283351175
S14,S14_E0I134D0,data/outputs_webcam_sg_p5_n23/S14/S14_E0I134D0.arff,fixation,sg_p5_n23,11,9,-2,178.96363636363637,209.79999999999998,30.836363636363615,122.08047569310396,198.2452206233482,76.16474493024423
S14,S14_E0I134D0,data/outputs_webcam_sg_p5_n23/S14/S14_E0I134D0.arff,saccade,sg_p5_n23,13,6,-7,33.26923076923077,42.800000000000004,9.530769230769238,17.997008298389698,19.45672120373831,1.4597129053486135
S14,S14_E0I135D0,data/outputs_webcam_sg_p5_n23/S14/S14_E0I135D0.arff,fixation,sg_p5_n23,10,8,-2,161.49,208.16250000000002,46.672500000000014,120.7520457613682,178.22000799573541,57.46796223436722
S14,S14_E0I135D0,data/outputs_webcam_sg_p5_n23/S14/S14_E0I135D0.arff,saccade,sg_p5_n23,9,7,-2,37.27777777777778,36.57142857142857,-0.7063492063492092,17.840458078324232,15.236985078607717,-2.603472999716516
S14,S14_E0I136D0,data/outputs_webcam_sg_p5_n23/S14/S14_E0I136D0.arff,fixation,sg_p5_n23,7,6,-1,203.6428571428571,224.1,20.457142857142884,202.14409759000182,222.04172580846148,19.89762821845966
S14,S14_E0I136D0,data/outputs_webcam_sg_p5_n23/S14/S14_E0I136D0.arff,saccade,sg_p5_n23,8,3,-5,39.724999999999994,48.333333333333336,8.608333333333341,22.515692940068014,16.25002564100541,-6.265667299062603
S14,S14_E0I137D0,data/outputs_webcam_sg_p5_n23/S14/S14_E0I137D0.arff,fixation,sg_p5_n23,8,7,-1,179.7625,205.58571428571426,25.823214285714272,149.68331272103399,242.94343942964332,93.26012670860933
S14,S14_E0I137D0,data/outputs_webcam_sg_p5_n23/S14/S14_E0I137D0.arff,saccade,sg_p5_n23,9,3,-6,40.81111111111111,36.666666666666664,-4.144444444444446,16.380815337189755,9.225146791966688,-7.155668545223067
S14,S14_E0I138D0,data/outputs_webcam_sg_p5_n23/S14/S14_E0I138D0.arff,fixation,sg_p5_n23,8,6,-2,166.27499999999998,208.1833333333333,41.90833333333333,102.16437385759426,119.99869027063032,17.834316413036063
S14,S14_E0I138D0,data/outputs_webcam_sg_p5_n23/S14/S14_E0I138D0.arff,saccade,sg_p5_n23,7,4,-3,29.671428571428574,55.675,26.003571428571423,11.03218235976217,16.219612613540846,5.187430253778675
S14,S14_E0I139D0,data/outputs_webcam_sg_p5_n23/S14/S14_E0I139D0.arff,fixation,sg_p5_n23,11,10,-1,133.65454545454546,143.72,10.065454545454543,66.73023847756522,212.6660125381789,145.93577406061368
S14,S14_E0I139D0,data/outputs_webcam_sg_p5_n23/S14/S14_E0I139D0.arff,saccade,sg_p5_n23,14,4,-10,48.957142857142856,48.35,-0.6071428571428541,21.344634140537675,13.038532637276838,-8.306101503260837
S14,S14_E0I140D0,data/outputs_webcam_sg_p5_n23/S14/S14_E0I140D0.arff,fixation,sg_p5_n23,6,5,-1,186.81666666666663,214.41,27.593333333333362,170.09325285462285,257.2233620805078,87.13010922588495
S14,S14_E0I140D0,data/outputs_webcam_sg_p5_n23/S14/S14_E0I140D0.arff,saccade,sg_p5_n23,7,3,-4,36.550000000000004,37.516666666666666,0.9666666666666615,11.974834723981234,8.706510973595183,-3.2683237503860507
S18,S18_E0I101D0,data/outputs_webcam_sg_p5_n23/S18/S18_E0I101D0.arff,fixation,sg_p5_n23,5,5,0,134.1,126.88,-7.219999999999999,73.07270352190345,82.860798934116,9.788095412212556
S18,S18_E0I101D0,data/outputs_webcam_sg_p5_n23/S18/S18_E0I101D0.arff,saccade,sg_p5_n23,4,3,-1,42.775,37.0,-5.774999999999999,7.337744885181004,0.10000000000000142,-7.2377448851810025
S18,S18_E0I102D0,data/outputs_webcam_sg_p5_n23/S18/S18_E0I102D0.arff,fixation,sg_p5_n23,4,4,0,143.375,139.9,-3.4749999999999943,65.25526160139631,55.772454371908964,-9.48280722948735
S18,S18_E0I102D0,data/outputs_webcam_sg_p5_n23/S18/S18_E0I102D0.arff,saccade,sg_p5_n23,3,3,0,51.46666666666666,44.166666666666664,-7.299999999999997,26.487418396916926,14.80045044359574,-11.686967953321187
S18,S18_E0I103D0,data/outputs_webcam_sg_p5_n23/S18/S18_E0I103D0.arff,fixation,sg_p5_n23,6,5,-1,137.63333333333333,182.76,45.126666666666665,74.68380458082373,152.30496708906114,77.6211625082374
S18,S18_E0I103D0,data/outputs_webcam_sg_p5_n23/S18/S18_E0I103D0.arff,saccade,sg_p5_n23,5,4,-1,32.32,36.525,4.204999999999998,15.994123920990482,8.644603326160585,-7.349520594829897
S18,S18_E0I104D0,data/outputs_webcam_sg_p5_n23/S18/S18_E0I104D0.arff,fixation,sg_p5_n23,7,7,0,110.54285714285713,124.25714285714287,13.714285714285737,27.15123429624377,27.84198610868468,0.690751812440908
S18,S18_E0I104D0,data/outputs_webcam_sg_p5_n23/S18/S18_E0I104D0.arff,saccade,sg_p5_n23,6,6,0,38.266666666666666,41.85,3.5833333333333357,17.91822163794908,12.113917615701371,-5.80430402224771
S18,S18_E0I105D0,data/outputs_webcam_sg_p5_n23/S18/S18_E0I105D0.arff,fixation,sg_p5_n23,5,5,0,112.47,127.28999999999999,14.819999999999993,38.83358082896812,25.112208186457835,-13.721372642510282
S18,S18_E0I105D0,data/outputs_webcam_sg_p5_n23/S18/S18_E0I105D0.arff,saccade,sg_p5_n23,4,4,0,55.0,27.625,-27.375,41.55714940496601,9.133956791372874,-32.42319261359314
S18,S18_E0I106D0,data/outputs_webcam_sg_p5_n23/S18/S18_E0I106D0.arff,fixation,sg_p5_n23,5,5,0,154.74,179.66,24.919999999999987,45.89213440231343,60.40499151560242,14.512857113288987
S18,S18_E0I106D0,data/outputs_webcam_sg_p5_n23/S18/S18_E0I106D0.arff,saccade,sg_p5_n23,5,4,-1,50.18,31.4,-18.78,36.57413020155093,12.550962778475071,-24.023167423075858
S18,S18_E0I107D0,data/outputs_webcam_sg_p5_n23/S18/S18_E0I107D0.arff,fixation,sg_p5_n23,7,6,-1,153.74285714285716,178.1,24.357142857142833,88.66607500697693,68.31169738778273,-20.354377619194196
S18,S18_E0I107D0,data/outputs_webcam_sg_p5_n23/S18/S18_E0I107D0.arff,saccade,sg_p5_n23,7,4,-3,44.3142857142857,29.525,-14.789285714285704,12.837241210819474,0.17078251276599296,-12.666458698053482
S18,S18_E0I108D0,data/outputs_webcam_sg_p5_n23/S18/S18_E0I108D0.arff,fixation,sg_p5_n23,11,9,-2,169.26363636363638,216.89999999999998,47.6363636363636,101.4942094183434,92.9270950799604,-8.567114338383007
S18,S18_E0I108D0,data/outputs_webcam_sg_p5_n23/S18/S18_E0I108D0.arff,saccade,sg_p5_n23,9,7,-2,33.62222222222223,38.01428571428572,4.3920634920634924,16.932570520876162,17.35630803400967,0.4237375131335064
S18,S18_E0I109D0,data/outputs_webcam_sg_p5_n23/S18/S18_E0I109D0.arff,fixation,sg_p5_n23,4,3,-1,126.99999999999999,164.4333333333333,37.43333333333332,81.85609323685074,40.535211031069444,-41.320882205781295
S18,S18_E0I109D0,data/outputs_webcam_sg_p5_n23/S18/S18_E0I109D0.arff,saccade,sg_p5_n23,3,2,-1,56.36666666666667,29.25,-27.116666666666667,46.96768392558157,0.21213203435596223,-46.75555189122561
S18,S18_E0I111D0,data/outputs_webcam_sg_p5_n23/S18/S18_E0I111D0.arff,fixation,sg_p5_n23,6,7,1,278.7166666666667,251.67142857142855,-27.045238095238147,222.34343180464467,139.040578181164,-83.30285362348067
S18,S18_E0I111D0,data/outputs_webcam_sg_p5_n23/S18/S18_E0I111D0.arff,saccade,sg_p5_n23,6,6,0,40.650000000000006,31.983333333333334,-8.666666666666671,16.09481282898313,14.650517624530085,-1.444295204453045
S18,S18_E0I112D0,data/outputs_webcam_sg_p5_n23/S18/S18_E0I112D0.arff,fixation,sg_p5_n23,5,4,-1,129.31,174.85,45.53999999999999,54.486126674594885,24.772565470697614,-29.71356120389727
S18,S18_E0I112D0,data/outputs_webcam_sg_p5_n23/S18/S18_E0I112D0.arff,saccade,sg_p5_n23,6,4,-2,72.48333333333333,35.0,-37.483333333333334,43.16205123330756,16.333299319692475,-26.828751913615083
S18,S18_E0I113D0,data/outputs_webcam_sg_p5_n23/S18/S18_E0I113D0.arff,fixation,sg_p5_n23,4,4,0,165.775,176.7,10.924999999999983,50.01102378476169,34.60356436361241,-15.407459421149277
S18,S18_E0I113D0,data/outputs_webcam_sg_p5_n23/S18/S18_E0I113D0.arff,saccade,sg_p5_n23,4,4,0,51.675,35.15,-16.525,9.880747272684726,7.02068372738724,-2.8600635452974856
S18,S18_E0I114D0,data/outputs_webcam_sg_p5_n23/S18/S18_E0I114D0.arff,fixation,sg_p5_n23,3,4,1,151.79999999999998,132.175,-19.62499999999997,50.3405403228849,87.60355301013767,37.263012687252775
S18,S18_E0I114D0,data/outputs_webcam_sg_p5_n23/S18/S18_E0I114D0.arff,saccade,sg_p5_n23,3,3,0,58.866666666666674,49.23333333333333,-9.633333333333347,44.79066122902556,15.26084313966084,-29.529818089364717
S18,S18_E0I115D0,data/outputs_webcam_sg_p5_n23/S18/S18_E0I115D0.arff,fixation,sg_p5_n23,6,5,-1,125.21666666666665,154.66,29.443333333333342,66.9640326344424,73.95149085718286,6.987458222740457
S18,S18_E0I115D0,data/outputs_webcam_sg_p5_n23/S18/S18_E0I115D0.arff,saccade,sg_p5_n23,5,3,-2,32.46,44.300000000000004,11.840000000000003,21.076717011906766,7.150524456289901,-13.926192555616865
S18,S18_E0I116D0,data/outputs_webcam_sg_p5_n23/S18/S18_E0I116D0.arff,fixation,sg_p5_n23,6,5,-1,137.63333333333333,171.23000000000002,33.59666666666669,69.55873537282478,96.72898738227336,27.170252009448575
S18,S18_E0I116D0,data/outputs_webcam_sg_p5_n23/S18/S18_E0I116D0.arff,saccade,sg_p5_n23,5,4,-1,32.43,35.075,2.645000000000003,16.349678895929426,7.182559896490018,-9.167118999439408
S18,S18_E0I117D0,data/outputs_webcam_sg_p5_n23/S18/S18_E0I117D0.arff,fixation,sg_p5_n23,5,5,0,164.88,179.7,14.819999999999993,64.50284489850041,65.91756215152377,1.4147172530233547
S18,S18_E0I117D0,data/outputs_webcam_sg_p5_n23/S18/S18_E0I117D0.arff,saccade,sg_p5_n23,4,4,0,45.95,33.025000000000006,-12.924999999999997,24.500408159865422,7.450000000000001,-17.05040815986542
S18,S18_E0I118D0,data/outputs_webcam_sg_p5_n23/S18/S18_E0I118D0.arff,fixation,sg_p5_n23,3,3,0,189.0666666666667,201.46666666666667,12.399999999999977,29.93665534647004,22.444672716110905,-7.491982630359136
S18,S18_E0I118D0,data/outputs_webcam_sg_p5_n23/S18/S18_E0I118D0.arff,saccade,sg_p5_n23,2,2,0,29.5,40.400000000000006,10.900000000000006,20.7889393668845,5.374011537017762,-15.414927829866738
S18,S18_E0I119D0,data/outputs_webcam_sg_p5_n23/S18/S18_E0I119D0.arff,fixation,sg_p5_n23,5,4,-1,95.78,101.275,5.4950000000000045,48.54649317921944,31.75776807858722,-16.78872510063222
S18,S18_E0I119D0,data/outputs_webcam_sg_p5_n23/S18/S18_E0I119D0.arff,saccade,sg_p5_n23,4,3,-1,33.275,41.766666666666666,8.491666666666667,12.827412053878989,8.602519010925427,-4.224893042953562
S18,S18_E0I120D0,data/outputs_webcam_sg_p5_n23/S18/S18_E0I120D0.arff,fixation,sg_p5_n23,4,3,-1,168.05,280.6333333333333,112.58333333333331,62.43185618469683,199.7841418464772,137.3522856617804
S18,S18_E0I120D0,data/outputs_webcam_sg_p5_n23/S18/S18_E0I120D0.arff,saccade,sg_p5_n23,3,2,-1,51.5,36.8,-14.700000000000003,26.348434488599132,10.323759005323595,-16.024675483275537
S18,S18_E0I121D0,data/outputs_webcam_sg_p5_n23/S18/S18_E0I121D0.arff,fixation,sg_p5_n23,5,5,0,138.84,138.85999999999999,0.01999999999998181,61.00945008767085,34.948648042520894,-26.060802045149956
S18,S18_E0I121D0,data/outputs_webcam_sg_p5_n23/S18/S18_E0I121D0.arff,saccade,sg_p5_n23,4,4,0,53.6,36.875,-16.725,49.671923659145726,8.458279966990926,-41.213643692154804
S18,S18_E0I122D0,data/outputs_webcam_sg_p5_n23/S18/S18_E0I122D0.arff,fixation,sg_p5_n23,3,5,2,191.29999999999998,151.64000000000001,-39.65999999999997,33.3558090892726,73.38370391306233,40.02789482378974
S18,S18_E0I122D0,data/outputs_webcam_sg_p5_n23/S18/S18_E0I122D0.arff,saccade,sg_p5_n23,3,4,1,120.33333333333333,35.0,-85.33333333333333,144.96214448376975,16.3258486252119,-128.63629585855784
S18,S18_E0I123D0,data/outputs_webcam_sg_p5_n23/S18/S18_E0I123D0.arff,fixation,sg_p5_n23,5,5,0,126.8,137.24,10.440000000000012,23.892572067485748,23.76179707008711,-0.13077499739863896
S18,S18_E0I123D0,data/outputs_webcam_sg_p5_n23/S18/S18_E0I123D0.arff,saccade,sg_p5_n23,4,4,0,57.275,33.2,-24.074999999999996,38.5742897968755,7.399999999999999,-31.1742897968755
S18,S18_E0I124D0,data/outputs_webcam_sg_p5_n23/S18/S18_E0I124D0.arff,fixation,sg_p5_n23,10,10,0,227.20999999999998,235.15,7.940000000000026,122.05476412022779,172.81758687510174,50.76282275487395
S18,S18_E0I124D0,data/outputs_webcam_sg_p5_n23/S18/S18_E0I124D0.arff,saccade,sg_p5_n23,9,9,0,32.75555555555556,33.56666666666667,0.81111111111111,26.552312098530663,17.58095560542714,-8.971356493103524
S18,S18_E0I125D0,data/outputs_webcam_sg_p5_n23/S18/S18_E0I125D0.arff,fixation,sg_p5_n23,6,5,-1,125.06666666666668,157.48,32.41333333333331,70.08793524328325,63.050987303927286,-7.036947939355969
S18,S18_E0I125D0,data/outputs_webcam_sg_p5_n23/S18/S18_E0I125D0.arff,saccade,sg_p5_n23,7,3,-4,46.45714285714286,46.93333333333334,0.4761904761904745,13.942842505847118,18.768679584172492,4.825837078325375
S18,S18_E0I126D0,data/outputs_webcam_sg_p5_n23/S18/S18_E0I126D0.arff,fixation,sg_p5_n23,5,4,-1,135.5,198.75,63.25,75.1661492960761,19.081841280826833,-56.08430801524926
S18,S18_E0I126D0,data/outputs_webcam_sg_p5_n23/S18/S18_E0I126D0.arff,saccade,sg_p5_n23,5,3,-2,45.839999999999996,46.93333333333334,1.0933333333333408,19.776829877409575,18.650826612601737,-1.1260032648078386
S18,S18_E0I128D0,data/outputs_webcam_sg_p5_n23/S18/S18_E0I128D0.arff,fixation,sg_p5_n23,4,4,0,410.12499999999994,428.925,18.800000000000068,295.9822334195078,333.5278736477658,37.54564022825798
S18,S18_E0I128D0,data/outputs_webcam_sg_p5_n23/S18/S18_E0I128D0.arff,saccade,sg_p5_n23,3,3,0,44.1,36.86666666666667,-7.233333333333334,0.3464101615137763,7.100938905055678,6.7545287435419015
S18,S18_E0I129D0,data/outputs_webcam_sg_p5_n23/S18/S18_E0I129D0.arff,fixation,sg_p5_n23,10,10,0,193.96999999999997,398.03999999999996,204.07,63.913258057742254,693.9307509478962,630.0174928901539
S18,S18_E0I129D0,data/outputs_webcam_sg_p5_n23/S18/S18_E0I129D0.arff,saccade,sg_p5_n23,10,7,-3,48.67999999999999,39.042857142857144,-9.637142857142848,38.133706291882454,10.17019454793551,-27.963511743946945
S18,S18_E0I130D0,data/outputs_webcam_sg_p5_n23/S18/S18_E0I130D0.arff,fixation,sg_p5_n23,5,7,2,278.4,206.2571428571428,-72.14285714285717,181.2559378337714,194.18084231923993,12.924904485468517
S18,S18_E0I130D0,data/outputs_webcam_sg_p5_n23/S18/S18_E0I130D0.arff,saccade,sg_p5_n23,5,5,0,67.9,32.56,-35.34,61.056244561879176,12.29605627833575,-48.76018828354343
S18,S18_E0I131D0,data/outputs_webcam_sg_p5_n23/S18/S18_E0I131D0.arff,fixation,sg_p5_n23,3,4,1,157.13333333333333,143.475,-13.658333333333331,62.520823197822125,48.59474422884296,-13.926078968979162
S18,S18_E0I131D0,data/outputs_webcam_sg_p5_n23/S18/S18_E0I131D0.arff,saccade,sg_p5_n23,3,3,0,83.16666666666667,48.9,-34.26666666666667,94.41982489569304,8.57496355677387,-85.84486133891917
S18,S18_E0I132D0,data/outputs_webcam_sg_p5_n23/S18/S18_E0I132D0.arff,fixation,sg_p5_n23,7,7,0,186.4,206.24285714285716,19.842857142857156,142.1510698752094,174.11895222464878,31.96788234943938
S18,S18_E0I132D0,data/outputs_webcam_sg_p5_n23/S18/S18_E0I132D0.arff,saccade,sg_p5_n23,6,6,0,36.7,41.63333333333333,4.93333333333333,22.011451565037685,16.87621600557029,-5.135235559467397
S18,S18_E0I133D0,data/outputs_webcam_sg_p5_n23/S18/S18_E0I133D0.arff,fixation,sg_p5_n23,8,8,0,149.33749999999998,164.05,14.712500000000034,76.20982196728788,63.732655903951056,-12.477166063336824
S18,S18_E0I133D0,data/outputs_webcam_sg_p5_n23/S18/S18_E0I133D0.arff,saccade,sg_p5_n23,8,7,-1,36.775,40.971428571428575,4.1964285714285765,11.673627175328646,15.276966789442016,3.60333961411337
S18,S18_E0I134D0,data/outputs_webcam_sg_p5_n23/S18/S18_E0I134D0.arff,fixation,sg_p5_n23,8,9,1,184.0,163.72222222222223,-20.27777777777777,55.018308640981374,49.51804665416886,-5.500261986812511
S18,S18_E0I134D0,data/outputs_webcam_sg_p5_n23/S18/S18_E0I134D0.arff,saccade,sg_p5_n23,8,7,-1,29.4625,26.314285714285717,-3.148214285714282,7.858923499527692,11.848548233353116,3.9896247338254236
S18,S18_E0I135D0,data/outputs_webcam_sg_p5_n23/S18/S18_E0I135D0.arff,fixation,sg_p5_n23,4,3,-1,207.65,308.8,101.15,238.96109167254266,228.21364989851068,-10.747441774031984
S18,S18_E0I135D0,data/outputs_webcam_sg_p5_n23/S18/S18_E0I135D0.arff,saccade,sg_p5_n23,4,2,-2,71.775,29.549999999999997,-42.22500000000001,63.809109851180345,0.21213203435596475,-63.59697781682438
S18,S18_E0I136D0,data/outputs_webcam_sg_p5_n23/S18/S18_E0I136D0.arff,fixation,sg_p5_n23,8,7,-1,121.31250000000001,627.3857142857142,506.07321428571424,39.00679199099269,1261.5914624375189,1222.5846704465262
S18,S18_E0I136D0,data/outputs_webcam_sg_p5_n23/S18/S18_E0I136D0.arff,saccade,sg_p5_n23,7,6,-1,47.51428571428572,34.48333333333333,-13.030952380952392,16.450879264386707,12.047475530859845,-4.403403733526861
S18,S18_E0I137D0,data/outputs_webcam_sg_p5_n23/S18/S18_E0I137D0.arff,fixation,sg_p5_n23,6,6,0,207.66666666666666,594.5666666666667,386.9000000000001,101.58268881392473,911.9005969219819,810.3179081080572
S18,S18_E0I137D0,data/outputs_webcam_sg_p5_n23/S18/S18_E0I137D0.arff,saccade,sg_p5_n23,5,5,0,31.139999999999997,41.46,10.320000000000004,3.2784142508231016,15.302385434957518,12.023971184134417
S18,S18_E0I138D0,data/outputs_webcam_sg_p5_n23/S18/S18_E0I138D0.arff,fixation,sg_p5_n23,7,6,-1,213.9,246.8833333333333,32.98333333333329,135.87345828625493,128.00522515376733,-7.868233132487603
S18,S18_E0I138D0,data/outputs_webcam_sg_p5_n23/S18/S18_E0I138D0.arff,saccade,sg_p5_n23,7,4,-3,60.042857142857144,42.625,-17.417857142857144,36.9041938512349,15.02561701450781,-21.878576836727092
S18,S18_E0I139D0,data/outputs_webcam_sg_p5_n23/S18/S18_E0I139D0.arff,fixation,sg_p5_n23,5,5,0,154.94,163.71999999999997,8.779999999999973,53.52735749128664,94.49363470625944,40.966277214972806
S18,S18_E0I139D0,data/outputs_webcam_sg_p5_n23/S18/S18_E0I139D0.arff,saccade,sg_p5_n23,5,4,-1,41.36,40.65,-0.7100000000000009,24.87132887483095,12.933290377935537,-11.938038496895414
S18,S18_E0I140D0,data/outputs_webcam_sg_p5_n23/S18/S18_E0I140D0.arff,fixation,sg_p5_n23,4,4,0,132.625,149.225,16.599999999999994,62.968583436504275,31.584951585631202,-31.383631850873073
S18,S18_E0I140D0,data/outputs_webcam_sg_p5_n23/S18/S18_E0I140D0.arff,saccade,sg_p5_n23,3,3,0,44.06666666666666,34.300000000000004,-9.766666666666659,14.800112612184183,8.401785524517987,-6.398327087666196
S19,S19_E0I101D0,data/outputs_webcam_sg_p5_n23/S19/S19_E0I101D0.arff,fixation,sg_p5_n23,7,7,0,274.0857142857143,294.1,20.014285714285734,152.71829653069761,146.70307881340915,-6.015217717288465
S19,S19_E0I101D0,data/outputs_webcam_sg_p5_n23/S19/S19_E0I101D0.arff,saccade,sg_p5_n23,6,6,0,38.13333333333333,41.833333333333336,3.700000000000003,16.35783196718522,14.551792558536102,-1.8060394086491183
S19,S19_E0I102D0,data/outputs_webcam_sg_p5_n23/S19/S19_E0I102D0.arff,fixation,sg_p5_n23,7,9,2,162.22857142857143,139.3222222222222,-22.906349206349233,81.46338061333068,86.40539302870188,4.942012415371195
S19,S19_E0I102D0,data/outputs_webcam_sg_p5_n23/S19/S19_E0I102D0.arff,saccade,sg_p5_n23,7,8,1,42.05714285714286,40.5,-1.557142857142857,15.724382037974989,7.793403804317011,-7.930978233657978
S19,S19_E0I103D0,data/outputs_webcam_sg_p5_n23/S19/S19_E0I103D0.arff,fixation,sg_p5_n23,11,10,-1,160.99999999999997,181.40999999999997,20.409999999999997,50.3670328687327,54.69093871728458,4.323905848551881
S19,S19_E0I103D0,data/outputs_webcam_sg_p5_n23/S19/S19_E0I103D0.arff,saccade,sg_p5_n23,11,10,-1,37.50000000000001,37.49,-0.010000000000005116,12.040764095355412,8.994992434065127,-3.045771661290285
S19,S19_E0I104D0,data/outputs_webcam_sg_p5_n23/S19/S19_E0I104D0.arff,fixation,sg_p5_n23,7,7,0,195.35714285714286,209.9857142857143,14.628571428571433,85.5513268383929,163.26543243617564,77.71410559778275
S19,S19_E0I104D0,data/outputs_webcam_sg_p5_n23/S19/S19_E0I104D0.arff,saccade,sg_p5_n23,8,6,-2,36.0125,32.016666666666666,-3.995833333333337,10.781921045369021,6.166495493119789,-4.615425552249232
S19,S19_E0I105D0,data/outputs_webcam_sg_p5_n23/S19/S19_E0I105D0.arff,fixation,sg_p5_n23,6,5,-1,221.23333333333335,277.15999999999997,55.92666666666662,105.60440647371996,168.30777759806585,62.70337112434589
S19,S19_E0I105D0,data/outputs_webcam_sg_p5_n23/S19/S19_E0I105D0.arff,saccade,sg_p5_n23,5,4,-1,50.04,36.8,-13.240000000000002,45.23387005331292,8.545174076635302,-36.68869597667762
S19,S19_E0I106D0,data/outputs_webcam_sg_p5_n23/S19/S19_E0I106D0.arff,fixation,sg_p5_n23,8,7,-1,162.16250000000002,203.25,41.08749999999998,73.16910818683759,93.74033283491157,20.57122464807398
S19,S19_E0I106D0,data/outputs_webcam_sg_p5_n23/S19/S19_E0I106D0.arff,saccade,sg_p5_n23,7,6,-1,41.107142857142854,41.74999999999999,0.6428571428571388,18.492147625668682,8.936218439586177,-9.555929186082505
S19,S19_E0I107D0,data/outputs_webcam_sg_p5_n23/S19/S19_E0I107D0.arff,fixation,sg_p5_n23,6,6,0,181.79999999999998,187.88333333333333,6.083333333333343,87.52946932319423,83.34363602979334,-4.18583329340089
S19,S19_E0I107D0,data/outputs_webcam_sg_p5_n23/S19/S19_E0I107D0.arff,saccade,sg_p5_n23,5,5,0,39.88,48.7,8.82,21.957162840403583,15.275634193053982,-6.681528647349602
S19,S19_E0I108D0,data/outputs_webcam_sg_p5_n23/S19/S19_E0I108D0.arff,fixation,sg_p5_n23,7,6,-1,228.6,287.68333333333334,59.08333333333334,96.29491159973097,119.09826894907697,22.803357349346
S19,S19_E0I108D0,data/outputs_webcam_sg_p5_n23/S19/S19_E0I108D0.arff,saccade,sg_p5_n23,6,5,-1,41.7,39.76,-1.9400000000000048,22.966932751240424,9.818502940876476,-13.148429810363949
S19,S19_E0I109D0,data/outputs_webcam_sg_p5_n23/S19/S19_E0I109D0.arff,fixation,sg_p5_n23,6,7,1,180.38333333333333,155.75714285714284,-24.626190476190487,65.52231426519263,105.888886057396,40.36657179220336
S19,S19_E0I109D0,data/outputs_webcam_sg_p5_n23/S19/S19_E0I109D0.arff,saccade,sg_p5_n23,6,6,0,46.46666666666667,34.38333333333333,-12.083333333333336,33.18582026508711,12.062572970418321,-21.123247294668786
S19,S19_E0I110D0,data/outputs_webcam_sg_p5_n23/S19/S19_E0I110D0.arff,fixation,sg_p5_n23,10,10,0,173.07,170.11,-2.9599999999999795,34.02074693804094,20.698440628328612,-13.322306309712332
S19,S19_E0I110D0,data/outputs_webcam_sg_p5_n23/S19/S19_E0I110D0.arff,saccade,sg_p5_n23,6,8,2,36.916666666666664,40.6125,3.695833333333333,6.667358297456846,10.379985893191625,3.712627595734779
S19,S19_E0I111D0,data/outputs_webcam_sg_p5_n23/S19/S19_E0I111D0.arff,fixation,sg_p5_n23,7,7,0,184.45714285714283,206.50000000000003,22.0428571428572,45.649456263386725,47.65424080464053,2.0047845412538052
S19,S19_E0I111D0,data/outputs_webcam_sg_p5_n23/S19/S19_E0I111D0.arff,saccade,sg_p5_n23,7,7,0,42.114285714285714,38.028571428571425,-4.085714285714289,17.905067119992278,11.3426502320099,-6.562416887982378
S19,S19_E0I112D0,data/outputs_webcam_sg_p5_n23/S19/S19_E0I112D0.arff,fixation,sg_p5_n23,6,5,-1,181.6833333333333,209.16,27.476666666666688,121.7554831071959,119.26109172735255,-2.49439137984335
S19,S19_E0I112D0,data/outputs_webcam_sg_p5_n23/S19/S19_E0I112D0.arff,saccade,sg_p5_n23,5,5,0,53.24000000000001,54.52,1.279999999999994,24.20915116231877,48.480686876322196,24.271535714003427
S19,S19_E0I113D0,data/outputs_webcam_sg_p5_n23/S19/S19_E0I113D0.arff,fixation,sg_p5_n23,7,6,-1,153.70000000000002,177.0666666666667,23.366666666666674,43.00976633277609,30.022302820847475,-12.987463511928613
S19,S19_E0I113D0,data/outputs_webcam_sg_p5_n23/S19/S19_E0I113D0.arff,saccade,sg_p5_n23,7,5,-2,36.857142857142854,45.67999999999999,8.822857142857139,21.42590777095626,16.97386225936808,-4.452045511588182
S19,S19_E0I114D0,data/outputs_webcam_sg_p5_n23/S19/S19_E0I114D0.arff,fixation,sg_p5_n23,6,6,0,200.13333333333333,216.14999999999998,16.01666666666665,54.23764989992346,136.20570839726213,81.96805849733866
S19,S19_E0I114D0,data/outputs_webcam_sg_p5_n23/S19/S19_E0I114D0.arff,saccade,sg_p5_n23,6,5,-1,46.75,38.28,-8.469999999999999,28.341824217929233,12.251408082338942,-16.09041613559029
S19,S19_E0I115D0,data/outputs_webcam_sg_p5_n23/S19/S19_E0I115D0.arff,fixation,sg_p5_n23,7,7,0,151.29999999999998,181.8142857142857,30.514285714285705,59.25867025170241,54.50487527342329,-4.7537949782791245
S19,S19_E0I115D0,data/outputs_webcam_sg_p5_n23/S19/S19_E0I115D0.arff,saccade,sg_p5_n23,6,6,0,46.88333333333333,38.21666666666667,-8.666666666666664,14.6499715585617,17.623327343798238,2.973355785236537
S19,S19_E0I116D0,data/outputs_webcam_sg_p5_n23/S19/S19_E0I116D0.arff,fixation,sg_p5_n23,6,6,0,180.25,214.66666666666666,34.41666666666666,49.37913526986878,63.54984395469959,14.170708684830807
S19,S19_E0I116D0,data/outputs_webcam_sg_p5_n23/S19/S19_E0I116D0.arff,saccade,sg_p5_n23,6,5,-1,45.633333333333326,25.119999999999997,-20.51333333333333,35.233374329840544,9.86899184314183,-25.364382486698716
S19,S19_E0I117D0,data/outputs_webcam_sg_p5_n23/S19/S19_E0I117D0.arff,fixation,sg_p5_n23,9,8,-1,159.10000000000002,196.5375,37.43749999999997,41.491866672879404,106.53192596588123,65.04005929300183
S19,S19_E0I117D0,data/outputs_webcam_sg_p5_n23/S19/S19_E0I117D0.arff,saccade,sg_p5_n23,8,7,-1,42.4,42.15714285714285,-0.24285714285714732,20.313401628340973,8.25708930613711,-12.056312322203864
S19,S19_E0I118D0,data/outputs_webcam_sg_p5_n23/S19/S19_E0I118D0.arff,fixation,sg_p5_n23,7,7,0,169.65714285714287,175.85714285714286,6.199999999999989,64.2652538868622,76.38500850173105,12.119754614868853
S19,S19_E0I118D0,data/outputs_webcam_sg_p5_n23/S19/S19_E0I118D0.arff,saccade,sg_p5_n23,6,6,0,33.15,38.13333333333333,4.983333333333334,11.125421340335835,9.808295808481036,-1.3171255318547992
S19,S19_E0I119D0,data/outputs_webcam_sg_p5_n23/S19/S19_E0I119D0.arff,fixation,sg_p5_n23,10,10,0,156.85,164.08,7.230000000000018,59.63984965328691,71.04251934972152,11.402669696434607
S19,S19_E0I119D0,data/outputs_webcam_sg_p5_n23/S19/S19_E0I119D0.arff,saccade,sg_p5_n23,9,9,0,32.8,40.96666666666667,8.166666666666671,12.817761114952955,13.284389334854652,0.4666282199016969
S19,S19_E0I120D0,data/outputs_webcam_sg_p5_n23/S19/S19_E0I120D0.arff,fixation,sg_p5_n23,7,7,0,164.0142857142857,179.75714285714284,15.742857142857133,54.96685148255048,71.01185011772935,16.04499863517887
S19,S19_E0I120D0,data/outputs_webcam_sg_p5_n23/S19/S19_E0I120D0.arff,saccade,sg_p5_n23,6,6,0,36.96666666666666,34.5,-2.4666666666666615,25.907965313136167,7.8258545859222295,-18.082110727213937
S19,S19_E0I121D0,data/outputs_webcam_sg_p5_n23/S19/S19_E0I121D0.arff,fixation,sg_p5_n23,9,7,-2,165.6111111111111,240.22857142857143,74.61746031746034,48.65101346437822,214.94613057140398,166.29511710702576
S19,S19_E0I121D0,data/outputs_webcam_sg_p5_n23/S19/S19_E0I121D0.arff,saccade,sg_p5_n23,8,7,-1,32.2875,38.01428571428572,5.726785714285718,18.438735430764073,13.133345419380468,-5.305390011383604
S19,S19_E0I122D0,data/outputs_webcam_sg_p5_n23/S19/S19_E0I122D0.arff,fixation,sg_p5_n23,6,6,0,203.88333333333333,216.16666666666666,12.283333333333331,44.7830957691255,47.82132021041103,3.0382244412855286
S19,S19_E0I122D0,data/outputs_webcam_sg_p5_n23/S19/S19_E0I122D0.arff,saccade,sg_p5_n23,5,5,0,32.300000000000004,35.260000000000005,2.960000000000001,12.161619957883898,14.018666127702733,1.857046169818835
S19,S19_E0I123D0,data/outputs_webcam_sg_p5_n23/S19/S19_E0I123D0.arff,fixation,sg_p5_n23,11,8,-3,124.19090909090909,204.125,79.93409090909091,46.781202518649614,125.8263968444505,79.04519432580088
S19,S19_E0I123D0,data/outputs_webcam_sg_p5_n23/S19/S19_E0I123D0.arff,saccade,sg_p5_n23,10,7,-3,39.059999999999995,38.91428571428571,-0.14571428571428413,19.03681812815483,9.317980570100044,-9.718837558054787
S19,S19_E0I124D0,data/outputs_webcam_sg_p5_n23/S19/S19_E0I124D0.arff,fixation,sg_p5_n23,9,9,0,191.16666666666663,201.8111111111111,10.644444444444474,46.927710363920376,35.93864370160776,-10.989066662312617
S19,S19_E0I124D0,data/outputs_webcam_sg_p5_n23/S19/S19_E0I124D0.arff,saccade,sg_p5_n23,8,8,0,34.05,28.575,-5.474999999999998,10.407552202950647,6.160415106607207,-4.24713709634344
S19,S19_E0I125D0,data/outputs_webcam_sg_p5_n23/S19/S19_E0I125D0.arff,fixation,sg_p5_n23,9,7,-2,183.61111111111111,219.0285714285714,35.417460317460296,112.07988718370085,129.69840289797602,17.618515714275176
S19,S19_E0I125D0,data/outputs_webcam_sg_p5_n23/S19/S19_E0I125D0.arff,saccade,sg_p5_n23,7,6,-1,37.98571428571429,38.15,0.16428571428571104,17.287030646453676,13.608930891146446,-3.6780997553072297
S19,S19_E0I126D0,data/outputs_webcam_sg_p5_n23/S19/S19_E0I126D0.arff,fixation,sg_p5_n23,7,7,0,214.78571428571428,231.72857142857146,16.94285714285718,100.67203233886806,105.55427852193256,4.882246183064495
S19,S19_E0I126D0,data/outputs_webcam_sg_p5_n23/S19/S19_E0I126D0.arff,saccade,sg_p5_n23,6,6,0,47.93333333333334,40.516666666666666,-7.416666666666671,34.15052952249301,10.063084351562729,-24.08744517093028
S19,S19_E0I127D0,data/outputs_webcam_sg_p5_n23/S19/S19_E0I127D0.arff,fixation,sg_p5_n23,7,7,0,157.93571428571428,173.97857142857143,16.042857142857144,49.77410399566655,52.069143590861124,2.2950395951945737
S19,S19_E0I127D0,data/outputs_webcam_sg_p5_n23/S19/S19_E0I127D0.arff,saccade,sg_p5_n23,6,6,0,33.333333333333336,41.76666666666667,8.433333333333337,15.924373352401238,14.785184025458282,-1.1391893269429563
S19,S19_E0I128D0,data/outputs_webcam_sg_p5_n23/S19/S19_E0I128D0.arff,fixation,sg_p5_n23,12,13,1,208.10833333333332,209.05384615384614,0.9455128205128176,82.53071558608659,108.86511237447786,26.334396788391274
S19,S19_E0I128D0,data/outputs_webcam_sg_p5_n23/S19/S19_E0I128D0.arff,saccade,sg_p5_n23,11,12,1,42.98181818181818,38.725,-4.256818181818176,11.310952053812107,16.043697431475305,4.732745377663198
S19,S19_E0I129D0,data/outputs_webcam_sg_p5_n23/S19/S19_E0I129D0.arff,fixation,sg_p5_n23,6,8,2,168.35,136.325,-32.025000000000006,52.908931193136006,77.67575003086318,24.76681883772718
S19,S19_E0I129D0,data/outputs_webcam_sg_p5_n23/S19/S19_E0I129D0.arff,saccade,sg_p5_n23,6,7,1,36.833333333333336,42.08571428571428,5.252380952380946,11.336430949230301,20.266510024457308,8.930079075227006
S19,S19_E0I130D0,data/outputs_webcam_sg_p5_n23/S19/S19_E0I130D0.arff,fixation,sg_p5_n23,10,11,1,168.08999999999997,160.08181818181816,-8.00818181818181,41.29773870591733,66.79862001840783,25.5008813124905
S19,S19_E0I130D0,data/outputs_webcam_sg_p5_n23/S19/S19_E0I130D0.arff,saccade,sg_p5_n23,9,10,1,37.73333333333333,34.629999999999995,-3.1033333333333317,10.00312451187128,11.97804009195346,1.9749155800821807
S19,S19_E0I131D0,data/outputs_webcam_sg_p5_n23/S19/S19_E0I131D0.arff,fixation,sg_p5_n23,7,7,0,160.20000000000002,173.94285714285712,13.742857142857105,40.515881659747535,51.62744286852543,11.111561208777893
S19,S19_E0I131D0,data/outputs_webcam_sg_p5_n23/S19/S19_E0I131D0.arff,saccade,sg_p5_n23,6,6,0,46.76666666666667,45.583333333333336,-1.1833333333333371,31.883893530537748,13.594913264403957,-18.28898026613379
S19,S19_E0I132D0,data/outputs_webcam_sg_p5_n23/S19/S19_E0I132D0.arff,fixation,sg_p5_n23,7,6,-1,187.38571428571427,235.78333333333333,48.39761904761906,57.1216663088951,159.64828112656483,102.52661481766972
S19,S19_E0I132D0,data/outputs_webcam_sg_p5_n23/S19/S19_E0I132D0.arff,saccade,sg_p5_n23,7,5,-2,29.542857142857144,38.4,8.857142857142854,17.07560219951819,13.304698418228053,-3.770903781290137
S19,S19_E0I134D0,data/outputs_webcam_sg_p5_n23/S19/S19_E0I134D0.arff,fixation,sg_p5_n23,5,4,-1,182.73999999999998,263.45000000000005,80.71000000000006,34.169913666850256,107.00060747491109,72.83069380806083
S19,S19_E0I134D0,data/outputs_webcam_sg_p5_n23/S19/S19_E0I134D0.arff,saccade,sg_p5_n23,4,3,-1,49.625,41.733333333333334,-7.891666666666666,42.21108661635393,11.33769523903925,-30.873391377314682
S19,S19_E0I135D0,data/outputs_webcam_sg_p5_n23/S19/S19_E0I135D0.arff,fixation,sg_p5_n23,7,7,0,172.0,194.18571428571428,22.185714285714283,69.08002605674088,91.96190204955217,22.88187599281129
S19,S19_E0I135D0,data/outputs_webcam_sg_p5_n23/S19/S19_E0I135D0.arff,saccade,sg_p5_n23,6,6,0,36.9,36.949999999999996,0.04999999999999716,24.209419654341158,18.151005481790808,-6.05841417255035
S19,S19_E0I136D0,data/outputs_webcam_sg_p5_n23/S19/S19_E0I136D0.arff,fixation,sg_p5_n23,7,6,-1,182.05714285714285,218.5333333333334,36.47619047619054,96.86825859800271,89.91644269357337,-6.951815904429338
S19,S19_E0I136D0,data/outputs_webcam_sg_p5_n23/S19/S19_E0I136D0.arff,saccade,sg_p5_n23,6,6,0,39.38333333333333,51.51666666666667,12.13333333333334,18.43468650849986,13.059772841311856,-5.374913667188002
S19,S19_E0I137D0,data/outputs_webcam_sg_p5_n23/S19/S19_E0I137D0.arff,fixation,sg_p5_n23,8,9,1,170.225,158.6777777777778,-11.547222222222189,50.89967022065495,73.54049526923546,22.640825048580517
S19,S19_E0I137D0,data/outputs_webcam_sg_p5_n23/S19/S19_E0I137D0.arff,saccade,sg_p5_n23,7,8,1,34.871428571428574,39.5375,4.666071428571428,15.250323962210802,7.71805628750807,-7.532267674702732
S19,S19_E0I138D0,data/outputs_webcam_sg_p5_n23/S19/S19_E0I138D0.arff,fixation,sg_p5_n23,6,6,0,169.43333333333334,177.9,8.466666666666669,28.41609872355223,35.179766912246585,6.7636681886943535
S19,S19_E0I138D0,data/outputs_webcam_sg_p5_n23/S19/S19_E0I138D0.arff,saccade,sg_p5_n23,5,5,0,45.9,42.8,-3.1000000000000014,25.83882737277371,13.004037834457419,-12.834789538316292
S19,S19_E0I139D0,data/outputs_webcam_sg_p5_n23/S19/S19_E0I139D0.arff,fixation,sg_p5_n23,7,7,0,182.09999999999997,193.65714285714284,11.557142857142878,124.94436095051802,108.87722224510286,-16.06713870541516
S19,S19_E0I139D0,data/outputs_webcam_sg_p5_n23/S19/S19_E0I139D0.arff,saccade,sg_p5_n23,6,6,0,34.43333333333334,37.98333333333334,3.5500000000000043,17.16539153840269,11.077800624070946,-6.087590914331745
S19,S19_E0I140D0,data/outputs_webcam_sg_p5_n23/S19/S19_E0I140D0.arff,fixation,sg_p5_n23,9,8,-1,145.63333333333333,191.475,45.84166666666667,58.981098667284925,47.79801998290007,-11.183078684384853
S19,S19_E0I140D0,data/outputs_webcam_sg_p5_n23/S19/S19_E0I140D0.arff,saccade,sg_p5_n23,6,7,1,40.483333333333334,40.0,-0.4833333333333343,12.978045564208298,13.905154919429462,0.9271093552211642
S20,S20_E0I101D0,data/outputs_webcam_sg_p5_n23/S20/S20_E0I101D0.arff,fixation,sg_p5_n23,11,10,-1,182.36363636363635,199.81,17.446363636363657,100.34344296193223,91.97149860448918,-8.371944357443041
S20,S20_E0I101D0,data/outputs_webcam_sg_p5_n23/S20/S20_E0I101D0.arff,saccade,sg_p5_n23,9,9,0,24.48888888888889,36.800000000000004,12.311111111111114,10.337848475921435,12.717605906773493,2.3797574308520577
S20,S20_E0I103D0,data/outputs_webcam_sg_p5_n23/S20/S20_E0I103D0.arff,fixation,sg_p5_n23,10,5,-5,151.23,352.6,201.37000000000003,76.21654894662532,311.96127163479764,235.74472268817232
S20,S20_E0I103D0,data/outputs_webcam_sg_p5_n23/S20/S20_E0I103D0.arff,saccade,sg_p5_n23,9,4,-5,26.999999999999996,51.6,24.600000000000005,10.333198923857026,15.924195427085165,5.590996503228139
S20,S20_E0I104D0,data/outputs_webcam_sg_p5_n23/S20/S20_E0I104D0.arff,fixation,sg_p5_n23,8,8,0,163.9875,184.1375,20.149999999999977,26.480312767898237,48.40820289106855,21.92789012317031
S20,S20_E0I104D0,data/outputs_webcam_sg_p5_n23/S20/S20_E0I104D0.arff,saccade,sg_p5_n23,7,7,0,28.52857142857143,30.728571428571428,2.1999999999999993,12.52274121824162,2.969126855780043,-9.553614362461577
S20,S20_E0I105D0,data/outputs_webcam_sg_p5_n23/S20/S20_E0I105D0.arff,fixation,sg_p5_n23,11,5,-6,111.51363636363637,306.93,195.41636363636366,57.9752062993703,153.1010515966497,95.12584529727941
S20,S20_E0I105D0,data/outputs_webcam_sg_p5_n23/S20/S20_E0I105D0.arff,saccade,sg_p5_n23,9,5,-4,26.272222222222222,32.45,6.177777777777781,12.779356182705154,12.252142669753725,-0.5272135129514286
S20,S20_E0I106D0,data/outputs_webcam_sg_p5_n23/S20/S20_E0I106D0.arff,fixation,sg_p5_n23,6,6,0,199.25,204.25,5.0,72.10965954710923,81.54995401592818,9.440294468818948
S20,S20_E0I106D0,data/outputs_webcam_sg_p5_n23/S20/S20_E0I106D0.arff,saccade,sg_p5_n23,5,5,0,20.66,41.379999999999995,20.719999999999995,8.024213357083669,15.28453466743427,7.2603213103506015
S20,S20_E0I107D0,data/outputs_webcam_sg_p5_n23/S20/S20_E0I107D0.arff,fixation,sg_p5_n23,10,9,-1,135.78,186.07777777777775,50.29777777777775,61.45415273916718,117.9094120265403,56.45525928737312
S20,S20_E0I107D0,data/outputs_webcam_sg_p5_n23/S20/S20_E0I107D0.arff,saccade,sg_p5_n23,10,8,-2,33.9,31.425,-2.474999999999998,19.967139671637167,5.169899142426006,-14.79724052921116
S20,S20_E0I108D0,data/outputs_webcam_sg_p5_n23/S20/S20_E0I108D0.arff,fixation,sg_p5_n23,8,8,0,222.54999999999998,229.825,7.275000000000006,155.7420945024177,159.56628492797057,3.824190425552871
S20,S20_E0I108D0,data/outputs_webcam_sg_p5_n23/S20/S20_E0I108D0.arff,saccade,sg_p5_n23,7,7,0,32.699999999999996,35.94285714285714,3.2428571428571473,13.250031446503565,13.797446278551831,0.5474148320482666
S20,S20_E0I109D0,data/outputs_webcam_sg_p5_n23/S20/S20_E0I109D0.arff,fixation,sg_p5_n23,10,9,-1,192.28000000000003,233.25555555555553,40.9755555555555,100.58798028481225,107.24676115285617,6.6587808680439196
S20,S20_E0I109D0,data/outputs_webcam_sg_p5_n23/S20/S20_E0I109D0.arff,saccade,sg_p5_n23,8,8,0,31.4625,39.775,8.3125,16.34065372883577,13.833060812002941,-2.5075929168328273
S20,S20_E0I110D0,data/outputs_webcam_sg_p5_n23/S20/S20_E0I110D0.arff,fixation,sg_p5_n23,12,10,-2,164.39166666666665,200.19,35.798333333333346,76.36725212399422,91.65154360099149,15.284291476997268
S20,S20_E0I110D0,data/outputs_webcam_sg_p5_n23/S20/S20_E0I110D0.arff,saccade,sg_p5_n23,10,9,-1,22.150000000000002,37.71111111111111,15.561111111111106,10.378851360124374,10.675959493699436,0.29710813357506183
S20,S20_E0I111D0,data/outputs_webcam_sg_p5_n23/S20/S20_E0I111D0.arff,fixation,sg_p5_n23,11,10,-1,123.10909090909091,144.36,21.250909090909104,84.3337827272731,115.00514191403212,30.67135918675902
S20,S20_E0I111D0,data/outputs_webcam_sg_p5_n23/S20/S20_E0I111D0.arff,saccade,sg_p5_n23,12,7,-5,32.6,33.6,1.0,19.251446226665205,11.896357986095296,-7.355088240569909
S20,S20_E0I112D0,data/outputs_webcam_sg_p5_n23/S20/S20_E0I112D0.arff,fixation,sg_p5_n23,7,7,0,156.82857142857142,170.5,13.671428571428578,57.934667637656425,56.76457228471528,-1.1700953529411464
S20,S20_E0I112D0,data/outputs_webcam_sg_p5_n23/S20/S20_E0I112D0.arff,saccade,sg_p5_n23,6,6,0,41.88333333333333,38.15,-3.7333333333333343,12.100316800260506,14.957907607683634,2.8575908074231275
S20,S20_E0I113D0,data/outputs_webcam_sg_p5_n23/S20/S20_E0I113D0.arff,fixation,sg_p5_n23,11,12,1,177.51818181818183,176.9,-0.6181818181818244,105.51162796755453,89.51729137180959,-15.99433659574494
S20,S20_E0I113D0,data/outputs_webcam_sg_p5_n23/S20/S20_E0I113D0.arff,saccade,sg_p5_n23,10,10,0,34.739999999999995,37.629999999999995,2.8900000000000006,17.035792386097636,10.750302321330315,-6.2854900647673215
S20,S20_E0I114D0,data/outputs_webcam_sg_p5_n23/S20/S20_E0I114D0.arff,fixation,sg_p5_n23,10,10,0,148.92,165.86,16.940000000000026,45.84558139377592,41.77309607337665,-4.072485320399274
S20,S20_E0I114D0,data/outputs_webcam_sg_p5_n23/S20/S20_E0I114D0.arff,saccade,sg_p5_n23,9,9,0,27.166666666666668,33.67777777777778,6.511111111111109,11.827827357549651,6.493800462321307,-5.3340268952283445
S20,S20_E0I115D0,data/outputs_webcam_sg_p5_n23/S20/S20_E0I115D0.arff,fixation,sg_p5_n23,8,6,-2,198.0125,290.9166666666667,92.9041666666667,58.46956320538551,146.49072894441704,88.02116573903153
S20,S20_E0I115D0,data/outputs_webcam_sg_p5_n23/S20/S20_E0I115D0.arff,saccade,sg_p5_n23,7,5,-2,31.62857142857143,38.6,6.9714285714285715,15.617587765690564,13.085297092538632,-2.532290673151932
S20,S20_E0I116D0,data/outputs_webcam_sg_p5_n23/S20/S20_E0I116D0.arff,fixation,sg_p5_n23,10,9,-1,117.13,163.02222222222224,45.892222222222244,59.15448794845954,64.70163788069391,5.547149932234369
S20,S20_E0I116D0,data/outputs_webcam_sg_p5_n23/S20/S20_E0I116D0.arff,saccade,sg_p5_n23,9,8,-1,39.47777777777778,34.224999999999994,-5.252777777777787,23.009388180576302,13.06563103281714,-9.943757147759161
S20,S20_E0I117D0,data/outputs_webcam_sg_p5_n23/S20/S20_E0I117D0.arff,fixation,sg_p5_n23,11,11,0,228.5363636363636,227.32727272727277,-1.2090909090908326,118.95997034908233,130.7000772066267,11.740106857544376
S20,S20_E0I117D0,data/outputs_webcam_sg_p5_n23/S20/S20_E0I117D0.arff,saccade,sg_p5_n23,8,9,1,26.8,46.71111111111111,19.911111111111108,11.127443551867607,16.034918494058868,4.907474942191261
S20,S20_E0I118D0,data/outputs_webcam_sg_p5_n23/S20/S20_E0I118D0.arff,fixation,sg_p5_n23,7,7,0,167.44285714285712,159.15714285714282,-8.285714285714306,113.95030871894492,128.05483014634598,14.104521427401053
S20,S20_E0I118D0,data/outputs_webcam_sg_p5_n23/S20/S20_E0I118D0.arff,saccade,sg_p5_n23,5,5,0,32.54,38.36,5.82,4.118009227770138,9.73000513874479,5.6119959109746524
S20,S20_E0I119D0,data/outputs_webcam_sg_p5_n23/S20/S20_E0I119D0.arff,fixation,sg_p5_n23,7,7,0,170.29999999999998,195.72857142857143,25.428571428571445,56.93827066803721,61.198766716487405,4.260496048450193
S20,S20_E0I119D0,data/outputs_webcam_sg_p5_n23/S20/S20_E0I119D0.arff,saccade,sg_p5_n23,7,6,-1,25.371428571428574,38.150000000000006,12.778571428571432,11.166126497240704,11.829243424665838,0.6631169274251345
S20,S20_E0I120D0,data/outputs_webcam_sg_p5_n23/S20/S20_E0I120D0.arff,fixation,sg_p5_n23,10,10,0,199.89,213.85999999999999,13.969999999999999,136.89320614584526,126.04345987705105,-10.849746268794206
S20,S20_E0I120D0,data/outputs_webcam_sg_p5_n23/S20/S20_E0I120D0.arff,saccade,sg_p5_n23,9,8,-1,27.744444444444444,35.900000000000006,8.155555555555562,11.442149176521767,11.964113005150027,0.5219638286282606
S20,S20_E0I121D0,data/outputs_webcam_sg_p5_n23/S20/S20_E0I121D0.arff,fixation,sg_p5_n23,8,9,1,173.125,172.67777777777778,-0.44722222222222285,86.279938903217,129.58756477550014,43.30762587228314
S20,S20_E0I121D0,data/outputs_webcam_sg_p5_n23/S20/S20_E0I121D0.arff,saccade,sg_p5_n23,7,8,1,23.25714285714286,35.85000000000001,12.592857142857149,7.911143436709416,13.798447117597794,5.887303680888378
S20,S20_E0I122D0,data/outputs_webcam_sg_p5_n23/S20/S20_E0I122D0.arff,fixation,sg_p5_n23,11,10,-1,219.0,250.51999999999998,31.519999999999982,114.94674419051634,163.6233873530581,48.67664316254175
S20,S20_E0I122D0,data/outputs_webcam_sg_p5_n23/S20/S20_E0I122D0.arff,saccade,sg_p5_n23,9,8,-1,29.488888888888887,33.1375,3.6486111111111157,13.306900883042267,8.780813092842175,-4.526087790200092
S20,S20_E0I123D0,data/outputs_webcam_sg_p5_n23/S20/S20_E0I123D0.arff,fixation,sg_p5_n23,8,7,-1,159.91250000000002,198.45714285714283,38.544642857142804,80.7880195768089,84.38133397742372,3.5933144006148154
S20,S20_E0I123D0,data/outputs_webcam_sg_p5_n23/S20/S20_E0I123D0.arff,saccade,sg_p5_n23,7,6,-1,29.54285714285714,29.566666666666666,0.0238095238095255,0.39520940802374105,0.4273952113286556,0.03218580330491455
S20,S20_E0I124D0,data/outputs_webcam_sg_p5_n23/S20/S20_E0I124D0.arff,fixation,sg_p5_n23,8,8,0,203.8,211.225,7.424999999999983,152.91428037582736,162.1982010645353,9.283920688707951
S20,S20_E0I124D0,data/outputs_webcam_sg_p5_n23/S20/S20_E0I124D0.arff,saccade,sg_p5_n23,7,7,0,24.47142857142857,35.857142857142854,11.385714285714283,9.280214488490065,6.704937768256354,-2.5752767202337115
S20,S20_E0I125D0,data/outputs_webcam_sg_p5_n23/S20/S20_E0I125D0.arff,fixation,sg_p5_n23,8,9,1,151.225,143.44444444444446,-7.780555555555537,46.94625346378253,62.57068225437356,15.624428790591026
S20,S20_E0I125D0,data/outputs_webcam_sg_p5_n23/S20/S20_E0I125D0.arff,saccade,sg_p5_n23,8,8,0,24.0875,35.150000000000006,11.062500000000007,10.918063342134317,7.551348034811874,-3.366715307322443
S20,S20_E0I126D0,data/outputs_webcam_sg_p5_n23/S20/S20_E0I126D0.arff,fixation,sg_p5_n23,8,7,-1,142.9875,149.70000000000002,6.712500000000006,33.48058872583592,37.47314594034863,3.9925572145127077
S20,S20_E0I126D0,data/outputs_webcam_sg_p5_n23/S20/S20_E0I126D0.arff,saccade,sg_p5_n23,6,6,0,29.533333333333335,30.700000000000003,1.1666666666666679,13.988233150282657,9.811829594932844,-4.176403555349813
S20,S20_E0I127D0,data/outputs_webcam_sg_p5_n23/S20/S20_E0I127D0.arff,fixation,sg_p5_n23,8,7,-1,181.35000000000002,213.59999999999997,32.24999999999994,67.9656635998754,80.9566962435268,12.991032643651408
S20,S20_E0I127D0,data/outputs_webcam_sg_p5_n23/S20/S20_E0I127D0.arff,saccade,sg_p5_n23,6,6,0,28.433333333333334,29.483333333333334,1.0500000000000007,20.237259366491962,9.36085822276284,-10.876401143729122
S20,S20_E0I129D0,data/outputs_webcam_sg_p5_n23/S20/S20_E0I129D0.arff,fixation,sg_p5_n23,9,9,0,193.1222222222222,181.01111111111112,-12.111111111111086,56.287049526906664,90.82661290123679,34.53956337433012
S20,S20_E0I129D0,data/outputs_webcam_sg_p5_n23/S20/S20_E0I129D0.arff,saccade,sg_p5_n23,7,7,0,30.557142857142857,42.15714285714286,11.600000000000001,2.8512319810081763,9.323957876148437,6.472725895140261
S20,S20_E0I130D0,data/outputs_webcam_sg_p5_n23/S20/S20_E0I130D0.arff,fixation,sg_p5_n23,7,8,1,167.54285714285714,161.35,-6.19285714285715,47.38332537728356,78.58634923263891,31.203023855355347
S20,S20_E0I130D0,data/outputs_webcam_sg_p5_n23/S20/S20_E0I130D0.arff,saccade,sg_p5_n23,7,7,0,27.428571428571427,36.81428571428571,9.385714285714283,13.249995507636255,11.239132316958248,-2.0108631906780072
S20,S20_E0I131D0,data/outputs_webcam_sg_p5_n23/S20/S20_E0I131D0.arff,fixation,sg_p5_n23,8,8,0,197.1,204.3625,7.262500000000017,94.81485718418365,100.44136793601102,5.626510751827368
S20,S20_E0I131D0,data/outputs_webcam_sg_p5_n23/S20/S20_E0I131D0.arff,saccade,sg_p5_n23,6,6,0,23.46666666666667,34.61666666666667,11.149999999999999,9.84675919613487,12.978045564208298,3.131286368073427
S20,S20_E0I132D0,data/outputs_webcam_sg_p5_n23/S20/S20_E0I132D0.arff,fixation,sg_p5_n23,12,9,-3,213.01666666666668,280.0333333333333,67.01666666666662,142.7708579465287,209.59487708434096,66.82401913781226
S20,S20_E0I132D0,data/outputs_webcam_sg_p5_n23/S20/S20_E0I132D0.arff,saccade,sg_p5_n23,9,8,-1,22.188888888888886,55.325,33.13611111111112,11.676733751829365,30.279165397065636,18.602431645236273
S20,S20_E0I133D0,data/outputs_webcam_sg_p5_n23/S20/S20_E0I133D0.arff,fixation,sg_p5_n23,9,8,-1,206.33333333333337,250.5125,44.17916666666662,159.7328472794497,255.16026581346867,95.42741853401898
S20,S20_E0I133D0,data/outputs_webcam_sg_p5_n23/S20/S20_E0I133D0.arff,saccade,sg_p5_n23,7,7,0,21.12857142857143,39.01428571428572,17.88571428571429,7.893396878766092,11.071800300979147,3.178403422213055
S20,S20_E0I134D0,data/outputs_webcam_sg_p5_n23/S20/S20_E0I134D0.arff,fixation,sg_p5_n23,6,8,2,170.38333333333333,139.6125,-30.770833333333314,66.52209908494069,90.265725776731,23.74362669179031
S20,S20_E0I134D0,data/outputs_webcam_sg_p5_n23/S20/S20_E0I134D0.arff,saccade,sg_p5_n23,6,6,0,33.21666666666667,44.36666666666667,11.149999999999999,21.60688933342018,15.544602493041328,-6.062286840378853
S20,S20_E0I135D0,data/outputs_webcam_sg_p5_n23/S20/S20_E0I135D0.arff,fixation,sg_p5_n23,9,8,-1,261.0111111111111,308.3875,47.37638888888887,129.8454604948171,133.54528859957156,3.6998281047544594
S20,S20_E0I135D0,data/outputs_webcam_sg_p5_n23/S20/S20_E0I135D0.arff,saccade,sg_p5_n23,9,6,-3,25.400000000000002,41.833333333333336,16.433333333333334,8.252120939491858,17.66144576943424,9.409324829942383
S20,S20_E0I136D0,data/outputs_webcam_sg_p5_n23/S20/S20_E0I136D0.arff,fixation,sg_p5_n23,9,7,-2,119.0,172.05714285714288,53.05714285714288,64.904179372364,65.25000273672681,0.3458233643628148
S20,S20_E0I136D0,data/outputs_webcam_sg_p5_n23/S20/S20_E0I136D0.arff,saccade,sg_p5_n23,6,7,1,49.13333333333333,27.342857142857145,-21.790476190476188,23.567831182921065,9.963576523661429,-13.604254659259636
S20,S20_E0I137D0,data/outputs_webcam_sg_p5_n23/S20/S20_E0I137D0.arff,fixation,sg_p5_n23,7,7,0,230.61428571428573,184.20000000000002,-46.41428571428571,145.46105353405804,175.59940204909583,30.13834851503779
S20,S20_E0I137D0,data/outputs_webcam_sg_p5_n23/S20/S20_E0I137D0.arff,saccade,sg_p5_n23,6,6,0,19.749999999999996,38.300000000000004,18.550000000000008,7.668572226953333,17.649702547068603,9.98113032011527
S20,S20_E0I138D0,data/outputs_webcam_sg_p5_n23/S20/S20_E0I138D0.arff,fixation,sg_p5_n23,12,13,1,189.1,186.42307692307696,-2.676923076923032,90.09419313342916,139.53785719203083,49.44366405860167
S20,S20_E0I138D0,data/outputs_webcam_sg_p5_n23/S20/S20_E0I138D0.arff,saccade,sg_p5_n23,11,12,1,26.854545454545452,35.65,8.795454545454547,14.497818017644148,12.068930810518838,-2.4288872071253103
S20,S20_E0I139D0,data/outputs_webcam_sg_p5_n23/S20/S20_E0I139D0.arff,fixation,sg_p5_n23,7,7,0,143.07142857142856,168.42857142857142,25.35714285714286,52.97545703077084,56.54923265868171,3.5737756279108694
S20,S20_E0I139D0,data/outputs_webcam_sg_p5_n23/S20/S20_E0I139D0.arff,saccade,sg_p5_n23,5,6,1,44.22,40.4,-3.8200000000000003,18.085823177284464,20.51477516328171,2.4289519859972444
S20,S20_E0I140D0,data/outputs_webcam_sg_p5_n23/S20/S20_E0I140D0.arff,fixation,sg_p5_n23,12,12,0,212.43333333333337,222.4083333333333,9.974999999999937,154.04699007612953,156.05748042618686,2.0104903500573243
S20,S20_E0I140D0,data/outputs_webcam_sg_p5_n23/S20/S20_E0I140D0.arff,saccade,sg_p5_n23,10,10,0,23.6,37.6,14.0,14.123896220393453,7.287889497881627,-6.836006722511826
S21,S21_E0I101D0,data/outputs_webcam_sg_p5_n23/S21/S21_E0I101D0.arff,fixation,sg_p5_n23,4,4,0,235.95,206.5,-29.44999999999999,149.96711861827134,163.8063694325305,13.839250814259145
S21,S21_E0I101D0,data/outputs_webcam_sg_p5_n23/S21/S21_E0I101D0.arff,saccade,sg_p5_n23,4,4,0,27.75,44.375,16.625,9.338272502627738,10.536088774619671,1.1978162719919325
S21,S21_E0I102D0,data/outputs_webcam_sg_p5_n23/S21/S21_E0I102D0.arff,fixation,sg_p5_n23,13,11,-2,200.6615384615385,200.89090909090908,0.22937062937057817,91.12027343445163,122.40193180293727,31.281658368485637
S21,S21_E0I102D0,data/outputs_webcam_sg_p5_n23/S21/S21_E0I102D0.arff,saccade,sg_p5_n23,11,7,-4,32.21818181818182,31.67142857142857,-0.5467532467532479,11.517362387440814,9.274825117078,-2.2425372703628135
S21,S21_E0I103D0,data/outputs_webcam_sg_p5_n23/S21/S21_E0I103D0.arff,fixation,sg_p5_n23,4,4,0,134.975,158.45,23.474999999999994,111.91733184215333,115.60728062424671,3.6899487820933814
S21,S21_E0I103D0,data/outputs_webcam_sg_p5_n23/S21/S21_E0I103D0.arff,saccade,sg_p5_n23,2,2,0,36.900000000000006,36.85,-0.05000000000000426,10.323759005323595,31.041987694089435,20.71822868876584
S21,S21_E0I104D0,data/outputs_webcam_sg_p5_n23/S21/S21_E0I104D0.arff,fixation,sg_p5_n23,5,5,0,167.87,138.35,-29.52000000000001,54.26884004656816,63.362607269587635,9.093767223019476
S21,S21_E0I104D0,data/outputs_webcam_sg_p5_n23/S21/S21_E0I104D0.arff,saccade,sg_p5_n23,4,4,0,42.5,40.5,-2.0,15.126466871017833,9.640366521386346,-5.486100349631487
S21,S21_E0I105D0,data/outputs_webcam_sg_p5_n23/S21/S21_E0I105D0.arff,fixation,sg_p5_n23,7,9,2,152.65714285714287,99.06666666666668,-53.590476190476195,57.59279055410949,82.82626395051271,25.23347339640322
S21,S21_E0I105D0,data/outputs_webcam_sg_p5_n23/S21/S21_E0I105D0.arff,saccade,sg_p5_n23,7,6,-1,39.0,35.666666666666664,-3.3333333333333357,14.005832118561658,14.269501276031573,0.2636691574699146
S21,S21_E0I106D0,data/outputs_webcam_sg_p5_n23/S21/S21_E0I106D0.arff,fixation,sg_p5_n23,5,5,0,147.42000000000002,132.68,-14.740000000000009,29.831476664757986,32.87060997304432,3.039133308286331
S21,S21_E0I106D0,data/outputs_webcam_sg_p5_n23/S21/S21_E0I106D0.arff,saccade,sg_p5_n23,4,4,0,25.85,40.45,14.600000000000001,7.369079544511196,7.366817494685206,-0.002262049825990431
S21,S21_E0I107D0,data/outputs_webcam_sg_p5_n23/S21/S21_E0I107D0.arff,fixation,sg_p5_n23,7,7,0,182.18571428571428,189.55714285714288,7.371428571428595,56.18622098496595,53.94092006207214,-2.2453009228938114
S21,S21_E0I107D0,data/outputs_webcam_sg_p5_n23/S21/S21_E0I107D0.arff,saccade,sg_p5_n23,6,6,0,43.0,35.65,-7.350000000000001,9.796734149705197,7.25306831623693,-2.5436658334682667
S21,S21_E0I108D0,data/outputs_webcam_sg_p5_n23/S21/S21_E0I108D0.arff,fixation,sg_p5_n23,5,5,0,195.54,188.07999999999998,-7.460000000000008,99.01915471261104,89.72341946225635,-9.295735250354696
S21,S21_E0I108D0,data/outputs_webcam_sg_p5_n23/S21/S21_E0I108D0.arff,saccade,sg_p5_n23,4,4,0,33.125,36.875,3.75,14.022214518399013,8.46182604406401,-5.560388474335003
S21,S21_E0I109D0,data/outputs_webcam_sg_p5_n23/S21/S21_E0I109D0.arff,fixation,sg_p5_n23,4,5,1,147.5,107.82000000000001,-39.67999999999999,27.895160870659986,55.5280289583558,27.63286808769581
S21,S21_E0I109D0,data/outputs_webcam_sg_p5_n23/S21/S21_E0I109D0.arff,saccade,sg_p5_n23,4,3,-1,25.95,44.43333333333334,18.483333333333338,7.43527627821141,0.2309401076758536,-7.204336170535557
S21,S21_E0I110D0,data/outputs_webcam_sg_p5_n23/S21/S21_E0I110D0.arff,fixation,sg_p5_n23,4,4,0,184.52499999999998,177.14999999999998,-7.375,75.88132730345018,75.37579186980392,-0.5055354336462585
S21,S21_E0I110D0,data/outputs_webcam_sg_p5_n23/S21/S21_E0I110D0.arff,saccade,sg_p5_n23,3,3,0,49.29999999999999,59.199999999999996,9.900000000000006,4.330127018922194,7.399999999999999,3.069872981077805
S21,S21_E0I111D0,data/outputs_webcam_sg_p5_n23/S21/S21_E0I111D0.arff,fixation,sg_p5_n23,4,4,0,167.425,152.8,-14.625,45.81465376929089,17.309534944648284,-28.505118824642608
S21,S21_E0I111D0,data/outputs_webcam_sg_p5_n23/S21/S21_E0I111D0.arff,saccade,sg_p5_n23,4,3,-1,43.025,36.93333333333334,-6.0916666666666615,9.517483911202584,12.788406207707565,3.270922296504981
S21,S21_E0I112D0,data/outputs_webcam_sg_p5_n23/S21/S21_E0I112D0.arff,fixation,sg_p5_n23,6,6,0,165.96666666666667,161.0333333333333,-4.9333333333333655,47.808646358861346,51.817165752930435,4.00851939406909
S21,S21_E0I112D0,data/outputs_webcam_sg_p5_n23/S21/S21_E0I112D0.arff,saccade,sg_p5_n23,5,5,0,42.84,48.660000000000004,5.82,13.213364446650218,6.659429404986587,-6.553935041663631
S21,S21_E0I113D0,data/outputs_webcam_sg_p5_n23/S21/S21_E0I113D0.arff,fixation,sg_p5_n23,4,5,1,174.75,129.56,-45.19,42.073071356074465,68.16295181401696,26.0898804579425
S21,S21_E0I113D0,data/outputs_webcam_sg_p5_n23/S21/S21_E0I113D0.arff,saccade,sg_p5_n23,3,4,1,44.5,37.075,-7.424999999999997,0.10000000000000142,19.016549809749055,18.916549809749053
S21,S21_E0I114D0,data/outputs_webcam_sg_p5_n23/S21/S21_E0I114D0.arff,fixation,sg_p5_n23,5,5,0,194.11999999999998,204.47999999999996,10.359999999999985,82.11136949290275,85.60191002541941,3.490540532516661
S21,S21_E0I114D0,data/outputs_webcam_sg_p5_n23/S21/S21_E0I114D0.arff,saccade,sg_p5_n23,4,4,0,40.675,42.675,2.0,14.231040018213704,9.564299939532079,-4.6667400786816255
S21,S21_E0I115D0,data/outputs_webcam_sg_p5_n23/S21/S21_E0I115D0.arff,fixation,sg_p5_n23,15,16,1,182.5,169.65625,-12.84375,70.30929627621899,68.33055898839602,-1.978737287822966
S21,S21_E0I115D0,data/outputs_webcam_sg_p5_n23/S21/S21_E0I115D0.arff,saccade,sg_p5_n23,11,13,2,44.33636363636363,39.892307692307696,-4.444055944055933,10.869339697265213,12.92448977319553,2.0551500759303174
S21,S21_E0I116D0,data/outputs_webcam_sg_p5_n23/S21/S21_E0I116D0.arff,fixation,sg_p5_n23,5,4,-1,115.08,147.375,32.295,60.57835421996871,55.95041703746869,-4.62793718250002
S21,S21_E0I116D0,data/outputs_webcam_sg_p5_n23/S21/S21_E0I116D0.arff,saccade,sg_p5_n23,4,3,-1,35.025,46.666666666666664,11.641666666666666,21.971553578813367,18.563494642263166,-3.4080589365502014
S21,S21_E0I117D0,data/outputs_webcam_sg_p5_n23/S21/S21_E0I117D0.arff,fixation,sg_p5_n23,4,5,1,151.0,107.75999999999999,-43.24000000000001,56.831857263334264,60.46464256075612,3.6327852974218544
S21,S21_E0I117D0,data/outputs_webcam_sg_p5_n23/S21/S21_E0I117D0.arff,saccade,sg_p5_n23,3,3,0,29.766666666666666,42.2,12.433333333333337,15.101765901156504,21.393690658696553,6.291924757540048
S21,S21_E0I118D0,data/outputs_webcam_sg_p5_n23/S21/S21_E0I118D0.arff,fixation,sg_p5_n23,5,8,3,244.28000000000003,184.16250000000002,-60.11750000000001,222.40302830672067,192.05901576264074,-30.34401254407993
S21,S21_E0I118D0,data/outputs_webcam_sg_p5_n23/S21/S21_E0I118D0.arff,saccade,sg_p5_n23,4,4,0,45.975,33.2,-12.774999999999999,7.2518388472625785,15.308385501634934,8.056546654372355
S21,S21_E0I119D0,data/outputs_webcam_sg_p5_n23/S21/S21_E0I119D0.arff,fixation,sg_p5_n23,8,8,0,239.2625,243.875,4.612500000000011,136.1382903783607,126.76171966105765,-9.37657071730304
S21,S21_E0I119D0,data/outputs_webcam_sg_p5_n23/S21/S21_E0I119D0.arff,saccade,sg_p5_n23,6,6,0,34.449999999999996,36.86666666666667,2.4166666666666714,12.027426990009126,6.532584991155236,-5.4948419988538895
S21,S21_E0I120D0,data/outputs_webcam_sg_p5_n23/S21/S21_E0I120D0.arff,fixation,sg_p5_n23,6,6,0,276.34999999999997,276.46666666666664,0.11666666666667425,208.91251518279128,192.49085865740915,-16.421656525382133
S21,S21_E0I120D0,data/outputs_webcam_sg_p5_n23/S21/S21_E0I120D0.arff,saccade,sg_p5_n23,5,5,0,32.64,39.940000000000005,7.300000000000004,6.742625601351451,9.90065654388637,3.1580309425349196
S21,S21_E0I121D0,data/outputs_webcam_sg_p5_n23/S21/S21_E0I121D0.arff,fixation,sg_p5_n23,5,5,0,160.52,162.06,1.539999999999992,49.79650590151883,40.63290538467561,-9.163600516843218
S21,S21_E0I121D0,data/outputs_webcam_sg_p5_n23/S21/S21_E0I121D0.arff,saccade,sg_p5_n23,4,4,0,38.650000000000006,33.25,-5.400000000000006,18.356197863392083,7.433931216613005,-10.922266646779079
S21,S21_E0I122D0,data/outputs_webcam_sg_p5_n23/S21/S21_E0I122D0.arff,fixation,sg_p5_n23,5,5,0,157.57999999999998,160.51999999999998,2.9399999999999977,101.30543914321679,99.60430211592268,-1.7011370272941093
S21,S21_E0I122D0,data/outputs_webcam_sg_p5_n23/S21/S21_E0I122D0.arff,saccade,sg_p5_n23,4,4,0,35.0,35.125,0.125,7.001428425685717,11.05,4.048571574314284
S21,S21_E0I123D0,data/outputs_webcam_sg_p5_n23/S21/S21_E0I123D0.arff,fixation,sg_p5_n23,4,5,1,174.575,133.84,-40.734999999999985,49.835955895317184,73.39027864778822,23.554322752471037
S21,S21_E0I123D0,data/outputs_webcam_sg_p5_n23/S21/S21_E0I123D0.arff,saccade,sg_p5_n23,3,3,0,49.29999999999999,39.63333333333333,-9.666666666666657,8.231038816577165,8.776293826743343,0.5452550101661782
S21,S21_E0I124D0,data/outputs_webcam_sg_p5_n23/S21/S21_E0I124D0.arff,fixation,sg_p5_n23,4,4,0,173.0,163.64999999999998,-9.350000000000023,132.0034595506244,114.50719045835795,-17.496269092266445
S21,S21_E0I124D0,data/outputs_webcam_sg_p5_n23/S21/S21_E0I124D0.arff,saccade,sg_p5_n23,3,3,0,44.26666666666667,44.300000000000004,0.03333333333333144,14.700453507743674,14.850252523105459,0.14979901536178453
S21,S21_E0I125D0,data/outputs_webcam_sg_p5_n23/S21/S21_E0I125D0.arff,fixation,sg_p5_n23,6,6,0,131.85,139.16666666666666,7.316666666666663,49.33671046999384,55.546148981425056,6.209438511431216
S21,S21_E0I125D0,data/outputs_webcam_sg_p5_n23/S21/S21_E0I125D0.arff,saccade,sg_p5_n23,5,5,0,28.139999999999997,34.06,5.920000000000005,8.112213014954675,6.714759861677854,-1.3974531532768202
S21,S21_E0I126D0,data/outputs_webcam_sg_p5_n23/S21/S21_E0I126D0.arff,fixation,sg_p5_n23,4,4,0,243.20000000000002,250.55,7.349999999999994,148.93696653282555,132.4885026458271,-16.44846388699844
S21,S21_E0I126D0,data/outputs_webcam_sg_p5_n23/S21/S21_E0I126D0.arff,saccade,sg_p5_n23,3,3,0,44.1,37.266666666666666,-6.833333333333336,14.4,13.0193445815576,-1.3806554184423998
S21,S21_E0I127D0,data/outputs_webcam_sg_p5_n23/S21/S21_E0I127D0.arff,fixation,sg_p5_n23,4,5,1,254.52499999999998,190.35999999999999,-64.16499999999999,251.98192230131642,214.8930617772477,-37.08886052406871
S21,S21_E0I127D0,data/outputs_webcam_sg_p5_n23/S21/S21_E0I127D0.arff,saccade,sg_p5_n23,2,3,1,40.45,43.93333333333334,3.4833333333333343,15.344217151748078,12.500533321956041,-2.8436838297920364
S21,S21_E0I128D0,data/outputs_webcam_sg_p5_n23/S21/S21_E0I128D0.arff,fixation,sg_p5_n23,5,5,0,154.71999999999997,91.24,-63.479999999999976,29.55092215143209,80.49859004976422,50.94766789833213
S21,S21_E0I128D0,data/outputs_webcam_sg_p5_n23/S21/S21_E0I128D0.arff,saccade,sg_p5_n23,4,4,0,42.45,18.450000000000003,-24.0,9.399822693363246,7.299999999999999,-2.0998226933632473
S21,S21_E0I129D0,data/outputs_webcam_sg_p5_n23/S21/S21_E0I129D0.arff,fixation,sg_p5_n23,4,4,0,176.425,178.325,1.8999999999999773,102.27141585017779,99.05848020235318,-3.212935647824608
S21,S21_E0I129D0,data/outputs_webcam_sg_p5_n23/S21/S21_E0I129D0.arff,saccade,sg_p5_n23,3,3,0,41.73333333333334,41.76666666666667,0.03333333333333144,11.20818153552722,21.24672523786509,10.038543702337869
S21,S21_E0I130D0,data/outputs_webcam_sg_p5_n23/S21/S21_E0I130D0.arff,fixation,sg_p5_n23,5,6,1,310.65999999999997,247.94999999999996,-62.71000000000001,338.14851470914374,343.49821396915587,5.34969926001213
S21,S21_E0I130D0,data/outputs_webcam_sg_p5_n23/S21/S21_E0I130D0.arff,saccade,sg_p5_n23,4,5,1,26.0,35.620000000000005,9.620000000000005,14.3092044968731,22.61032949782024,8.301125000947138
S21,S21_E0I131D0,data/outputs_webcam_sg_p5_n23/S21/S21_E0I131D0.arff,fixation,sg_p5_n23,3,3,0,295.3666666666666,93.56666666666666,-201.79999999999995,352.4329912668979,62.55160536175976,-289.88138590513813
S21,S21_E0I131D0,data/outputs_webcam_sg_p5_n23/S21/S21_E0I131D0.arff,saccade,sg_p5_n23,1,1,0,29.7,29.7,0.0,0.0,0.0,0.0
S21,S21_E0I132D0,data/outputs_webcam_sg_p5_n23/S21/S21_E0I132D0.arff,fixation,sg_p5_n23,4,5,1,204.35000000000002,150.33999999999997,-54.01000000000005,85.17904671924897,87.72558349763197,2.5465367783830004
S21,S21_E0I132D0,data/outputs_webcam_sg_p5_n23/S21/S21_E0I132D0.arff,saccade,sg_p5_n23,3,4,1,39.166666666666664,47.85,8.683333333333337,8.285127237003262,12.413299319681292,4.128172082678029
S21,S21_E0I133D0,data/outputs_webcam_sg_p5_n23/S21/S21_E0I133D0.arff,fixation,sg_p5_n23,6,6,0,158.53333333333333,104.66666666666667,-53.86666666666666,52.25995280008074,56.09775990774201,3.83780710766127
S21,S21_E0I133D0,data/outputs_webcam_sg_p5_n23/S21/S21_E0I133D0.arff,saccade,sg_p5_n23,5,5,0,41.46,42.86,1.3999999999999986,15.265582203112988,18.350149863148257,3.084567660035269
S21,S21_E0I134D0,data/outputs_webcam_sg_p5_n23/S21/S21_E0I134D0.arff,fixation,sg_p5_n23,5,5,0,176.66000000000003,163.51999999999998,-13.140000000000043,53.17718495746085,45.62474109515581,-7.55244386230504
S21,S21_E0I134D0,data/outputs_webcam_sg_p5_n23/S21/S21_E0I134D0.arff,saccade,sg_p5_n23,4,4,0,37.7,46.825,9.125,19.83700246172961,12.2766377047355,-7.560364756994112
S21,S21_E0I135D0,data/outputs_webcam_sg_p5_n23/S21/S21_E0I135D0.arff,fixation,sg_p5_n23,4,4,0,171.7,171.7,0.0,33.57310431481327,25.114803071760942,-8.458301243052329
S21,S21_E0I135D0,data/outputs_webcam_sg_p5_n23/S21/S21_E0I135D0.arff,saccade,sg_p5_n23,3,3,0,42.0,49.166666666666664,7.166666666666664,23.829393613770367,8.689265408153519,-15.140128205616849
S21,S21_E0I137D0,data/outputs_webcam_sg_p5_n23/S21/S21_E0I137D0.arff,fixation,sg_p5_n23,5,5,0,196.92000000000002,161.62000000000003,-35.29999999999998,57.95504292121609,72.67583504852215,14.720792127306055
S21,S21_E0I137D0,data/outputs_webcam_sg_p5_n23/S21/S21_E0I137D0.arff,saccade,sg_p5_n23,4,4,0,44.25,33.175,-11.075000000000003,15.708490273309739,4.246076620442296,-11.462413652867443
S21,S21_E0I139D0,data/outputs_webcam_sg_p5_n23/S21/S21_E0I139D0.arff,fixation,sg_p5_n23,4,3,-1,179.125,176.6,-2.5250000000000057,75.54938230499747,82.60018159786331,7.050799292865847
S21,S21_E0I139D0,data/outputs_webcam_sg_p5_n23/S21/S21_E0I139D0.arff,saccade,sg_p5_n23,3,2,-1,46.833333333333336,40.65,-6.183333333333337,4.301550108197431,15.768481220460007,11.466931112262575
S21,S21_E0I140D0,data/outputs_webcam_sg_p5_n23/S21/S21_E0I140D0.arff,fixation,sg_p5_n23,5,4,-1,192.88000000000002,228.35,35.46999999999997,156.20421569215088,141.922337917609,-14.281877774541869
S21,S21_E0I140D0,data/outputs_webcam_sg_p5_n23/S21/S21_E0I140D0.arff,saccade,sg_p5_n23,4,4,0,42.175,42.3,0.125,20.94522618641298,17.295278739201244,-3.649947447211737
S22,S22_E0I101D0,data/outputs_webcam_sg_p5_n23/S22/S22_E0I101D0.arff,fixation,sg_p5_n23,6,6,0,152.28333333333333,149.95,-2.333333333333343,51.238361280066975,45.05630921413781,-6.182052065929163
S22,S22_E0I101D0,data/outputs_webcam_sg_p5_n23/S22/S22_E0I101D0.arff,saccade,sg_p5_n23,5,5,0,27.26,41.599999999999994,14.339999999999993,17.69980225878244,12.999038425975977,-4.700763832806464
S22,S22_E0I102D0,data/outputs_webcam_sg_p5_n23/S22/S22_E0I102D0.arff,fixation,sg_p5_n23,5,4,-1,86.54,122.525,35.985,20.98268333650394,61.62214834510939,40.63946500860545
S22,S22_E0I102D0,data/outputs_webcam_sg_p5_n23/S22/S22_E0I102D0.arff,saccade,sg_p5_n23,4,3,-1,25.125,35.76666666666667,10.641666666666673,7.151864558747366,7.059981114233476,-0.09188344451389074
S22,S22_E0I103D0,data/outputs_webcam_sg_p5_n23/S22/S22_E0I103D0.arff,fixation,sg_p5_n23,5,5,0,125.73999999999998,124.39999999999998,-1.3400000000000034,38.869435293042265,51.0391516387175,12.169716345675234
S22,S22_E0I103D0,data/outputs_webcam_sg_p5_n23/S22/S22_E0I103D0.arff,saccade,sg_p5_n23,4,4,0,32.425000000000004,36.24999999999999,3.8249999999999886,13.642427692069083,8.507839522072176,-5.134588169996906
S22,S22_E0I104D0,data/outputs_webcam_sg_p5_n23/S22/S22_E0I104D0.arff,fixation,sg_p5_n23,5,4,-1,115.08,163.29999999999998,48.219999999999985,63.91304248742975,61.12915289232571,-2.7838895951040357
S22,S22_E0I104D0,data/outputs_webcam_sg_p5_n23/S22/S22_E0I104D0.arff,saccade,sg_p5_n23,4,3,-1,32.625,36.43333333333334,3.808333333333337,13.998422530175795,12.100550951644031,-1.8978715785317632
S22,S22_E0I105D0,data/outputs_webcam_sg_p5_n23/S22/S22_E0I105D0.arff,fixation,sg_p5_n23,9,8,-1,118.8111111111111,146.8875,28.076388888888886,49.18641693710888,54.87847450764019,5.692057570531311
S22,S22_E0I105D0,data/outputs_webcam_sg_p5_n23/S22/S22_E0I105D0.arff,saccade,sg_p5_n23,7,7,0,30.58571428571429,34.67142857142857,4.085714285714282,9.714152660153221,8.750945527144346,-0.9632071330088756
S22,S22_E0I106D0,data/outputs_webcam_sg_p5_n23/S22/S22_E0I106D0.arff,fixation,sg_p5_n23,6,5,-1,96.23333333333335,138.4,42.16666666666666,23.01865909792894,56.53410475102617,33.51544565309723
S22,S22_E0I106D0,data/outputs_webcam_sg_p5_n23/S22/S22_E0I106D0.arff,saccade,sg_p5_n23,4,3,-1,34.224999999999994,28.7,-5.524999999999995,6.734178989800219,12.299186964998947,5.5650079751987285
S22,S22_E0I107D0,data/outputs_webcam_sg_p5_n23/S22/S22_E0I107D0.arff,fixation,sg_p5_n23,5,4,-1,117.62,143.20000000000002,25.580000000000013,30.106593962120655,64.17876076501737,34.07216680289672
S22,S22_E0I107D0,data/outputs_webcam_sg_p5_n23/S22/S22_E0I107D0.arff,saccade,sg_p5_n23,4,3,-1,32.15,40.3,8.149999999999999,7.106100665390735,20.52535017971679,13.419249514326054
S22,S22_E0I108D0,data/outputs_webcam_sg_p5_n23/S22/S22_E0I108D0.arff,fixation,sg_p5_n23,6,5,-1,123.23333333333333,134.96,11.726666666666674,72.90593025719285,48.451449926704974,-24.454480330487876
S22,S22_E0I108D0,data/outputs_webcam_sg_p5_n23/S22/S22_E0I108D0.arff,saccade,sg_p5_n23,5,4,-1,40.239999999999995,43.125,2.885000000000005,14.763400692252446,16.94409926788674,2.1806985756342954
S22,S22_E0I109D0,data/outputs_webcam_sg_p5_n23/S22/S22_E0I109D0.arff,fixation,sg_p5_n23,5,5,0,134.08,134.18,0.09999999999999432,21.47351857521259,15.7323551955834,-5.7411633796291905
S22,S22_E0I109D0,data/outputs_webcam_sg_p5_n23/S22/S22_E0I109D0.arff,saccade,sg_p5_n23,4,4,0,43.2,32.075,-11.125,12.097658175586437,7.283485887036967,-4.81417228854947
S22,S22_E0I110D0,data/outputs_webcam_sg_p5_n23/S22/S22_E0I110D0.arff,fixation,sg_p5_n23,6,6,0,135.11666666666667,138.68333333333337,3.5666666666666913,21.63399331299394,23.492928013908067,1.8589347009141264
S22,S22_E0I110D0,data/outputs_webcam_sg_p5_n23/S22/S22_E0I110D0.arff,saccade,sg_p5_n23,5,5,0,31.359999999999996,31.2,-0.1599999999999966,10.88751578644091,12.662543188475212,1.7750274020343024
S22,S22_E0I111D0,data/outputs_webcam_sg_p5_n23/S22/S22_E0I111D0.arff,fixation,sg_p5_n23,11,11,0,143.02727272727273,152.19090909090912,9.163636363636385,39.83809962608887,34.67824835672801,-5.159851269360857
S22,S22_E0I111D0,data/outputs_webcam_sg_p5_n23/S22/S22_E0I111D0.arff,saccade,sg_p5_n23,9,9,0,35.17777777777778,36.766666666666666,1.5888888888888886,11.834248790879986,7.515484016349181,-4.318764774530805
S22,S22_E0I112D0,data/outputs_webcam_sg_p5_n23/S22/S22_E0I112D0.arff,fixation,sg_p5_n23,5,4,-1,119.16,170.225,51.065,24.990858328596882,69.4128890528745,44.42203072427762
S22,S22_E0I112D0,data/outputs_webcam_sg_p5_n23/S22/S22_E0I112D0.arff,saccade,sg_p5_n23,4,3,-1,34.3,38.93333333333334,4.63333333333334,18.002222085064943,8.617037387254005,-9.385184697810939
S22,S22_E0I113D0,data/outputs_webcam_sg_p5_n23/S22/S22_E0I113D0.arff,fixation,sg_p5_n23,6,5,-1,115.63333333333333,147.18,31.54666666666668,32.89842954711769,28.348756586488943,-4.549672960628751
S22,S22_E0I113D0,data/outputs_webcam_sg_p5_n23/S22/S22_E0I113D0.arff,saccade,sg_p5_n23,4,4,0,46.75,48.55,1.7999999999999972,30.247258828969393,30.715956765173374,0.4686979362039807
S22,S22_E0I114D0,data/outputs_webcam_sg_p5_n23/S22/S22_E0I114D0.arff,fixation,sg_p5_n23,5,4,-1,138.56,176.72500000000002,38.16500000000002,91.03146708693649,87.95106120261806,-3.0804058843184237
S22,S22_E0I114D0,data/outputs_webcam_sg_p5_n23/S22/S22_E0I114D0.arff,saccade,sg_p5_n23,4,4,0,46.8,32.25,-14.549999999999997,26.27051579242403,7.1004694680469305,-19.170046324377097
S22,S22_E0I115D0,data/outputs_webcam_sg_p5_n23/S22/S22_E0I115D0.arff,fixation,sg_p5_n23,9,8,-1,145.7,170.175,24.475000000000023,47.72556966658439,68.98964207970435,21.264072413119962
S22,S22_E0I115D0,data/outputs_webcam_sg_p5_n23/S22/S22_E0I115D0.arff,saccade,sg_p5_n23,9,7,-2,27.188888888888886,33.97142857142857,6.7825396825396815,11.756853793048169,8.44742846190766,-3.3094253311405097
S22,S22_E0I116D0,data/outputs_webcam_sg_p5_n23/S22/S22_E0I116D0.arff,fixation,sg_p5_n23,4,4,0,153.55,158.9,5.349999999999994,49.39949392453328,40.34294651278378,-9.056547411749499
S22,S22_E0I116D0,data/outputs_webcam_sg_p5_n23/S22/S22_E0I116D0.arff,saccade,sg_p5_n23,3,3,0,35.63333333333333,35.6,-0.03333333333333144,12.182501111567088,12.124768039018313,-0.0577330725487748
S22,S22_E0I117D0,data/outputs_webcam_sg_p5_n23/S22/S22_E0I117D0.arff,fixation,sg_p5_n23,7,5,-2,94.32857142857142,152.06,57.73142857142858,46.18010806562043,47.407731436971325,1.2276233713508944
S22,S22_E0I117D0,data/outputs_webcam_sg_p5_n23/S22/S22_E0I117D0.arff,saccade,sg_p5_n23,6,5,-1,30.0,35.92,5.920000000000002,14.502275683491883,18.86099149037505,4.358715806883167
S22,S22_E0I118D0,data/outputs_webcam_sg_p5_n23/S22/S22_E0I118D0.arff,fixation,sg_p5_n23,6,6,0,159.08333333333334,157.96666666666667,-1.1166666666666742,46.3462368123526,51.202291615382485,4.856054803029885
S22,S22_E0I118D0,data/outputs_webcam_sg_p5_n23/S22/S22_E0I118D0.arff,saccade,sg_p5_n23,5,5,0,37.88,38.76,0.8799999999999955,7.62869582563101,12.1592762942537,4.5305804686226905
S22,S22_E0I119D0,data/outputs_webcam_sg_p5_n23/S22/S22_E0I119D0.arff,fixation,sg_p5_n23,8,6,-2,143.0875,205.94999999999996,62.862499999999955,59.535498114270325,100.6422724306243,41.10677431635398
S22,S22_E0I119D0,data/outputs_webcam_sg_p5_n23/S22/S22_E0I119D0.arff,saccade,sg_p5_n23,6,5,-1,37.28333333333333,40.5,3.2166666666666686,16.65622005938522,8.457245414436075,-8.198974644949145
S22,S22_E0I120D0,data/outputs_webcam_sg_p5_n23/S22/S22_E0I120D0.arff,fixation,sg_p5_n23,8,9,1,164.325,160.32222222222222,-4.002777777777766,44.441542663207734,27.761293998018974,-16.68024866518876
S22,S22_E0I120D0,data/outputs_webcam_sg_p5_n23/S22/S22_E0I120D0.arff,saccade,sg_p5_n23,7,8,1,53.01428571428571,35.925,-17.089285714285715,34.915442074218326,17.86774827927203,-17.047693794946298
S22,S22_E0I121D0,data/outputs_webcam_sg_p5_n23/S22/S22_E0I121D0.arff,fixation,sg_p5_n23,8,7,-1,117.825,149.91428571428574,32.08928571428574,59.111220834723326,62.133201767692306,3.0219809329689795
S22,S22_E0I121D0,data/outputs_webcam_sg_p5_n23/S22/S22_E0I121D0.arff,saccade,sg_p5_n23,7,6,-1,49.371428571428574,38.699999999999996,-10.671428571428578,26.205451995447707,18.171185982208208,-8.034266013239499
S22,S22_E0I122D0,data/outputs_webcam_sg_p5_n23/S22/S22_E0I122D0.arff,fixation,sg_p5_n23,6,7,1,109.73333333333335,91.58571428571427,-18.147619047619074,30.900010787484636,46.26094207757514,15.360931290090502
S22,S22_E0I122D0,data/outputs_webcam_sg_p5_n23/S22/S22_E0I122D0.arff,saccade,sg_p5_n23,6,5,-1,35.99999999999999,37.2,1.20000000000001,27.196690975190343,18.188045524464687,-9.008645450725655
S22,S22_E0I123D0,data/outputs_webcam_sg_p5_n23/S22/S22_E0I123D0.arff,fixation,sg_p5_n23,8,7,-1,171.6875,205.3,33.61250000000001,54.78014336548288,93.14470820538688,38.364564839904
S22,S22_E0I123D0,data/outputs_webcam_sg_p5_n23/S22/S22_E0I123D0.arff,saccade,sg_p5_n23,7,6,-1,30.67142857142857,38.233333333333334,7.5619047619047635,10.537032201670812,9.669884521888907,-0.8671476797819047
S22,S22_E0I124D0,data/outputs_webcam_sg_p5_n23/S22/S22_E0I124D0.arff,fixation,sg_p5_n23,5,4,-1,132.42,183.0,50.58000000000001,60.56638506630554,36.65978723342513,-23.906597832880415
S22,S22_E0I124D0,data/outputs_webcam_sg_p5_n23/S22/S22_E0I124D0.arff,saccade,sg_p5_n23,5,3,-2,27.380000000000003,33.5,6.119999999999997,12.70303113433955,3.9,-8.80303113433955
S22,S22_E0I125D0,data/outputs_webcam_sg_p5_n23/S22/S22_E0I125D0.arff,fixation,sg_p5_n23,6,6,0,150.3166666666667,146.79999999999998,-3.5166666666667084,70.2640567193972,81.55025444472875,11.286197725331547
S22,S22_E0I125D0,data/outputs_webcam_sg_p5_n23/S22/S22_E0I125D0.arff,saccade,sg_p5_n23,6,5,-1,27.61666666666667,28.78,1.1633333333333304,15.91608201369504,0.4919349550499539,-15.424147058645085
S22,S22_E0I126D0,data/outputs_webcam_sg_p5_n23/S22/S22_E0I126D0.arff,fixation,sg_p5_n23,5,5,0,110.2,138.9,28.700000000000003,43.73791261594453,51.63772845507439,7.899815839129857
S22,S22_E0I126D0,data/outputs_webcam_sg_p5_n23/S22/S22_E0I126D0.arff,saccade,sg_p5_n23,4,3,-1,36.2,33.36666666666667,-2.8333333333333357,14.07006278119137,8.173330614463929,-5.896732166727441
S22,S22_E0I127D0,data/outputs_webcam_sg_p5_n23/S22/S22_E0I127D0.arff,fixation,sg_p5_n23,8,7,-1,94.2125,140.12857142857143,45.91607142857143,41.05374308669761,71.57305624990721,30.519313163209603
S22,S22_E0I127D0,data/outputs_webcam_sg_p5_n23/S22/S22_E0I127D0.arff,saccade,sg_p5_n23,7,7,0,35.885714285714286,39.028571428571425,3.142857142857139,8.927005576979807,8.954089249371725,0.027083672391917446
S22,S22_E0I128D0,data/outputs_webcam_sg_p5_n23/S22/S22_E0I128D0.arff,fixation,sg_p5_n23,5,4,-1,141.32,182.25,40.93000000000001,46.176909814321704,79.324250180299,33.1473403659773
S22,S22_E0I128D0,data/outputs_webcam_sg_p5_n23/S22/S22_E0I128D0.arff,saccade,sg_p5_n23,4,3,-1,28.65,38.13333333333333,9.483333333333334,11.717934971657764,10.763518631624759,-0.9544163400330046
S22,S22_E0I129D0,data/outputs_webcam_sg_p5_n23/S22/S22_E0I129D0.arff,fixation,sg_p5_n23,7,6,-1,147.02142857142857,180.98333333333335,33.961904761904776,65.72986927026186,46.39765798687114,-19.33221128339072
S22,S22_E0I129D0,data/outputs_webcam_sg_p5_n23/S22/S22_E0I129D0.arff,saccade,sg_p5_n23,6,5,-1,29.983333333333338,34.61,4.626666666666662,14.327688811063236,8.851722996117761,-5.475965814945475
S22,S22_E0I130D0,data/outputs_webcam_sg_p5_n23/S22/S22_E0I130D0.arff,fixation,sg_p5_n23,6,5,-1,181.13333333333333,228.78000000000003,47.646666666666704,58.98469858079013,154.51909914311565,95.53440056232552
S22,S22_E0I130D0,data/outputs_webcam_sg_p5_n23/S22/S22_E0I130D0.arff,saccade,sg_p5_n23,4,4,0,35.974999999999994,34.224999999999994,-1.75,14.320003491619685,15.894312399933087,1.5743089083134016
S22,S22_E0I131D0,data/outputs_webcam_sg_p5_n23/S22/S22_E0I131D0.arff,fixation,sg_p5_n23,8,7,-1,128.125,158.58571428571426,30.46071428571426,48.45860530980467,109.9729880254151,61.51438271561044
S22,S22_E0I131D0,data/outputs_webcam_sg_p5_n23/S22/S22_E0I131D0.arff,saccade,sg_p5_n23,7,6,-1,35.34285714285714,42.18333333333333,6.840476190476188,17.636785151387155,13.700717742755911,-3.936067408631244
S22,S22_E0I132D0,data/outputs_webcam_sg_p5_n23/S22/S22_E0I132D0.arff,fixation,sg_p5_n23,6,7,1,150.9,132.35714285714286,-18.542857142857144,27.580500358042812,52.092925211998384,24.512424853955572
S22,S22_E0I132D0,data/outputs_webcam_sg_p5_n23/S22/S22_E0I132D0.arff,saccade,sg_p5_n23,6,5,-1,28.78333333333333,38.980000000000004,10.196666666666673,9.20682717697398,9.612855975203207,0.40602879822922766
S22,S22_E0I133D0,data/outputs_webcam_sg_p5_n23/S22/S22_E0I133D0.arff,fixation,sg_p5_n23,11,8,-3,102.75454545454545,142.1875,39.43295454545455,51.80031589935265,68.14244403139227,16.342128132039626
S22,S22_E0I133D0,data/outputs_webcam_sg_p5_n23/S22/S22_E0I133D0.arff,saccade,sg_p5_n23,10,8,-2,28.890000000000004,46.7,17.81,15.044781302645927,24.4305429446713,9.385761642025372
S22,S22_E0I134D0,data/outputs_webcam_sg_p5_n23/S22/S22_E0I134D0.arff,fixation,sg_p5_n23,5,5,0,128.72,135.8,7.0800000000000125,33.448273498044706,36.29263010584931,2.844356607804606
S22,S22_E0I134D0,data/outputs_webcam_sg_p5_n23/S22/S22_E0I134D0.arff,saccade,sg_p5_n23,4,4,0,46.599999999999994,43.175,-3.424999999999997,22.48599564173221,16.922642622632356,-5.5633530190998535
S22,S22_E0I135D0,data/outputs_webcam_sg_p5_n23/S22/S22_E0I135D0.arff,fixation,sg_p5_n23,9,8,-1,147.8777777777778,168.0375,20.1597222222222,58.24151821891703,37.01246652914973,-21.229051689767303
S22,S22_E0I135D0,data/outputs_webcam_sg_p5_n23/S22/S22_E0I135D0.arff,saccade,sg_p5_n23,8,7,-1,31.325,32.74285714285714,1.417857142857141,15.621299561816231,5.709891167339108,-9.911408394477125
S22,S22_E0I136D0,data/outputs_webcam_sg_p5_n23/S22/S22_E0I136D0.arff,fixation,sg_p5_n23,6,6,0,104.85000000000001,107.45,2.5999999999999943,40.37017463425195,30.868155111700474,-9.502019522551478
S22,S22_E0I136D0,data/outputs_webcam_sg_p5_n23/S22/S22_E0I136D0.arff,saccade,sg_p5_n23,5,5,0,31.620000000000005,45.980000000000004,14.36,16.471399454812577,19.202525875519605,2.731126420707028
S22,S22_E0I137D0,data/outputs_webcam_sg_p5_n23/S22/S22_E0I137D0.arff,fixation,sg_p5_n23,6,5,-1,195.83333333333334,253.64000000000001,57.80666666666667,92.7737175425598,118.73985430343092,25.966136760871123
S22,S22_E0I137D0,data/outputs_webcam_sg_p5_n23/S22/S22_E0I137D0.arff,saccade,sg_p5_n23,6,4,-2,27.966666666666665,32.550000000000004,4.583333333333339,11.483843723539026,4.02119385257662,-7.462649870962406
S22,S22_E0I138D0,data/outputs_webcam_sg_p5_n23/S22/S22_E0I138D0.arff,fixation,sg_p5_n23,8,7,-1,124.575,149.3714285714286,24.796428571428592,42.97260755411522,58.434998482237056,15.462390928121835
S22,S22_E0I138D0,data/outputs_webcam_sg_p5_n23/S22/S22_E0I138D0.arff,saccade,sg_p5_n23,7,6,-1,32.01428571428571,34.650000000000006,2.6357142857142932,14.143128905517875,6.97187205849333,-7.171256847024545
S22,S22_E0I139D0,data/outputs_webcam_sg_p5_n23/S22/S22_E0I139D0.arff,fixation,sg_p5_n23,10,9,-1,126.34,141.94444444444446,15.604444444444454,62.53161333810816,49.154631295309066,-13.376982042799092
S22,S22_E0I139D0,data/outputs_webcam_sg_p5_n23/S22/S22_E0I139D0.arff,saccade,sg_p5_n23,9,8,-1,24.233333333333334,36.0875,11.854166666666664,9.516827202382105,9.463982474926413,-0.052844727455692464
S22,S22_E0I140D0,data/outputs_webcam_sg_p5_n23/S22/S22_E0I140D0.arff,fixation,sg_p5_n23,7,6,-1,94.38571428571427,122.06666666666666,27.68095238095239,63.325651163158966,69.14838151877936,5.8227303556203935
S22,S22_E0I140D0,data/outputs_webcam_sg_p5_n23/S22/S22_E0I140D0.arff,saccade,sg_p5_n23,6,5,-1,24.183333333333334,30.579999999999995,6.396666666666661,11.77478945317778,10.946551968542423,-0.8282374846353573
S23,S23_E0I101D0,data/outputs_webcam_sg_p5_n23/S23/S23_E0I101D0.arff,fixation,sg_p5_n23,6,3,-3,161.6,366.9666666666667,205.3666666666667,58.71098704671894,437.7103418167468,378.9993547700278
S23,S23_E0I101D0,data/outputs_webcam_sg_p5_n23/S23/S23_E0I101D0.arff,saccade,sg_p5_n23,5,2,-3,27.04,37.65,10.61,12.417246071492666,31.890515831513294,19.473269760020628
S23,S23_E0I102D0,data/outputs_webcam_sg_p5_n23/S23/S23_E0I102D0.arff,fixation,sg_p5_n23,6,6,0,190.11666666666667,202.25,12.133333333333326,118.82783203722377,132.3968390861353,13.569007048911516
S23,S23_E0I102D0,data/outputs_webcam_sg_p5_n23/S23/S23_E0I102D0.arff,saccade,sg_p5_n23,5,5,0,29.839999999999996,29.6,-0.23999999999999488,15.03173310034475,17.518989696897478,2.4872565965527276
S23,S23_E0I103D0,data/outputs_webcam_sg_p5_n23/S23/S23_E0I103D0.arff,fixation,sg_p5_n23,7,4,-3,180.3142857142857,356.15,175.8357142857143,68.82607133374746,261.0510869542589,192.22501562051144
S23,S23_E0I103D0,data/outputs_webcam_sg_p5_n23/S23/S23_E0I103D0.arff,saccade,sg_p5_n23,6,3,-3,34.88333333333333,46.800000000000004,11.916666666666671,12.139920373160061,11.587924749496779,-0.5519956236632826
S23,S23_E0I104D0,data/outputs_webcam_sg_p5_n23/S23/S23_E0I104D0.arff,fixation,sg_p5_n23,11,7,-4,201.15454545454543,351.4142857142857,150.25974025974028,50.354470777406924,225.24528429078842,174.8908135133815
S23,S23_E0I104D0,data/outputs_webcam_sg_p5_n23/S23/S23_E0I104D0.arff,saccade,sg_p5_n23,10,6,-4,40.94,37.050000000000004,-3.8899999999999935,17.692006983694956,20.49524335059235,2.8032363668973943
S23,S23_E0I105D0,data/outputs_webcam_sg_p5_n23/S23/S23_E0I105D0.arff,fixation,sg_p5_n23,7,8,1,210.58571428571426,185.6375,-24.948214285714272,71.74353463486979,92.63083314965918,20.887298514789393
S23,S23_E0I105D0,data/outputs_webcam_sg_p5_n23/S23/S23_E0I105D0.arff,saccade,sg_p5_n23,6,7,1,33.63333333333333,31.15714285714285,-2.4761904761904816,18.411699179235647,9.004787086666205,-9.406912092569442
S23,S23_E0I106D0,data/outputs_webcam_sg_p5_n23/S23/S23_E0I106D0.arff,fixation,sg_p5_n23,6,4,-2,234.76666666666665,370.85,136.08333333333337,125.36268450646175,78.15149817288642,-47.21118633357533
S23,S23_E0I106D0,data/outputs_webcam_sg_p5_n23/S23/S23_E0I106D0.arff,saccade,sg_p5_n23,5,3,-2,31.060000000000002,31.900000000000006,0.8400000000000034,16.568282952677986,4.15812457725836,-12.410158375419627
S23,S23_E0I107D0,data/outputs_webcam_sg_p5_n23/S23/S23_E0I107D0.arff,fixation,sg_p5_n23,8,6,-2,182.03749999999997,304.43333333333334,122.39583333333337,103.97292144042669,298.1965369796683,194.2236155392416
S23,S23_E0I107D0,data/outputs_webcam_sg_p5_n23/S23/S23_E0I107D0.arff,saccade,sg_p5_n23,7,4,-3,38.22857142857142,30.0,-8.22857142857142,16.954715596328384,11.927000181660656,-5.027715414667728
S23,S23_E0I108D0,data/outputs_webcam_sg_p5_n23/S23/S23_E0I108D0.arff,fixation,sg_p5_n23,9,5,-4,198.43333333333334,383.22,184.7866666666667,70.80077683189641,188.53573136145837,117.73495452956196
S23,S23_E0I108D0,data/outputs_webcam_sg_p5_n23/S23/S23_E0I108D0.arff,saccade,sg_p5_n23,8,4,-4,32.5125,40.7,8.1875,20.22512140171934,9.535547528415277,-10.689573873304061
S23,S23_E0I109D0,data/outputs_webcam_sg_p5_n23/S23/S23_E0I109D0.arff,fixation,sg_p5_n23,4,1,-3,194.575,910.0,715.425,73.60694600375702,0.0,-73.60694600375702
S23,S23_E0I109D0,data/outputs_webcam_sg_p5_n23/S23/S23_E0I109D0.arff,saccade,sg_p5_n23,3,0,-3,27.700000000000003,0.0,-27.700000000000003,11.62970334961301,0.0,-11.62970334961301
S23,S23_E0I110D0,data/outputs_webcam_sg_p5_n23/S23/S23_E0I110D0.arff,fixation,sg_p5_n23,10,5,-5,187.78,395.4,207.61999999999998,57.98974622005745,202.54521717384492,144.55547095378748
S23,S23_E0I110D0,data/outputs_webcam_sg_p5_n23/S23/S23_E0I110D0.arff,saccade,sg_p5_n23,9,5,-4,27.37777777777778,39.8,12.422222222222217,12.837228845994934,15.801740410473782,2.9645115644788476
S23,S23_E0I111D0,data/outputs_webcam_sg_p5_n23/S23/S23_E0I111D0.arff,fixation,sg_p5_n23,6,3,-3,203.01666666666665,455.7,252.68333333333334,190.86191256158645,750.361892689121,559.4999801275345
S23,S23_E0I111D0,data/outputs_webcam_sg_p5_n23/S23/S23_E0I111D0.arff,saccade,sg_p5_n23,5,2,-3,31.28,29.5,-1.7800000000000011,17.03458247213591,0.848528137423859,-16.18605433471205
S23,S23_E0I112D0,data/outputs_webcam_sg_p5_n23/S23/S23_E0I112D0.arff,fixation,sg_p5_n23,6,4,-2,214.20000000000002,343.30000000000007,129.10000000000005,90.24564255408677,269.133981503637,178.88833894955025
S23,S23_E0I112D0,data/outputs_webcam_sg_p5_n23/S23/S23_E0I112D0.arff,saccade,sg_p5_n23,5,3,-2,34.68,37.5,2.8200000000000003,16.314778576493154,12.557467897629682,-3.7573106788634725
S23,S23_E0I113D0,data/outputs_webcam_sg_p5_n23/S23/S23_E0I113D0.arff,fixation,sg_p5_n23,13,8,-5,198.06923076923073,353.25,155.18076923076927,69.38052542098761,211.93564387062676,142.55511844963917
S23,S23_E0I113D0,data/outputs_webcam_sg_p5_n23/S23/S23_E0I113D0.arff,saccade,sg_p5_n23,12,7,-5,33.75,32.128571428571426,-1.6214285714285737,10.813333520158427,14.044300657290876,3.230967137132449
S23,S23_E0I114D0,data/outputs_webcam_sg_p5_n23/S23/S23_E0I114D0.arff,fixation,sg_p5_n23,5,4,-1,211.13000000000002,269.57500000000005,58.44500000000002,42.70851203214647,149.1455525093971,106.43704047725063
S23,S23_E0I114D0,data/outputs_webcam_sg_p5_n23/S23/S23_E0I114D0.arff,saccade,sg_p5_n23,4,3,-1,30.025,40.11666666666667,10.091666666666669,11.696545073938145,18.308832112762772,6.612287038824627
S23,S23_E0I115D0,data/outputs_webcam_sg_p5_n23/S23/S23_E0I115D0.arff,fixation,sg_p5_n23,8,4,-4,208.0375,447.7249999999999,239.68749999999991,99.75468392153681,427.54402794722006,327.78934402568325
S23,S23_E0I115D0,data/outputs_webcam_sg_p5_n23/S23/S23_E0I115D0.arff,saccade,sg_p5_n23,7,3,-4,36.58571428571428,37.4,0.8142857142857167,11.567112657793873,13.434656675925886,1.8675440181320138
S23,S23_E0I116D0,data/outputs_webcam_sg_p5_n23/S23/S23_E0I116D0.arff,fixation,sg_p5_n23,5,2,-3,212.28000000000003,620.95,408.67,145.63576827139684,612.7080258981434,467.0722576267466
S23,S23_E0I116D0,data/outputs_webcam_sg_p5_n23/S23/S23_E0I116D0.arff,saccade,sg_p5_n23,4,1,-3,41.400000000000006,15.0,-26.400000000000006,14.34433686163289,0.0,-14.34433686163289
S23,S23_E0I117D0,data/outputs_webcam_sg_p5_n23/S23/S23_E0I117D0.arff,fixation,sg_p5_n23,6,3,-3,197.36666666666665,441.09999999999997,243.73333333333332,74.17246569089279,329.20763964403983,255.03517395314702
S23,S23_E0I117D0,data/outputs_webcam_sg_p5_n23/S23/S23_E0I117D0.arff,saccade,sg_p5_n23,6,2,-4,33.43333333333333,37.45,4.016666666666673,14.428813765055901,10.535891039679557,-3.8929227253763443
S23,S23_E0I118D0,data/outputs_webcam_sg_p5_n23/S23/S23_E0I118D0.arff,fixation,sg_p5_n23,5,1,-4,216.8,1332.3,1115.5,63.144714743199216,0.0,-63.144714743199216
S23,S23_E0I118D0,data/outputs_webcam_sg_p5_n23/S23/S23_E0I118D0.arff,saccade,sg_p5_n23,4,0,-4,42.6,0.0,-42.6,4.025750447639131,0.0,-4.025750447639131
S23,S23_E0I119D0,data/outputs_webcam_sg_p5_n23/S23/S23_E0I119D0.arff,fixation,sg_p5_n23,8,4,-4,177.78750000000002,394.425,216.6375,79.808224379267,148.87731806199807,69.06909368273107
S23,S23_E0I119D0,data/outputs_webcam_sg_p5_n23/S23/S23_E0I119D0.arff,saccade,sg_p5_n23,7,3,-4,33.54285714285714,40.6,7.057142857142864,15.410695111172753,8.838551917593742,-6.572143193579011
S23,S23_E0I120D0,data/outputs_webcam_sg_p5_n23/S23/S23_E0I120D0.arff,fixation,sg_p5_n23,8,5,-3,151.85000000000002,280.3,128.45,79.24749658055903,290.2251109053109,210.97761432475187
S23,S23_E0I120D0,data/outputs_webcam_sg_p5_n23/S23/S23_E0I120D0.arff,saccade,sg_p5_n23,7,5,-2,34.95714285714286,29.8,-5.157142857142862,13.46437981525788,14.62942240828393,1.1650425930260493
S23,S23_E0I121D0,data/outputs_webcam_sg_p5_n23/S23/S23_E0I121D0.arff,fixation,sg_p5_n23,6,4,-2,141.76666666666668,235.325,93.55833333333331,64.46858666565187,161.91354431712418,97.44495765147231
S23,S23_E0I121D0,data/outputs_webcam_sg_p5_n23/S23/S23_E0I121D0.arff,saccade,sg_p5_n23,5,4,-1,34.5,44.425,9.924999999999997,19.847795847398267,5.740136467599587,-14.10765937979868
S23,S23_E0I122D0,data/outputs_webcam_sg_p5_n23/S23/S23_E0I122D0.arff,fixation,sg_p5_n23,5,3,-2,260.18,468.40000000000003,208.22000000000003,113.59829224068467,272.9818858459293,159.38359360524464
S23,S23_E0I122D0,data/outputs_webcam_sg_p5_n23/S23/S23_E0I122D0.arff,saccade,sg_p5_n23,4,2,-2,45.7,30.75,-14.950000000000003,12.261321299109651,0.21213203435596223,-12.04918926475369
S23,S23_E0I123D0,data/outputs_webcam_sg_p5_n23/S23/S23_E0I123D0.arff,fixation,sg_p5_n23,4,3,-1,242.77499999999998,325.59999999999997,82.82499999999999,58.20277055261201,182.09747389790996,123.89470334529796
S23,S23_E0I123D0,data/outputs_webcam_sg_p5_n23/S23/S23_E0I123D0.arff,saccade,sg_p5_n23,3,2,-1,30.0,41.25,11.25,0.3999999999999986,5.161879502661795,4.761879502661796
S23,S23_E0I124D0,data/outputs_webcam_sg_p5_n23/S23/S23_E0I124D0.arff,fixation,sg_p5_n23,6,1,-5,154.91666666666666,1145.6,990.6833333333333,58.7503673747379,0.0,-58.7503673747379
S23,S23_E0I124D0,data/outputs_webcam_sg_p5_n23/S23/S23_E0I124D0.arff,saccade,sg_p5_n23,5,0,-5,31.439999999999998,0.0,-31.439999999999998,15.257719357754619,0.0,-15.257719357754619
S23,S23_E0I125D0,data/outputs_webcam_sg_p5_n23/S23/S23_E0I125D0.arff,fixation,sg_p5_n23,8,2,-6,202.9875,958.3499999999999,755.3625,68.90545152598595,312.8947506750472,243.98929914906125
S23,S23_E0I125D0,data/outputs_webcam_sg_p5_n23/S23/S23_E0I125D0.arff,saccade,sg_p5_n23,7,1,-6,29.642857142857142,52.0,22.357142857142858,11.888630022400553,0.0,-11.888630022400553
S23,S23_E0I126D0,data/outputs_webcam_sg_p5_n23/S23/S23_E0I126D0.arff,fixation,sg_p5_n23,9,4,-5,200.2,466.15,265.95,68.90451726846361,587.1668048064934,518.2622875380298
S23,S23_E0I126D0,data/outputs_webcam_sg_p5_n23/S23/S23_E0I126D0.arff,saccade,sg_p5_n23,8,3,-5,27.85,57.03333333333333,29.18333333333333,11.65222235087735,17.632167573311374,5.979945222434024
S23,S23_E0I127D0,data/outputs_webcam_sg_p5_n23/S23/S23_E0I127D0.arff,fixation,sg_p5_n23,3,2,-1,225.0,374.95000000000005,149.95000000000005,31.712615786150476,508.763329063721,477.05071327757054
S23,S23_E0I127D0,data/outputs_webcam_sg_p5_n23/S23/S23_E0I127D0.arff,saccade,sg_p5_n23,2,1,-1,38.15,46.3,8.149999999999999,11.950104602052654,0.0,-11.950104602052654
S23,S23_E0I128D0,data/outputs_webcam_sg_p5_n23/S23/S23_E0I128D0.arff,fixation,sg_p5_n23,8,6,-2,236.95,340.8333333333333,103.88333333333333,79.74781680845116,184.88901175209594,105.14119494364478
S23,S23_E0I128D0,data/outputs_webcam_sg_p5_n23/S23/S23_E0I128D0.arff,saccade,sg_p5_n23,8,5,-3,35.712500000000006,32.86,-2.8525000000000063,10.493186564896018,11.316050547783885,0.822863982887867
S23,S23_E0I129D0,data/outputs_webcam_sg_p5_n23/S23/S23_E0I129D0.arff,fixation,sg_p5_n23,6,4,-2,190.11666666666667,298.2,108.08333333333331,86.6102919211491,388.65484687573365,302.04455495458456
S23,S23_E0I129D0,data/outputs_webcam_sg_p5_n23/S23/S23_E0I129D0.arff,saccade,sg_p5_n23,5,3,-2,37.35,42.61666666666667,5.266666666666666,15.025145589976823,11.126694627486337,-3.898450962490486
S23,S23_E0I130D0,data/outputs_webcam_sg_p5_n23/S23/S23_E0I130D0.arff,fixation,sg_p5_n23,5,2,-3,209.31,577.15,367.84,93.70775314775187,362.03867196751236,268.3309188197605
S23,S23_E0I130D0,data/outputs_webcam_sg_p5_n23/S23/S23_E0I130D0.arff,saccade,sg_p5_n23,4,1,-3,39.2,75.55,36.349999999999994,16.24920510876353,0.0,-16.24920510876353
S23,S23_E0I131D0,data/outputs_webcam_sg_p5_n23/S23/S23_E0I131D0.arff,fixation,sg_p5_n23,7,2,-5,239.35714285714286,967.7,728.3428571428572,67.99639346178239,1032.658743244834,964.6623497830517
S23,S23_E0I131D0,data/outputs_webcam_sg_p5_n23/S23/S23_E0I131D0.arff,saccade,sg_p5_n23,6,1,-5,37.18333333333333,52.1,14.916666666666671,13.197790219073292,0.0,-13.197790219073292
S23,S23_E0I132D0,data/outputs_webcam_sg_p5_n23/S23/S23_E0I132D0.arff,fixation,sg_p5_n23,6,4,-2,203.35,310.42499999999995,107.07499999999996,64.91393532978877,163.05625562976724,98.14232029997846
S23,S23_E0I132D0,data/outputs_webcam_sg_p5_n23/S23/S23_E0I132D0.arff,saccade,sg_p5_n23,5,3,-2,24.04,37.56666666666666,13.526666666666664,8.16321015287491,12.502133151319951,4.338922998445041
S23,S23_E0I133D0,data/outputs_webcam_sg_p5_n23/S23/S23_E0I133D0.arff,fixation,sg_p5_n23,9,7,-2,134.36111111111111,195.15000000000003,60.78888888888892,42.2245913078044,106.90779516324648,64.68320385544207
S23,S23_E0I133D0,data/outputs_webcam_sg_p5_n23/S23/S23_E0I133D0.arff,saccade,sg_p5_n23,8,6,-2,35.5375,36.21666666666667,0.6791666666666671,17.598655589886082,12.006276136532371,-5.592379453353711
S23,S23_E0I134D0,data/outputs_webcam_sg_p5_n23/S23/S23_E0I134D0.arff,fixation,sg_p5_n23,12,7,-5,236.35833333333335,447.8428571428571,211.48452380952375,88.49143213106035,276.21384141725446,187.7224092861941
S23,S23_E0I134D0,data/outputs_webcam_sg_p5_n23/S23/S23_E0I134D0.arff,saccade,sg_p5_n23,11,6,-5,37.09090909090909,37.416666666666664,0.3257575757575708,14.294226425060893,12.146837722908241,-2.147388702152652
S23,S23_E0I135D0,data/outputs_webcam_sg_p5_n23/S23/S23_E0I135D0.arff,fixation,sg_p5_n23,6,3,-3,183.96666666666667,416.3999999999999,232.43333333333325,33.14264121440334,412.7477074436635,379.60506622926016
S23,S23_E0I135D0,data/outputs_webcam_sg_p5_n23/S23/S23_E0I135D0.arff,saccade,sg_p5_n23,5,2,-3,35.78,49.199999999999996,13.419999999999995,14.126995434274056,48.22468247692254,34.09768704264848
S23,S23_E0I136D0,data/outputs_webcam_sg_p5_n23/S23/S23_E0I136D0.arff,fixation,sg_p5_n23,6,5,-1,231.16666666666666,280.41999999999996,49.2533333333333,117.1221698341807,142.48019862422987,25.358028790049175
S23,S23_E0I136D0,data/outputs_webcam_sg_p5_n23/S23/S23_E0I136D0.arff,saccade,sg_p5_n23,5,4,-1,28.439999999999998,36.8,8.36,18.42872757408932,8.621291473246144,-9.807436100843175
S23,S23_E0I137D0,data/outputs_webcam_sg_p5_n23/S23/S23_E0I137D0.arff,fixation,sg_p5_n23,5,2,-3,142.36,438.55,296.19,0.9071934744033442,437.6283868763543,436.7211934019509
S23,S23_E0I137D0,data/outputs_webcam_sg_p5_n23/S23/S23_E0I137D0.arff,saccade,sg_p5_n23,4,1,-3,35.75,66.8,31.049999999999997,10.7,0.0,-10.7
S23,S23_E0I138D0,data/outputs_webcam_sg_p5_n23/S23/S23_E0I138D0.arff,fixation,sg_p5_n23,6,4,-2,196.28333333333333,286.62499999999994,90.34166666666661,81.54202393040453,333.89153303630405,252.34950910589953
S23,S23_E0I138D0,data/outputs_webcam_sg_p5_n23/S23/S23_E0I138D0.arff,saccade,sg_p5_n23,5,3,-2,34.4,34.86666666666667,0.46666666666666856,14.448702363880294,8.9690207566564,-5.479681607223894
S23,S23_E0I139D0,data/outputs_webcam_sg_p5_n23/S23/S23_E0I139D0.arff,fixation,sg_p5_n23,6,2,-4,152.6833333333333,535.8,383.1166666666667,62.29201125880161,488.3986537655484,426.10664250674677
S23,S23_E0I139D0,data/outputs_webcam_sg_p5_n23/S23/S23_E0I139D0.arff,saccade,sg_p5_n23,5,1,-4,29.590000000000003,52.55,22.959999999999994,14.575596042700964,0.0,-14.575596042700964
S23,S23_E0I140D0,data/outputs_webcam_sg_p5_n23/S23/S23_E0I140D0.arff,fixation,sg_p5_n23,9,5,-4,140.34444444444443,289.36,149.01555555555558,73.84800456192285,71.74916724255412,-2.0988373193687266
S23,S23_E0I140D0,data/outputs_webcam_sg_p5_n23/S23/S23_E0I140D0.arff,saccade,sg_p5_n23,8,4,-4,35.6,52.625,17.025,19.116111379820797,35.66318129387787,16.547069914057072
S25,S25_E0I101D0,data/outputs_webcam_sg_p5_n23/S25/S25_E0I101D0.arff,fixation,sg_p5_n23,13,12,-1,192.79230769230767,207.475,14.68269230769232,98.00979085052727,80.62811516180602,-17.381675688721245
S25,S25_E0I101D0,data/outputs_webcam_sg_p5_n23/S25/S25_E0I101D0.arff,saccade,sg_p5_n23,12,11,-1,29.016666666666662,44.30909090909091,15.29242424242425,11.520719148428613,6.984905804011182,-4.535813344417431
S25,S25_E0I102D0,data/outputs_webcam_sg_p5_n23/S25/S25_E0I102D0.arff,fixation,sg_p5_n23,8,8,0,238.0875,232.55,-5.537499999999994,123.60848835277108,120.4913512011784,-3.1171371515926722
S25,S25_E0I102D0,data/outputs_webcam_sg_p5_n23/S25/S25_E0I102D0.arff,saccade,sg_p5_n23,7,7,0,24.75714285714286,42.94285714285714,18.185714285714283,9.257403729422403,9.259023912352955,0.0016201829305515503
S25,S25_E0I103D0,data/outputs_webcam_sg_p5_n23/S25/S25_E0I103D0.arff,fixation,sg_p5_n23,7,6,-1,191.59999999999997,209.86666666666665,18.26666666666668,126.42524800582095,127.66297296658364,1.2377249607626908
S25,S25_E0I103D0,data/outputs_webcam_sg_p5_n23/S25/S25_E0I103D0.arff,saccade,sg_p5_n23,6,6,0,31.266666666666666,41.21666666666666,9.949999999999996,13.90045562802409,12.98112732649467,-0.9193283015294202
S25,S25_E0I104D0,data/outputs_webcam_sg_p5_n23/S25/S25_E0I104D0.arff,fixation,sg_p5_n23,9,8,-1,176.3222222222222,203.2,26.877777777777794,117.5463289279782,185.2437159142363,67.69738698625811
S25,S25_E0I104D0,data/outputs_webcam_sg_p5_n23/S25/S25_E0I104D0.arff,saccade,sg_p5_n23,8,7,-1,29.125,45.74285714285714,16.61785714285714,9.990245242235048,17.835625130886886,7.845379888651838
S25,S25_E0I105D0,data/outputs_webcam_sg_p5_n23/S25/S25_E0I105D0.arff,fixation,sg_p5_n23,9,8,-1,142.98888888888888,151.6875,8.69861111111112,71.9177211201183,79.8490260697381,7.9313049496198005
S25,S25_E0I105D0,data/outputs_webcam_sg_p5_n23/S25/S25_E0I105D0.arff,saccade,sg_p5_n23,8,8,0,30.0625,49.7125,19.65,11.931942423595581,27.06275445277935,15.13081202918377
S25,S25_E0I106D0,data/outputs_webcam_sg_p5_n23/S25/S25_E0I106D0.arff,fixation,sg_p5_n23,8,8,0,199.2,190.9875,-8.212499999999977,64.35766132659398,60.867759176290186,-3.4899021503037986
S25,S25_E0I106D0,data/outputs_webcam_sg_p5_n23/S25/S25_E0I106D0.arff,saccade,sg_p5_n23,7,7,0,32.9,37.39999999999999,4.499999999999993,10.17185659880568,7.226801966753115,-2.9450546320525657
S25,S25_E0I107D0,data/outputs_webcam_sg_p5_n23/S25/S25_E0I107D0.arff,fixation,sg_p5_n23,6,6,0,158.26666666666668,160.54999999999998,2.283333333333303,66.68738011548112,72.67890340394521,5.991523288464094
S25,S25_E0I107D0,data/outputs_webcam_sg_p5_n23/S25/S25_E0I107D0.arff,saccade,sg_p5_n23,5,5,0,34.84,38.0,3.1599999999999966,7.2102704526252,7.779460135510689,0.5691896828854892
S25,S25_E0I108D0,data/outputs_webcam_sg_p5_n23/S25/S25_E0I108D0.arff,fixation,sg_p5_n23,9,9,0,149.89999999999998,139.2,-10.699999999999989,58.54000768705108,59.63130469811977,1.09129701106869
S25,S25_E0I108D0,data/outputs_webcam_sg_p5_n23/S25/S25_E0I108D0.arff,saccade,sg_p5_n23,8,8,0,30.0625,45.05,14.987499999999997,7.036829135748166,12.092264351346985,5.05543521559882
S25,S25_E0I109D0,data/outputs_webcam_sg_p5_n23/S25/S25_E0I109D0.arff,fixation,sg_p5_n23,8,8,0,169.225,153.5625,-15.662499999999994,52.696320012474715,55.740981012946975,3.04466100047226
S25,S25_E0I109D0,data/outputs_webcam_sg_p5_n23/S25/S25_E0I109D0.arff,saccade,sg_p5_n23,7,7,0,25.771428571428572,44.857142857142854,19.085714285714282,11.32294341675554,21.59281185509483,10.269868438339289
S25,S25_E0I110D0,data/outputs_webcam_sg_p5_n23/S25/S25_E0I110D0.arff,fixation,sg_p5_n23,9,9,0,177.2111111111111,163.7222222222222,-13.488888888888908,52.10049050739457,52.77321237564039,0.6727218682458229
S25,S25_E0I110D0,data/outputs_webcam_sg_p5_n23/S25/S25_E0I110D0.arff,saccade,sg_p5_n23,8,8,0,28.3125,47.975,19.6625,8.652074482870734,10.514309976680082,1.8622354938093473
S25,S25_E0I111D0,data/outputs_webcam_sg_p5_n23/S25/S25_E0I111D0.arff,fixation,sg_p5_n23,8,8,0,185.975,177.91250000000002,-8.062499999999972,80.36318897889221,92.02781314829306,11.664624169400852
S25,S25_E0I111D0,data/outputs_webcam_sg_p5_n23/S25/S25_E0I111D0.arff,saccade,sg_p5_n23,7,7,0,29.828571428571426,49.357142857142854,19.52857142857143,11.947205291854422,13.929328428757449,1.9821231369030272
S25,S25_E0I112D0,data/outputs_webcam_sg_p5_n23/S25/S25_E0I112D0.arff,fixation,sg_p5_n23,8,8,0,161.8125,153.5875,-8.224999999999994,48.265143811480115,46.63050618578848,-1.6346376256916386
S25,S25_E0I112D0,data/outputs_webcam_sg_p5_n23/S25/S25_E0I112D0.arff,saccade,sg_p5_n23,7,7,0,23.685714285714283,44.871428571428574,21.18571428571429,11.728942630863843,8.534384235884525,-3.1945583949793175
S25,S25_E0I113D0,data/outputs_webcam_sg_p5_n23/S25/S25_E0I113D0.arff,fixation,sg_p5_n23,12,12,0,168.88333333333335,164.45,-4.4333333333333655,77.15632105529578,70.2323999305164,-6.923921124779383
S25,S25_E0I113D0,data/outputs_webcam_sg_p5_n23/S25/S25_E0I113D0.arff,saccade,sg_p5_n23,11,11,0,26.2,41.71818181818182,15.51818181818182,7.010278168517994,13.641027687224904,6.63074951870691
S25,S25_E0I114D0,data/outputs_webcam_sg_p5_n23/S25/S25_E0I114D0.arff,fixation,sg_p5_n23,7,6,-1,164.82857142857142,208.31666666666663,43.48809523809521,79.44230011536075,79.86945390239417,0.42715378703341855
S25,S25_E0I114D0,data/outputs_webcam_sg_p5_n23/S25/S25_E0I114D0.arff,saccade,sg_p5_n23,6,5,-1,36.18333333333333,47.480000000000004,11.296666666666674,13.72011904710257,20.78080845395578,7.060689406853209
S25,S25_E0I115D0,data/outputs_webcam_sg_p5_n23/S25/S25_E0I115D0.arff,fixation,sg_p5_n23,8,8,0,155.79999999999998,160.5625,4.762500000000017,91.16758509156953,106.13345961571216,14.96587452414262
S25,S25_E0I115D0,data/outputs_webcam_sg_p5_n23/S25/S25_E0I115D0.arff,saccade,sg_p5_n23,7,7,0,30.228571428571428,36.614285714285714,6.385714285714286,12.167540738335235,6.7528829822105285,-5.414657756124707
S25,S25_E0I116D0,data/outputs_webcam_sg_p5_n23/S25/S25_E0I116D0.arff,fixation,sg_p5_n23,10,10,0,211.29000000000002,197.29,-14.000000000000028,59.66261531869573,53.133280008337934,-6.529335310357794
S25,S25_E0I116D0,data/outputs_webcam_sg_p5_n23/S25/S25_E0I116D0.arff,saccade,sg_p5_n23,8,9,1,32.9,51.67777777777778,18.77777777777778,9.65874880983187,17.686985171148994,8.028236361317123
S25,S25_E0I117D0,data/outputs_webcam_sg_p5_n23/S25/S25_E0I117D0.arff,fixation,sg_p5_n23,10,9,-1,130.70999999999998,135.42222222222225,4.712222222222266,49.71767961868963,41.39803068316709,-8.319648935522537
S25,S25_E0I117D0,data/outputs_webcam_sg_p5_n23/S25/S25_E0I117D0.arff,saccade,sg_p5_n23,8,8,0,33.900000000000006,51.71249999999999,17.812499999999986,9.565264539691817,37.82219444793153,28.256929908239712
S25,S25_E0I118D0,data/outputs_webcam_sg_p5_n23/S25/S25_E0I118D0.arff,fixation,sg_p5_n23,9,9,0,157.39999999999998,154.6888888888889,-2.71111111111108,30.163554167239642,33.73215989395151,3.568605726711869
S25,S25_E0I118D0,data/outputs_webcam_sg_p5_n23/S25/S25_E0I118D0.arff,saccade,sg_p5_n23,8,8,0,32.575,38.962500000000006,6.387500000000003,5.366230387472065,11.351895688134459,5.985665300662394
S25,S25_E0I119D0,data/outputs_webcam_sg_p5_n23/S25/S25_E0I119D0.arff,fixation,sg_p5_n23,9,9,0,178.82222222222222,174.64444444444447,-4.177777777777749,81.06862490781772,89.44417408516766,8.375549177349939
S25,S25_E0I119D0,data/outputs_webcam_sg_p5_n23/S25/S25_E0I119D0.arff,saccade,sg_p5_n23,7,7,0,35.214285714285715,48.142857142857146,12.92857142857143,15.19368603197049,16.53106743305436,1.3373814010838707
S25,S25_E0I120D0,data/outputs_webcam_sg_p5_n23/S25/S25_E0I120D0.arff,fixation,sg_p5_n23,9,9,0,184.03333333333336,185.6222222222222,1.588888888888846,86.59499119464128,109.72432248341497,23.129331288773685
S25,S25_E0I120D0,data/outputs_webcam_sg_p5_n23/S25/S25_E0I120D0.arff,saccade,sg_p5_n23,6,7,1,25.149999999999995,52.199999999999996,27.05,7.717447764643439,13.428080031535908,5.7106322668924685
S25,S25_E0I121D0,data/outputs_webcam_sg_p5_n23/S25/S25_E0I121D0.arff,fixation,sg_p5_n23,10,9,-1,131.38,143.4333333333333,12.053333333333313,37.18956842987022,71.3086250042728,34.11905657440258
S25,S25_E0I121D0,data/outputs_webcam_sg_p5_n23/S25/S25_E0I121D0.arff,saccade,sg_p5_n23,8,7,-1,26.8875,36.61428571428571,9.726785714285707,12.33559744340396,8.947705212591023,-3.3878922308129376
S25,S25_E0I122D0,data/outputs_webcam_sg_p5_n23/S25/S25_E0I122D0.arff,fixation,sg_p5_n23,11,11,0,180.66363636363636,177.9090909090909,-2.7545454545454504,65.24724166931922,64.49031639781984,-0.7569252714993837
S25,S25_E0I122D0,data/outputs_webcam_sg_p5_n23/S25/S25_E0I122D0.arff,saccade,sg_p5_n23,10,10,0,38.92,37.44,-1.480000000000004,10.957067734267838,8.615386752136486,-2.3416809821313525
S25,S25_E0I123D0,data/outputs_webcam_sg_p5_n23/S25/S25_E0I123D0.arff,fixation,sg_p5_n23,7,7,0,151.65714285714284,157.21428571428572,5.557142857142878,79.84735138881894,76.05553735202166,-3.791814036797277
S25,S25_E0I123D0,data/outputs_webcam_sg_p5_n23/S25/S25_E0I123D0.arff,saccade,sg_p5_n23,6,6,0,32.18333333333333,40.98333333333334,8.800000000000011,10.925276502984564,10.012875044994153,-0.912401457990411
S25,S25_E0I124D0,data/outputs_webcam_sg_p5_n23/S25/S25_E0I124D0.arff,fixation,sg_p5_n23,9,8,-1,151.2111111111111,169.95,18.73888888888888,46.2247889244625,93.31559355220325,47.09080462774075
S25,S25_E0I124D0,data/outputs_webcam_sg_p5_n23/S25/S25_E0I124D0.arff,saccade,sg_p5_n23,7,7,0,34.27142857142857,41.57142857142857,7.299999999999997,11.554034545807552,10.82862168602485,-0.7254128597827023
S25,S25_E0I125D0,data/outputs_webcam_sg_p5_n23/S25/S25_E0I125D0.arff,fixation,sg_p5_n23,9,9,0,153.63333333333333,148.41111111111113,-5.2222222222222,53.875806258468195,50.02622923138532,-3.849577027082873
S25,S25_E0I125D0,data/outputs_webcam_sg_p5_n23/S25/S25_E0I125D0.arff,saccade,sg_p5_n23,8,8,0,24.4875,43.1375,18.650000000000002,7.613603896034668,12.705672242855046,5.092068346820378
S25,S25_E0I126D0,data/outputs_webcam_sg_p5_n23/S25/S25_E0I126D0.arff,fixation,sg_p5_n23,7,6,-1,204.67142857142855,221.28333333333333,16.611904761904782,140.97803273661367,132.24555064979185,-8.732482086821818
S25,S25_E0I126D0,data/outputs_webcam_sg_p5_n23/S25/S25_E0I126D0.arff,saccade,sg_p5_n23,6,6,0,33.56666666666666,38.416666666666664,4.850000000000001,11.377990449401276,7.49971110554711,-3.8782793438541656
S25,S25_E0I127D0,data/outputs_webcam_sg_p5_n23/S25/S25_E0I127D0.arff,fixation,sg_p5_n23,7,7,0,197.17142857142855,193.9714285714286,-3.19999999999996,91.6473806551632,105.79071657894049,14.143335923777286
S25,S25_E0I127D0,data/outputs_webcam_sg_p5_n23/S25/S25_E0I127D0.arff,saccade,sg_p5_n23,5,6,1,28.48,48.63333333333333,20.153333333333332,15.067415173147648,10.070882119589458,-4.99653305355819
S25,S25_E0I128D0,data/outputs_webcam_sg_p5_n23/S25/S25_E0I128D0.arff,fixation,sg_p5_n23,5,5,0,244.95,246.59,1.6400000000000148,131.40934137267413,119.95719236460981,-11.452149008064325
S25,S25_E0I128D0,data/outputs_webcam_sg_p5_n23/S25/S25_E0I128D0.arff,saccade,sg_p5_n23,4,4,0,33.85,36.12500000000001,2.2750000000000057,7.872737770305828,22.72507792432551,14.852340154019682
S25,S25_E0I129D0,data/outputs_webcam_sg_p5_n23/S25/S25_E0I129D0.arff,fixation,sg_p5_n23,10,9,-1,107.67,105.67777777777778,-1.9922222222222246,60.3458559748168,57.402434133444594,-2.9434218413722064
S25,S25_E0I129D0,data/outputs_webcam_sg_p5_n23/S25/S25_E0I129D0.arff,saccade,sg_p5_n23,7,8,1,31.928571428571427,39.262499999999996,7.333928571428569,15.634866408736842,18.514159639121,2.8792932303841585
S25,S25_E0I130D0,data/outputs_webcam_sg_p5_n23/S25/S25_E0I130D0.arff,fixation,sg_p5_n23,9,8,-1,129.25555555555553,152.8125,23.55694444444447,67.94935818517918,65.31738857302855,-2.631969612150627
S25,S25_E0I130D0,data/outputs_webcam_sg_p5_n23/S25/S25_E0I130D0.arff,saccade,sg_p5_n23,7,8,1,25.87142857142857,42.1,16.22857142857143,11.351903553400826,14.00051019478525,2.648606641384424
S25,S25_E0I131D0,data/outputs_webcam_sg_p5_n23/S25/S25_E0I131D0.arff,fixation,sg_p5_n23,7,7,0,162.45714285714283,165.90000000000003,3.442857142857207,60.91348666053238,60.26790190474527,-0.6455847557871053
S25,S25_E0I131D0,data/outputs_webcam_sg_p5_n23/S25/S25_E0I131D0.arff,saccade,sg_p5_n23,6,6,0,34.916666666666664,36.333333333333336,1.4166666666666714,12.23509978163916,7.312637463095423,-4.9224623185437375
S25,S25_E0I132D0,data/outputs_webcam_sg_p5_n23/S25/S25_E0I132D0.arff,fixation,sg_p5_n23,7,7,0,187.20000000000002,180.82857142857142,-6.371428571428595,62.26390072372059,62.14219485142427,-0.12170587229631735
S25,S25_E0I132D0,data/outputs_webcam_sg_p5_n23/S25/S25_E0I132D0.arff,saccade,sg_p5_n23,6,6,0,27.666666666666668,42.48333333333333,14.81666666666666,6.143506056533734,14.88830637334773,8.744800316813997
S25,S25_E0I133D0,data/outputs_webcam_sg_p5_n23/S25/S25_E0I133D0.arff,fixation,sg_p5_n23,10,8,-2,173.84,219.6875,45.8475,102.92258363557642,128.4085715596899,25.485987924113488
S25,S25_E0I133D0,data/outputs_webcam_sg_p5_n23/S25/S25_E0I133D0.arff,saccade,sg_p5_n23,9,7,-2,25.92222222222222,41.771428571428565,15.849206349206344,11.218263878356776,13.421713040904313,2.203449162547537
S25,S25_E0I134D0,data/outputs_webcam_sg_p5_n23/S25/S25_E0I134D0.arff,fixation,sg_p5_n23,8,8,0,128.3625,123.725,-4.637500000000017,42.74315108044462,57.29870978352954,14.55555870308492
S25,S25_E0I134D0,data/outputs_webcam_sg_p5_n23/S25/S25_E0I134D0.arff,saccade,sg_p5_n23,6,6,0,28.78333333333333,51.15,22.366666666666667,11.88434544544489,13.028852597216684,1.1445071517717942
S25,S25_E0I135D0,data/outputs_webcam_sg_p5_n23/S25/S25_E0I135D0.arff,fixation,sg_p5_n23,10,9,-1,178.70999999999998,203.85000000000002,25.140000000000043,96.93706090952924,151.33615727908514,54.399096369555906
S25,S25_E0I135D0,data/outputs_webcam_sg_p5_n23/S25/S25_E0I135D0.arff,saccade,sg_p5_n23,8,8,0,32.787499999999994,39.425,6.637500000000003,13.118573256483126,12.45812987570767,-0.6604433807754564
S25,S25_E0I136D0,data/outputs_webcam_sg_p5_n23/S25/S25_E0I136D0.arff,fixation,sg_p5_n23,8,8,0,147.9375,150.71249999999998,2.7749999999999773,122.43590670224157,134.90098419105135,12.465077488809783
S25,S25_E0I136D0,data/outputs_webcam_sg_p5_n23/S25/S25_E0I136D0.arff,saccade,sg_p5_n23,8,7,-1,25.525,34.271428571428565,8.746428571428567,8.929525663294134,8.257262315827257,-0.6722633474668775
S25,S25_E0I137D0,data/outputs_webcam_sg_p5_n23/S25/S25_E0I137D0.arff,fixation,sg_p5_n23,10,11,1,186.95,161.84545454545454,-25.104545454545445,87.59873477016282,33.77787333851448,-53.82086143164834
S25,S25_E0I137D0,data/outputs_webcam_sg_p5_n23/S25/S25_E0I137D0.arff,saccade,sg_p5_n23,8,9,1,28.049999999999997,45.97777777777778,17.927777777777784,8.585203217496618,18.043820117825504,9.458616900328886
S25,S25_E0I138D0,data/outputs_webcam_sg_p5_n23/S25/S25_E0I138D0.arff,fixation,sg_p5_n23,9,9,0,133.35555555555553,130.92222222222222,-2.4333333333333087,48.27750799055165,55.00860791225718,6.731099921705535
S25,S25_E0I138D0,data/outputs_webcam_sg_p5_n23/S25/S25_E0I138D0.arff,saccade,sg_p5_n23,8,8,0,24.5,43.075,18.575000000000003,13.723389835293196,13.40764707172739,-0.31574276356580633
S25,S25_E0I139D0,data/outputs_webcam_sg_p5_n23/S25/S25_E0I139D0.arff,fixation,sg_p5_n23,9,8,-1,134.43888888888887,136.46249999999998,2.0236111111111086,50.22624922399751,44.940736769979324,-5.285512454018189
S25,S25_E0I139D0,data/outputs_webcam_sg_p5_n23/S25/S25_E0I139D0.arff,saccade,sg_p5_n23,7,8,1,35.121428571428574,41.662499999999994,6.541071428571421,5.193494098618092,12.15982113355291,6.966327034934818
S25,S25_E0I140D0,data/outputs_webcam_sg_p5_n23/S25/S25_E0I140D0.arff,fixation,sg_p5_n23,17,18,1,170.2294117647059,161.95,-8.279411764705912,81.94400347726705,80.48944578236915,-1.4545576948979004
S25,S25_E0I140D0,data/outputs_webcam_sg_p5_n23/S25/S25_E0I140D0.arff,saccade,sg_p5_n23,15,16,1,31.613333333333337,40.21875,8.605416666666663,9.24962290093622,12.242125019783126,2.9925021188469056
S26,S26_E0I101D0,data/outputs_webcam_sg_p5_n23/S26/S26_E0I101D0.arff,fixation,sg_p5_n23,13,13,0,191.7769230769231,182.2076923076923,-9.569230769230813,70.54776341654583,74.4661943606903,3.918430944144461
S26,S26_E0I101D0,data/outputs_webcam_sg_p5_n23/S26/S26_E0I101D0.arff,saccade,sg_p5_n23,11,12,1,32.30909090909091,30.341666666666665,-1.9674242424242472,7.307318871577255,9.649913643827768,2.3425947722505125
S26,S26_E0I102D0,data/outputs_webcam_sg_p5_n23/S26/S26_E0I102D0.arff,fixation,sg_p5_n23,9,8,-1,195.54444444444445,154.03750000000002,-41.50694444444443,105.73909058516523,36.96824650967368,-68.77084407549154
S26,S26_E0I102D0,data/outputs_webcam_sg_p5_n23/S26/S26_E0I102D0.arff,saccade,sg_p5_n23,7,6,-1,30.942857142857143,40.93333333333333,9.990476190476187,13.590420295543616,9.847165412780813,-3.7432548827628036
S26,S26_E0I103D0,data/outputs_webcam_sg_p5_n23/S26/S26_E0I103D0.arff,fixation,sg_p5_n23,5,5,0,194.61999999999998,190.14000000000001,-4.479999999999961,66.79616006927344,63.21529087175033,-3.580869197523114
S26,S26_E0I103D0,data/outputs_webcam_sg_p5_n23/S26/S26_E0I103D0.arff,saccade,sg_p5_n23,3,3,0,33.56666666666667,40.63333333333333,7.066666666666663,8.3500499000505,15.212275744717926,6.862225844667426
S26,S26_E0I104D0,data/outputs_webcam_sg_p5_n23/S26/S26_E0I104D0.arff,fixation,sg_p5_n23,5,5,0,292.90000000000003,288.56000000000006,-4.339999999999975,218.12871200279892,203.08793169462334,-15.040780308175584
S26,S26_E0I104D0,data/outputs_webcam_sg_p5_n23/S26/S26_E0I104D0.arff,saccade,sg_p5_n23,4,4,0,27.525000000000002,42.05,14.524999999999995,16.991247747001985,8.597867952773719,-8.393379794228267
S26,S26_E0I105D0,data/outputs_webcam_sg_p5_n23/S26/S26_E0I105D0.arff,fixation,sg_p5_n23,10,11,1,237.27000000000004,205.3590909090909,-31.910909090909144,126.95427698366228,107.14771537037505,-19.80656161328723
S26,S26_E0I105D0,data/outputs_webcam_sg_p5_n23/S26/S26_E0I105D0.arff,saccade,sg_p5_n23,9,10,1,39.42777777777778,37.75000000000001,-1.67777777777777,8.601857034643416,12.091686767729675,3.4898297330862587
S26,S26_E0I106D0,data/outputs_webcam_sg_p5_n23/S26/S26_E0I106D0.arff,fixation,sg_p5_n23,4,4,0,354.125,332.70000000000005,-21.424999999999955,312.55579101977935,305.72559591895475,-6.8301951008245965
S26,S26_E0I106D0,data/outputs_webcam_sg_p5_n23/S26/S26_E0I106D0.arff,saccade,sg_p5_n23,4,3,-1,34.4,38.6,4.200000000000003,6.7572183626104625,10.671457257563281,3.9142388949528186
S26,S26_E0I107D0,data/outputs_webcam_sg_p5_n23/S26/S26_E0I107D0.arff,fixation,sg_p5_n23,7,8,1,185.52857142857144,144.46249999999998,-41.06607142857146,65.61754628872053,69.07112147220843,3.4535751834878994
S26,S26_E0I107D0,data/outputs_webcam_sg_p5_n23/S26/S26_E0I107D0.arff,saccade,sg_p5_n23,5,6,1,37.7,37.43333333333333,-0.2666666666666728,14.803209111540644,17.791983213421336,2.9887741018806917
S26,S26_E0I108D0,data/outputs_webcam_sg_p5_n23/S26/S26_E0I108D0.arff,fixation,sg_p5_n23,8,8,0,177.0,159.1375,-17.86250000000001,77.93819896009181,77.69467599888314,-0.24352296120866868
S26,S26_E0I108D0,data/outputs_webcam_sg_p5_n23/S26/S26_E0I108D0.arff,saccade,sg_p5_n23,7,7,0,33.042857142857144,41.31428571428571,8.271428571428565,11.583588554913533,13.767162449276245,2.1835738943627128
S26,S26_E0I109D0,data/outputs_webcam_sg_p5_n23/S26/S26_E0I109D0.arff,fixation,sg_p5_n23,6,6,0,242.79999999999998,228.51666666666665,-14.283333333333331,100.11615254293385,99.08835283052527,-1.02779971240858
S26,S26_E0I109D0,data/outputs_webcam_sg_p5_n23/S26/S26_E0I109D0.arff,saccade,sg_p5_n23,5,5,0,34.54,41.739999999999995,7.199999999999996,13.705765210304751,14.448979202698021,0.7432139923932706
S26,S26_E0I110D0,data/outputs_webcam_sg_p5_n23/S26/S26_E0I110D0.arff,fixation,sg_p5_n23,6,6,0,210.20000000000002,210.1833333333333,-0.016666666666708352,92.0987242039758,102.68691575204052,10.588191548064714
S26,S26_E0I110D0,data/outputs_webcam_sg_p5_n23/S26/S26_E0I110D0.arff,saccade,sg_p5_n23,5,5,0,39.11,33.35,-5.759999999999998,17.29416086429174,15.742140896333003,-1.5520199679587368
S26,S26_E0I111D0,data/outputs_webcam_sg_p5_n23/S26/S26_E0I111D0.arff,fixation,sg_p5_n23,10,8,-2,192.57,246.01250000000002,53.442500000000024,134.45483380426802,140.3603570151792,5.905523210911184
S26,S26_E0I111D0,data/outputs_webcam_sg_p5_n23/S26/S26_E0I111D0.arff,saccade,sg_p5_n23,8,6,-2,43.675000000000004,41.18333333333333,-2.4916666666666742,8.458765529657049,13.062069769629417,4.603304239972369
S26,S26_E0I112D0,data/outputs_webcam_sg_p5_n23/S26/S26_E0I112D0.arff,fixation,sg_p5_n23,5,5,0,185.61999999999998,176.17999999999998,-9.439999999999998,97.80683513947274,108.75893986243153,10.952104722958794
S26,S26_E0I112D0,data/outputs_webcam_sg_p5_n23/S26/S26_E0I112D0.arff,saccade,sg_p5_n23,4,4,0,36.075,41.65,5.574999999999996,17.283397621224054,20.353623755980163,3.0702261347561084
S26,S26_E0I113D0,data/outputs_webcam_sg_p5_n23/S26/S26_E0I113D0.arff,fixation,sg_p5_n23,9,9,0,179.53333333333336,182.07777777777778,2.544444444444423,96.79249712658518,81.2807446105438,-15.51175251604137
S26,S26_E0I113D0,data/outputs_webcam_sg_p5_n23/S26/S26_E0I113D0.arff,saccade,sg_p5_n23,7,7,0,42.3142857142857,50.54285714285714,8.228571428571435,19.221639591133442,23.407467266014148,4.185827674880706
S26,S26_E0I114D0,data/outputs_webcam_sg_p5_n23/S26/S26_E0I114D0.arff,fixation,sg_p5_n23,7,7,0,352.27142857142866,346.19999999999993,-6.071428571428726,291.22496295410366,289.91620628496554,-1.3087566691381198
S26,S26_E0I114D0,data/outputs_webcam_sg_p5_n23/S26/S26_E0I114D0.arff,saccade,sg_p5_n23,6,6,0,32.4,43.13333333333333,10.733333333333334,12.406127518287082,10.936666158691446,-1.4694613595956358
S26,S26_E0I115D0,data/outputs_webcam_sg_p5_n23/S26/S26_E0I115D0.arff,fixation,sg_p5_n23,7,7,0,162.02142857142857,152.90714285714284,-9.114285714285728,56.32254475446798,44.45210370510628,-11.870441049361695
S26,S26_E0I115D0,data/outputs_webcam_sg_p5_n23/S26/S26_E0I115D0.arff,saccade,sg_p5_n23,6,6,0,41.083333333333336,38.56666666666666,-2.516666666666673,14.298624642484558,17.72009217432761,3.421467531843053
S26,S26_E0I116D0,data/outputs_webcam_sg_p5_n23/S26/S26_E0I116D0.arff,fixation,sg_p5_n23,8,9,1,245.1625,205.93333333333334,-39.22916666666666,124.11875577733724,120.18944421204385,-3.929311565293389
S26,S26_E0I116D0,data/outputs_webcam_sg_p5_n23/S26/S26_E0I116D0.arff,saccade,sg_p5_n23,6,7,1,42.36666666666667,38.542857142857144,-3.8238095238095227,12.647318556384457,13.137967516940757,0.4906489605562996
S26,S26_E0I117D0,data/outputs_webcam_sg_p5_n23/S26/S26_E0I117D0.arff,fixation,sg_p5_n23,7,8,1,207.14285714285714,165.875,-41.26785714285714,70.68719490692443,82.80793181470344,12.120736907779005
S26,S26_E0I117D0,data/outputs_webcam_sg_p5_n23/S26/S26_E0I117D0.arff,saccade,sg_p5_n23,6,7,1,37.449999999999996,39.38571428571429,1.9357142857142975,10.45633779102416,11.031837044274566,0.5754992532504062
S26,S26_E0I118D0,data/outputs_webcam_sg_p5_n23/S26/S26_E0I118D0.arff,fixation,sg_p5_n23,4,3,-1,191.475,271.7333333333333,80.2583333333333,201.6127868795363,248.5827896965784,46.970002817042115
S26,S26_E0I118D0,data/outputs_webcam_sg_p5_n23/S26/S26_E0I118D0.arff,saccade,sg_p5_n23,2,1,-1,36.4,43.1,6.700000000000003,0.14142135623731153,0.0,-0.14142135623731153
S26,S26_E0I119D0,data/outputs_webcam_sg_p5_n23/S26/S26_E0I119D0.arff,fixation,sg_p5_n23,9,9,0,169.16666666666666,172.39999999999998,3.23333333333332,65.51198363658362,81.76455527916727,16.252571642583646
S26,S26_E0I119D0,data/outputs_webcam_sg_p5_n23/S26/S26_E0I119D0.arff,saccade,sg_p5_n23,8,8,0,37.1,36.1125,-0.9875000000000043,15.932357013323546,11.441083552581148,-4.4912734607423985
S26,S26_E0I120D0,data/outputs_webcam_sg_p5_n23/S26/S26_E0I120D0.arff,fixation,sg_p5_n23,8,8,0,239.175,232.075,-7.100000000000023,55.21603674917021,60.63671094548017,5.42067419630996
S26,S26_E0I120D0,data/outputs_webcam_sg_p5_n23/S26/S26_E0I120D0.arff,saccade,sg_p5_n23,7,7,0,44.48571428571428,39.385714285714286,-5.099999999999994,22.982995784668613,10.154872159285343,-12.82812362538327
S26,S26_E0I121D0,data/outputs_webcam_sg_p5_n23/S26/S26_E0I121D0.arff,fixation,sg_p5_n23,7,5,-2,220.1285714285714,308.24,88.1114285714286,146.07639227798717,214.65754820178117,68.581155923794
S26,S26_E0I121D0,data/outputs_webcam_sg_p5_n23/S26/S26_E0I121D0.arff,saccade,sg_p5_n23,6,4,-2,29.900000000000002,46.675,16.774999999999995,16.993881251791777,12.519950745377024,-4.473930506414753
S26,S26_E0I122D0,data/outputs_webcam_sg_p5_n23/S26/S26_E0I122D0.arff,fixation,sg_p5_n23,7,7,0,227.43571428571428,227.59285714285716,0.15714285714287257,95.45292781560674,78.65951642242358,-16.793411393183163
S26,S26_E0I122D0,data/outputs_webcam_sg_p5_n23/S26/S26_E0I122D0.arff,saccade,sg_p5_n23,6,6,0,44.5,39.68333333333334,-4.816666666666663,11.519331577830373,10.895075340109708,-0.6242562377206653
S26,S26_E0I123D0,data/outputs_webcam_sg_p5_n23/S26/S26_E0I123D0.arff,fixation,sg_p5_n23,6,6,0,165.21666666666667,167.61666666666667,2.4000000000000057,30.745563365576285,34.12092710737308,3.375363741796793
S26,S26_E0I123D0,data/outputs_webcam_sg_p5_n23/S26/S26_E0I123D0.arff,saccade,sg_p5_n23,4,5,1,41.949999999999996,31.98,-9.969999999999995,10.656609842409235,13.067976124863405,2.4113662824541695
S26,S26_E0I124D0,data/outputs_webcam_sg_p5_n23/S26/S26_E0I124D0.arff,fixation,sg_p5_n23,8,7,-1,277.9125,325.6571428571429,47.74464285714288,97.66065792909066,86.21103674787153,-11.449621181219129
S26,S26_E0I124D0,data/outputs_webcam_sg_p5_n23/S26/S26_E0I124D0.arff,saccade,sg_p5_n23,7,6,-1,42.199999999999996,36.05,-6.149999999999999,13.970564293065141,9.094118978768641,-4.8764453142965
S26,S26_E0I125D0,data/outputs_webcam_sg_p5_n23/S26/S26_E0I125D0.arff,fixation,sg_p5_n23,4,21,17,1468.9250000000002,211.82857142857145,-1257.0964285714288,1220.76751642836,83.3228188604847,-1137.4446975678754
S26,S26_E0I125D0,data/outputs_webcam_sg_p5_n23/S26/S26_E0I125D0.arff,saccade,sg_p5_n23,0,17,17,0.0,43.39411764705882,43.39411764705882,0.0,19.367707356197172,19.367707356197172
S26,S26_E0I126D0,data/outputs_webcam_sg_p5_n23/S26/S26_E0I126D0.arff,fixation,sg_p5_n23,11,10,-1,182.22727272727275,184.32,2.0927272727272452,65.35682199907048,53.096700043934526,-12.26012195513595
S26,S26_E0I126D0,data/outputs_webcam_sg_p5_n23/S26/S26_E0I126D0.arff,saccade,sg_p5_n23,10,9,-1,36.63,48.51111111111111,11.88111111111111,10.318920055466613,14.117581631112005,3.798661575645392
S26,S26_E0I127D0,data/outputs_webcam_sg_p5_n23/S26/S26_E0I127D0.arff,fixation,sg_p5_n23,6,7,1,256.15,207.34285714285713,-48.80714285714285,134.9038583584621,130.44324253793113,-4.460615820530961
S26,S26_E0I127D0,data/outputs_webcam_sg_p5_n23/S26/S26_E0I127D0.arff,saccade,sg_p5_n23,4,6,2,34.225,42.11666666666667,7.891666666666666,6.4860748274026765,14.716849753485516,8.23077492608284
S26,S26_E0I128D0,data/outputs_webcam_sg_p5_n23/S26/S26_E0I128D0.arff,fixation,sg_p5_n23,8,9,1,237.32500000000002,194.3388888888889,-42.986111111111114,91.8260272782956,103.37744488577337,11.551417607477774
S26,S26_E0I128D0,data/outputs_webcam_sg_p5_n23/S26/S26_E0I128D0.arff,saccade,sg_p5_n23,6,7,1,23.016666666666666,41.06428571428571,18.047619047619044,9.62510606002171,9.569296137722386,-0.05580992229932491
S26,S26_E0I129D0,data/outputs_webcam_sg_p5_n23/S26/S26_E0I129D0.arff,fixation,sg_p5_n23,7,8,1,209.82857142857142,178.325,-31.503571428571433,82.27493977078143,110.30531330292817,28.03037353214674
S26,S26_E0I129D0,data/outputs_webcam_sg_p5_n23/S26/S26_E0I129D0.arff,saccade,sg_p5_n23,6,6,0,38.51666666666666,32.63333333333333,-5.883333333333326,14.086222583314047,10.94745023586162,-3.138772347452427
S26,S26_E0I130D0,data/outputs_webcam_sg_p5_n23/S26/S26_E0I130D0.arff,fixation,sg_p5_n23,9,9,0,273.2277777777778,284.19444444444446,10.96666666666664,146.94719100562773,147.06142518613703,0.11423418050929968
S26,S26_E0I130D0,data/outputs_webcam_sg_p5_n23/S26/S26_E0I130D0.arff,saccade,sg_p5_n23,7,8,1,31.164285714285715,28.2375,-2.926785714285714,9.99957141938736,5.973856734615778,-4.025714684771582
S26,S26_E0I131D0,data/outputs_webcam_sg_p5_n23/S26/S26_E0I131D0.arff,fixation,sg_p5_n23,3,4,1,352.93333333333334,272.15000000000003,-80.7833333333333,245.8062312744193,228.89392739869703,-16.912303875722273
S26,S26_E0I131D0,data/outputs_webcam_sg_p5_n23/S26/S26_E0I131D0.arff,saccade,sg_p5_n23,3,3,0,24.0,31.266666666666666,7.266666666666666,16.10807251039056,18.04836095974738,1.9402884493568209
S26,S26_E0I132D0,data/outputs_webcam_sg_p5_n23/S26/S26_E0I132D0.arff,fixation,sg_p5_n23,11,11,0,234.9181818181818,239.6818181818182,4.76363636363638,51.76956283728534,119.8215074031521,68.05194456586676
S26,S26_E0I132D0,data/outputs_webcam_sg_p5_n23/S26/S26_E0I132D0.arff,saccade,sg_p5_n23,10,10,0,42.88,39.92,-2.960000000000001,14.277316897014572,10.278542914462363,-3.9987739825522084
S26,S26_E0I133D0,data/outputs_webcam_sg_p5_n23/S26/S26_E0I133D0.arff,fixation,sg_p5_n23,8,9,1,229.025,194.13333333333333,-34.89166666666668,95.94225569878702,97.94575029065834,2.0034945918713163
S26,S26_E0I133D0,data/outputs_webcam_sg_p5_n23/S26/S26_E0I133D0.arff,saccade,sg_p5_n23,7,8,1,41.25714285714285,44.1875,2.9303571428571473,12.857534385572938,10.353527694186447,-2.5040066913864916
S26,S26_E0I134D0,data/outputs_webcam_sg_p5_n23/S26/S26_E0I134D0.arff,fixation,sg_p5_n23,9,9,0,296.68333333333334,296.0055555555556,-0.6777777777777487,147.52385400334416,143.69460768511036,-3.8292463182337997
S26,S26_E0I134D0,data/outputs_webcam_sg_p5_n23/S26/S26_E0I134D0.arff,saccade,sg_p5_n23,8,8,0,42.3375,40.65,-1.6875,8.801856541175194,16.51302516197441,7.711168620799217
S26,S26_E0I135D0,data/outputs_webcam_sg_p5_n23/S26/S26_E0I135D0.arff,fixation,sg_p5_n23,9,10,1,252.57777777777775,227.4,-25.17777777777775,103.56700461268754,112.0347664293941,8.467761816706556
S26,S26_E0I135D0,data/outputs_webcam_sg_p5_n23/S26/S26_E0I135D0.arff,saccade,sg_p5_n23,8,8,0,32.875,42.575,9.700000000000003,11.004382243971197,13.101990034233076,2.097607790261879
S26,S26_E0I136D0,data/outputs_webcam_sg_p5_n23/S26/S26_E0I136D0.arff,fixation,sg_p5_n23,9,8,-1,141.65555555555557,156.2625,14.606944444444423,71.65759051055079,74.97117422240173,3.3135837118509386
S26,S26_E0I136D0,data/outputs_webcam_sg_p5_n23/S26/S26_E0I136D0.arff,saccade,sg_p5_n23,7,7,0,36.07142857142857,42.32857142857142,6.257142857142853,10.925919379425892,22.807580193560963,11.88166081413507
S26,S26_E0I137D0,data/outputs_webcam_sg_p5_n23/S26/S26_E0I137D0.arff,fixation,sg_p5_n23,4,3,-1,237.5,263.46666666666664,25.96666666666664,160.92161653011902,139.42691036286118,-21.494706167257846
S26,S26_E0I137D0,data/outputs_webcam_sg_p5_n23/S26/S26_E0I137D0.arff,saccade,sg_p5_n23,3,2,-1,41.13333333333333,47.349999999999994,6.2166666666666615,10.3016179958943,24.395183950935884,14.093565955041583
S26,S26_E0I138D0,data/outputs_webcam_sg_p5_n23/S26/S26_E0I138D0.arff,fixation,sg_p5_n23,6,6,0,304.2,294.55,-9.649999999999977,263.3331426159647,259.6200435251485,-3.713099090816172
S26,S26_E0I138D0,data/outputs_webcam_sg_p5_n23/S26/S26_E0I138D0.arff,saccade,sg_p5_n23,5,5,0,39.08,43.34,4.260000000000005,14.022553262512501,13.184763934177964,-0.8377893283345372
S26,S26_E0I139D0,data/outputs_webcam_sg_p5_n23/S26/S26_E0I139D0.arff,fixation,sg_p5_n23,13,12,-1,217.8692307692308,225.30000000000004,7.4307692307692434,96.34697179651769,154.95829937584674,58.61132757932904
S26,S26_E0I139D0,data/outputs_webcam_sg_p5_n23/S26/S26_E0I139D0.arff,saccade,sg_p5_n23,12,11,-1,39.825,40.24545454545455,0.42045454545454675,11.27548628259956,13.738658132173144,2.463171849573584
S26,S26_E0I140D0,data/outputs_webcam_sg_p5_n23/S26/S26_E0I140D0.arff,fixation,sg_p5_n23,9,7,-2,282.93333333333334,338.7857142857143,55.85238095238094,181.23034376174428,210.19120207223574,28.96085831049146
S26,S26_E0I140D0,data/outputs_webcam_sg_p5_n23/S26/S26_E0I140D0.arff,saccade,sg_p5_n23,8,6,-2,39.1125,44.883333333333326,5.770833333333329,13.855523653557297,9.497455799669018,-4.358067853888279
S27,S27_E0I101D0,data/outputs_webcam_sg_p5_n23/S27/S27_E0I101D0.arff,fixation,sg_p5_n23,6,6,0,171.9,158.60000000000002,-13.299999999999983,72.43774568551952,38.324548268701086,-34.11319741681843
S27,S27_E0I101D0,data/outputs_webcam_sg_p5_n23/S27/S27_E0I101D0.arff,saccade,sg_p5_n23,5,5,0,41.63,30.23,-11.400000000000002,3.3146643872344,3.09628810029041,-0.21837628694399003
S27,S27_E0I102D0,data/outputs_webcam_sg_p5_n23/S27/S27_E0I102D0.arff,fixation,sg_p5_n23,9,9,0,125.46666666666667,137.53333333333333,12.066666666666663,53.70526044997827,41.88636412963054,-11.818896320347726
S27,S27_E0I102D0,data/outputs_webcam_sg_p5_n23/S27/S27_E0I102D0.arff,saccade,sg_p5_n23,7,7,0,31.97142857142857,37.128571428571426,5.157142857142855,13.142769150844162,10.552205817697436,-2.5905633331467257
S27,S27_E0I103D0,data/outputs_webcam_sg_p5_n23/S27/S27_E0I103D0.arff,fixation,sg_p5_n23,6,6,0,173.03333333333333,167.9,-5.133333333333326,68.09639246440788,51.95671275205929,-16.139679712348595
S27,S27_E0I103D0,data/outputs_webcam_sg_p5_n23/S27/S27_E0I103D0.arff,saccade,sg_p5_n23,5,5,0,33.339999999999996,34.94,1.6000000000000014,17.479788328237845,18.91541699249583,1.4356286642579867
S27,S27_E0I104D0,data/outputs_webcam_sg_p5_n23/S27/S27_E0I104D0.arff,fixation,sg_p5_n23,7,7,0,142.35714285714283,147.25714285714284,4.900000000000006,77.06754304164748,77.03496732313313,-0.03257571851435159
S27,S27_E0I104D0,data/outputs_webcam_sg_p5_n23/S27/S27_E0I104D0.arff,saccade,sg_p5_n23,6,6,0,31.599999999999998,33.81666666666666,2.216666666666665,10.95700689057007,7.3635362881340285,-3.5934706024360423
S27,S27_E0I105D0,data/outputs_webcam_sg_p5_n23/S27/S27_E0I105D0.arff,fixation,sg_p5_n23,7,6,-1,166.1142857142857,139.31666666666666,-26.797619047619037,72.33955645821607,54.96957037003897,-17.369986088177093
S27,S27_E0I105D0,data/outputs_webcam_sg_p5_n23/S27/S27_E0I105D0.arff,saccade,sg_p5_n23,5,5,0,31.46,35.980000000000004,4.520000000000003,3.8292296875481355,7.327141325237284,3.497911637689149
S27,S27_E0I106D0,data/outputs_webcam_sg_p5_n23/S27/S27_E0I106D0.arff,fixation,sg_p5_n23,6,6,0,224.13333333333335,220.38333333333333,-3.7500000000000284,83.16031305055715,83.40008792960992,0.23977487905277428
S27,S27_E0I106D0,data/outputs_webcam_sg_p5_n23/S27/S27_E0I106D0.arff,saccade,sg_p5_n23,5,5,0,37.31,37.19,-0.12000000000000455,15.481214422647856,5.972269250460832,-9.508945172187023
S27,S27_E0I107D0,data/outputs_webcam_sg_p5_n23/S27/S27_E0I107D0.arff,fixation,sg_p5_n23,6,6,0,162.66666666666666,145.86666666666667,-16.799999999999983,71.07431791207473,63.750816988229,-7.323500923845735
S27,S27_E0I107D0,data/outputs_webcam_sg_p5_n23/S27/S27_E0I107D0.arff,saccade,sg_p5_n23,5,5,0,27.439999999999998,37.339999999999996,9.899999999999999,7.929249649241723,15.25313082616156,7.323881176919836
S27,S27_E0I108D0,data/outputs_webcam_sg_p5_n23/S27/S27_E0I108D0.arff,fixation,sg_p5_n23,7,7,0,128.4857142857143,138.62857142857143,10.142857142857139,44.4314989082981,56.96302058604086,12.53152167774276
S27,S27_E0I108D0,data/outputs_webcam_sg_p5_n23/S27/S27_E0I108D0.arff,saccade,sg_p5_n23,6,6,0,38.449999999999996,38.53333333333333,0.0833333333333357,5.839434904166668,14.146471880531436,8.307036976364767
S27,S27_E0I109D0,data/outputs_webcam_sg_p5_n23/S27/S27_E0I109D0.arff,fixation,sg_p5_n23,9,8,-1,163.83333333333334,172.7,8.866666666666646,92.17183680495903,79.30926805865755,-12.862568746301477
S27,S27_E0I109D0,data/outputs_webcam_sg_p5_n23/S27/S27_E0I109D0.arff,saccade,sg_p5_n23,8,9,1,24.5875,33.82222222222222,9.234722222222224,11.429715344536927,13.890714324484701,2.4609989799477745
S27,S27_E0I110D0,data/outputs_webcam_sg_p5_n23/S27/S27_E0I110D0.arff,fixation,sg_p5_n23,7,7,0,201.84285714285716,206.71428571428572,4.871428571428567,98.65807716794501,89.53730002204722,-9.12077714589779
S27,S27_E0I110D0,data/outputs_webcam_sg_p5_n23/S27/S27_E0I110D0.arff,saccade,sg_p5_n23,6,6,0,34.75,29.916666666666668,-4.833333333333332,9.47348932548087,9.448897642935215,-0.02459168254565469
S27,S27_E0I111D0,data/outputs_webcam_sg_p5_n23/S27/S27_E0I111D0.arff,fixation,sg_p5_n23,4,5,1,180.2,180.5,0.30000000000001137,124.23577047962743,125.55992593180358,1.324155452176143
S27,S27_E0I111D0,data/outputs_webcam_sg_p5_n23/S27/S27_E0I111D0.arff,saccade,sg_p5_n23,3,3,0,53.400000000000006,57.43333333333334,4.033333333333331,35.812148776637244,18.74708866286532,-17.065060113771924
S27,S27_E0I112D0,data/outputs_webcam_sg_p5_n23/S27/S27_E0I112D0.arff,fixation,sg_p5_n23,6,6,0,146.33333333333331,144.01666666666668,-2.3166666666666345,28.54082456178635,34.72880168774424,6.187977125957886
S27,S27_E0I112D0,data/outputs_webcam_sg_p5_n23/S27/S27_E0I112D0.arff,saccade,sg_p5_n23,5,5,0,34.6,35.9,1.2999999999999972,12.916462363975674,7.410465572418512,-5.505996791557162
S27,S27_E0I113D0,data/outputs_webcam_sg_p5_n23/S27/S27_E0I113D0.arff,fixation,sg_p5_n23,7,7,0,174.05714285714288,177.9714285714286,3.914285714285711,91.95098072964126,88.88295138899838,-3.0680293406428802
S27,S27_E0I113D0,data/outputs_webcam_sg_p5_n23/S27/S27_E0I113D0.arff,saccade,sg_p5_n23,5,6,1,36.28,42.199999999999996,5.919999999999995,14.366697602441556,10.441647379604428,-3.925050222837129
S27,S27_E0I114D0,data/outputs_webcam_sg_p5_n23/S27/S27_E0I114D0.arff,fixation,sg_p5_n23,7,6,-1,136.74285714285716,163.46666666666667,26.723809523809507,60.83290932663715,55.33822066769645,-5.494688658940703
S27,S27_E0I114D0,data/outputs_webcam_sg_p5_n23/S27/S27_E0I114D0.arff,saccade,sg_p5_n23,6,5,-1,33.61666666666667,36.160000000000004,2.5433333333333366,15.473515006832374,7.012346254999107,-8.461168751833267
S27,S27_E0I115D0,data/outputs_webcam_sg_p5_n23/S27/S27_E0I115D0.arff,fixation,sg_p5_n23,7,7,0,137.21428571428572,137.05714285714285,-0.15714285714287257,43.164971468828305,65.10816275355077,21.943191284722467
S27,S27_E0I115D0,data/outputs_webcam_sg_p5_n23/S27/S27_E0I115D0.arff,saccade,sg_p5_n23,5,5,0,27.18,40.059999999999995,12.879999999999995,11.577866815609859,9.849263931888514,-1.7286028837213454
S27,S27_E0I116D0,data/outputs_webcam_sg_p5_n23/S27/S27_E0I116D0.arff,fixation,sg_p5_n23,7,7,0,127.82857142857142,115.74285714285715,-12.085714285714275,49.49180788392204,51.85299275010901,2.361184866186967
S27,S27_E0I116D0,data/outputs_webcam_sg_p5_n23/S27/S27_E0I116D0.arff,saccade,sg_p5_n23,6,5,-1,33.5,34.5,1.0,5.88829347094725,5.744562646538028,-0.14373082440922236
S27,S27_E0I117D0,data/outputs_webcam_sg_p5_n23/S27/S27_E0I117D0.arff,fixation,sg_p5_n23,5,5,0,123.3,120.42,-2.8799999999999955,24.123328957670825,38.03954521284397,13.916216255173143
S27,S27_E0I117D0,data/outputs_webcam_sg_p5_n23/S27/S27_E0I117D0.arff,saccade,sg_p5_n23,4,4,0,21.95,32.900000000000006,10.950000000000006,14.299999999999999,7.47127833774114,-6.828721662258859
S27,S27_E0I118D0,data/outputs_webcam_sg_p5_n23/S27/S27_E0I118D0.arff,fixation,sg_p5_n23,7,7,0,143.4,159.22857142857146,15.82857142857145,67.92171964843058,76.92393893289905,9.002219284468467
S27,S27_E0I118D0,data/outputs_webcam_sg_p5_n23/S27/S27_E0I118D0.arff,saccade,sg_p5_n23,7,6,-1,28.457142857142856,27.3,-1.1571428571428548,10.761173595052592,11.261083429226513,0.49990983417392165
S27,S27_E0I119D0,data/outputs_webcam_sg_p5_n23/S27/S27_E0I119D0.arff,fixation,sg_p5_n23,6,7,1,159.91666666666666,123.74285714285715,-36.17380952380951,63.73474457991236,153.14583308231468,89.41108850240232
S27,S27_E0I119D0,data/outputs_webcam_sg_p5_n23/S27/S27_E0I119D0.arff,saccade,sg_p5_n23,4,3,-1,33.975,28.46666666666667,-5.508333333333333,7.070301738021275,0.23094010767585155,-6.839361630345423
S27,S27_E0I120D0,data/outputs_webcam_sg_p5_n23/S27/S27_E0I120D0.arff,fixation,sg_p5_n23,6,6,0,171.5333333333333,178.78333333333333,7.250000000000028,99.5740210429742,95.715926922674,-3.858094120300194
S27,S27_E0I120D0,data/outputs_webcam_sg_p5_n23/S27/S27_E0I120D0.arff,saccade,sg_p5_n23,5,5,0,33.31,33.370000000000005,0.060000000000002274,14.3444414321367,11.79605866380801,-2.5483827683286897
S27,S27_E0I121D0,data/outputs_webcam_sg_p5_n23/S27/S27_E0I121D0.arff,fixation,sg_p5_n23,7,7,0,137.22857142857143,124.95714285714284,-12.271428571428586,34.27475817010307,36.81068038594493,2.5359222158418575
S27,S27_E0I121D0,data/outputs_webcam_sg_p5_n23/S27/S27_E0I121D0.arff,saccade,sg_p5_n23,5,5,0,28.68,33.00000000000001,4.320000000000007,15.062934641031939,6.300793600809347,-8.762141040222591
S27,S27_E0I122D0,data/outputs_webcam_sg_p5_n23/S27/S27_E0I122D0.arff,fixation,sg_p5_n23,6,5,-1,178.48333333333335,93.3,-85.18333333333335,113.61608014126638,48.61177840811834,-65.00430173314804
S27,S27_E0I122D0,data/outputs_webcam_sg_p5_n23/S27/S27_E0I122D0.arff,saccade,sg_p5_n23,5,4,-1,27.1,37.474999999999994,10.374999999999993,7.691553809211764,9.148178325036445,1.4566245158246813
S27,S27_E0I123D0,data/outputs_webcam_sg_p5_n23/S27/S27_E0I123D0.arff,fixation,sg_p5_n23,4,4,0,146.675,153.85000000000002,7.175000000000011,44.54199329471759,34.1298012495434,-10.412192045174194
S27,S27_E0I123D0,data/outputs_webcam_sg_p5_n23/S27/S27_E0I123D0.arff,saccade,sg_p5_n23,3,3,0,45.4,38.333333333333336,-7.066666666666663,4.243819034784588,7.9964575490234,3.7526385142388117
S27,S27_E0I124D0,data/outputs_webcam_sg_p5_n23/S27/S27_E0I124D0.arff,fixation,sg_p5_n23,6,6,0,150.45000000000002,145.5,-4.950000000000017,64.22179536574791,67.4106223083573,3.1888269426093956
S27,S27_E0I124D0,data/outputs_webcam_sg_p5_n23/S27/S27_E0I124D0.arff,saccade,sg_p5_n23,5,6,1,34.739999999999995,28.95,-5.789999999999996,5.901101592075838,7.835496155317799,1.9343945632419608
S27,S27_E0I125D0,data/outputs_webcam_sg_p5_n23/S27/S27_E0I125D0.arff,fixation,sg_p5_n23,6,6,0,133.91666666666669,129.21666666666667,-4.700000000000017,34.91517817034115,38.81079317234662,3.8956150020054707
S27,S27_E0I125D0,data/outputs_webcam_sg_p5_n23/S27/S27_E0I125D0.arff,saccade,sg_p5_n23,5,5,0,31.799999999999994,37.459999999999994,5.66,11.753510114004241,9.443939855801709,-2.309570258202532
S27,S27_E0I126D0,data/outputs_webcam_sg_p5_n23/S27/S27_E0I126D0.arff,fixation,sg_p5_n23,5,4,-1,143.15,213.975,70.82499999999999,30.627357052151922,94.48581463196825,63.85845757981633
S27,S27_E0I126D0,data/outputs_webcam_sg_p5_n23/S27/S27_E0I126D0.arff,saccade,sg_p5_n23,3,2,-1,33.550000000000004,28.7,-4.850000000000005,8.662563131083084,0.07071067811865576,-8.591852452964428
S27,S27_E0I127D0,data/outputs_webcam_sg_p5_n23/S27/S27_E0I127D0.arff,fixation,sg_p5_n23,7,7,0,135.15714285714287,128.91428571428574,-6.242857142857133,35.09467467403268,40.939118561242,5.844443887209316
S27,S27_E0I127D0,data/outputs_webcam_sg_p5_n23/S27/S27_E0I127D0.arff,saccade,sg_p5_n23,6,6,0,31.116666666666664,31.3,0.18333333333333712,14.763660341076216,3.680217384883671,-11.083442956192545
S27,S27_E0I128D0,data/outputs_webcam_sg_p5_n23/S27/S27_E0I128D0.arff,fixation,sg_p5_n23,6,6,0,172.0,166.13333333333333,-5.866666666666674,87.00033907979899,82.75011581059368,-4.250223269205307
S27,S27_E0I128D0,data/outputs_webcam_sg_p5_n23/S27/S27_E0I128D0.arff,saccade,sg_p5_n23,5,5,0,27.45,34.589999999999996,7.139999999999997,12.88681496724462,6.055823643403099,-6.830991323841521
S27,S27_E0I129D0,data/outputs_webcam_sg_p5_n23/S27/S27_E0I129D0.arff,fixation,sg_p5_n23,8,8,0,164.65,174.5,9.849999999999994,52.475191417332766,63.55470084895373,11.079509431620963
S27,S27_E0I129D0,data/outputs_webcam_sg_p5_n23/S27/S27_E0I129D0.arff,saccade,sg_p5_n23,8,7,-1,27.1875,28.814285714285713,1.6267857142857132,5.140160503330611,8.070610999469737,2.9304504961391267
S27,S27_E0I130D0,data/outputs_webcam_sg_p5_n23/S27/S27_E0I130D0.arff,fixation,sg_p5_n23,7,7,0,135.87857142857143,163.29285714285714,27.41428571428571,58.542512025755386,37.82529388045593,-20.717218145299455
S27,S27_E0I130D0,data/outputs_webcam_sg_p5_n23/S27/S27_E0I130D0.arff,saccade,sg_p5_n23,5,6,1,34.55,32.5,-2.049999999999997,7.9053779163301225,6.058630208223637,-1.8467477081064851
S27,S27_E0I131D0,data/outputs_webcam_sg_p5_n23/S27/S27_E0I131D0.arff,fixation,sg_p5_n23,6,6,0,157.79999999999998,157.66666666666666,-0.13333333333332575,34.37417635376883,42.2189846711958,7.844808317426967
S27,S27_E0I131D0,data/outputs_webcam_sg_p5_n23/S27/S27_E0I131D0.arff,saccade,sg_p5_n23,4,4,0,37.925,32.525,-5.399999999999999,16.012781353239877,4.202677717836571,-11.810103635403305
S27,S27_E0I132D0,data/outputs_webcam_sg_p5_n23/S27/S27_E0I132D0.arff,fixation,sg_p5_n23,6,6,0,197.48333333333335,208.26666666666665,10.783333333333303,127.0822319077953,123.81737627113033,-3.2648556366649757
S27,S27_E0I132D0,data/outputs_webcam_sg_p5_n23/S27/S27_E0I132D0.arff,saccade,sg_p5_n23,5,5,0,33.36,33.220000000000006,-0.13999999999999346,12.16667579908333,9.324805628001046,-2.8418701710822845
S27,S27_E0I133D0,data/outputs_webcam_sg_p5_n23/S27/S27_E0I133D0.arff,fixation,sg_p5_n23,8,7,-1,136.7375,186.83571428571426,50.09821428571425,56.676284722977385,122.7224025809391,66.04611785796172
S27,S27_E0I133D0,data/outputs_webcam_sg_p5_n23/S27/S27_E0I133D0.arff,saccade,sg_p5_n23,6,6,0,42.00000000000001,37.01666666666667,-4.983333333333334,13.152908423614907,9.473260614311561,-3.6796478093033453
S27,S27_E0I134D0,data/outputs_webcam_sg_p5_n23/S27/S27_E0I134D0.arff,fixation,sg_p5_n23,5,8,3,202.3,89.51249999999999,-112.78750000000002,168.58079665252504,76.41748935009203,-92.16330730243301
S27,S27_E0I134D0,data/outputs_webcam_sg_p5_n23/S27/S27_E0I134D0.arff,saccade,sg_p5_n23,4,4,0,37.825,37.825,0.0,8.868436540149943,8.868436540149943,0.0
S27,S27_E0I135D0,data/outputs_webcam_sg_p5_n23/S27/S27_E0I135D0.arff,fixation,sg_p5_n23,6,6,0,108.38333333333334,136.81666666666666,28.433333333333323,41.31277849124489,43.50450168277607,2.1917231915311817
S27,S27_E0I135D0,data/outputs_webcam_sg_p5_n23/S27/S27_E0I135D0.arff,saccade,sg_p5_n23,5,5,0,32.98,33.1,0.12000000000000455,6.143044847630529,6.177378084592199,0.03433323696167001
S27,S27_E0I136D0,data/outputs_webcam_sg_p5_n23/S27/S27_E0I136D0.arff,fixation,sg_p5_n23,7,6,-1,152.5,191.13333333333333,38.633333333333326,38.56120675843362,95.10523995378311,56.54403319534949
S27,S27_E0I136D0,data/outputs_webcam_sg_p5_n23/S27/S27_E0I136D0.arff,saccade,sg_p5_n23,6,5,-1,38.36666666666667,35.88,-2.4866666666666646,13.885484027093426,7.428458790354832,-6.457025236738594
S27,S27_E0I137D0,data/outputs_webcam_sg_p5_n23/S27/S27_E0I137D0.arff,fixation,sg_p5_n23,5,5,0,147.01000000000002,144.27,-2.740000000000009,26.042906903800116,22.453329374504797,-3.589577529295319
S27,S27_E0I137D0,data/outputs_webcam_sg_p5_n23/S27/S27_E0I137D0.arff,saccade,sg_p5_n23,4,4,0,34.075,33.849999999999994,-0.22500000000000853,6.672518265242889,10.46868345749996,3.796165192257071
S27,S27_E0I138D0,data/outputs_webcam_sg_p5_n23/S27/S27_E0I138D0.arff,fixation,sg_p5_n23,7,6,-1,109.73571428571428,97.96666666666665,-11.769047619047626,44.12801183569716,66.50652348955452,22.378511653857366
S27,S27_E0I138D0,data/outputs_webcam_sg_p5_n23/S27/S27_E0I138D0.arff,saccade,sg_p5_n23,5,4,-1,30.15,28.724999999999998,-1.4250000000000007,10.518792706389833,11.635685053604133,1.1168923472143
S27,S27_E0I139D0,data/outputs_webcam_sg_p5_n23/S27/S27_E0I139D0.arff,fixation,sg_p5_n23,6,6,0,140.04999999999998,152.26666666666665,12.216666666666669,26.296767862229764,33.727165114587784,7.43039725235802
S27,S27_E0I139D0,data/outputs_webcam_sg_p5_n23/S27/S27_E0I139D0.arff,saccade,sg_p5_n23,5,5,0,43.589999999999996,31.890000000000004,-11.699999999999992,8.85313503793995,3.6664696916789032,-5.186665346261046
S27,S27_E0I140D0,data/outputs_webcam_sg_p5_n23/S27/S27_E0I140D0.arff,fixation,sg_p5_n23,6,5,-1,105.96666666666665,117.2,11.233333333333348,44.10490524495735,48.19014422057688,4.085238975619532
S27,S27_E0I140D0,data/outputs_webcam_sg_p5_n23/S27/S27_E0I140D0.arff,saccade,sg_p5_n23,4,4,0,39.900000000000006,36.25,-3.6500000000000057,9.279008567729635,10.167431665207623,0.8884230974779879
S28,S28_E0I103D0,data/outputs_webcam_sg_p5_n23/S28/S28_E0I103D0.arff,fixation,sg_p5_n23,8,8,0,196.875,227.575,30.69999999999999,127.50808097640603,150.67732552899733,23.169244552591294
S28,S28_E0I103D0,data/outputs_webcam_sg_p5_n23/S28/S28_E0I103D0.arff,saccade,sg_p5_n23,6,6,0,44.833333333333336,48.51666666666667,3.683333333333337,15.429149900972078,15.405637496276054,-0.023512404696024447
S28,S28_E0I104D0,data/outputs_webcam_sg_p5_n23/S28/S28_E0I104D0.arff,fixation,sg_p5_n23,10,10,0,181.39000000000001,200.62,19.22999999999999,89.97017345271216,166.65054455356574,76.68037110085358
S28,S28_E0I104D0,data/outputs_webcam_sg_p5_n23/S28/S28_E0I104D0.arff,saccade,sg_p5_n23,9,9,0,30.444444444444443,41.94444444444444,11.5,21.424816866843408,12.73333333333333,-8.691483533510077
S28,S28_E0I105D0,data/outputs_webcam_sg_p5_n23/S28/S28_E0I105D0.arff,fixation,sg_p5_n23,10,10,0,142.31,158.26,15.949999999999989,77.5618527370253,97.49005875244694,19.928206015421637
S28,S28_E0I105D0,data/outputs_webcam_sg_p5_n23/S28/S28_E0I105D0.arff,saccade,sg_p5_n23,8,9,1,43.125,42.34444444444444,-0.7805555555555586,20.169549183997997,16.67236569229987,-3.4971834916981273
S28,S28_E0I106D0,data/outputs_webcam_sg_p5_n23/S28/S28_E0I106D0.arff,fixation,sg_p5_n23,10,8,-2,180.27000000000004,235.26250000000002,54.99249999999998,110.14118262989149,130.48257614935196,20.341393519460468
S28,S28_E0I106D0,data/outputs_webcam_sg_p5_n23/S28/S28_E0I106D0.arff,saccade,sg_p5_n23,8,6,-2,36.5375,36.4,-0.13750000000000284,12.137184599403604,9.56911699165602,-2.568067607747583
S28,S28_E0I107D0,data/outputs_webcam_sg_p5_n23/S28/S28_E0I107D0.arff,fixation,sg_p5_n23,9,10,1,135.95555555555555,142.96999999999997,7.014444444444422,139.27747584508336,80.23109746226832,-59.046378382815035
S28,S28_E0I107D0,data/outputs_webcam_sg_p5_n23/S28/S28_E0I107D0.arff,saccade,sg_p5_n23,6,8,2,44.73333333333334,33.575,-11.158333333333339,16.19094397083341,10.652665662372293,-5.538278308461116
S28,S28_E0I108D0,data/outputs_webcam_sg_p5_n23/S28/S28_E0I108D0.arff,fixation,sg_p5_n23,11,13,2,122.67272727272726,125.46923076923078,2.7965034965035187,49.98808039741257,57.1431154298192,7.15503503240663
S28,S28_E0I108D0,data/outputs_webcam_sg_p5_n23/S28/S28_E0I108D0.arff,saccade,sg_p5_n23,7,12,5,39.557142857142864,39.65833333333333,0.1011904761904674,16.704575934242005,13.994119435958762,-2.710456498283243
S28,S28_E0I109D0,data/outputs_webcam_sg_p5_n23/S28/S28_E0I109D0.arff,fixation,sg_p5_n23,10,11,1,135.35999999999999,142.14545454545453,6.785454545454542,42.43667700887471,61.44152282677185,19.00484581789714
S28,S28_E0I109D0,data/outputs_webcam_sg_p5_n23/S28/S28_E0I109D0.arff,saccade,sg_p5_n23,8,9,1,39.1875,45.022222222222226,5.834722222222226,11.538065881494795,18.56944922296955,7.031383341474754
S28,S28_E0I110D0,data/outputs_webcam_sg_p5_n23/S28/S28_E0I110D0.arff,fixation,sg_p5_n23,13,14,1,130.36923076923077,145.85714285714283,15.487912087912065,59.596188141739745,104.16042888282932,44.56424074108958
S28,S28_E0I110D0,data/outputs_webcam_sg_p5_n23/S28/S28_E0I110D0.arff,saccade,sg_p5_n23,10,13,3,33.519999999999996,42.62307692307694,9.10307692307694,18.03279728100379,26.031332205829504,7.998534924825712
S28,S28_E0I111D0,data/outputs_webcam_sg_p5_n23/S28/S28_E0I111D0.arff,fixation,sg_p5_n23,9,10,1,216.13333333333333,219.17000000000002,3.03666666666669,142.47879666813586,153.91369190411734,11.434895235981486
S28,S28_E0I111D0,data/outputs_webcam_sg_p5_n23/S28/S28_E0I111D0.arff,saccade,sg_p5_n23,8,8,0,44.525000000000006,39.1375,-5.387500000000003,28.18473497683251,13.741900211709131,-14.442834765123377
S28,S28_E0I112D0,data/outputs_webcam_sg_p5_n23/S28/S28_E0I112D0.arff,fixation,sg_p5_n23,10,9,-1,208.82,254.0333333333333,45.21333333333331,162.841223282067,265.5201122325764,102.67888895050942
S28,S28_E0I112D0,data/outputs_webcam_sg_p5_n23/S28/S28_E0I112D0.arff,saccade,sg_p5_n23,8,8,0,29.775,29.9375,0.16250000000000142,11.146652284110111,11.144881913108943,-0.0017703710011680585
S28,S28_E0I113D0,data/outputs_webcam_sg_p5_n23/S28/S28_E0I113D0.arff,fixation,sg_p5_n23,7,7,0,141.99285714285716,152.37857142857143,10.385714285714272,46.569154925510404,38.7639744387197,-7.805180486790704
S28,S28_E0I113D0,data/outputs_webcam_sg_p5_n23/S28/S28_E0I113D0.arff,saccade,sg_p5_n23,7,7,0,37.02142857142858,32.93571428571429,-4.085714285714289,9.346784524764704,5.904639015618304,-3.4421455091463997
S28,S28_E0I114D0,data/outputs_webcam_sg_p5_n23/S28/S28_E0I114D0.arff,fixation,sg_p5_n23,8,6,-2,195.375,283.35,87.97500000000002,114.71894537769874,218.12465014298593,103.40570476528718
S28,S28_E0I114D0,data/outputs_webcam_sg_p5_n23/S28/S28_E0I114D0.arff,saccade,sg_p5_n23,6,6,0,41.23333333333333,38.73333333333333,-2.5,16.830765480710216,15.910206367821463,-0.9205591128887534
S28,S28_E0I115D0,data/outputs_webcam_sg_p5_n23/S28/S28_E0I115D0.arff,fixation,sg_p5_n23,12,13,1,159.50833333333333,138.43846153846155,-21.069871794871773,54.29413928414429,77.30916869364569,23.015029409501395
S28,S28_E0I115D0,data/outputs_webcam_sg_p5_n23/S28/S28_E0I115D0.arff,saccade,sg_p5_n23,9,12,3,47.66666666666666,38.05833333333333,-9.608333333333327,13.784955567574384,10.164864470172224,-3.6200910974021596
S28,S28_E0I116D0,data/outputs_webcam_sg_p5_n23/S28/S28_E0I116D0.arff,fixation,sg_p5_n23,5,8,3,140.8,150.575,9.774999999999977,62.71259841531046,83.19803826670778,20.485439851397324
S28,S28_E0I116D0,data/outputs_webcam_sg_p5_n23/S28/S28_E0I116D0.arff,saccade,sg_p5_n23,3,7,4,53.166666666666664,41.81428571428571,-11.352380952380955,19.856065404136174,15.609978493624794,-4.24608691051138
S28,S28_E0I117D0,data/outputs_webcam_sg_p5_n23/S28/S28_E0I117D0.arff,fixation,sg_p5_n23,7,6,-1,319.5285714285714,371.06666666666666,51.53809523809525,402.5146445132388,586.3772255695702,183.8625810563314
S28,S28_E0I117D0,data/outputs_webcam_sg_p5_n23/S28/S28_E0I117D0.arff,saccade,sg_p5_n23,5,5,0,44.879999999999995,42.839999999999996,-2.039999999999999,10.359391874043572,16.872255332349614,6.512863458306041
S28,S28_E0I118D0,data/outputs_webcam_sg_p5_n23/S28/S28_E0I118D0.arff,fixation,sg_p5_n23,9,7,-2,136.03333333333333,169.45714285714288,33.42380952380955,82.8579959931448,91.04436385892423,8.186367865779431
S28,S28_E0I118D0,data/outputs_webcam_sg_p5_n23/S28/S28_E0I118D0.arff,saccade,sg_p5_n23,7,7,0,49.685714285714276,38.04285714285714,-11.642857142857139,17.037451743284905,21.140628904462385,4.103177161177481
S28,S28_E0I119D0,data/outputs_webcam_sg_p5_n23/S28/S28_E0I119D0.arff,fixation,sg_p5_n23,7,6,-1,152.84285714285713,196.86666666666667,44.02380952380955,46.563535702767005,102.41714049253018,55.853604789763175
S28,S28_E0I119D0,data/outputs_webcam_sg_p5_n23/S28/S28_E0I119D0.arff,saccade,sg_p5_n23,5,4,-1,41.36,40.449999999999996,-0.9100000000000037,19.99507439346,22.866059272788274,2.8709848793282724
S28,S28_E0I120D0,data/outputs_webcam_sg_p5_n23/S28/S28_E0I120D0.arff,fixation,sg_p5_n23,10,11,1,222.91,204.33636363636367,-18.573636363636325,144.56721965922978,166.21138512585276,21.64416546662298
S28,S28_E0I120D0,data/outputs_webcam_sg_p5_n23/S28/S28_E0I120D0.arff,saccade,sg_p5_n23,7,9,2,41.82857142857143,48.955555555555556,7.1269841269841265,11.85393243973131,19.217382178064152,7.363449738332843
S28,S28_E0I121D0,data/outputs_webcam_sg_p5_n23/S28/S28_E0I121D0.arff,fixation,sg_p5_n23,12,12,0,136.54166666666666,138.79999999999998,2.2583333333333258,44.57270788137947,41.62029662206999,-2.9524112593094785
S28,S28_E0I121D0,data/outputs_webcam_sg_p5_n23/S28/S28_E0I121D0.arff,saccade,sg_p5_n23,10,10,0,34.21,34.38,0.1700000000000017,12.172049037765898,9.965027735926165,-2.207021301839733
S28,S28_E0I122D0,data/outputs_webcam_sg_p5_n23/S28/S28_E0I122D0.arff,fixation,sg_p5_n23,8,7,-1,133.75,188.71428571428572,54.96428571428572,54.31350792258904,75.59207252464658,21.278564602057543
S28,S28_E0I122D0,data/outputs_webcam_sg_p5_n23/S28/S28_E0I122D0.arff,saccade,sg_p5_n23,7,6,-1,51.88571428571429,76.48333333333333,24.59761904761904,10.816719861928043,57.043506787947976,46.22678692601993
S28,S28_E0I123D0,data/outputs_webcam_sg_p5_n23/S28/S28_E0I123D0.arff,fixation,sg_p5_n23,10,10,0,145.69,156.07,10.379999999999995,45.35804351061795,91.91619431731155,46.558150806693604
S28,S28_E0I123D0,data/outputs_webcam_sg_p5_n23/S28/S28_E0I123D0.arff,saccade,sg_p5_n23,8,10,2,37.849999999999994,32.989999999999995,-4.859999999999999,19.644701212140784,15.718881074116636,-3.9258201380241484
S28,S28_E0I124D0,data/outputs_webcam_sg_p5_n23/S28/S28_E0I124D0.arff,fixation,sg_p5_n23,12,9,-3,178.2833333333333,259.76666666666665,81.48333333333335,86.5445952656604,213.54689765950712,127.00230239384672
S28,S28_E0I124D0,data/outputs_webcam_sg_p5_n23/S28/S28_E0I124D0.arff,saccade,sg_p5_n23,9,8,-1,35.955555555555556,50.75,14.794444444444444,17.434313229312412,20.690094248214532,3.2557810189021197
S28,S28_E0I125D0,data/outputs_webcam_sg_p5_n23/S28/S28_E0I125D0.arff,fixation,sg_p5_n23,8,7,-1,135.425,164.24285714285716,28.81785714285715,80.47897240894666,85.95281374379893,5.473841334852267
S28,S28_E0I125D0,data/outputs_webcam_sg_p5_n23/S28/S28_E0I125D0.arff,saccade,sg_p5_n23,6,5,-1,43.18333333333333,42.540000000000006,-0.6433333333333238,11.614201077416677,19.617415731945936,8.003214654529259
S28,S28_E0I126D0,data/outputs_webcam_sg_p5_n23/S28/S28_E0I126D0.arff,fixation,sg_p5_n23,15,14,-1,158.36,181.1428571428571,22.782857142857097,74.65009616298465,80.94848993018968,6.298393767205027
S28,S28_E0I126D0,data/outputs_webcam_sg_p5_n23/S28/S28_E0I126D0.arff,saccade,sg_p5_n23,12,11,-1,36.825,42.89090909090909,6.065909090909088,17.19509047267959,19.02800328702171,1.832912814342123
S28,S28_E0I127D0,data/outputs_webcam_sg_p5_n23/S28/S28_E0I127D0.arff,fixation,sg_p5_n23,6,4,-2,172.74999999999997,290.5,117.75000000000003,145.64935633225434,229.56845021329332,83.91909388103898
S28,S28_E0I127D0,data/outputs_webcam_sg_p5_n23/S28/S28_E0I127D0.arff,saccade,sg_p5_n23,4,2,-2,37.3,40.2,2.9000000000000057,25.639032743065798,5.798275605729686,-19.840757137336112
S28,S28_E0I128D0,data/outputs_webcam_sg_p5_n23/S28/S28_E0I128D0.arff,fixation,sg_p5_n23,6,6,0,176.33333333333334,228.5666666666667,52.23333333333335,63.43200033631816,102.31558369411117,38.88358335779301
S28,S28_E0I128D0,data/outputs_webcam_sg_p5_n23/S28/S28_E0I128D0.arff,saccade,sg_p5_n23,4,5,1,46.925,38.92,-8.004999999999995,23.20292725785549,9.563838141666764,-13.639089116188725
S28,S28_E0I129D0,data/outputs_webcam_sg_p5_n23/S28/S28_E0I129D0.arff,fixation,sg_p5_n23,6,6,0,187.35,218.45000000000002,31.100000000000023,132.13585433182018,141.4505284542974,9.314674122477214
S28,S28_E0I129D0,data/outputs_webcam_sg_p5_n23/S28/S28_E0I129D0.arff,saccade,sg_p5_n23,5,4,-1,43.769999999999996,39.25,-4.519999999999996,10.372415340700543,6.790189000805991,-3.582226339894553
S28,S28_E0I130D0,data/outputs_webcam_sg_p5_n23/S28/S28_E0I130D0.arff,fixation,sg_p5_n23,8,8,0,144.22500000000002,159.25,15.024999999999977,65.93873238523341,119.24136386817646,53.302631482943056
S28,S28_E0I130D0,data/outputs_webcam_sg_p5_n23/S28/S28_E0I130D0.arff,saccade,sg_p5_n23,6,8,2,30.183333333333334,41.712500000000006,11.529166666666672,13.266411220321292,30.219834428023308,16.953423207702016
S28,S28_E0I131D0,data/outputs_webcam_sg_p5_n23/S28/S28_E0I131D0.arff,fixation,sg_p5_n23,11,9,-2,151.19090909090912,210.02222222222224,58.831313131313124,72.2806952726031,108.59413862840132,36.31344335579823
S28,S28_E0I131D0,data/outputs_webcam_sg_p5_n23/S28/S28_E0I131D0.arff,saccade,sg_p5_n23,10,9,-1,36.55,52.04444444444445,15.494444444444454,18.857491879886886,26.670775725084894,7.813283845198008
S28,S28_E0I132D0,data/outputs_webcam_sg_p5_n23/S28/S28_E0I132D0.arff,fixation,sg_p5_n23,5,4,-1,215.0,265.075,50.07499999999999,107.64545972775629,382.10741399943197,274.46195427167567
S28,S28_E0I132D0,data/outputs_webcam_sg_p5_n23/S28/S28_E0I132D0.arff,saccade,sg_p5_n23,3,2,-1,32.4,37.35,4.950000000000003,30.137684051698468,11.525840533340725,-18.611843518357745
S28,S28_E0I133D0,data/outputs_webcam_sg_p5_n23/S28/S28_E0I133D0.arff,fixation,sg_p5_n23,13,12,-1,153.6923076923077,171.36666666666667,17.674358974358967,74.49083233904761,79.22597523233874,4.735142893291126
S28,S28_E0I133D0,data/outputs_webcam_sg_p5_n23/S28/S28_E0I133D0.arff,saccade,sg_p5_n23,11,11,0,33.83636363636364,35.91818181818183,2.0818181818181856,13.669621262293461,12.676657144674868,-0.9929641176185928
S28,S28_E0I134D0,data/outputs_webcam_sg_p5_n23/S28/S28_E0I134D0.arff,fixation,sg_p5_n23,7,8,1,128.32857142857145,149.125,20.79642857142855,82.52182972373056,103.80380876579488,21.28197904206432
S28,S28_E0I134D0,data/outputs_webcam_sg_p5_n23/S28/S28_E0I134D0.arff,saccade,sg_p5_n23,4,7,3,37.175,27.88571428571428,-9.289285714285718,14.760843471834526,5.667282879660696,-9.09356059217383
S28,S28_E0I135D0,data/outputs_webcam_sg_p5_n23/S28/S28_E0I135D0.arff,fixation,sg_p5_n23,9,11,2,177.03333333333336,149.08181818181816,-27.951515151515196,72.86983257837224,71.4649119244097,-1.4049206539625345
S28,S28_E0I135D0,data/outputs_webcam_sg_p5_n23/S28/S28_E0I135D0.arff,saccade,sg_p5_n23,7,10,3,37.01428571428572,45.25,8.23571428571428,12.670625947630286,20.548600925610483,7.877974977980196
S28,S28_E0I136D0,data/outputs_webcam_sg_p5_n23/S28/S28_E0I136D0.arff,fixation,sg_p5_n23,11,9,-2,135.83636363636361,212.93333333333334,77.09696969696972,70.98681951922163,110.3962635237262,39.40944400450458
S28,S28_E0I136D0,data/outputs_webcam_sg_p5_n23/S28/S28_E0I136D0.arff,saccade,sg_p5_n23,8,7,-1,39.45,53.0,13.549999999999997,8.835318734649992,12.336666216337916,3.501347481687924
S28,S28_E0I137D0,data/outputs_webcam_sg_p5_n23/S28/S28_E0I137D0.arff,fixation,sg_p5_n23,10,12,2,168.81,143.2,-25.610000000000014,81.72053257562902,82.46674260793641,0.7462100323073884
S28,S28_E0I137D0,data/outputs_webcam_sg_p5_n23/S28/S28_E0I137D0.arff,saccade,sg_p5_n23,8,10,2,33.650000000000006,36.660000000000004,3.009999999999998,10.275769001463031,12.68255144326689,2.406782441803859
S28,S28_E0I138D0,data/outputs_webcam_sg_p5_n23/S28/S28_E0I138D0.arff,fixation,sg_p5_n23,7,7,0,199.8857142857143,237.92857142857142,38.042857142857116,219.9672962705398,205.54028570482,-14.427010565719797
S28,S28_E0I138D0,data/outputs_webcam_sg_p5_n23/S28/S28_E0I138D0.arff,saccade,sg_p5_n23,4,6,2,40.375,34.5,-5.875,13.95955467293519,14.913081505845799,0.9535268329106099
S28,S28_E0I139D0,data/outputs_webcam_sg_p5_n23/S28/S28_E0I139D0.arff,fixation,sg_p5_n23,7,7,0,248.35714285714286,262.9714285714286,14.614285714285728,55.59157181752336,51.282703851159354,-4.308867966364005
S28,S28_E0I139D0,data/outputs_webcam_sg_p5_n23/S28/S28_E0I139D0.arff,saccade,sg_p5_n23,5,6,1,44.68,42.266666666666666,-2.413333333333334,13.929536962871376,13.81342342312964,-0.1161135397417361
S28,S28_E0I140D0,data/outputs_webcam_sg_p5_n23/S28/S28_E0I140D0.arff,fixation,sg_p5_n23,6,6,0,211.38333333333335,220.3166666666667,8.933333333333337,79.9623015343272,74.72558910217212,-5.236712432155073
S28,S28_E0I140D0,data/outputs_webcam_sg_p5_n23/S28/S28_E0I140D0.arff,saccade,sg_p5_n23,4,6,2,29.625,44.099999999999994,14.474999999999994,11.839869087114097,10.694297545888649,-1.1455715412254488
S29,S29_E0I102D0,data/outputs_webcam_sg_p5_n23/S29/S29_E0I102D0.arff,fixation,sg_p5_n23,6,6,0,163.46666666666667,166.76666666666668,3.3000000000000114,92.48382921714835,99.68096441481026,7.197135197661908
S29,S29_E0I102D0,data/outputs_webcam_sg_p5_n23/S29/S29_E0I102D0.arff,saccade,sg_p5_n23,6,5,-1,31.266666666666662,36.08,4.813333333333336,14.127656092454497,26.9133238378317,12.785667745377204
S29,S29_E0I103D0,data/outputs_webcam_sg_p5_n23/S29/S29_E0I103D0.arff,fixation,sg_p5_n23,4,4,0,170.875,189.125,18.25,82.4186214800191,81.91281442281584,-0.5058070572032562
S29,S29_E0I103D0,data/outputs_webcam_sg_p5_n23/S29/S29_E0I103D0.arff,saccade,sg_p5_n23,3,3,0,41.199999999999996,31.3,-9.899999999999995,23.243923937235724,3.988734135035825,-19.2551898021999
S29,S29_E0I104D0,data/outputs_webcam_sg_p5_n23/S29/S29_E0I104D0.arff,fixation,sg_p5_n23,5,5,0,100.9,131.02,30.120000000000005,23.263275779648914,84.933632914176,61.67035713452709
S29,S29_E0I104D0,data/outputs_webcam_sg_p5_n23/S29/S29_E0I104D0.arff,saccade,sg_p5_n23,4,4,0,32.625,25.35,-7.274999999999999,7.117759478937174,12.417326604386309,5.299567125449135
S29,S29_E0I105D0,data/outputs_webcam_sg_p5_n23/S29/S29_E0I105D0.arff,fixation,sg_p5_n23,4,5,1,149.15,116.49999999999997,-32.650000000000034,65.10988148251128,62.539307639275954,-2.57057384323533
S29,S29_E0I105D0,data/outputs_webcam_sg_p5_n23/S29/S29_E0I105D0.arff,saccade,sg_p5_n23,3,4,1,43.0,39.625,-3.375,25.62732916243907,4.366062299143247,-21.261266863295823
S29,S29_E0I106D0,data/outputs_webcam_sg_p5_n23/S29/S29_E0I106D0.arff,fixation,sg_p5_n23,5,5,0,98.02,126.6,28.58,47.23554805440496,33.812571626541505,-13.422976427863453
S29,S29_E0I106D0,data/outputs_webcam_sg_p5_n23/S29/S29_E0I106D0.arff,saccade,sg_p5_n23,3,5,2,28.833333333333332,26.020000000000003,-2.813333333333329,0.40414518843273833,10.64457608362118,10.240430895188442
S29,S29_E0I107D0,data/outputs_webcam_sg_p5_n23/S29/S29_E0I107D0.arff,fixation,sg_p5_n23,6,3,-3,72.2,208.0,135.8,33.00502991969557,136.69513524628445,103.69010532658888
S29,S29_E0I107D0,data/outputs_webcam_sg_p5_n23/S29/S29_E0I107D0.arff,saccade,sg_p5_n23,5,2,-3,37.4,39.65,2.25,7.808008709011536,5.161879502661795,-2.646129206349741
S29,S29_E0I108D0,data/outputs_webcam_sg_p5_n23/S29/S29_E0I108D0.arff,fixation,sg_p5_n23,6,6,0,120.21666666666665,128.70000000000002,8.483333333333363,41.73078799479668,50.948552481890985,9.217764487094307
S29,S29_E0I108D0,data/outputs_webcam_sg_p5_n23/S29/S29_E0I108D0.arff,saccade,sg_p5_n23,5,5,0,36.31,30.790000000000003,-5.52,14.479744472883493,9.57773459644816,-4.902009876435333
S29,S29_E0I109D0,data/outputs_webcam_sg_p5_n23/S29/S29_E0I109D0.arff,fixation,sg_p5_n23,6,6,0,117.95,126.25,8.299999999999997,43.393547907494266,59.64823551455651,16.254687607062245
S29,S29_E0I109D0,data/outputs_webcam_sg_p5_n23/S29/S29_E0I109D0.arff,saccade,sg_p5_n23,6,5,-1,26.38333333333333,38.93,12.54666666666667,5.811941729462424,10.837758070745075,5.025816341282651
S29,S29_E0I110D0,data/outputs_webcam_sg_p5_n23/S29/S29_E0I110D0.arff,fixation,sg_p5_n23,5,3,-2,161.72000000000003,291.3,129.57999999999998,69.77819860099571,185.04288692084333,115.26468831984762
S29,S29_E0I110D0,data/outputs_webcam_sg_p5_n23/S29/S29_E0I110D0.arff,saccade,sg_p5_n23,4,3,-1,32.325,46.03333333333333,13.708333333333329,13.641205958418778,23.46621685174952,9.825010893330743
S29,S29_E0I111D0,data/outputs_webcam_sg_p5_n23/S29/S29_E0I111D0.arff,fixation,sg_p5_n23,6,5,-1,104.18333333333334,135.28,31.096666666666664,44.33966245548862,38.32201717028998,-6.01764528519864
S29,S29_E0I111D0,data/outputs_webcam_sg_p5_n23/S29/S29_E0I111D0.arff,saccade,sg_p5_n23,5,4,-1,29.8,30.424999999999997,0.6249999999999964,10.38388174046681,12.058848756549414,1.6749670160826042
S29,S29_E0I112D0,data/outputs_webcam_sg_p5_n23/S29/S29_E0I112D0.arff,fixation,sg_p5_n23,12,9,-3,128.025,192.10000000000002,64.07500000000002,47.068385935205534,151.09371264218774,104.02532670698221
S29,S29_E0I112D0,data/outputs_webcam_sg_p5_n23/S29/S29_E0I112D0.arff,saccade,sg_p5_n23,9,6,-3,34.57777777777778,43.25000000000001,8.672222222222224,11.665523753541647,11.834821502667458,0.16929774912581053
S29,S29_E0I113D0,data/outputs_webcam_sg_p5_n23/S29/S29_E0I113D0.arff,fixation,sg_p5_n23,6,4,-2,143.71666666666667,250.95,107.23333333333332,73.95799934196886,196.55176587013068,122.59376652816182
S29,S29_E0I113D0,data/outputs_webcam_sg_p5_n23/S29/S29_E0I113D0.arff,saccade,sg_p5_n23,5,3,-2,34.68,38.699999999999996,4.019999999999996,7.874769837906375,10.834666584625483,2.9598967467191075
S29,S29_E0I114D0,data/outputs_webcam_sg_p5_n23/S29/S29_E0I114D0.arff,fixation,sg_p5_n23,5,4,-1,123.26000000000002,182.675,59.41499999999999,84.84260722066479,63.98079790062015,-20.861809320044635
S29,S29_E0I114D0,data/outputs_webcam_sg_p5_n23/S29/S29_E0I114D0.arff,saccade,sg_p5_n23,4,2,-2,21.65,21.5,-0.14999999999999858,8.259741723161406,9.899494936611665,1.639753213450259
S29,S29_E0I115D0,data/outputs_webcam_sg_p5_n23/S29/S29_E0I115D0.arff,fixation,sg_p5_n23,5,3,-2,111.20000000000002,232.66666666666666,121.46666666666664,53.01518650349163,93.95835957131932,40.94317306782769
S29,S29_E0I115D0,data/outputs_webcam_sg_p5_n23/S29/S29_E0I115D0.arff,saccade,sg_p5_n23,4,2,-2,28.924999999999997,29.6,0.6750000000000043,11.557789581057444,0.989949493661168,-10.567840087396275
S29,S29_E0I116D0,data/outputs_webcam_sg_p5_n23/S29/S29_E0I116D0.arff,fixation,sg_p5_n23,4,3,-1,94.85000000000001,147.63333333333335,52.783333333333346,47.35852615949952,165.8367369834963,118.47821082399679
S29,S29_E0I116D0,data/outputs_webcam_sg_p5_n23/S29/S29_E0I116D0.arff,saccade,sg_p5_n23,3,2,-1,31.733333333333334,43.55,11.816666666666663,3.478984526170438,0.21213203435596725,-3.2668524918144706
S29,S29_E0I117D0,data/outputs_webcam_sg_p5_n23/S29/S29_E0I117D0.arff,fixation,sg_p5_n23,6,5,-1,118.81666666666666,168.11999999999998,49.30333333333331,54.586277274299135,58.667000946017346,4.080723671718211
S29,S29_E0I117D0,data/outputs_webcam_sg_p5_n23/S29/S29_E0I117D0.arff,saccade,sg_p5_n23,6,3,-3,36.36666666666667,29.26666666666667,-7.099999999999998,12.918307422672163,14.653441006580445,1.7351335839082829
S29,S29_E0I118D0,data/outputs_webcam_sg_p5_n23/S29/S29_E0I118D0.arff,fixation,sg_p5_n23,4,3,-1,102.075,157.70000000000002,55.625000000000014,53.99175091314104,156.5701440249705,102.57839311182946
S29,S29_E0I118D0,data/outputs_webcam_sg_p5_n23/S29/S29_E0I118D0.arff,saccade,sg_p5_n23,2,1,-1,29.200000000000003,28.6,-0.6000000000000014,0.8485281374238565,0.0,-0.8485281374238565
S29,S29_E0I119D0,data/outputs_webcam_sg_p5_n23/S29/S29_E0I119D0.arff,fixation,sg_p5_n23,5,5,0,112.85,109.89000000000001,-2.9599999999999795,38.66897981586791,60.004983126403765,21.336003310535858
S29,S29_E0I119D0,data/outputs_webcam_sg_p5_n23/S29/S29_E0I119D0.arff,saccade,sg_p5_n23,4,4,0,30.625,32.775,2.1499999999999986,3.556566696501934,18.245433218570977,14.688866522069043
S29,S29_E0I120D0,data/outputs_webcam_sg_p5_n23/S29/S29_E0I120D0.arff,fixation,sg_p5_n23,4,4,0,102.04999999999998,118.225,16.17500000000001,35.931184227631576,38.22192869719336,2.290744469561787
S29,S29_E0I120D0,data/outputs_webcam_sg_p5_n23/S29/S29_E0I120D0.arff,saccade,sg_p5_n23,3,3,0,41.13333333333333,36.36666666666667,-4.766666666666666,4.707794954470014,7.023769168568494,2.31597421409848
S29,S29_E0I121D0,data/outputs_webcam_sg_p5_n23/S29/S29_E0I121D0.arff,fixation,sg_p5_n23,6,5,-1,123.01666666666667,166.71999999999997,43.703333333333305,61.13416120849837,39.51419997924796,-21.619961229250407
S29,S29_E0I121D0,data/outputs_webcam_sg_p5_n23/S29/S29_E0I121D0.arff,saccade,sg_p5_n23,5,4,-1,32.120000000000005,34.25,2.1299999999999955,12.128767455928898,6.425729530566939,-5.703037925361959
S29,S29_E0I122D0,data/outputs_webcam_sg_p5_n23/S29/S29_E0I122D0.arff,fixation,sg_p5_n23,4,4,0,129.875,142.525,12.650000000000006,26.101771970500398,14.1325569755323,-11.969214994968098
S29,S29_E0I122D0,data/outputs_webcam_sg_p5_n23/S29/S29_E0I122D0.arff,saccade,sg_p5_n23,3,3,0,40.63333333333333,38.400000000000006,-2.233333333333327,10.884086242461208,11.065260954898442,0.18117471243723315
S29,S29_E0I123D0,data/outputs_webcam_sg_p5_n23/S29/S29_E0I123D0.arff,fixation,sg_p5_n23,4,4,0,145.975,153.375,7.400000000000006,23.629836365634585,34.97402607650426,11.344189710869674
S29,S29_E0I123D0,data/outputs_webcam_sg_p5_n23/S29/S29_E0I123D0.arff,saccade,sg_p5_n23,3,3,0,36.63333333333333,34.06666666666666,-2.56666666666667,8.00333263917809,4.315476026272575,-3.6878566129055157
S29,S29_E0I124D0,data/outputs_webcam_sg_p5_n23/S29/S29_E0I124D0.arff,fixation,sg_p5_n23,5,4,-1,114.6,129.22500000000002,14.625000000000028,61.67045483860161,35.05865323520952,-26.611801603392088
S29,S29_E0I124D0,data/outputs_webcam_sg_p5_n23/S29/S29_E0I124D0.arff,saccade,sg_p5_n23,4,3,-1,37.55,45.4,7.850000000000001,17.782856913330885,15.087743370033838,-2.6951135432970474
S29,S29_E0I125D0,data/outputs_webcam_sg_p5_n23/S29/S29_E0I125D0.arff,fixation,sg_p5_n23,4,3,-1,105.125,202.4333333333333,97.30833333333331,51.626632339003734,182.39628102933827,130.76964869033452
S29,S29_E0I125D0,data/outputs_webcam_sg_p5_n23/S29/S29_E0I125D0.arff,saccade,sg_p5_n23,5,1,-4,30.48,29.1,-1.379999999999999,12.613564127557286,0.0,-12.613564127557286
S29,S29_E0I126D0,data/outputs_webcam_sg_p5_n23/S29/S29_E0I126D0.arff,fixation,sg_p5_n23,6,4,-2,74.21666666666667,116.5,42.28333333333333,42.715321216943536,32.99419140798372,-9.721129808959816
S29,S29_E0I126D0,data/outputs_webcam_sg_p5_n23/S29/S29_E0I126D0.arff,saccade,sg_p5_n23,4,3,-1,18.15,40.983333333333334,22.833333333333336,7.199999999999998,8.393052682625871,1.193052682625873
S29,S29_E0I127D0,data/outputs_webcam_sg_p5_n23/S29/S29_E0I127D0.arff,fixation,sg_p5_n23,4,3,-1,146.275,207.13333333333333,60.85833333333332,41.84426483999928,128.60156816047515,86.75730332047587
S29,S29_E0I127D0,data/outputs_webcam_sg_p5_n23/S29/S29_E0I127D0.arff,saccade,sg_p5_n23,3,2,-1,28.5,32.1,3.6000000000000014,14.1,25.03158005400378,10.93158005400378
S29,S29_E0I128D0,data/outputs_webcam_sg_p5_n23/S29/S29_E0I128D0.arff,fixation,sg_p5_n23,6,3,-3,133.78333333333333,312.06666666666666,178.28333333333333,68.39033313756168,102.97923738955022,34.58890425198854
S29,S29_E0I128D0,data/outputs_webcam_sg_p5_n23/S29/S29_E0I128D0.arff,saccade,sg_p5_n23,5,3,-2,27.48,31.5,4.02,17.840179371295573,15.060212481900777,-2.779966889394796
S29,S29_E0I129D0,data/outputs_webcam_sg_p5_n23/S29/S29_E0I129D0.arff,fixation,sg_p5_n23,6,5,-1,129.71666666666667,167.04,37.32333333333332,61.6668927923782,76.90886164805718,15.241968855678984
S29,S29_E0I129D0,data/outputs_webcam_sg_p5_n23/S29/S29_E0I129D0.arff,saccade,sg_p5_n23,4,4,0,25.525,30.775,5.25,7.085842692768916,3.487477598494362,-3.5983650942745546
S29,S29_E0I130D0,data/outputs_webcam_sg_p5_n23/S29/S29_E0I130D0.arff,fixation,sg_p5_n23,4,4,0,203.675,217.57500000000002,13.900000000000006,92.84781006212981,85.51180717694292,-7.336002885186886
S29,S29_E0I130D0,data/outputs_webcam_sg_p5_n23/S29/S29_E0I130D0.arff,saccade,sg_p5_n23,2,3,1,36.35,41.18333333333334,4.833333333333336,10.748023074035524,4.619884558442271,-6.128138515593253
S29,S29_E0I131D0,data/outputs_webcam_sg_p5_n23/S29/S29_E0I131D0.arff,fixation,sg_p5_n23,14,7,-7,238.23571428571427,447.67857142857144,209.44285714285718,141.35393035346993,379.43619452325015,238.08226416978022
S29,S29_E0I131D0,data/outputs_webcam_sg_p5_n23/S29/S29_E0I131D0.arff,saccade,sg_p5_n23,13,5,-8,29.788461538461544,37.13000000000001,7.341538461538466,15.200248817126779,7.653234610280806,-7.547014206845973
S29,S29_E0I132D0,data/outputs_webcam_sg_p5_n23/S29/S29_E0I132D0.arff,fixation,sg_p5_n23,5,5,0,131.45999999999998,147.24,15.78000000000003,25.814492053883217,38.39287694351649,12.578384889633274
S29,S29_E0I132D0,data/outputs_webcam_sg_p5_n23/S29/S29_E0I132D0.arff,saccade,sg_p5_n23,5,4,-1,28.96,36.325,7.365000000000002,10.509662221023092,8.703399718883803,-1.8062625021392886
S29,S29_E0I133D0,data/outputs_webcam_sg_p5_n23/S29/S29_E0I133D0.arff,fixation,sg_p5_n23,6,5,-1,142.10000000000002,187.9,45.79999999999998,44.49804490087177,115.22849040059494,70.73044549972317
S29,S29_E0I133D0,data/outputs_webcam_sg_p5_n23/S29/S29_E0I133D0.arff,saccade,sg_p5_n23,5,4,-1,31.339999999999996,25.0,-6.339999999999996,11.73213535550967,7.069653456853455,-4.662481898656214
S29,S29_E0I134D0,data/outputs_webcam_sg_p5_n23/S29/S29_E0I134D0.arff,fixation,sg_p5_n23,5,3,-2,100.26,176.86666666666667,76.60666666666667,40.88756534693647,60.646214501264076,19.758649154327607
S29,S29_E0I134D0,data/outputs_webcam_sg_p5_n23/S29/S29_E0I134D0.arff,saccade,sg_p5_n23,4,6,2,37.9,37.11666666666667,-0.7833333333333314,6.928684338795256,17.501361851772185,10.572677512976927
S29,S29_E0I135D0,data/outputs_webcam_sg_p5_n23/S29/S29_E0I135D0.arff,fixation,sg_p5_n23,5,3,-2,109.56000000000002,239.9,130.33999999999997,36.167775712642324,132.60554287057536,96.43776715793304
S29,S29_E0I135D0,data/outputs_webcam_sg_p5_n23/S29/S29_E0I135D0.arff,saccade,sg_p5_n23,4,2,-2,33.025,29.65,-3.375,15.476299083867994,0.3535533905932738,-15.122745693274721
S29,S29_E0I136D0,data/outputs_webcam_sg_p5_n23/S29/S29_E0I136D0.arff,fixation,sg_p5_n23,5,5,0,109.75999999999999,135.68,25.920000000000016,50.13863779561626,57.94089229551095,7.802254499894687
S29,S29_E0I136D0,data/outputs_webcam_sg_p5_n23/S29/S29_E0I136D0.arff,saccade,sg_p5_n23,4,4,0,45.324999999999996,27.400000000000002,-17.924999999999994,19.19138261477444,9.148770409186145,-10.042612205588295
S29,S29_E0I137D0,data/outputs_webcam_sg_p5_n23/S29/S29_E0I137D0.arff,fixation,sg_p5_n23,6,3,-3,102.78333333333332,250.66666666666666,147.88333333333333,55.27999336710042,217.5006743284566,162.22068096135618
S29,S29_E0I137D0,data/outputs_webcam_sg_p5_n23/S29/S29_E0I137D0.arff,saccade,sg_p5_n23,4,2,-2,30.724999999999998,36.2,5.475000000000005,12.19818975640785,10.465180361560904,-1.7330093948469454
S29,S29_E0I139D0,data/outputs_webcam_sg_p5_n23/S29/S29_E0I139D0.arff,fixation,sg_p5_n23,5,5,0,145.01999999999998,163.28000000000003,18.260000000000048,40.28978778797427,109.88526743836046,69.59547965038618
S29,S29_E0I139D0,data/outputs_webcam_sg_p5_n23/S29/S29_E0I139D0.arff,saccade,sg_p5_n23,5,4,-1,34.42,28.875,-5.545000000000002,5.954158210864069,10.140800428631525,4.1866422177674565
S29,S29_E0I140D0,data/outputs_webcam_sg_p5_n23/S29/S29_E0I140D0.arff,fixation,sg_p5_n23,6,6,0,138.35,129.01666666666668,-9.333333333333314,29.68169469555268,61.53104636414585,31.849351668593172
S29,S29_E0I140D0,data/outputs_webcam_sg_p5_n23/S29/S29_E0I140D0.arff,saccade,sg_p5_n23,6,5,-1,37.11666666666667,34.66,-2.4566666666666706,9.329612353504654,6.121519419229185,-3.208092934275469
S30,S30_E0I101D0,data/outputs_webcam_sg_p5_n23/S30/S30_E0I101D0.arff,fixation,sg_p5_n23,6,5,-1,178.91666666666666,201.69,22.77333333333334,78.04500411087609,102.45417512234431,24.409171011468217
S30,S30_E0I101D0,data/outputs_webcam_sg_p5_n23/S30/S30_E0I101D0.arff,saccade,sg_p5_n23,5,4,-1,37.769999999999996,39.825,2.055000000000007,7.522100770396526,9.464098830140493,1.941998059743967
S30,S30_E0I102D0,data/outputs_webcam_sg_p5_n23/S30/S30_E0I102D0.arff,fixation,sg_p5_n23,6,6,0,169.88333333333335,163.91666666666666,-5.966666666666697,128.3415819859903,133.09803028845567,4.7564483024653725
S30,S30_E0I102D0,data/outputs_webcam_sg_p5_n23/S30/S30_E0I102D0.arff,saccade,sg_p5_n23,6,5,-1,39.666666666666664,46.22,6.553333333333335,17.407661148662868,13.886936307191737,-3.5207248414711305
S30,S30_E0I103D0,data/outputs_webcam_sg_p5_n23/S30/S30_E0I103D0.arff,fixation,sg_p5_n23,5,5,0,132.45999999999998,155.7,23.24000000000001,88.15865243979175,65.25404202039903,-22.904610419392725
S30,S30_E0I103D0,data/outputs_webcam_sg_p5_n23/S30/S30_E0I103D0.arff,saccade,sg_p5_n23,3,4,1,24.166666666666668,45.37500000000001,21.20833333333334,16.22354256422848,3.6031236448392963,-12.620418919389184
S30,S30_E0I104D0,data/outputs_webcam_sg_p5_n23/S30/S30_E0I104D0.arff,fixation,sg_p5_n23,6,6,0,204.30000000000004,205.8166666666667,1.5166666666666515,136.22901306256315,124.64608163382701,-11.582931428736146
S30,S30_E0I104D0,data/outputs_webcam_sg_p5_n23/S30/S30_E0I104D0.arff,saccade,sg_p5_n23,4,5,1,33.5,43.779999999999994,10.279999999999994,14.416888244925348,13.86152949713703,-0.5553587477883184
S30,S30_E0I105D0,data/outputs_webcam_sg_p5_n23/S30/S30_E0I105D0.arff,fixation,sg_p5_n23,9,8,-1,202.65555555555557,253.9375,51.281944444444434,145.4869849085401,160.520937107905,15.033952199364904
S30,S30_E0I105D0,data/outputs_webcam_sg_p5_n23/S30/S30_E0I105D0.arff,saccade,sg_p5_n23,6,7,1,29.183333333333337,34.42857142857143,5.2452380952380935,8.98741712989147,14.678750433388881,5.6913333034974105
S30,S30_E0I106D0,data/outputs_webcam_sg_p5_n23/S30/S30_E0I106D0.arff,fixation,sg_p5_n23,5,6,1,163.57,147.0333333333333,-16.53666666666669,116.90866948177967,85.20360125409411,-31.705068227685558
S30,S30_E0I106D0,data/outputs_webcam_sg_p5_n23/S30/S30_E0I106D0.arff,saccade,sg_p5_n23,4,5,1,34.475,39.21,4.734999999999999,10.652190698005114,12.151872283726489,1.4996815857213743
S30,S30_E0I107D0,data/outputs_webcam_sg_p5_n23/S30/S30_E0I107D0.arff,fixation,sg_p5_n23,6,6,0,164.93333333333334,213.73333333333335,48.80000000000001,164.0827281180645,155.05496337320733,-9.027764744857166
S30,S30_E0I107D0,data/outputs_webcam_sg_p5_n23/S30/S30_E0I107D0.arff,saccade,sg_p5_n23,5,5,0,51.89,49.35,-2.539999999999999,39.60066918626502,20.30135463460505,-19.299314551659972
S30,S30_E0I108D0,data/outputs_webcam_sg_p5_n23/S30/S30_E0I108D0.arff,fixation,sg_p5_n23,5,4,-1,124.42,187.8,63.38000000000001,24.48503624665481,55.18266636061242,30.69763011395761
S30,S30_E0I108D0,data/outputs_webcam_sg_p5_n23/S30/S30_E0I108D0.arff,saccade,sg_p5_n23,3,3,0,43.76666666666667,63.133333333333326,19.366666666666653,14.400462955521025,32.44030414982778,18.039841194306756
S30,S30_E0I109D0,data/outputs_webcam_sg_p5_n23/S30/S30_E0I109D0.arff,fixation,sg_p5_n23,5,6,1,208.9,183.68333333333337,-25.21666666666664,53.782013722061386,99.6559565036966,45.873942781635215
S30,S30_E0I109D0,data/outputs_webcam_sg_p5_n23/S30/S30_E0I109D0.arff,saccade,sg_p5_n23,4,5,1,38.075,34.6,-3.4750000000000014,21.584620296251064,7.715892689767012,-13.868727606484052
S30,S30_E0I110D0,data/outputs_webcam_sg_p5_n23/S30/S30_E0I110D0.arff,fixation,sg_p5_n23,6,5,-1,128.35,156.86,28.51000000000002,71.9204491087201,81.43925957423728,9.518810465517177
S30,S30_E0I110D0,data/outputs_webcam_sg_p5_n23/S30/S30_E0I110D0.arff,saccade,sg_p5_n23,5,4,-1,52.08,43.675,-8.405000000000001,28.060060584396464,5.880688735173797,-22.17937184922267
S30,S30_E0I111D0,data/outputs_webcam_sg_p5_n23/S30/S30_E0I111D0.arff,fixation,sg_p5_n23,8,7,-1,84.6125,122.60714285714288,37.99464285714288,64.85762291357894,53.88143951129669,-10.976183402282246
S30,S30_E0I111D0,data/outputs_webcam_sg_p5_n23/S30/S30_E0I111D0.arff,saccade,sg_p5_n23,6,6,0,39.96666666666666,37.73333333333333,-2.2333333333333343,21.907570989652562,17.313973162352614,-4.5935978272999485
S30,S30_E0I112D0,data/outputs_webcam_sg_p5_n23/S30/S30_E0I112D0.arff,fixation,sg_p5_n23,5,6,1,199.8,172.58333333333334,-27.21666666666667,129.66501070065124,123.19119151411219,-6.473819186539046
S30,S30_E0I112D0,data/outputs_webcam_sg_p5_n23/S30/S30_E0I112D0.arff,saccade,sg_p5_n23,3,5,2,34.199999999999996,46.32,12.120000000000005,16.803571049035977,19.178034310116356,2.374463261080379
S30,S30_E0I113D0,data/outputs_webcam_sg_p5_n23/S30/S30_E0I113D0.arff,fixation,sg_p5_n23,7,7,0,126.8142857142857,124.78571428571426,-2.028571428571439,50.04309571330923,51.484348060727115,1.4412523474178869
S30,S30_E0I113D0,data/outputs_webcam_sg_p5_n23/S30/S30_E0I113D0.arff,saccade,sg_p5_n23,6,6,0,32.93333333333333,31.683333333333334,-1.2499999999999964,17.63946333272831,14.616759786856546,-3.0227035458717655
S30,S30_E0I114D0,data/outputs_webcam_sg_p5_n23/S30/S30_E0I114D0.arff,fixation,sg_p5_n23,9,9,0,125.1222222222222,132.23333333333332,7.111111111111114,60.97851625322187,61.71047317919382,0.7319569259719501
S30,S30_E0I114D0,data/outputs_webcam_sg_p5_n23/S30/S30_E0I114D0.arff,saccade,sg_p5_n23,6,8,2,34.85,39.5125,4.662500000000001,9.309940923550483,16.06232837595916,6.752387452408678
S30,S30_E0I115D0,data/outputs_webcam_sg_p5_n23/S30/S30_E0I115D0.arff,fixation,sg_p5_n23,7,7,0,109.17142857142858,168.45714285714286,59.28571428571428,45.060763208720516,36.65346082535987,-8.407302383360644
S30,S30_E0I115D0,data/outputs_webcam_sg_p5_n23/S30/S30_E0I115D0.arff,saccade,sg_p5_n23,4,7,3,36.175,38.300000000000004,2.125000000000007,8.343210812790641,14.127042625168698,5.783831812378057
S30,S30_E0I117D0,data/outputs_webcam_sg_p5_n23/S30/S30_E0I117D0.arff,fixation,sg_p5_n23,7,7,0,132.83571428571426,165.53571428571428,32.70000000000002,68.42741722855999,101.42515185382483,32.99773462526484
S30,S30_E0I117D0,data/outputs_webcam_sg_p5_n23/S30/S30_E0I117D0.arff,saccade,sg_p5_n23,5,6,1,42.13000000000001,32.766666666666666,-9.363333333333344,9.280463350501417,9.834514053407348,0.554050702905931
S30,S30_E0I118D0,data/outputs_webcam_sg_p5_n23/S30/S30_E0I118D0.arff,fixation,sg_p5_n23,8,5,-3,133.0875,217.9,84.8125,77.65008393887469,148.02096135345158,70.3708774145769
S30,S30_E0I118D0,data/outputs_webcam_sg_p5_n23/S30/S30_E0I118D0.arff,saccade,sg_p5_n23,6,3,-3,27.316666666666663,26.7,-0.6166666666666636,9.885022340220921,20.091789367798974,10.206767027578053
S30,S30_E0I119D0,data/outputs_webcam_sg_p5_n23/S30/S30_E0I119D0.arff,fixation,sg_p5_n23,6,6,0,147.08333333333334,175.45000000000002,28.366666666666674,68.22842271859044,73.60822644242965,5.379803723839217
S30,S30_E0I119D0,data/outputs_webcam_sg_p5_n23/S30/S30_E0I119D0.arff,saccade,sg_p5_n23,5,5,0,35.08,35.019999999999996,-0.060000000000002274,18.562246631267453,13.730513464543124,-4.831733166724328
S30,S30_E0I120D0,data/outputs_webcam_sg_p5_n23/S30/S30_E0I120D0.arff,fixation,sg_p5_n23,7,6,-1,137.17142857142858,179.1,41.928571428571416,88.9956312464403,84.86188779422714,-4.133743452213153
S30,S30_E0I120D0,data/outputs_webcam_sg_p5_n23/S30/S30_E0I120D0.arff,saccade,sg_p5_n23,5,5,0,36.239999999999995,40.54,4.300000000000004,15.799462016157385,15.261159851072918,-0.5383021650844668
S30,S30_E0I121D0,data/outputs_webcam_sg_p5_n23/S30/S30_E0I121D0.arff,fixation,sg_p5_n23,7,7,0,167.44285714285712,161.0142857142857,-6.428571428571416,67.47865976595507,124.56084762839711,57.08218786244204
S30,S30_E0I121D0,data/outputs_webcam_sg_p5_n23/S30/S30_E0I121D0.arff,saccade,sg_p5_n23,5,6,1,24.56,42.166666666666664,17.606666666666666,13.900467618033574,8.603875095947561,-5.296592522086012
S30,S30_E0I122D0,data/outputs_webcam_sg_p5_n23/S30/S30_E0I122D0.arff,fixation,sg_p5_n23,5,5,0,161.45999999999998,173.08,11.620000000000033,106.14783558791954,100.86982700490766,-5.278008583011882
S30,S30_E0I122D0,data/outputs_webcam_sg_p5_n23/S30/S30_E0I122D0.arff,saccade,sg_p5_n23,4,4,0,37.875,37.8,-0.07500000000000284,16.805430669875737,3.6796738985948183,-13.125756771280919
S30,S30_E0I123D0,data/outputs_webcam_sg_p5_n23/S30/S30_E0I123D0.arff,fixation,sg_p5_n23,6,6,0,201.45000000000002,214.7833333333333,13.333333333333286,205.9213223539515,200.4117603003044,-5.509562053647102
S30,S30_E0I123D0,data/outputs_webcam_sg_p5_n23/S30/S30_E0I123D0.arff,saccade,sg_p5_n23,4,5,1,37.9,41.760000000000005,3.8600000000000065,6.936377536822323,24.126810812869568,17.190433276047244
S30,S30_E0I124D0,data/outputs_webcam_sg_p5_n23/S30/S30_E0I124D0.arff,fixation,sg_p5_n23,6,6,0,131.16666666666666,165.96666666666667,34.80000000000001,112.65900171165492,132.07680593755538,19.417804225900454
S30,S30_E0I124D0,data/outputs_webcam_sg_p5_n23/S30/S30_E0I124D0.arff,saccade,sg_p5_n23,4,5,1,32.475,27.740000000000002,-4.734999999999999,13.727678852109946,7.934292659084362,-5.793386193025584
S30,S30_E0I125D0,data/outputs_webcam_sg_p5_n23/S30/S30_E0I125D0.arff,fixation,sg_p5_n23,7,6,-1,95.90714285714286,153.48333333333335,57.57619047619049,66.06690692378591,66.52376016632452,0.4568532425386138
S30,S30_E0I125D0,data/outputs_webcam_sg_p5_n23/S30/S30_E0I125D0.arff,saccade,sg_p5_n23,5,5,0,43.589999999999996,33.29,-10.299999999999997,32.522115552343756,6.314903007964573,-26.207212544379182
S30,S30_E0I126D0,data/outputs_webcam_sg_p5_n23/S30/S30_E0I126D0.arff,fixation,sg_p5_n23,10,8,-2,134.43,190.95000000000002,56.52000000000001,82.77824526340777,86.51868501741608,3.7404397540083067
S30,S30_E0I126D0,data/outputs_webcam_sg_p5_n23/S30/S30_E0I126D0.arff,saccade,sg_p5_n23,6,8,2,35.15,39.375,4.225000000000001,13.551789549723683,13.571477443521024,0.01968789379734126
S30,S30_E0I127D0,data/outputs_webcam_sg_p5_n23/S30/S30_E0I127D0.arff,fixation,sg_p5_n23,6,6,0,156.86666666666667,163.83333333333334,6.966666666666669,93.99409910556442,88.43152529876811,-5.562573806796308
S30,S30_E0I127D0,data/outputs_webcam_sg_p5_n23/S30/S30_E0I127D0.arff,saccade,sg_p5_n23,4,5,1,35.824999999999996,38.82,2.9950000000000045,5.675312032537654,14.02629673149688,8.350984698959225
S30,S30_E0I128D0,data/outputs_webcam_sg_p5_n23/S30/S30_E0I128D0.arff,fixation,sg_p5_n23,5,5,0,139.23,144.79000000000002,5.560000000000031,49.01848630873866,49.45056116971778,0.43207486097912096
S30,S30_E0I128D0,data/outputs_webcam_sg_p5_n23/S30/S30_E0I128D0.arff,saccade,sg_p5_n23,3,4,1,33.38333333333333,30.6,-2.7833333333333314,4.2770706486254495,12.033425669082488,7.756355020457039
S30,S30_E0I129D0,data/outputs_webcam_sg_p5_n23/S30/S30_E0I129D0.arff,fixation,sg_p5_n23,6,5,-1,123.30000000000001,167.84,44.53999999999999,24.140919617943304,115.17974214244447,91.03882252450117
S30,S30_E0I129D0,data/outputs_webcam_sg_p5_n23/S30/S30_E0I129D0.arff,saccade,sg_p5_n23,5,4,-1,27.68,43.675000000000004,15.995000000000005,12.89251720960651,15.595806060177418,2.7032888505709085
S30,S30_E0I130D0,data/outputs_webcam_sg_p5_n23/S30/S30_E0I130D0.arff,fixation,sg_p5_n23,5,5,0,179.5,175.35999999999999,-4.140000000000015,85.96880248090001,95.46676385004363,9.497961369143624
S30,S30_E0I130D0,data/outputs_webcam_sg_p5_n23/S30/S30_E0I130D0.arff,saccade,sg_p5_n23,4,4,0,41.575,48.7,7.125,16.75835612463227,10.741508273980891,-6.016847850651381
S30,S30_E0I131D0,data/outputs_webcam_sg_p5_n23/S30/S30_E0I131D0.arff,fixation,sg_p5_n23,5,6,1,145.6,123.84999999999998,-21.750000000000014,73.96897998485582,69.01793245237067,-4.951047532485148
S30,S30_E0I131D0,data/outputs_webcam_sg_p5_n23/S30/S30_E0I131D0.arff,saccade,sg_p5_n23,3,5,2,45.93333333333334,37.96,-7.973333333333336,8.429313930168533,9.290209900750359,0.8608959705818258
S30,S30_E0I132D0,data/outputs_webcam_sg_p5_n23/S30/S30_E0I132D0.arff,fixation,sg_p5_n23,10,8,-2,155.19,227.2125,72.02250000000001,70.76933501014248,101.53243587994078,30.763100869798294
S30,S30_E0I132D0,data/outputs_webcam_sg_p5_n23/S30/S30_E0I132D0.arff,saccade,sg_p5_n23,8,7,-1,33.550000000000004,36.45714285714285,2.907142857142844,10.860413041342923,9.472742852144629,-1.3876701891982943
S30,S30_E0I133D0,data/outputs_webcam_sg_p5_n23/S30/S30_E0I133D0.arff,fixation,sg_p5_n23,8,8,0,103.71249999999999,127.775,24.062500000000014,37.497140367157144,36.674972003105495,-0.8221683640516488
S30,S30_E0I133D0,data/outputs_webcam_sg_p5_n23/S30/S30_E0I133D0.arff,saccade,sg_p5_n23,6,7,1,37.51666666666667,34.38571428571429,-3.1309523809523796,8.321398119707208,12.977471321669794,4.656073201962586
S30,S30_E0I134D0,data/outputs_webcam_sg_p5_n23/S30/S30_E0I134D0.arff,fixation,sg_p5_n23,7,6,-1,162.91428571428568,209.36666666666667,46.45238095238099,107.15825413178132,114.59582307687599,7.437568945094668
S30,S30_E0I134D0,data/outputs_webcam_sg_p5_n23/S30/S30_E0I134D0.arff,saccade,sg_p5_n23,5,5,0,33.28,38.96,5.68,21.303919827111628,13.929034424539267,-7.37488540257236
S30,S30_E0I135D0,data/outputs_webcam_sg_p5_n23/S30/S30_E0I135D0.arff,fixation,sg_p5_n23,6,5,-1,142.31666666666666,180.66,38.343333333333334,68.25863803700354,135.2330506939779,66.97441265697437
S30,S30_E0I135D0,data/outputs_webcam_sg_p5_n23/S30/S30_E0I135D0.arff,saccade,sg_p5_n23,4,4,0,22.125,59.55,37.425,8.25,42.62835519541736,34.37835519541736
S30,S30_E0I136D0,data/outputs_webcam_sg_p5_n23/S30/S30_E0I136D0.arff,fixation,sg_p5_n23,5,6,1,146.62000000000003,135.4333333333333,-11.186666666666724,47.037400013181006,76.27588522374988,29.238485210568875
S30,S30_E0I136D0,data/outputs_webcam_sg_p5_n23/S30/S30_E0I136D0.arff,saccade,sg_p5_n23,4,5,1,52.175000000000004,44.480000000000004,-7.695,47.93456477324061,18.363469171156083,-29.571095602084526
S30,S30_E0I137D0,data/outputs_webcam_sg_p5_n23/S30/S30_E0I137D0.arff,fixation,sg_p5_n23,4,4,0,262.325,254.85,-7.474999999999994,281.221980826535,299.8679375992038,18.645956772668796
S30,S30_E0I137D0,data/outputs_webcam_sg_p5_n23/S30/S30_E0I137D0.arff,saccade,sg_p5_n23,3,3,0,26.883333333333336,31.349999999999998,4.4666666666666615,10.789501069712786,3.9837168574084187,-6.805784212304367
S30,S30_E0I138D0,data/outputs_webcam_sg_p5_n23/S30/S30_E0I138D0.arff,fixation,sg_p5_n23,5,5,0,115.2,118.06000000000002,2.8600000000000136,48.54848092371171,51.93686551959022,3.388384595878513
S30,S30_E0I138D0,data/outputs_webcam_sg_p5_n23/S30/S30_E0I138D0.arff,saccade,sg_p5_n23,4,4,0,43.675,41.52499999999999,-2.1500000000000057,27.532934823589002,16.56751339217808,-10.965421431410924
S30,S30_E0I139D0,data/outputs_webcam_sg_p5_n23/S30/S30_E0I139D0.arff,fixation,sg_p5_n23,6,6,0,129.16666666666666,140.20000000000002,11.03333333333336,56.915610043876946,71.78579246619765,14.870182422320703
S30,S30_E0I139D0,data/outputs_webcam_sg_p5_n23/S30/S30_E0I139D0.arff,saccade,sg_p5_n23,5,5,0,30.46,37.86,7.399999999999999,16.15481352414815,15.643145463748652,-0.5116680603994972
S30,S30_E0I140D0,data/outputs_webcam_sg_p5_n23/S30/S30_E0I140D0.arff,fixation,sg_p5_n23,7,7,0,164.1,186.51428571428573,22.41428571428574,64.99766662478483,60.890213460276975,-4.107453164507852
S30,S30_E0I140D0,data/outputs_webcam_sg_p5_n23/S30/S30_E0I140D0.arff,saccade,sg_p5_n23,5,6,1,34.14,40.016666666666666,5.876666666666665,14.413812819653236,12.41441366584289,-1.9993991538103462
S31,S31_E0I101D0,data/outputs_webcam_sg_p5_n23/S31/S31_E0I101D0.arff,fixation,sg_p5_n23,3,3,0,249.33333333333334,249.13333333333335,-0.19999999999998863,153.52662092722986,173.3361570282823,19.80953610105243
S31,S31_E0I101D0,data/outputs_webcam_sg_p5_n23/S31/S31_E0I101D0.arff,saccade,sg_p5_n23,2,2,0,29.75,30.6,0.8500000000000014,20.57680733252853,0.141421356237309,-20.435385976291222
S31,S31_E0I102D0,data/outputs_webcam_sg_p5_n23/S31/S31_E0I102D0.arff,fixation,sg_p5_n23,5,5,0,271.64,271.64,0.0,178.84009058373908,178.84009058373908,0.0
S31,S31_E0I102D0,data/outputs_webcam_sg_p5_n23/S31/S31_E0I102D0.arff,saccade,sg_p5_n23,4,4,0,35.4,35.4,0.0,6.593936608733813,6.593936608733813,0.0
S31,S31_E0I103D0,data/outputs_webcam_sg_p5_n23/S31/S31_E0I103D0.arff,fixation,sg_p5_n23,4,4,0,191.75,199.225,7.474999999999994,133.1731829861653,141.47660289484853,8.303419908683225
S31,S31_E0I103D0,data/outputs_webcam_sg_p5_n23/S31/S31_E0I103D0.arff,saccade,sg_p5_n23,3,4,1,46.0,38.150000000000006,-7.849999999999994,14.992331373072036,19.715053470212382,4.7227220971403465
S31,S31_E0I104D0,data/outputs_webcam_sg_p5_n23/S31/S31_E0I104D0.arff,fixation,sg_p5_n23,6,5,-1,174.30000000000004,227.3,52.99999999999997,92.06921309536645,99.15966922090854,7.09045612554209
S31,S31_E0I104D0,data/outputs_webcam_sg_p5_n23/S31/S31_E0I104D0.arff,saccade,sg_p5_n23,5,4,-1,25.32,29.275,3.9549999999999983,16.233822716784854,0.5188127472091122,-15.71500996957574
S31,S31_E0I105D0,data/outputs_webcam_sg_p5_n23/S31/S31_E0I105D0.arff,fixation,sg_p5_n23,8,7,-1,112.95,149.09285714285716,36.14285714285715,55.128473327569765,70.21058460429019,15.082111276720426
S31,S31_E0I105D0,data/outputs_webcam_sg_p5_n23/S31/S31_E0I105D0.arff,saccade,sg_p5_n23,7,6,-1,33.56428571428572,42.916666666666664,9.352380952380948,12.232392593905274,14.056125592305534,1.82373299840026
S31,S31_E0I106D0,data/outputs_webcam_sg_p5_n23/S31/S31_E0I106D0.arff,fixation,sg_p5_n23,5,5,0,285.30000000000007,285.0,-0.3000000000000682,99.86070298170347,113.04538911428455,13.184686132581078
S31,S31_E0I106D0,data/outputs_webcam_sg_p5_n23/S31/S31_E0I106D0.arff,saccade,sg_p5_n23,4,4,0,29.725,37.375,7.649999999999999,0.35939764421413056,15.083406997978496,14.724009353764366
S31,S31_E0I107D0,data/outputs_webcam_sg_p5_n23/S31/S31_E0I107D0.arff,fixation,sg_p5_n23,6,6,0,168.66666666666666,188.79999999999998,20.133333333333326,46.551376635569724,53.90951678507237,7.3581401495026455
S31,S31_E0I107D0,data/outputs_webcam_sg_p5_n23/S31/S31_E0I107D0.arff,saccade,sg_p5_n23,6,5,-1,39.9,40.68,0.7800000000000011,12.902867898261997,6.7986763417594736,-6.104191556502523
S31,S31_E0I108D0,data/outputs_webcam_sg_p5_n23/S31/S31_E0I108D0.arff,fixation,sg_p5_n23,7,6,-1,148.22857142857143,167.81666666666666,19.588095238095235,133.87481359197372,140.40299735641923,6.528183764445515
S31,S31_E0I108D0,data/outputs_webcam_sg_p5_n23/S31/S31_E0I108D0.arff,saccade,sg_p5_n23,6,5,-1,28.36666666666667,46.019999999999996,17.653333333333325,7.157839525070862,8.34937123381156,1.1915317087406976
S31,S31_E0I109D0,data/outputs_webcam_sg_p5_n23/S31/S31_E0I109D0.arff,fixation,sg_p5_n23,4,4,0,235.325,248.3,12.975000000000023,168.12129301985124,185.09158994040402,16.970296920552784
S31,S31_E0I109D0,data/outputs_webcam_sg_p5_n23/S31/S31_E0I109D0.arff,saccade,sg_p5_n23,3,3,0,34.78333333333333,39.449999999999996,4.666666666666664,17.008919228843826,8.314445261110329,-8.694473967733497
S31,S31_E0I110D0,data/outputs_webcam_sg_p5_n23/S31/S31_E0I110D0.arff,fixation,sg_p5_n23,7,7,0,104.8,118.6857142857143,13.8857142857143,59.40266548452743,48.481007572430826,-10.921657912096606
S31,S31_E0I110D0,data/outputs_webcam_sg_p5_n23/S31/S31_E0I110D0.arff,saccade,sg_p5_n23,6,6,0,32.349999999999994,38.5,6.150000000000006,14.271475046399372,13.07149570630691,-1.1999793400924617
S31,S31_E0I111D0,data/outputs_webcam_sg_p5_n23/S31/S31_E0I111D0.arff,fixation,sg_p5_n23,6,5,-1,131.06666666666663,162.94,31.873333333333363,59.43566830335693,36.28846924299784,-23.147199060359085
S31,S31_E0I111D0,data/outputs_webcam_sg_p5_n23/S31/S31_E0I111D0.arff,saccade,sg_p5_n23,5,4,-1,45.5,41.825,-3.674999999999997,10.33247308247159,14.005564370396979,3.673091287925388
S31,S31_E0I112D0,data/outputs_webcam_sg_p5_n23/S31/S31_E0I112D0.arff,fixation,sg_p5_n23,5,5,0,171.57999999999998,165.54,-6.039999999999992,62.23019363620845,60.72884816954788,-1.5013454666605668
S31,S31_E0I112D0,data/outputs_webcam_sg_p5_n23/S31/S31_E0I112D0.arff,saccade,sg_p5_n23,4,4,0,39.0,48.125,9.125,16.28639514032085,12.392033731393726,-3.8943614089271232
S31,S31_E0I113D0,data/outputs_webcam_sg_p5_n23/S31/S31_E0I113D0.arff,fixation,sg_p5_n23,6,6,0,133.15,141.51666666666668,8.366666666666674,50.53599707139457,22.129565442336787,-28.40643162905778
S31,S31_E0I113D0,data/outputs_webcam_sg_p5_n23/S31/S31_E0I113D0.arff,saccade,sg_p5_n23,5,5,0,28.339999999999996,32.48,4.140000000000001,7.876103097344523,6.730676043310955,-1.1454270540335685
S31,S31_E0I114D0,data/outputs_webcam_sg_p5_n23/S31/S31_E0I114D0.arff,fixation,sg_p5_n23,7,7,0,166.31428571428572,172.71428571428572,6.400000000000006,88.02032773875644,77.96914835521866,-10.051179383537772
S31,S31_E0I114D0,data/outputs_webcam_sg_p5_n23/S31/S31_E0I114D0.arff,saccade,sg_p5_n23,6,6,0,33.833333333333336,41.13333333333333,7.299999999999997,11.551565550464002,16.98819197756685,5.436626427102848
S31,S31_E0I115D0,data/outputs_webcam_sg_p5_n23/S31/S31_E0I115D0.arff,fixation,sg_p5_n23,5,5,0,170.12,178.85999999999999,8.73999999999998,62.49105535994731,55.25765105394908,-7.233404305998228
S31,S31_E0I115D0,data/outputs_webcam_sg_p5_n23/S31/S31_E0I115D0.arff,saccade,sg_p5_n23,5,4,-1,30.160000000000004,45.15,14.989999999999995,10.195243989233411,6.005830500438719,-4.189413488794692
S31,S31_E0I116D0,data/outputs_webcam_sg_p5_n23/S31/S31_E0I116D0.arff,fixation,sg_p5_n23,5,5,0,144.78,150.58,5.800000000000011,49.61277053340198,38.178226779147295,-11.434543754254683
S31,S31_E0I116D0,data/outputs_webcam_sg_p5_n23/S31/S31_E0I116D0.arff,saccade,sg_p5_n23,4,4,0,37.725,32.275,-5.450000000000003,6.466000824827249,3.5311707218239494,-2.9348301030033
S31,S31_E0I117D0,data/outputs_webcam_sg_p5_n23/S31/S31_E0I117D0.arff,fixation,sg_p5_n23,6,6,0,169.6,187.04999999999998,17.44999999999999,104.08823180360017,96.39368755266082,-7.6945442509393445
S31,S31_E0I117D0,data/outputs_webcam_sg_p5_n23/S31/S31_E0I117D0.arff,saccade,sg_p5_n23,5,5,0,33.18,33.019999999999996,-0.1600000000000037,6.781740189656338,19.535915642733514,12.754175453077176
S31,S31_E0I118D0,data/outputs_webcam_sg_p5_n23/S31/S31_E0I118D0.arff,fixation,sg_p5_n23,6,6,0,172.75,186.41666666666666,13.666666666666657,64.24798051300913,66.43117992830375,2.1831994152946237
S31,S31_E0I118D0,data/outputs_webcam_sg_p5_n23/S31/S31_E0I118D0.arff,saccade,sg_p5_n23,5,5,0,33.0,36.08,3.0799999999999983,12.194875973129042,7.918143721858046,-4.276732251270996
S31,S31_E0I119D0,data/outputs_webcam_sg_p5_n23/S31/S31_E0I119D0.arff,fixation,sg_p5_n23,8,7,-1,134.3625,175.32142857142858,40.95892857142857,78.85897788366992,71.82974579484728,-7.0292320888226385
S31,S31_E0I119D0,data/outputs_webcam_sg_p5_n23/S31/S31_E0I119D0.arff,saccade,sg_p5_n23,6,6,0,30.05,33.8,3.7499999999999964,13.351554216644592,8.85070618651416,-4.500848030130433
S31,S31_E0I120D0,data/outputs_webcam_sg_p5_n23/S31/S31_E0I120D0.arff,fixation,sg_p5_n23,6,6,0,156.63333333333333,161.35000000000002,4.716666666666697,73.38069682598187,80.45915112651885,7.0784543005369756
S31,S31_E0I120D0,data/outputs_webcam_sg_p5_n23/S31/S31_E0I120D0.arff,saccade,sg_p5_n23,5,5,0,40.38,40.52,0.14000000000000057,6.621329171699592,12.957507476362883,6.336178304663291
S31,S31_E0I121D0,data/outputs_webcam_sg_p5_n23/S31/S31_E0I121D0.arff,fixation,sg_p5_n23,6,5,-1,203.41666666666666,276.4,72.98333333333332,173.71396508820663,182.48479388705243,8.770828798845798
S31,S31_E0I121D0,data/outputs_webcam_sg_p5_n23/S31/S31_E0I121D0.arff,saccade,sg_p5_n23,5,4,-1,46.8,39.8,-7.0,37.836292101631734,11.128342194594845,-26.70794990703689
S31,S31_E0I122D0,data/outputs_webcam_sg_p5_n23/S31/S31_E0I122D0.arff,fixation,sg_p5_n23,7,5,-2,116.3714285714286,149.14000000000001,32.76857142857142,77.80849812811182,69.92573203049076,-7.882766097621058
S31,S31_E0I122D0,data/outputs_webcam_sg_p5_n23/S31/S31_E0I122D0.arff,saccade,sg_p5_n23,5,5,0,32.7,40.18,7.479999999999997,13.381330277666716,12.43048671613465,-0.9508435615320661
S31,S31_E0I123D0,data/outputs_webcam_sg_p5_n23/S31/S31_E0I123D0.arff,fixation,sg_p5_n23,8,7,-1,146.33749999999998,183.15714285714284,36.81964285714287,61.765453531889484,47.97050681209784,-13.794946719791646
S31,S31_E0I123D0,data/outputs_webcam_sg_p5_n23/S31/S31_E0I123D0.arff,saccade,sg_p5_n23,7,6,-1,28.24285714285714,35.31666666666666,7.073809523809523,13.756314567361073,13.172458641676073,-0.5838559256850004
S31,S31_E0I124D0,data/outputs_webcam_sg_p5_n23/S31/S31_E0I124D0.arff,fixation,sg_p5_n23,5,4,-1,121.64000000000001,159.175,37.535,68.25659675079032,122.79870724075234,54.54211048996201
S31,S31_E0I124D0,data/outputs_webcam_sg_p5_n23/S31/S31_E0I124D0.arff,saccade,sg_p5_n23,4,3,-1,24.375,52.26666666666667,27.891666666666673,10.90210224375709,38.047514154453424,27.145411910696332
S31,S31_E0I125D0,data/outputs_webcam_sg_p5_n23/S31/S31_E0I125D0.arff,fixation,sg_p5_n23,12,11,-1,125.66666666666667,143.54545454545453,17.87878787878786,64.59255984924879,61.61713014473108,-2.9754297045177083
S31,S31_E0I125D0,data/outputs_webcam_sg_p5_n23/S31/S31_E0I125D0.arff,saccade,sg_p5_n23,10,11,1,28.369999999999997,40.67272727272728,12.302727272727282,15.111662163155096,16.143363398566663,1.0317012354115676
S31,S31_E0I126D0,data/outputs_webcam_sg_p5_n23/S31/S31_E0I126D0.arff,fixation,sg_p5_n23,8,8,0,171.2625,183.35,12.087500000000006,75.56643127549617,76.52751139296247,0.9610801174662953
S31,S31_E0I126D0,data/outputs_webcam_sg_p5_n23/S31/S31_E0I126D0.arff,saccade,sg_p5_n23,7,7,0,39.25714285714286,45.48571428571429,6.228571428571428,11.863368990700907,13.020807523783944,1.1574385330830363
S31,S31_E0I128D0,data/outputs_webcam_sg_p5_n23/S31/S31_E0I128D0.arff,fixation,sg_p5_n23,5,5,0,178.8,188.92000000000002,10.120000000000005,76.90728183988821,78.43932049680186,1.5320386569136417
S31,S31_E0I128D0,data/outputs_webcam_sg_p5_n23/S31/S31_E0I128D0.arff,saccade,sg_p5_n23,4,4,0,26.400000000000002,39.275,12.874999999999996,7.4828693248869005,6.9815829150701925,-0.501286409816708
S31,S31_E0I129D0,data/outputs_webcam_sg_p5_n23/S31/S31_E0I129D0.arff,fixation,sg_p5_n23,5,5,0,138.48000000000002,141.22000000000003,2.740000000000009,100.22675291557638,91.12363579225755,-9.103117123318839
S31,S31_E0I129D0,data/outputs_webcam_sg_p5_n23/S31/S31_E0I129D0.arff,saccade,sg_p5_n23,4,4,0,39.474999999999994,43.199999999999996,3.7250000000000014,7.527449767351489,9.089187715815607,1.5617379484641178
S31,S31_E0I130D0,data/outputs_webcam_sg_p5_n23/S31/S31_E0I130D0.arff,fixation,sg_p5_n23,6,5,-1,132.8,178.7,45.89999999999998,63.79485872701656,44.751201101199506,-19.043657625817055
S31,S31_E0I130D0,data/outputs_webcam_sg_p5_n23/S31/S31_E0I130D0.arff,saccade,sg_p5_n23,5,4,-1,28.459999999999997,33.625,5.165000000000003,15.171123887174609,7.586116705315484,-7.585007181859125
S31,S31_E0I131D0,data/outputs_webcam_sg_p5_n23/S31/S31_E0I131D0.arff,fixation,sg_p5_n23,7,7,0,186.32857142857142,188.28571428571425,1.957142857142827,47.21404149493786,63.681143953591906,16.467102458654047
S31,S31_E0I131D0,data/outputs_webcam_sg_p5_n23/S31/S31_E0I131D0.arff,saccade,sg_p5_n23,6,6,0,43.18333333333334,43.46666666666667,0.28333333333333144,16.77848821159602,14.472410534070221,-2.306077677525799
S31,S31_E0I132D0,data/outputs_webcam_sg_p5_n23/S31/S31_E0I132D0.arff,fixation,sg_p5_n23,7,7,0,210.30714285714288,239.0642857142857,28.75714285714281,88.77144543043964,90.64061688101769,1.869171450578051
S31,S31_E0I132D0,data/outputs_webcam_sg_p5_n23/S31/S31_E0I132D0.arff,saccade,sg_p5_n23,6,6,0,56.88333333333333,32.65,-24.233333333333334,20.23043911205752,6.0355612829297005,-14.19487782912782
S31,S31_E0I133D0,data/outputs_webcam_sg_p5_n23/S31/S31_E0I133D0.arff,fixation,sg_p5_n23,6,7,1,142.51666666666668,134.18571428571428,-8.330952380952397,83.20717316834329,85.68528517334873,2.4781120050054426
S31,S31_E0I133D0,data/outputs_webcam_sg_p5_n23/S31/S31_E0I133D0.arff,saccade,sg_p5_n23,6,6,0,32.4,31.166666666666668,-1.2333333333333307,10.714662850505377,9.622820099464953,-1.0918427510404243
S31,S31_E0I134D0,data/outputs_webcam_sg_p5_n23/S31/S31_E0I134D0.arff,fixation,sg_p5_n23,5,5,0,171.07000000000002,166.10999999999999,-4.960000000000036,44.53180885614236,59.88549907949335,15.353690223350988
S31,S31_E0I134D0,data/outputs_webcam_sg_p5_n23/S31/S31_E0I134D0.arff,saccade,sg_p5_n23,4,4,0,35.75,37.575,1.8250000000000028,14.201173660417414,8.28547926596082,-5.915694394456594
S31,S31_E0I135D0,data/outputs_webcam_sg_p5_n23/S31/S31_E0I135D0.arff,fixation,sg_p5_n23,7,6,-1,148.27142857142854,193.96666666666667,45.695238095238125,87.67444922906016,110.45335063576238,22.778901406702218
S31,S31_E0I135D0,data/outputs_webcam_sg_p5_n23/S31/S31_E0I135D0.arff,saccade,sg_p5_n23,6,5,-1,33.583333333333336,35.519999999999996,1.9366666666666603,19.77052519956581,9.53032003659898,-10.24020516296683
S31,S31_E0I136D0,data/outputs_webcam_sg_p5_n23/S31/S31_E0I136D0.arff,fixation,sg_p5_n23,7,6,-1,157.07142857142858,195.58333333333334,38.51190476190476,102.97685361746291,93.11166235583309,-9.865191261629818
S31,S31_E0I136D0,data/outputs_webcam_sg_p5_n23/S31/S31_E0I136D0.arff,saccade,sg_p5_n23,6,5,-1,25.149999999999995,37.519999999999996,12.370000000000001,7.794805962947378,9.130553104823388,1.33574714187601
S31,S31_E0I137D0,data/outputs_webcam_sg_p5_n23/S31/S31_E0I137D0.arff,fixation,sg_p5_n23,5,5,0,152.82,176.71999999999997,23.899999999999977,46.23880405027795,40.364055792251605,-5.874748258026344
S31,S31_E0I137D0,data/outputs_webcam_sg_p5_n23/S31/S31_E0I137D0.arff,saccade,sg_p5_n23,4,4,0,35.55,26.575,-8.974999999999998,11.905880899790658,7.601918617471951,-4.3039622823187065
S31,S31_E0I138D0,data/outputs_webcam_sg_p5_n23/S31/S31_E0I138D0.arff,fixation,sg_p5_n23,6,6,0,129.0666666666667,140.25,11.183333333333309,46.064592331493245,58.42933338657904,12.364741055085794
S31,S31_E0I138D0,data/outputs_webcam_sg_p5_n23/S31/S31_E0I138D0.arff,saccade,sg_p5_n23,5,5,0,40.12,34.019999999999996,-6.100000000000001,6.6721061142640705,6.946006046642918,0.27389993237884713
S31,S31_E0I139D0,data/outputs_webcam_sg_p5_n23/S31/S31_E0I139D0.arff,fixation,sg_p5_n23,5,5,0,201.02,214.14000000000001,13.120000000000005,60.30237972087006,58.96272551366668,-1.339654207203374
S31,S31_E0I139D0,data/outputs_webcam_sg_p5_n23/S31/S31_E0I139D0.arff,saccade,sg_p5_n23,5,4,-1,36.72,34.55,-2.1700000000000017,13.673587678440505,8.301204731844651,-5.372382946595854
S31,S31_E0I140D0,data/outputs_webcam_sg_p5_n23/S31/S31_E0I140D0.arff,fixation,sg_p5_n23,7,7,0,153.42857142857142,156.71428571428572,3.285714285714306,44.92748654909428,41.09158180501324,-3.8359047440810414
S31,S31_E0I140D0,data/outputs_webcam_sg_p5_n23/S31/S31_E0I140D0.arff,saccade,sg_p5_n23,6,6,0,40.800000000000004,43.333333333333336,2.5333333333333314,22.07949274779654,21.130231107743867,-0.9492616400526721
S32,S32_E0I101D0,data/outputs_webcam_sg_p5_n23/S32/S32_E0I101D0.arff,fixation,sg_p5_n23,4,5,1,211.825,144.45999999999998,-67.36500000000001,219.0630255580952,170.81113254117835,-48.25189301691685
S32,S32_E0I101D0,data/outputs_webcam_sg_p5_n23/S32/S32_E0I101D0.arff,saccade,sg_p5_n23,2,3,1,22.6,41.93333333333334,19.333333333333336,10.606601717798215,20.757247730210608,10.150646012412393
S32,S32_E0I102D0,data/outputs_webcam_sg_p5_n23/S32/S32_E0I102D0.arff,fixation,sg_p5_n23,7,7,0,203.68571428571428,192.88571428571427,-10.800000000000011,107.70095060817597,108.67082448954775,0.9698738813717824
S32,S32_E0I102D0,data/outputs_webcam_sg_p5_n23/S32/S32_E0I102D0.arff,saccade,sg_p5_n23,5,8,3,26.859999999999996,38.4,11.540000000000003,12.420265697641092,7.2805023374568245,-5.139763360184268
S32,S32_E0I103D0,data/outputs_webcam_sg_p5_n23/S32/S32_E0I103D0.arff,fixation,sg_p5_n23,6,7,1,123.36666666666667,112.98571428571428,-10.380952380952394,35.90842055377355,50.64706074299635,14.7386401892228
S32,S32_E0I103D0,data/outputs_webcam_sg_p5_n23/S32/S32_E0I103D0.arff,saccade,sg_p5_n23,4,6,2,40.825,38.36666666666667,-2.4583333333333357,17.504547028320005,14.166674509801751,-3.337872518518253
S32,S32_E0I104D0,data/outputs_webcam_sg_p5_n23/S32/S32_E0I104D0.arff,fixation,sg_p5_n23,4,6,2,239.92499999999998,154.10000000000002,-85.82499999999996,41.82912661451746,88.43042462863106,46.601298014113596
S32,S32_E0I104D0,data/outputs_webcam_sg_p5_n23/S32/S32_E0I104D0.arff,saccade,sg_p5_n23,3,4,1,29.566666666666666,48.1,18.533333333333335,14.300466192867045,15.075145107095985,0.7746789142289394
S32,S32_E0I105D0,data/outputs_webcam_sg_p5_n23/S32/S32_E0I105D0.arff,fixation,sg_p5_n23,6,6,0,144.58333333333331,146.64999999999998,2.066666666666663,51.093146963821546,55.784038935882016,4.69089197206047
S32,S32_E0I105D0,data/outputs_webcam_sg_p5_n23/S32/S32_E0I105D0.arff,saccade,sg_p5_n23,4,4,0,32.125,35.9,3.7749999999999986,12.935577554429745,7.347108274688756,-5.588469279740989
S32,S32_E0I106D0,data/outputs_webcam_sg_p5_n23/S32/S32_E0I106D0.arff,fixation,sg_p5_n23,5,6,1,151.82,113.28333333333332,-38.536666666666676,88.10704852621042,76.09652861114407,-12.010519915066354
S32,S32_E0I106D0,data/outputs_webcam_sg_p5_n23/S32/S32_E0I106D0.arff,saccade,sg_p5_n23,4,5,1,30.2,37.16,6.959999999999997,0.4242640687119284,7.4288626316549955,7.004598562943067
S32,S32_E0I107D0,data/outputs_webcam_sg_p5_n23/S32/S32_E0I107D0.arff,fixation,sg_p5_n23,4,5,1,262.59999999999997,201.42000000000002,-61.17999999999995,142.0761063655673,153.08303955696726,11.006933191399952
S32,S32_E0I107D0,data/outputs_webcam_sg_p5_n23/S32/S32_E0I107D0.arff,saccade,sg_p5_n23,4,4,0,35.675,31.974999999999998,-3.6999999999999993,6.7830057250946405,15.284060324403328,8.501054599308688
S32,S32_E0I108D0,data/outputs_webcam_sg_p5_n23/S32/S32_E0I108D0.arff,fixation,sg_p5_n23,4,3,-1,142.125,162.51666666666665,20.39166666666665,67.67798140212713,18.39193663900931,-49.28604476311782
S32,S32_E0I108D0,data/outputs_webcam_sg_p5_n23/S32/S32_E0I108D0.arff,saccade,sg_p5_n23,2,3,1,45.2,25.25,-19.950000000000003,0.49497474683058024,8.750428560933459,8.255453814102879
S32,S32_E0I109D0,data/outputs_webcam_sg_p5_n23/S32/S32_E0I109D0.arff,fixation,sg_p5_n23,5,4,-1,339.12,416.8,77.68,206.9352483266203,233.96210519369728,27.026856867076987
S32,S32_E0I109D0,data/outputs_webcam_sg_p5_n23/S32/S32_E0I109D0.arff,saccade,sg_p5_n23,5,3,-2,34.44,52.666666666666664,18.226666666666667,20.606261184407035,7.305021104235999,-13.301240080171036
S32,S32_E0I110D0,data/outputs_webcam_sg_p5_n23/S32/S32_E0I110D0.arff,fixation,sg_p5_n23,6,4,-2,147.65,215.35,67.69999999999999,124.68072425198692,114.69026404480316,-9.990460207183759
S32,S32_E0I110D0,data/outputs_webcam_sg_p5_n23/S32/S32_E0I110D0.arff,saccade,sg_p5_n23,4,5,1,29.674999999999997,37.459999999999994,7.784999999999997,17.923239104581516,25.07604434515141,7.152805240569894
S32,S32_E0I111D0,data/outputs_webcam_sg_p5_n23/S32/S32_E0I111D0.arff,fixation,sg_p5_n23,6,6,0,158.18333333333334,167.0666666666667,8.883333333333354,71.41443598227649,51.35315634570738,-20.061279636569104
S32,S32_E0I111D0,data/outputs_webcam_sg_p5_n23/S32/S32_E0I111D0.arff,saccade,sg_p5_n23,4,5,1,43.075,44.739999999999995,1.664999999999992,16.942525392239098,8.893986732618844,-8.048538659620254
S32,S32_E0I112D0,data/outputs_webcam_sg_p5_n23/S32/S32_E0I112D0.arff,fixation,sg_p5_n23,8,8,0,188.1125,192.8625,4.75,116.68446386363034,100.05189992484614,-16.6325639387842
S32,S32_E0I112D0,data/outputs_webcam_sg_p5_n23/S32/S32_E0I112D0.arff,saccade,sg_p5_n23,7,7,0,42.74285714285714,39.74285714285714,-3.0,17.801952808878127,12.669629979187386,-5.132322829690741
S32,S32_E0I113D0,data/outputs_webcam_sg_p5_n23/S32/S32_E0I113D0.arff,fixation,sg_p5_n23,6,7,1,224.7833333333333,201.4857142857143,-23.29761904761901,227.014478980233,212.83840841172938,-14.176070568503633
S32,S32_E0I113D0,data/outputs_webcam_sg_p5_n23/S32/S32_E0I113D0.arff,saccade,sg_p5_n23,4,5,1,40.8,41.720000000000006,0.9200000000000088,7.487322618933952,14.9825565241717,7.495233905237749
S32,S32_E0I114D0,data/outputs_webcam_sg_p5_n23/S32/S32_E0I114D0.arff,fixation,sg_p5_n23,6,6,0,188.43333333333337,182.25,-6.1833333333333655,67.66853527797589,64.85089822045644,-2.8176370575194483
S32,S32_E0I114D0,data/outputs_webcam_sg_p5_n23/S32/S32_E0I114D0.arff,saccade,sg_p5_n23,4,4,0,44.725,48.650000000000006,3.9250000000000043,16.715137849665894,7.267507596601924,-9.44763025306397
S32,S32_E0I115D0,data/outputs_webcam_sg_p5_n23/S32/S32_E0I115D0.arff,fixation,sg_p5_n23,8,9,1,215.2625,194.08888888888885,-21.173611111111143,118.13719551557719,122.8177862164561,4.680590700878909
S32,S32_E0I115D0,data/outputs_webcam_sg_p5_n23/S32/S32_E0I115D0.arff,saccade,sg_p5_n23,4,8,4,33.575,33.5625,-0.012500000000002842,14.247192705933333,11.446888223443086,-2.8003044824902474
S32,S32_E0I116D0,data/outputs_webcam_sg_p5_n23/S32/S32_E0I116D0.arff,fixation,sg_p5_n23,4,5,1,283.2,194.04000000000002,-89.15999999999997,219.19645678401525,117.7636743652303,-101.43278241878495
S32,S32_E0I116D0,data/outputs_webcam_sg_p5_n23/S32/S32_E0I116D0.arff,saccade,sg_p5_n23,2,4,2,22.45,47.050000000000004,24.600000000000005,10.39446968344225,32.78378664319707,22.38931695975482
S32,S32_E0I117D0,data/outputs_webcam_sg_p5_n23/S32/S32_E0I117D0.arff,fixation,sg_p5_n23,8,8,0,278.3125,279.475,1.1625000000000227,101.87056826469276,122.14376482536588,20.273196560673114
S32,S32_E0I117D0,data/outputs_webcam_sg_p5_n23/S32/S32_E0I117D0.arff,saccade,sg_p5_n23,7,7,0,41.528571428571425,53.32857142857143,11.800000000000004,17.95083231920963,8.279636522962887,-9.671195796246744
S32,S32_E0I118D0,data/outputs_webcam_sg_p5_n23/S32/S32_E0I118D0.arff,fixation,sg_p5_n23,5,5,0,195.9,194.08,-1.8199999999999932,75.36176086053192,65.99766662541943,-9.36409423511249
S32,S32_E0I118D0,data/outputs_webcam_sg_p5_n23/S32/S32_E0I118D0.arff,saccade,sg_p5_n23,3,5,2,29.833333333333332,38.459999999999994,8.626666666666662,0.20816659994661224,12.410801746865511,12.2026351469189
S32,S32_E0I119D0,data/outputs_webcam_sg_p5_n23/S32/S32_E0I119D0.arff,fixation,sg_p5_n23,5,5,0,218.56000000000003,211.0,-7.560000000000031,95.03890256100394,102.65456638649836,7.615663825494423
S32,S32_E0I119D0,data/outputs_webcam_sg_p5_n23/S32/S32_E0I119D0.arff,saccade,sg_p5_n23,3,4,1,34.800000000000004,43.175,8.374999999999993,17.062532051251946,17.7152241494898,0.6526920982378535
S32,S32_E0I120D0,data/outputs_webcam_sg_p5_n23/S32/S32_E0I120D0.arff,fixation,sg_p5_n23,5,4,-1,137.10000000000002,189.85000000000002,52.75,66.30607061197338,64.17296938742979,-2.1331012245435943
S32,S32_E0I120D0,data/outputs_webcam_sg_p5_n23/S32/S32_E0I120D0.arff,saccade,sg_p5_n23,2,3,1,36.8,34.66666666666667,-2.1333333333333258,9.333809511662427,8.285730706059265,-1.0480788056031614
S32,S32_E0I121D0,data/outputs_webcam_sg_p5_n23/S32/S32_E0I121D0.arff,fixation,sg_p5_n23,6,6,0,165.9333333333333,160.95000000000002,-4.983333333333292,60.9638144038467,45.4769721947273,-15.486842209119395
S32,S32_E0I121D0,data/outputs_webcam_sg_p5_n23/S32/S32_E0I121D0.arff,saccade,sg_p5_n23,4,6,2,27.625,41.76666666666667,14.141666666666673,17.274330667206762,17.984956676808167,0.7106260096014054
S32,S32_E0I122D0,data/outputs_webcam_sg_p5_n23/S32/S32_E0I122D0.arff,fixation,sg_p5_n23,4,4,0,220.375,220.34999999999997,-0.025000000000034106,118.98115747181707,113.94011585038871,-5.041041621428363
S32,S32_E0I122D0,data/outputs_webcam_sg_p5_n23/S32/S32_E0I122D0.arff,saccade,sg_p5_n23,2,2,0,37.4,38.0,0.6000000000000014,11.313708498984761,10.4651803615609,-0.8485281374238607
S32,S32_E0I123D0,data/outputs_webcam_sg_p5_n23/S32/S32_E0I123D0.arff,fixation,sg_p5_n23,5,5,0,246.68,224.26,-22.420000000000016,211.89471914136982,224.1284631634278,12.233744022057977
S32,S32_E0I123D0,data/outputs_webcam_sg_p5_n23/S32/S32_E0I123D0.arff,saccade,sg_p5_n23,3,5,2,40.46666666666667,34.339999999999996,-6.126666666666672,9.174057626444982,14.516128960573477,5.342071334128494
S32,S32_E0I124D0,data/outputs_webcam_sg_p5_n23/S32/S32_E0I124D0.arff,fixation,sg_p5_n23,6,5,-1,196.2166666666667,245.84000000000006,49.62333333333336,152.2718282108239,160.65320725089805,8.381379040074137
S32,S32_E0I124D0,data/outputs_webcam_sg_p5_n23/S32/S32_E0I124D0.arff,saccade,sg_p5_n23,5,4,-1,41.86,42.8,0.9399999999999977,16.437548479015962,9.04249228181405,-7.395056197201912
S32,S32_E0I125D0,data/outputs_webcam_sg_p5_n23/S32/S32_E0I125D0.arff,fixation,sg_p5_n23,8,9,1,150.2625,142.67777777777778,-7.5847222222222115,70.15887964368547,67.83684061366982,-2.3220390300156453
S32,S32_E0I125D0,data/outputs_webcam_sg_p5_n23/S32/S32_E0I125D0.arff,saccade,sg_p5_n23,5,6,1,46.06,33.49999999999999,-12.56000000000001,11.168169053161757,12.97011950600302,1.8019504528412629
S32,S32_E0I126D0,data/outputs_webcam_sg_p5_n23/S32/S32_E0I126D0.arff,fixation,sg_p5_n23,7,8,1,159.84285714285713,145.4375,-14.405357142857127,53.86040156871147,71.12066080160632,17.260259232894853
S32,S32_E0I126D0,data/outputs_webcam_sg_p5_n23/S32/S32_E0I126D0.arff,saccade,sg_p5_n23,6,7,1,35.06666666666667,38.25714285714286,3.19047619047619,7.456719564705827,12.537125819322538,5.080406254616712
S32,S32_E0I128D0,data/outputs_webcam_sg_p5_n23/S32/S32_E0I128D0.arff,fixation,sg_p5_n23,8,9,1,291.225,243.87777777777774,-47.347222222222285,162.3360337606622,172.68171427352826,10.345680512866068
S32,S32_E0I128D0,data/outputs_webcam_sg_p5_n23/S32/S32_E0I128D0.arff,saccade,sg_p5_n23,6,8,2,28.28333333333333,43.6375,15.354166666666671,11.561559871689749,14.450302764994234,2.888742893304485
S32,S32_E0I129D0,data/outputs_webcam_sg_p5_n23/S32/S32_E0I129D0.arff,fixation,sg_p5_n23,5,6,1,93.97999999999999,98.45,4.470000000000013,70.25302128734393,55.24290904722523,-15.010112240118694
S32,S32_E0I129D0,data/outputs_webcam_sg_p5_n23/S32/S32_E0I129D0.arff,saccade,sg_p5_n23,2,4,2,22.55,30.225,7.675000000000001,10.535891039679559,0.35939764421413056,-10.176493395465428
S32,S32_E0I130D0,data/outputs_webcam_sg_p5_n23/S32/S32_E0I130D0.arff,fixation,sg_p5_n23,4,5,1,262.45000000000005,199.51999999999998,-62.930000000000064,137.54282969315412,106.24550343426304,-31.297326258891076
S32,S32_E0I130D0,data/outputs_webcam_sg_p5_n23/S32/S32_E0I130D0.arff,saccade,sg_p5_n23,3,4,1,32.699999999999996,35.65,2.950000000000003,3.7242448899072143,16.474121119703675,12.74987622979646
S32,S32_E0I131D0,data/outputs_webcam_sg_p5_n23/S32/S32_E0I131D0.arff,fixation,sg_p5_n23,7,8,1,169.8857142857143,157.125,-12.7607142857143,75.59068347734018,79.32963326705674,3.738949789716557
S32,S32_E0I131D0,data/outputs_webcam_sg_p5_n23/S32/S32_E0I131D0.arff,saccade,sg_p5_n23,5,6,1,34.279999999999994,40.03333333333333,5.753333333333337,17.811007832236783,18.309960859233602,0.4989530269968192
S32,S32_E0I132D0,data/outputs_webcam_sg_p5_n23/S32/S32_E0I132D0.arff,fixation,sg_p5_n23,4,4,0,167.42499999999998,151.275,-16.149999999999977,33.16296880558193,37.98160739094648,4.818638585364546
S32,S32_E0I132D0,data/outputs_webcam_sg_p5_n23/S32/S32_E0I132D0.arff,saccade,sg_p5_n23,3,3,0,34.63333333333333,42.36666666666667,7.733333333333334,8.297188278768498,10.872135638104101,2.574947359335603
S32,S32_E0I133D0,data/outputs_webcam_sg_p5_n23/S32/S32_E0I133D0.arff,fixation,sg_p5_n23,7,8,1,246.02857142857147,206.7375,-39.291071428571456,139.167114342023,168.37538789858812,29.208273556565103
S32,S32_E0I133D0,data/outputs_webcam_sg_p5_n23/S32/S32_E0I133D0.arff,saccade,sg_p5_n23,5,8,3,34.519999999999996,43.637499999999996,9.1175,14.691562204204153,13.56549588372753,-1.1260663204766228
S32,S32_E0I134D0,data/outputs_webcam_sg_p5_n23/S32/S32_E0I134D0.arff,fixation,sg_p5_n23,5,5,0,200.38,194.51999999999998,-5.860000000000014,139.71394704896142,137.18932903108754,-2.524618017873877
S32,S32_E0I134D0,data/outputs_webcam_sg_p5_n23/S32/S32_E0I134D0.arff,saccade,sg_p5_n23,3,3,0,39.76666666666667,42.6,2.8333333333333286,8.565823564219224,21.824069281414957,13.258245717195733
S32,S32_E0I135D0,data/outputs_webcam_sg_p5_n23/S32/S32_E0I135D0.arff,fixation,sg_p5_n23,2,4,2,497.05,255.42499999999998,-241.62500000000003,94.32804461028542,227.75304425334616,133.42499964306074
S32,S32_E0I135D0,data/outputs_webcam_sg_p5_n23/S32/S32_E0I135D0.arff,saccade,sg_p5_n23,1,2,1,45.55,48.75,3.200000000000003,0.0,4.5254833995939086,4.5254833995939086
S32,S32_E0I136D0,data/outputs_webcam_sg_p5_n23/S32/S32_E0I136D0.arff,fixation,sg_p5_n23,9,10,1,239.11111111111111,187.52,-51.591111111111104,69.3303765395163,80.83100065362711,11.50062411411082
S32,S32_E0I136D0,data/outputs_webcam_sg_p5_n23/S32/S32_E0I136D0.arff,saccade,sg_p5_n23,7,8,1,38.24285714285714,44.7625,6.519642857142863,14.512851447694802,14.46630938224595,-0.0465420654488522
S32,S32_E0I137D0,data/outputs_webcam_sg_p5_n23/S32/S32_E0I137D0.arff,fixation,sg_p5_n23,2,3,1,465.95000000000005,298.40000000000003,-167.55,425.183307527471,364.9567508623453,-60.22655666512571
S32,S32_E0I137D0,data/outputs_webcam_sg_p5_n23/S32/S32_E0I137D0.arff,saccade,sg_p5_n23,1,2,1,15.1,51.849999999999994,36.74999999999999,0.0,12.091525958289964,12.091525958289964
S32,S32_E0I138D0,data/outputs_webcam_sg_p5_n23/S32/S32_E0I138D0.arff,fixation,sg_p5_n23,7,7,0,147.34285714285716,152.7428571428571,5.399999999999949,77.63686532275023,88.29093681578831,10.654071493038089
S32,S32_E0I138D0,data/outputs_webcam_sg_p5_n23/S32/S32_E0I138D0.arff,saccade,sg_p5_n23,4,9,5,30.275,40.300000000000004,10.025000000000006,12.289121205358828,18.059138960648152,5.770017755289324
S32,S32_E0I139D0,data/outputs_webcam_sg_p5_n23/S32/S32_E0I139D0.arff,fixation,sg_p5_n23,5,6,1,177.74,141.8,-35.94,43.818865800018145,72.9555206958322,29.13665489581406
S32,S32_E0I139D0,data/outputs_webcam_sg_p5_n23/S32/S32_E0I139D0.arff,saccade,sg_p5_n23,3,5,2,37.46666666666666,34.5,-2.9666666666666615,7.005949852327899,22.211145850675962,15.205195998348064
S32,S32_E0I140D0,data/outputs_webcam_sg_p5_n23/S32/S32_E0I140D0.arff,fixation,sg_p5_n23,6,6,0,142.36666666666667,139.88333333333335,-2.48333333333332,94.42606984655599,84.43796342088474,-9.988106425671248
S32,S32_E0I140D0,data/outputs_webcam_sg_p5_n23/S32/S32_E0I140D0.arff,saccade,sg_p5_n23,4,4,0,27.975,42.775,14.799999999999997,17.405434974934312,15.457549396114938,-1.947885578819374
S33,S33_E0I101D0,data/outputs_webcam_sg_p5_n23/S33/S33_E0I101D0.arff,fixation,sg_p5_n23,7,5,-2,155.4857142857143,239.28000000000003,83.79428571428573,87.80631011059567,121.7081632430627,33.901853132467025
S33,S33_E0I101D0,data/outputs_webcam_sg_p5_n23/S33/S33_E0I101D0.arff,saccade,sg_p5_n23,5,3,-2,28.959999999999997,38.233333333333334,9.273333333333337,14.350714267938026,7.823255929172542,-6.527458338765483
S33,S33_E0I102D0,data/outputs_webcam_sg_p5_n23/S33/S33_E0I102D0.arff,fixation,sg_p5_n23,9,8,-1,161.08888888888887,196.6125,35.52361111111114,122.94073210743099,127.91114591778152,4.970413810350536
S33,S33_E0I102D0,data/outputs_webcam_sg_p5_n23/S33/S33_E0I102D0.arff,saccade,sg_p5_n23,7,6,-1,28.97142857142857,34.81666666666667,5.8452380952380985,8.20156779437409,7.433819117160888,-0.767748677213203
S33,S33_E0I103D0,data/outputs_webcam_sg_p5_n23/S33/S33_E0I103D0.arff,fixation,sg_p5_n23,6,5,-1,209.61666666666667,268.38,58.76333333333332,127.23655790167646,264.94590391247795,137.70934601080148
S33,S33_E0I103D0,data/outputs_webcam_sg_p5_n23/S33/S33_E0I103D0.arff,saccade,sg_p5_n23,4,4,0,32.175,25.175,-6.9999999999999964,13.730106821628642,13.674154452835468,-0.055952368793173335
S33,S33_E0I104D0,data/outputs_webcam_sg_p5_n23/S33/S33_E0I104D0.arff,fixation,sg_p5_n23,6,6,0,140.41666666666666,151.00000000000003,10.583333333333371,84.5104352530897,86.57401457712353,2.0635793240338387
S33,S33_E0I104D0,data/outputs_webcam_sg_p5_n23/S33/S33_E0I104D0.arff,saccade,sg_p5_n23,4,4,0,34.2,37.625,3.424999999999997,6.4791974811700275,9.32179346120334,2.8425959800333125
S33,S33_E0I105D0,data/outputs_webcam_sg_p5_n23/S33/S33_E0I105D0.arff,fixation,sg_p5_n23,5,4,-1,309.18,388.175,78.995,292.8624199176125,322.3850428188835,29.522622901271006
S33,S33_E0I105D0,data/outputs_webcam_sg_p5_n23/S33/S33_E0I105D0.arff,saccade,sg_p5_n23,5,4,-1,45.1,66.975,21.874999999999993,20.78677464158401,32.4950637276905,11.70828908610649
S33,S33_E0I106D0,data/outputs_webcam_sg_p5_n23/S33/S33_E0I106D0.arff,fixation,sg_p5_n23,8,7,-1,145.78750000000002,196.1142857142857,50.32678571428568,61.89007392142944,111.45515433828723,49.56508041685779
S33,S33_E0I106D0,data/outputs_webcam_sg_p5_n23/S33/S33_E0I106D0.arff,saccade,sg_p5_n23,6,6,0,35.300000000000004,34.13333333333333,-1.1666666666666714,13.202878474029818,14.995955010157461,1.7930765361276428
S33,S33_E0I107D0,data/outputs_webcam_sg_p5_n23/S33/S33_E0I107D0.arff,fixation,sg_p5_n23,6,4,-2,244.39999999999998,386.20000000000005,141.80000000000007,166.45489479135182,263.3153369377991,96.86044214644727
S33,S33_E0I107D0,data/outputs_webcam_sg_p5_n23/S33/S33_E0I107D0.arff,saccade,sg_p5_n23,5,3,-2,30.8,39.13333333333333,8.333333333333332,3.417601498127012,11.513615128765307,8.096013630638296
S33,S33_E0I108D0,data/outputs_webcam_sg_p5_n23/S33/S33_E0I108D0.arff,fixation,sg_p5_n23,8,6,-2,164.1375,237.96666666666667,73.82916666666668,90.21390354516947,123.60177452879334,33.38787098362387
S33,S33_E0I108D0,data/outputs_webcam_sg_p5_n23/S33/S33_E0I108D0.arff,saccade,sg_p5_n23,7,5,-2,33.49999999999999,35.04,1.5400000000000063,13.970325694127535,7.864032044695646,-6.106293649431889
S33,S33_E0I109D0,data/outputs_webcam_sg_p5_n23/S33/S33_E0I109D0.arff,fixation,sg_p5_n23,8,7,-1,262.17499999999995,273.84285714285716,11.667857142857201,193.46137119036746,278.71859677903836,85.2572255886709
S33,S33_E0I109D0,data/outputs_webcam_sg_p5_n23/S33/S33_E0I109D0.arff,saccade,sg_p5_n23,6,5,-1,27.766666666666666,49.459999999999994,21.693333333333328,19.651022026008384,22.66115619292184,3.0101341669134563
S33,S33_E0I110D0,data/outputs_webcam_sg_p5_n23/S33/S33_E0I110D0.arff,fixation,sg_p5_n23,7,5,-2,150.72857142857143,247.48000000000002,96.75142857142859,94.31554686769505,153.228006578432,58.912459710736954
S33,S33_E0I110D0,data/outputs_webcam_sg_p5_n23/S33/S33_E0I110D0.arff,saccade,sg_p5_n23,5,3,-2,29.1,38.733333333333334,9.633333333333333,10.290529626797642,8.088469158829337,-2.2020604679683053
S33,S33_E0I111D0,data/outputs_webcam_sg_p5_n23/S33/S33_E0I111D0.arff,fixation,sg_p5_n23,7,5,-2,200.0142857142857,299.68,99.6657142857143,172.0640813628402,202.98063208099438,30.916550718154184
S33,S33_E0I111D0,data/outputs_webcam_sg_p5_n23/S33/S33_E0I111D0.arff,saccade,sg_p5_n23,6,4,-2,33.25000000000001,34.0,0.7499999999999929,11.587536407709795,6.928684338795256,-4.6588520689145385
S33,S33_E0I112D0,data/outputs_webcam_sg_p5_n23/S33/S33_E0I112D0.arff,fixation,sg_p5_n23,9,5,-4,149.64444444444445,292.2,142.55555555555554,55.54277880857041,160.3365055126249,104.7937267040545
S33,S33_E0I112D0,data/outputs_webcam_sg_p5_n23/S33/S33_E0I112D0.arff,saccade,sg_p5_n23,8,6,-2,32.7625,32.93333333333333,0.17083333333332718,18.47924994612683,19.56912534240267,1.0898753962758398
S33,S33_E0I113D0,data/outputs_webcam_sg_p5_n23/S33/S33_E0I113D0.arff,fixation,sg_p5_n23,5,6,1,210.54000000000002,178.16666666666666,-32.37333333333336,91.69290048853291,106.50285755164819,14.809957063115277
S33,S33_E0I113D0,data/outputs_webcam_sg_p5_n23/S33/S33_E0I113D0.arff,saccade,sg_p5_n23,4,4,0,32.724999999999994,34.025,1.3000000000000043,7.734500630292816,15.389688106001367,7.655187475708551
S33,S33_E0I114D0,data/outputs_webcam_sg_p5_n23/S33/S33_E0I114D0.arff,fixation,sg_p5_n23,6,6,0,195.9,208.88333333333335,12.983333333333348,81.12868789768511,91.56685899749246,10.438171099807349
S33,S33_E0I114D0,data/outputs_webcam_sg_p5_n23/S33/S33_E0I114D0.arff,saccade,sg_p5_n23,4,3,-1,29.474999999999998,48.1,18.625000000000004,12.04778679536896,17.842645543752756,5.794858748383795
S33,S33_E0I115D0,data/outputs_webcam_sg_p5_n23/S33/S33_E0I115D0.arff,fixation,sg_p5_n23,5,5,0,274.41999999999996,270.24,-4.17999999999995,81.92183469625178,109.65907623174655,27.737241535494775
S33,S33_E0I115D0,data/outputs_webcam_sg_p5_n23/S33/S33_E0I115D0.arff,saccade,sg_p5_n23,4,4,0,29.0,39.650000000000006,10.650000000000006,0.38297084310253576,13.39166407384335,13.008693230740814
S33,S33_E0I116D0,data/outputs_webcam_sg_p5_n23/S33/S33_E0I116D0.arff,fixation,sg_p5_n23,7,6,-1,173.4857142857143,210.98333333333335,37.497619047619054,37.909824081691035,83.55341804299012,45.64359396129908
S33,S33_E0I116D0,data/outputs_webcam_sg_p5_n23/S33/S33_E0I116D0.arff,saccade,sg_p5_n23,7,5,-2,33.214285714285715,39.12,5.905714285714282,10.98414441690515,8.259358328587032,-2.724786088318117
S33,S33_E0I117D0,data/outputs_webcam_sg_p5_n23/S33/S33_E0I117D0.arff,fixation,sg_p5_n23,9,7,-2,174.26666666666665,243.7,69.43333333333334,112.29578130989604,159.07671105476123,46.78092974486519
S33,S33_E0I117D0,data/outputs_webcam_sg_p5_n23/S33/S33_E0I117D0.arff,saccade,sg_p5_n23,7,7,0,34.042857142857144,37.08571428571428,3.0428571428571374,12.245796168870516,18.67729714309403,6.431500974223514
S33,S33_E0I118D0,data/outputs_webcam_sg_p5_n23/S33/S33_E0I118D0.arff,fixation,sg_p5_n23,6,6,0,218.01666666666665,205.16666666666666,-12.849999999999994,61.14731119735901,188.70989021952897,127.56257902216996
S33,S33_E0I118D0,data/outputs_webcam_sg_p5_n23/S33/S33_E0I118D0.arff,saccade,sg_p5_n23,5,4,-1,34.8,30.725,-4.074999999999996,11.964113005150027,14.613777745675483,2.6496647405254556
S33,S33_E0I119D0,data/outputs_webcam_sg_p5_n23/S33/S33_E0I119D0.arff,fixation,sg_p5_n23,7,6,-1,238.22857142857143,282.81666666666666,44.588095238095235,187.85456000397147,193.41438846855905,5.559828464587582
S33,S33_E0I119D0,data/outputs_webcam_sg_p5_n23/S33/S33_E0I119D0.arff,saccade,sg_p5_n23,6,5,-1,43.88333333333333,39.8,-4.083333333333336,25.881222279225273,19.598979565273293,-6.28224271395198
S33,S33_E0I120D0,data/outputs_webcam_sg_p5_n23/S33/S33_E0I120D0.arff,fixation,sg_p5_n23,6,5,-1,174.41666666666666,235.17,60.75333333333333,128.88608406909827,122.12611104919374,-6.759973019904535
S33,S33_E0I120D0,data/outputs_webcam_sg_p5_n23/S33/S33_E0I120D0.arff,saccade,sg_p5_n23,4,3,-1,43.125,42.81666666666666,-0.3083333333333371,11.817324852379521,0.4725815626252608,-11.34474328975426
S33,S33_E0I121D0,data/outputs_webcam_sg_p5_n23/S33/S33_E0I121D0.arff,fixation,sg_p5_n23,7,7,0,176.45714285714286,186.57142857142858,10.114285714285728,79.70478566022781,116.18856389917373,36.483778238945916
S33,S33_E0I121D0,data/outputs_webcam_sg_p5_n23/S33/S33_E0I121D0.arff,saccade,sg_p5_n23,5,6,1,30.24,33.86666666666667,3.6266666666666687,10.512516349571115,5.831523528775879,-4.680992820795236
S33,S33_E0I122D0,data/outputs_webcam_sg_p5_n23/S33/S33_E0I122D0.arff,fixation,sg_p5_n23,7,6,-1,168.48571428571427,167.73333333333332,-0.7523809523809462,53.35942367790431,100.09906426469065,46.739640586786344
S33,S33_E0I122D0,data/outputs_webcam_sg_p5_n23/S33/S33_E0I122D0.arff,saccade,sg_p5_n23,6,4,-2,32.583333333333336,32.575,-0.00833333333333286,11.768673105608238,6.8226949709529485,-4.94597813465529
S33,S33_E0I123D0,data/outputs_webcam_sg_p5_n23/S33/S33_E0I123D0.arff,fixation,sg_p5_n23,8,8,0,151.3875,160.2,8.8125,78.87142226434109,105.74095030511393,26.869528040772835
S33,S33_E0I123D0,data/outputs_webcam_sg_p5_n23/S33/S33_E0I123D0.arff,saccade,sg_p5_n23,7,6,-1,24.685714285714287,34.9,10.214285714285712,13.613771039089864,17.72343081911626,4.109659780026396
S33,S33_E0I124D0,data/outputs_webcam_sg_p5_n23/S33/S33_E0I124D0.arff,fixation,sg_p5_n23,5,5,0,294.76000000000005,320.5,25.739999999999952,154.22161975546751,157.5498809901169,3.328261234649375
S33,S33_E0I124D0,data/outputs_webcam_sg_p5_n23/S33/S33_E0I124D0.arff,saccade,sg_p5_n23,3,3,0,43.166666666666664,38.5,-4.666666666666664,0.20816659994661224,8.143095234614414,7.934928634667802
S33,S33_E0I125D0,data/outputs_webcam_sg_p5_n23/S33/S33_E0I125D0.arff,fixation,sg_p5_n23,8,7,-1,314.725,371.2142857142857,56.4892857142857,214.94563930711146,553.1960153766216,338.25037606951014
S33,S33_E0I125D0,data/outputs_webcam_sg_p5_n23/S33/S33_E0I125D0.arff,saccade,sg_p5_n23,7,6,-1,27.128571428571433,32.800000000000004,5.671428571428571,5.534652739999227,12.659699838463785,7.125047098464559
S33,S33_E0I126D0,data/outputs_webcam_sg_p5_n23/S33/S33_E0I126D0.arff,fixation,sg_p5_n23,6,6,0,207.61666666666667,231.5333333333333,23.91666666666663,129.23098183743193,112.03623372225016,-17.194748115181767
S33,S33_E0I126D0,data/outputs_webcam_sg_p5_n23/S33/S33_E0I126D0.arff,saccade,sg_p5_n23,5,4,-1,28.830000000000002,43.05,14.219999999999995,10.044749872445806,11.723765038018573,1.6790151655727676
S33,S33_E0I127D0,data/outputs_webcam_sg_p5_n23/S33/S33_E0I127D0.arff,fixation,sg_p5_n23,6,6,0,153.96666666666667,178.66666666666666,24.69999999999999,88.50316755160047,77.70013299001917,-10.803034561581299
S33,S33_E0I127D0,data/outputs_webcam_sg_p5_n23/S33/S33_E0I127D0.arff,saccade,sg_p5_n23,4,4,0,39.95,43.6,3.6499999999999986,9.225508116087697,9.948869282486326,0.7233611663986288
S33,S33_E0I128D0,data/outputs_webcam_sg_p5_n23/S33/S33_E0I128D0.arff,fixation,sg_p5_n23,6,6,0,262.15,267.15000000000003,5.000000000000057,165.48807509908377,179.06713545483439,13.579060355750613
S33,S33_E0I128D0,data/outputs_webcam_sg_p5_n23/S33/S33_E0I128D0.arff,saccade,sg_p5_n23,5,6,1,40.08,36.99999999999999,-3.0800000000000054,12.787376587869772,17.09994152036784,4.312564932498066
S33,S33_E0I129D0,data/outputs_webcam_sg_p5_n23/S33/S33_E0I129D0.arff,fixation,sg_p5_n23,7,6,-1,144.12857142857143,162.18333333333337,18.054761904761932,63.22319496001749,122.64697985138757,59.42378489137008
S33,S33_E0I129D0,data/outputs_webcam_sg_p5_n23/S33/S33_E0I129D0.arff,saccade,sg_p5_n23,6,3,-3,28.78333333333333,57.599999999999994,28.816666666666663,13.37331920903209,12.574179893734621,-0.7991393152974684
S33,S33_E0I130D0,data/outputs_webcam_sg_p5_n23/S33/S33_E0I130D0.arff,fixation,sg_p5_n23,9,9,0,202.5,220.9888888888889,18.48888888888891,127.65565009038966,162.77582317749494,35.120173087105286
S33,S33_E0I130D0,data/outputs_webcam_sg_p5_n23/S33/S33_E0I130D0.arff,saccade,sg_p5_n23,7,7,0,33.385714285714286,34.357142857142854,0.971428571428568,11.883241501014298,15.457129654074109,3.5738881530598103
S33,S33_E0I131D0,data/outputs_webcam_sg_p5_n23/S33/S33_E0I131D0.arff,fixation,sg_p5_n23,9,9,0,192.57777777777775,210.04444444444445,17.466666666666697,98.75268069497884,182.6493300775499,83.89664938257107
S33,S33_E0I131D0,data/outputs_webcam_sg_p5_n23/S33/S33_E0I131D0.arff,saccade,sg_p5_n23,6,5,-1,35.21666666666667,47.86,12.64333333333333,16.02141275501841,13.298608949811257,-2.7228038052071533
S33,S33_E0I132D0,data/outputs_webcam_sg_p5_n23/S33/S33_E0I132D0.arff,fixation,sg_p5_n23,8,8,0,148.1,148.8875,0.7874999999999943,60.65353599396682,62.933126355339624,2.2795903613728044
S33,S33_E0I132D0,data/outputs_webcam_sg_p5_n23/S33/S33_E0I132D0.arff,saccade,sg_p5_n23,7,7,0,28.985714285714288,41.0,12.014285714285712,11.842216652219095,15.87765725792064,4.035440605701545
S33,S33_E0I133D0,data/outputs_webcam_sg_p5_n23/S33/S33_E0I133D0.arff,fixation,sg_p5_n23,7,7,0,210.45714285714283,213.82857142857142,3.371428571428595,162.6976322009928,173.0157287097112,10.318096508718384
S33,S33_E0I133D0,data/outputs_webcam_sg_p5_n23/S33/S33_E0I133D0.arff,saccade,sg_p5_n23,6,6,0,33.61666666666667,44.333333333333336,10.716666666666669,10.832066592606724,12.160701734137989,1.3286351415312652
S33,S33_E0I134D0,data/outputs_webcam_sg_p5_n23/S33/S33_E0I134D0.arff,fixation,sg_p5_n23,7,7,0,190.42857142857142,186.32857142857142,-4.099999999999994,117.88430365243309,126.68288116771097,8.798577515277884
S33,S33_E0I134D0,data/outputs_webcam_sg_p5_n23/S33/S33_E0I134D0.arff,saccade,sg_p5_n23,6,6,0,38.68333333333333,32.71666666666666,-5.966666666666669,12.700774254614034,12.880903177443214,0.18012892282918003
S33,S33_E0I135D0,data/outputs_webcam_sg_p5_n23/S33/S33_E0I135D0.arff,fixation,sg_p5_n23,8,7,-1,165.9375,219.3571428571429,53.41964285714289,55.858032738618455,135.07606322788232,79.21803048926387
S33,S33_E0I135D0,data/outputs_webcam_sg_p5_n23/S33/S33_E0I135D0.arff,saccade,sg_p5_n23,6,5,-1,34.833333333333336,43.2,8.366666666666667,9.430729911659366,8.927205609819907,-0.5035243018394588
S33,S33_E0I136D0,data/outputs_webcam_sg_p5_n23/S33/S33_E0I136D0.arff,fixation,sg_p5_n23,6,5,-1,152.95000000000002,187.33999999999997,34.38999999999996,74.18991171311636,77.94435835902429,3.754446645907933
S33,S33_E0I136D0,data/outputs_webcam_sg_p5_n23/S33/S33_E0I136D0.arff,saccade,sg_p5_n23,4,3,-1,38.275000000000006,36.333333333333336,-1.94166666666667,15.965457504667173,11.924903912960195,-4.040553591706978
S33,S33_E0I137D0,data/outputs_webcam_sg_p5_n23/S33/S33_E0I137D0.arff,fixation,sg_p5_n23,1,6,5,557.7,173.95000000000002,-383.75,0.0,170.73152901558632,170.73152901558632
S33,S33_E0I137D0,data/outputs_webcam_sg_p5_n23/S33/S33_E0I137D0.arff,saccade,sg_p5_n23,0,3,3,0.0,33.56666666666666,33.56666666666666,0.0,4.324735059322516,4.324735059322516
S33,S33_E0I138D0,data/outputs_webcam_sg_p5_n23/S33/S33_E0I138D0.arff,fixation,sg_p5_n23,7,5,-2,199.65,300.96999999999997,101.31999999999996,74.86803946500358,154.63735641816953,79.76931695316595
S33,S33_E0I138D0,data/outputs_webcam_sg_p5_n23/S33/S33_E0I138D0.arff,saccade,sg_p5_n23,6,4,-2,30.133333333333336,37.900000000000006,7.766666666666669,14.688964111422791,10.613356365134141,-4.07560774628865
S33,S33_E0I139D0,data/outputs_webcam_sg_p5_n23/S33/S33_E0I139D0.arff,fixation,sg_p5_n23,9,7,-2,145.73333333333332,202.7142857142857,56.980952380952374,80.34637515158975,100.28702854925007,19.940653397660313
S33,S33_E0I139D0,data/outputs_webcam_sg_p5_n23/S33/S33_E0I139D0.arff,saccade,sg_p5_n23,7,6,-1,30.071428571428573,37.23333333333333,7.161904761904754,8.923510946877784,14.287150404005224,5.363639457127441
S33,S33_E0I140D0,data/outputs_webcam_sg_p5_n23/S33/S33_E0I140D0.arff,fixation,sg_p5_n23,5,6,1,192.76999999999998,176.54999999999998,-16.22,82.76682306335069,117.17165186170246,34.40482879835177
S33,S33_E0I140D0,data/outputs_webcam_sg_p5_n23/S33/S33_E0I140D0.arff,saccade,sg_p5_n23,4,4,0,44.875,39.725,-5.149999999999999,12.397412364414329,12.442768984434291,0.045356620019962435
S34,S34_E0I101D0,data/outputs_webcam_sg_p5_n23/S34/S34_E0I101D0.arff,fixation,sg_p5_n23,5,5,0,115.96,120.05999999999999,4.099999999999994,25.813426738811714,31.00843433648335,5.195007597671637
S34,S34_E0I101D0,data/outputs_webcam_sg_p5_n23/S34/S34_E0I101D0.arff,saccade,sg_p5_n23,4,3,-1,28.774999999999995,31.53333333333333,2.7583333333333364,11.512999898665276,4.647938611183815,-6.865061287481462
S34,S34_E0I102D0,data/outputs_webcam_sg_p5_n23/S34/S34_E0I102D0.arff,fixation,sg_p5_n23,6,5,-1,135.0666666666667,163.72,28.653333333333308,69.37517327305689,84.51116494286421,15.135991669807325
S34,S34_E0I102D0,data/outputs_webcam_sg_p5_n23/S34/S34_E0I102D0.arff,saccade,sg_p5_n23,4,5,1,25.35,33.3,7.949999999999996,7.252355939049507,14.264816858270562,7.012460919221055
S34,S34_E0I103D0,data/outputs_webcam_sg_p5_n23/S34/S34_E0I103D0.arff,fixation,sg_p5_n23,7,7,0,163.4714285714286,173.05714285714285,9.58571428571426,131.58644451824202,131.85582855456,0.26938403631797314
S34,S34_E0I103D0,data/outputs_webcam_sg_p5_n23/S34/S34_E0I103D0.arff,saccade,sg_p5_n23,6,6,0,29.983333333333334,27.53333333333333,-2.450000000000003,14.405334660002406,11.329724915754428,-3.075609744247979
S34,S34_E0I104D0,data/outputs_webcam_sg_p5_n23/S34/S34_E0I104D0.arff,fixation,sg_p5_n23,4,3,-1,116.675,150.7,34.02499999999999,50.242835310121585,12.31218908236874,-37.930646227752845
S34,S34_E0I104D0,data/outputs_webcam_sg_p5_n23/S34/S34_E0I104D0.arff,saccade,sg_p5_n23,3,3,0,36.0,31.266666666666666,-4.733333333333334,6.600000000000001,4.129568177586289,-2.4704318224137127
S34,S34_E0I105D0,data/outputs_webcam_sg_p5_n23/S34/S34_E0I105D0.arff,fixation,sg_p5_n23,8,5,-3,88.125,97.68,9.555000000000007,32.040365166458386,32.45145605361954,0.4110908871611514
S34,S34_E0I105D0,data/outputs_webcam_sg_p5_n23/S34/S34_E0I105D0.arff,saccade,sg_p5_n23,7,3,-4,33.75714285714286,35.63333333333333,1.876190476190473,11.96451101422552,7.25005747103658,-4.71445354318894
S34,S34_E0I106D0,data/outputs_webcam_sg_p5_n23/S34/S34_E0I106D0.arff,fixation,sg_p5_n23,5,5,0,129.36,139.3,9.939999999999998,53.5349698795096,48.46849492195936,-5.066474957550241
S34,S34_E0I106D0,data/outputs_webcam_sg_p5_n23/S34/S34_E0I106D0.arff,saccade,sg_p5_n23,4,4,0,27.375,39.849999999999994,12.474999999999994,9.112765771158612,4.451591475715922,-4.66117429544269
S34,S34_E0I107D0,data/outputs_webcam_sg_p5_n23/S34/S34_E0I107D0.arff,fixation,sg_p5_n23,6,3,-3,133.78333333333333,131.33333333333334,-2.4499999999999886,52.123599901260334,40.50485567599683,-11.618744225263505
S34,S34_E0I107D0,data/outputs_webcam_sg_p5_n23/S34/S34_E0I107D0.arff,saccade,sg_p5_n23,5,3,-2,31.639999999999997,31.46666666666667,-0.17333333333332845,18.68737541764493,3.927255190757704,-14.760120226887226
S34,S34_E0I108D0,data/outputs_webcam_sg_p5_n23/S34/S34_E0I108D0.arff,fixation,sg_p5_n23,5,5,0,116.05999999999999,130.32,14.260000000000005,35.31894675666307,22.972962368836978,-12.345984387826089
S34,S34_E0I108D0,data/outputs_webcam_sg_p5_n23/S34/S34_E0I108D0.arff,saccade,sg_p5_n23,4,4,0,41.724999999999994,32.650000000000006,-9.074999999999989,9.287042945236479,7.372245248226623,-1.9147976970098561
S34,S34_E0I109D0,data/outputs_webcam_sg_p5_n23/S34/S34_E0I109D0.arff,fixation,sg_p5_n23,5,5,0,199.18,203.58,4.400000000000006,114.49033583669846,122.76810253481969,8.277766698121226
S34,S34_E0I109D0,data/outputs_webcam_sg_p5_n23/S34/S34_E0I109D0.arff,saccade,sg_p5_n23,4,4,0,31.025,34.425,3.3999999999999986,12.407893992669882,10.456696419041725,-1.951197573628157
S34,S34_E0I110D0,data/outputs_webcam_sg_p5_n23/S34/S34_E0I110D0.arff,fixation,sg_p5_n23,5,5,0,137.71999999999997,139.01999999999998,1.3000000000000114,64.88183104691174,70.29962304308609,5.417791996174344
S34,S34_E0I110D0,data/outputs_webcam_sg_p5_n23/S34/S34_E0I110D0.arff,saccade,sg_p5_n23,4,4,0,30.725,36.025,5.299999999999997,12.471667891665493,10.39819695908863,-2.073470932576864
S34,S34_E0I111D0,data/outputs_webcam_sg_p5_n23/S34/S34_E0I111D0.arff,fixation,sg_p5_n23,7,7,0,103.92142857142856,118.09285714285714,14.171428571428578,53.27988095224795,49.16431148515683,-4.11556946709112
S34,S34_E0I111D0,data/outputs_webcam_sg_p5_n23/S34/S34_E0I111D0.arff,saccade,sg_p5_n23,6,6,0,42.050000000000004,34.98333333333334,-7.066666666666663,8.457422775290354,14.134732635132037,5.677309859841683
S34,S34_E0I112D0,data/outputs_webcam_sg_p5_n23/S34/S34_E0I112D0.arff,fixation,sg_p5_n23,6,6,0,117.18333333333332,132.96666666666667,15.783333333333346,58.16327592791406,22.15178698585436,-36.0114889420597
S34,S34_E0I112D0,data/outputs_webcam_sg_p5_n23/S34/S34_E0I112D0.arff,saccade,sg_p5_n23,6,5,-1,36.03333333333333,35.910000000000004,-0.12333333333332774,12.652022236254043,10.007147445700998,-2.644874790553045
S34,S34_E0I113D0,data/outputs_webcam_sg_p5_n23/S34/S34_E0I113D0.arff,fixation,sg_p5_n23,4,4,0,184.75,191.825,7.074999999999989,62.873974478051466,43.61990180334355,-19.254072674707913
S34,S34_E0I113D0,data/outputs_webcam_sg_p5_n23/S34/S34_E0I113D0.arff,saccade,sg_p5_n23,2,2,0,36.1,28.700000000000003,-7.399999999999999,10.323759005323593,0.141421356237309,-10.182337649086284
S34,S34_E0I114D0,data/outputs_webcam_sg_p5_n23/S34/S34_E0I114D0.arff,fixation,sg_p5_n23,5,5,0,154.6,153.6,-1.0,74.9039051051412,86.01648097893798,11.112575873796771
S34,S34_E0I114D0,data/outputs_webcam_sg_p5_n23/S34/S34_E0I114D0.arff,saccade,sg_p5_n23,4,4,0,32.1,31.950000000000003,-0.14999999999999858,13.69038592102745,6.969218033610369,-6.7211678874170815
S34,S34_E0I115D0,data/outputs_webcam_sg_p5_n23/S34/S34_E0I115D0.arff,fixation,sg_p5_n23,6,5,-1,108.03333333333335,123.92,15.886666666666656,53.11710333467617,15.791991641335176,-37.325111693341
S34,S34_E0I115D0,data/outputs_webcam_sg_p5_n23/S34/S34_E0I115D0.arff,saccade,sg_p5_n23,5,5,0,33.019999999999996,34.36,1.3400000000000034,6.223905526275282,7.618923808517841,1.3950182822425585
S34,S34_E0I116D0,data/outputs_webcam_sg_p5_n23/S34/S34_E0I116D0.arff,fixation,sg_p5_n23,6,6,0,113.3,121.76666666666665,8.466666666666654,89.66087217956336,93.28660496913085,3.6257327895674933
S34,S34_E0I116D0,data/outputs_webcam_sg_p5_n23/S34/S34_E0I116D0.arff,saccade,sg_p5_n23,5,4,-1,30.619999999999997,32.7,2.0800000000000054,16.63045399260044,7.0696534568534535,-9.560800535746987
S34,S34_E0I117D0,data/outputs_webcam_sg_p5_n23/S34/S34_E0I117D0.arff,fixation,sg_p5_n23,5,3,-2,78.06,103.63333333333333,25.573333333333323,32.5649811914578,21.434629302447316,-11.13035188901048
S34,S34_E0I117D0,data/outputs_webcam_sg_p5_n23/S34/S34_E0I117D0.arff,saccade,sg_p5_n23,4,2,-2,36.325,44.1,7.774999999999999,14.48456074584245,0.565685424949236,-13.918875320893214
S34,S34_E0I118D0,data/outputs_webcam_sg_p5_n23/S34/S34_E0I118D0.arff,fixation,sg_p5_n23,4,5,1,123.225,107.21999999999998,-16.00500000000001,26.471541322711072,57.13218882556488,30.66064750285381
S34,S34_E0I118D0,data/outputs_webcam_sg_p5_n23/S34/S34_E0I118D0.arff,saccade,sg_p5_n23,4,4,0,37.525,28.775,-8.75,10.618027123717473,0.22173557826083432,-10.39629154545664
S34,S34_E0I119D0,data/outputs_webcam_sg_p5_n23/S34/S34_E0I119D0.arff,fixation,sg_p5_n23,5,2,-3,107.67999999999999,132.85,25.17,64.17092020533912,127.63277400417182,63.461853798832706
S34,S34_E0I119D0,data/outputs_webcam_sg_p5_n23/S34/S34_E0I119D0.arff,saccade,sg_p5_n23,4,1,-3,41.55,29.3,-12.249999999999996,9.13692143631176,0.0,-9.13692143631176
S34,S34_E0I120D0,data/outputs_webcam_sg_p5_n23/S34/S34_E0I120D0.arff,fixation,sg_p5_n23,5,5,0,126.38999999999999,128.89000000000001,2.5000000000000284,40.87319414971138,43.05488357898556,2.1816894292741793
S34,S34_E0I120D0,data/outputs_webcam_sg_p5_n23/S34/S34_E0I120D0.arff,saccade,sg_p5_n23,5,4,-1,28.99,43.175,14.184999999999999,14.233165494716907,15.802188666974798,1.5690231722578911
S34,S34_E0I121D0,data/outputs_webcam_sg_p5_n23/S34/S34_E0I121D0.arff,fixation,sg_p5_n23,7,7,0,206.77142857142854,202.72857142857146,-4.042857142857088,108.0785781161977,111.88523456777357,3.8066564515758614
S34,S34_E0I121D0,data/outputs_webcam_sg_p5_n23/S34/S34_E0I121D0.arff,saccade,sg_p5_n23,6,6,0,35.03333333333334,38.983333333333334,3.9499999999999957,12.550166001558173,10.889520956711854,-1.6606450448463193
S34,S34_E0I122D0,data/outputs_webcam_sg_p5_n23/S34/S34_E0I122D0.arff,fixation,sg_p5_n23,5,2,-3,108.78,155.7,46.91999999999999,57.060161233561196,47.94183976444792,-9.118321469113276
S34,S34_E0I122D0,data/outputs_webcam_sg_p5_n23/S34/S34_E0I122D0.arff,saccade,sg_p5_n23,3,2,-1,33.666666666666664,21.6,-12.066666666666663,7.827089710315922,9.899494936611667,2.0724052262957455
S34,S34_E0I123D0,data/outputs_webcam_sg_p5_n23/S34/S34_E0I123D0.arff,fixation,sg_p5_n23,5,6,1,205.56000000000003,174.73333333333335,-30.826666666666682,113.22141140261412,139.5358830791086,26.314471676494477
S34,S34_E0I123D0,data/outputs_webcam_sg_p5_n23/S34/S34_E0I123D0.arff,saccade,sg_p5_n23,4,4,0,43.650000000000006,30.875,-12.775000000000006,5.838093296045663,14.896839709593888,9.058746413548224
S34,S34_E0I124D0,data/outputs_webcam_sg_p5_n23/S34/S34_E0I124D0.arff,fixation,sg_p5_n23,11,14,3,220.89999999999998,150.87142857142857,-70.02857142857141,228.82130582618393,181.00259848781357,-47.81870733837036
S34,S34_E0I124D0,data/outputs_webcam_sg_p5_n23/S34/S34_E0I124D0.arff,saccade,sg_p5_n23,9,8,-1,31.511111111111113,38.95,7.43888888888889,15.814901552368612,12.680356011225731,-3.134545541142881
S34,S34_E0I125D0,data/outputs_webcam_sg_p5_n23/S34/S34_E0I125D0.arff,fixation,sg_p5_n23,5,4,-1,106.8,131.52499999999998,24.72499999999998,57.79044038593234,23.634491038875076,-34.155949347057266
S34,S34_E0I125D0,data/outputs_webcam_sg_p5_n23/S34/S34_E0I125D0.arff,saccade,sg_p5_n23,4,4,0,25.325,34.375,9.05,13.726221864251892,6.781531292168952,-6.94469057208294
S34,S34_E0I126D0,data/outputs_webcam_sg_p5_n23/S34/S34_E0I126D0.arff,fixation,sg_p5_n23,5,5,0,133.37999999999997,136.76000000000002,3.3800000000000523,63.046149763486746,61.15495073990331,-1.8911990235834324
S34,S34_E0I126D0,data/outputs_webcam_sg_p5_n23/S34/S34_E0I126D0.arff,saccade,sg_p5_n23,4,4,0,29.099999999999998,25.45,-3.6499999999999986,11.928397489464652,7.2339477465627295,-4.694449742901923
S34,S34_E0I127D0,data/outputs_webcam_sg_p5_n23/S34/S34_E0I127D0.arff,fixation,sg_p5_n23,5,4,-1,247.10000000000005,294.725,47.62499999999997,259.99571150309384,283.755215811093,23.75950430799918
S34,S34_E0I127D0,data/outputs_webcam_sg_p5_n23/S34/S34_E0I127D0.arff,saccade,sg_p5_n23,4,4,0,25.625,32.7,7.075000000000003,7.354080499967349,6.804410334481599,-0.5496701654857503
S34,S34_E0I128D0,data/outputs_webcam_sg_p5_n23/S34/S34_E0I128D0.arff,fixation,sg_p5_n23,5,4,-1,119.06000000000002,179.4,60.33999999999999,60.072814150828655,59.20624967011507,-0.8665644807135848
S34,S34_E0I128D0,data/outputs_webcam_sg_p5_n23/S34/S34_E0I128D0.arff,saccade,sg_p5_n23,4,3,-1,32.6,33.833333333333336,1.2333333333333343,12.617712418131374,7.766809726865549,-4.850902691265825
S34,S34_E0I129D0,data/outputs_webcam_sg_p5_n23/S34/S34_E0I129D0.arff,fixation,sg_p5_n23,6,6,0,151.4333333333333,135.79999999999998,-15.633333333333326,25.70047989175818,57.46748645973652,31.76700656797834
S34,S34_E0I129D0,data/outputs_webcam_sg_p5_n23/S34/S34_E0I129D0.arff,saccade,sg_p5_n23,5,5,0,37.54,36.18,-1.3599999999999994,15.73810662055636,15.309049611259349,-0.4290570092970114
S34,S34_E0I130D0,data/outputs_webcam_sg_p5_n23/S34/S34_E0I130D0.arff,fixation,sg_p5_n23,4,4,0,111.025,114.45,3.424999999999997,22.24355711960956,17.736309274103974,-4.507247845505585
S34,S34_E0I130D0,data/outputs_webcam_sg_p5_n23/S34/S34_E0I130D0.arff,saccade,sg_p5_n23,3,3,0,33.76666666666667,33.56666666666667,-0.20000000000000284,8.000208330620731,4.052571200279318,-3.9476371303414135
S34,S34_E0I131D0,data/outputs_webcam_sg_p5_n23/S34/S34_E0I131D0.arff,fixation,sg_p5_n23,4,4,0,140.475,151.12499999999997,10.649999999999977,74.57981742178421,88.54073921082882,13.960921789044605
S34,S34_E0I131D0,data/outputs_webcam_sg_p5_n23/S34/S34_E0I131D0.arff,saccade,sg_p5_n23,3,3,0,45.53333333333333,28.666666666666668,-16.866666666666664,14.693649421887448,0.1527525231651949,-14.540896898722254
S34,S34_E0I132D0,data/outputs_webcam_sg_p5_n23/S34/S34_E0I132D0.arff,fixation,sg_p5_n23,5,4,-1,234.17,140.10000000000002,-94.06999999999996,152.99048009598508,35.25455053370179,-117.73592956228329
S34,S34_E0I132D0,data/outputs_webcam_sg_p5_n23/S34/S34_E0I132D0.arff,saccade,sg_p5_n23,4,3,-1,32.55,29.116666666666664,-3.4333333333333336,7.147493733237313,14.354906246065605,7.2074125128282915
S34,S34_E0I133D0,data/outputs_webcam_sg_p5_n23/S34/S34_E0I133D0.arff,fixation,sg_p5_n23,7,7,0,122.04285714285713,135.24285714285716,13.200000000000031,72.16732541214796,71.58642462419947,-0.5809007879484938
S34,S34_E0I133D0,data/outputs_webcam_sg_p5_n23/S34/S34_E0I133D0.arff,saccade,sg_p5_n23,7,6,-1,28.957142857142856,32.38333333333333,3.4261904761904773,11.746468567596127,8.79259157852033,-2.9538769890757965
S34,S34_E0I134D0,data/outputs_webcam_sg_p5_n23/S34/S34_E0I134D0.arff,fixation,sg_p5_n23,6,6,0,113.56666666666666,117.18333333333334,3.6166666666666742,58.96268876727609,58.97411013882843,0.011421371552337689
S34,S34_E0I134D0,data/outputs_webcam_sg_p5_n23/S34/S34_E0I134D0.arff,saccade,sg_p5_n23,4,4,0,36.275,43.325,7.050000000000004,6.1004781233386405,6.064308149602336,-0.03616997373630415
S34,S34_E0I135D0,data/outputs_webcam_sg_p5_n23/S34/S34_E0I135D0.arff,fixation,sg_p5_n23,6,6,0,137.61666666666665,135.26666666666668,-2.349999999999966,112.02828958199206,100.38042969955183,-11.64785988244023
S34,S34_E0I135D0,data/outputs_webcam_sg_p5_n23/S34/S34_E0I135D0.arff,saccade,sg_p5_n23,4,4,0,27.375,41.625,14.25,15.304329452805177,16.1526829556785,0.8483535028733229
S34,S34_E0I136D0,data/outputs_webcam_sg_p5_n23/S34/S34_E0I136D0.arff,fixation,sg_p5_n23,5,5,0,168.82,176.18,7.360000000000014,101.68784096439455,106.44781350502227,4.7599725406277145
S34,S34_E0I136D0,data/outputs_webcam_sg_p5_n23/S34/S34_E0I136D0.arff,saccade,sg_p5_n23,4,4,0,29.150000000000002,34.475,5.324999999999999,11.843845096364047,10.286358280104123,-1.5574868162599245
S34,S34_E0I137D0,data/outputs_webcam_sg_p5_n23/S34/S34_E0I137D0.arff,fixation,sg_p5_n23,5,5,0,144.98000000000002,147.78000000000003,2.8000000000000114,52.92118668359583,57.40241284127349,4.481226157677661
S34,S34_E0I137D0,data/outputs_webcam_sg_p5_n23/S34/S34_E0I137D0.arff,saccade,sg_p5_n23,4,4,0,37.949999999999996,25.150000000000002,-12.799999999999994,7.096712854084864,7.036334272900912,-0.06037858118395256
S34,S34_E0I138D0,data/outputs_webcam_sg_p5_n23/S34/S34_E0I138D0.arff,fixation,sg_p5_n23,6,6,0,111.58333333333333,113.80000000000001,2.2166666666666828,42.91994485861633,51.868680337945754,8.948735479329422
S34,S34_E0I138D0,data/outputs_webcam_sg_p5_n23/S34/S34_E0I138D0.arff,saccade,sg_p5_n23,5,5,0,30.639999999999997,33.22,2.580000000000002,10.672066341622882,6.554921814941807,-4.117144526681075
S34,S34_E0I139D0,data/outputs_webcam_sg_p5_n23/S34/S34_E0I139D0.arff,fixation,sg_p5_n23,6,7,1,122.13333333333333,109.95714285714284,-12.176190476190484,78.05533080236523,61.66368075139144,-16.391650050973794
S34,S34_E0I139D0,data/outputs_webcam_sg_p5_n23/S34/S34_E0I139D0.arff,saccade,sg_p5_n23,4,5,1,37.775,31.939999999999998,-5.835000000000001,15.682766550155193,3.481091782760116,-12.201674767395078
S34,S34_E0I140D0,data/outputs_webcam_sg_p5_n23/S34/S34_E0I140D0.arff,fixation,sg_p5_n23,5,5,0,123.38,126.28,2.9000000000000057,44.49490982123685,58.122345100658144,13.627435279421292
S34,S34_E0I140D0,data/outputs_webcam_sg_p5_n23/S34/S34_E0I140D0.arff,saccade,sg_p5_n23,4,4,0,39.400000000000006,32.6,-6.800000000000004,8.934577027854575,4.5158978435448835,-4.418679184309691
S35,S35_E0I101D0,data/outputs_webcam_sg_p5_n23/S35/S35_E0I101D0.arff,fixation,sg_p5_n23,18,15,-3,175.94999999999996,211.0333333333333,35.08333333333334,110.47455522852842,144.16828295267933,33.69372772415092
S35,S35_E0I101D0,data/outputs_webcam_sg_p5_n23/S35/S35_E0I101D0.arff,saccade,sg_p5_n23,14,12,-2,26.921428571428567,36.80833333333333,9.886904761904763,13.20263252137639,8.302076228087145,-4.900556293289245
S35,S35_E0I102D0,data/outputs_webcam_sg_p5_n23/S35/S35_E0I102D0.arff,fixation,sg_p5_n23,13,11,-2,176.7076923076923,213.33636363636367,36.62867132867137,82.97555324249086,82.49943360687118,-0.47611963561968196
S35,S35_E0I102D0,data/outputs_webcam_sg_p5_n23/S35/S35_E0I102D0.arff,saccade,sg_p5_n23,9,11,2,31.211111111111116,39.26363636363636,8.052525252525243,17.865990347895945,16.892144489511843,-0.9738458583841023
S35,S35_E0I103D0,data/outputs_webcam_sg_p5_n23/S35/S35_E0I103D0.arff,fixation,sg_p5_n23,9,8,-1,207.88333333333333,255.11249999999998,47.22916666666666,120.87713803693401,122.40878747050802,1.5316494335740032
S35,S35_E0I103D0,data/outputs_webcam_sg_p5_n23/S35/S35_E0I103D0.arff,saccade,sg_p5_n23,6,7,1,28.05,37.550000000000004,9.500000000000004,15.962455951387932,13.336041391657421,-2.6264145597305113
S35,S35_E0I104D0,data/outputs_webcam_sg_p5_n23/S35/S35_E0I104D0.arff,fixation,sg_p5_n23,14,13,-1,167.46428571428575,189.91538461538462,22.451098901098874,66.4111043442268,74.05254717826892,7.641442834042124
S35,S35_E0I104D0,data/outputs_webcam_sg_p5_n23/S35/S35_E0I104D0.arff,saccade,sg_p5_n23,11,11,0,20.800000000000004,41.8909090909091,21.090909090909093,8.547631250820311,14.707308016455936,6.159676765635625
S35,S35_E0I105D0,data/outputs_webcam_sg_p5_n23/S35/S35_E0I105D0.arff,fixation,sg_p5_n23,12,10,-2,197.83333333333334,255.66000000000003,57.82666666666668,213.70922613058457,265.4248175619186,51.71559143133402
S35,S35_E0I105D0,data/outputs_webcam_sg_p5_n23/S35/S35_E0I105D0.arff,saccade,sg_p5_n23,11,9,-2,29.709090909090904,39.43333333333334,9.724242424242433,12.591938257905692,11.495216396397241,-1.0967218615084509
S35,S35_E0I106D0,data/outputs_webcam_sg_p5_n23/S35/S35_E0I106D0.arff,fixation,sg_p5_n23,16,13,-3,165.33125,207.90769230769232,42.576442307692304,61.14534289979355,141.76111044957793,80.61576754978438
S35,S35_E0I106D0,data/outputs_webcam_sg_p5_n23/S35/S35_E0I106D0.arff,saccade,sg_p5_n23,15,12,-3,28.233333333333338,38.68333333333333,10.449999999999992,13.292944781062658,16.804157133569568,3.5112123525069094
S35,S35_E0I107D0,data/outputs_webcam_sg_p5_n23/S35/S35_E0I107D0.arff,fixation,sg_p5_n23,14,12,-2,182.60714285714286,215.74166666666665,33.134523809523785,80.66457104564569,121.59239254263575,40.92782149699006
S35,S35_E0I107D0,data/outputs_webcam_sg_p5_n23/S35/S35_E0I107D0.arff,saccade,sg_p5_n23,12,11,-1,28.041666666666668,39.00909090909091,10.96742424242424,11.86442032705221,9.583053223837855,-2.2813671032143557
S35,S35_E0I108D0,data/outputs_webcam_sg_p5_n23/S35/S35_E0I108D0.arff,fixation,sg_p5_n23,13,11,-2,187.87692307692308,232.5090909090909,44.63216783216782,108.22261896854214,120.71143652981233,12.488817561270196
S35,S35_E0I108D0,data/outputs_webcam_sg_p5_n23/S35/S35_E0I108D0.arff,saccade,sg_p5_n23,10,9,-1,19.759999999999998,40.03333333333333,20.273333333333333,11.799830507257298,11.719854947907843,-0.07997555934945488
S35,S35_E0I109D0,data/outputs_webcam_sg_p5_n23/S35/S35_E0I109D0.arff,fixation,sg_p5_n23,11,10,-1,215.88181818181818,256.23,40.34818181818184,101.39067825181779,127.49498508656025,26.10430683474246
S35,S35_E0I109D0,data/outputs_webcam_sg_p5_n23/S35/S35_E0I109D0.arff,saccade,sg_p5_n23,9,9,0,27.400000000000002,34.888888888888886,7.488888888888884,13.76172227593625,18.86335365493398,5.10163137899773
S35,S35_E0I110D0,data/outputs_webcam_sg_p5_n23/S35/S35_E0I110D0.arff,fixation,sg_p5_n23,15,14,-1,179.8,212.3714285714286,32.571428571428584,80.70678852665192,88.25592530617054,7.549136779518619
S35,S35_E0I110D0,data/outputs_webcam_sg_p5_n23/S35/S35_E0I110D0.arff,saccade,sg_p5_n23,12,13,1,29.108333333333334,30.323076923076925,1.2147435897435912,7.332053951759708,6.323389629799545,-1.008664321960163
S35,S35_E0I111D0,data/outputs_webcam_sg_p5_n23/S35/S35_E0I111D0.arff,fixation,sg_p5_n23,14,11,-3,158.95,213.9090909090909,54.95909090909092,77.73229949393873,92.87354256778896,15.141243073850234
S35,S35_E0I111D0,data/outputs_webcam_sg_p5_n23/S35/S35_E0I111D0.arff,saccade,sg_p5_n23,13,10,-3,20.71538461538461,36.3,15.584615384615386,9.983556994198524,15.3437645677686,5.360207573570076
S35,S35_E0I112D0,data/outputs_webcam_sg_p5_n23/S35/S35_E0I112D0.arff,fixation,sg_p5_n23,12,11,-1,208.98333333333335,234.6272727272727,25.64393939393935,106.67206189006934,81.08670779984955,-25.585354090219795
S35,S35_E0I112D0,data/outputs_webcam_sg_p5_n23/S35/S35_E0I112D0.arff,saccade,sg_p5_n23,10,9,-1,20.389999999999997,36.97777777777779,16.58777777777779,7.481451136718806,10.075933924180152,2.594482787461346
S35,S35_E0I113D0,data/outputs_webcam_sg_p5_n23/S35/S35_E0I113D0.arff,fixation,sg_p5_n23,19,16,-3,180.70526315789473,229.0875,48.38223684210527,88.27201314172893,186.87881233569524,98.60679919396631
S35,S35_E0I113D0,data/outputs_webcam_sg_p5_n23/S35/S35_E0I113D0.arff,saccade,sg_p5_n23,18,15,-3,26.83888888888889,32.086666666666666,5.247777777777777,13.012172531400283,10.050718998208655,-2.9614535331916283
S35,S35_E0I114D0,data/outputs_webcam_sg_p5_n23/S35/S35_E0I114D0.arff,fixation,sg_p5_n23,13,12,-1,276.5230769230769,318.8333333333333,42.310256410256386,154.14604629942215,192.0644746543265,37.918428354904336
S35,S35_E0I114D0,data/outputs_webcam_sg_p5_n23/S35/S35_E0I114D0.arff,saccade,sg_p5_n23,11,10,-1,29.900000000000002,40.739999999999995,10.839999999999993,13.354549786495987,12.729423483497682,-0.6251263029983054
S35,S35_E0I115D0,data/outputs_webcam_sg_p5_n23/S35/S35_E0I115D0.arff,fixation,sg_p5_n23,14,12,-2,240.37857142857138,290.60833333333335,50.22976190476197,151.60076201640953,218.16151422255666,66.56075220614713
S35,S35_E0I115D0,data/outputs_webcam_sg_p5_n23/S35/S35_E0I115D0.arff,saccade,sg_p5_n23,13,11,-2,24.161538461538463,32.18181818181818,8.020279720279717,9.848649523457388,13.454056502171989,3.6054069787146013
S35,S35_E0I116D0,data/outputs_webcam_sg_p5_n23/S35/S35_E0I116D0.arff,fixation,sg_p5_n23,11,11,0,203.34545454545457,214.66363636363639,11.318181818181813,139.30353451105512,123.17169539084271,-16.131839120212405
S35,S35_E0I116D0,data/outputs_webcam_sg_p5_n23/S35/S35_E0I116D0.arff,saccade,sg_p5_n23,9,9,0,21.066666666666663,40.788888888888884,19.72222222222222,10.452272480183437,14.324755185032348,3.8724827048489114
S35,S35_E0I117D0,data/outputs_webcam_sg_p5_n23/S35/S35_E0I117D0.arff,fixation,sg_p5_n23,10,11,1,300.2,268.09090909090907,-32.109090909090924,147.28165006016346,165.4390428801222,18.157392819958744
S35,S35_E0I117D0,data/outputs_webcam_sg_p5_n23/S35/S35_E0I117D0.arff,saccade,sg_p5_n23,8,10,2,26.5875,40.559999999999995,13.972499999999997,12.186812251657233,18.89351446631592,6.706702214658687
S35,S35_E0I118D0,data/outputs_webcam_sg_p5_n23/S35/S35_E0I118D0.arff,fixation,sg_p5_n23,13,13,0,189.99999999999997,192.76923076923077,2.769230769230802,90.00672197119502,118.15406880153971,28.147346830344688
S35,S35_E0I118D0,data/outputs_webcam_sg_p5_n23/S35/S35_E0I118D0.arff,saccade,sg_p5_n23,12,12,0,26.86666666666667,38.108333333333334,11.241666666666664,10.512013329635016,11.371052428572007,0.8590390989369912
S35,S35_E0I119D0,data/outputs_webcam_sg_p5_n23/S35/S35_E0I119D0.arff,fixation,sg_p5_n23,14,11,-3,202.14285714285714,300.4909090909091,98.34805194805196,111.44755727236924,318.3139250945376,206.86636782216834
S35,S35_E0I119D0,data/outputs_webcam_sg_p5_n23/S35/S35_E0I119D0.arff,saccade,sg_p5_n23,10,10,0,27.660000000000004,38.6,10.939999999999998,10.508641946300937,13.921366471882148,3.4127245255812113
S35,S35_E0I120D0,data/outputs_webcam_sg_p5_n23/S35/S35_E0I120D0.arff,fixation,sg_p5_n23,11,10,-1,225.7090909090909,262.94,37.23090909090911,96.7574746936427,172.00299868187054,75.24552398822783
S35,S35_E0I120D0,data/outputs_webcam_sg_p5_n23/S35/S35_E0I120D0.arff,saccade,sg_p5_n23,9,9,0,25.26666666666667,38.82222222222222,13.555555555555554,8.211577193207162,9.43964747458529,1.2280702813781268
S35,S35_E0I121D0,data/outputs_webcam_sg_p5_n23/S35/S35_E0I121D0.arff,fixation,sg_p5_n23,12,12,0,187.79166666666666,183.525,-4.2666666666666515,72.65993591986431,79.47041902494286,6.810483105078546
S35,S35_E0I121D0,data/outputs_webcam_sg_p5_n23/S35/S35_E0I121D0.arff,saccade,sg_p5_n23,9,11,2,26.87777777777778,40.54545454545454,13.66767676767676,7.138238189108321,14.215510095410833,7.077271906302512
S35,S35_E0I122D0,data/outputs_webcam_sg_p5_n23/S35/S35_E0I122D0.arff,fixation,sg_p5_n23,13,14,1,210.13846153846154,205.33571428571426,-4.802747252747281,105.05771856826719,128.48680630945887,23.42908774119168
S35,S35_E0I122D0,data/outputs_webcam_sg_p5_n23/S35/S35_E0I122D0.arff,saccade,sg_p5_n23,11,12,1,20.036363636363635,35.25833333333333,15.221969696969698,9.873021090555081,10.580209512733353,0.7071884221782714
S35,S35_E0I123D0,data/outputs_webcam_sg_p5_n23/S35/S35_E0I123D0.arff,fixation,sg_p5_n23,13,13,0,166.23076923076923,174.04615384615389,7.815384615384659,57.84145550000427,56.718142532241764,-1.1233129677625087
S35,S35_E0I123D0,data/outputs_webcam_sg_p5_n23/S35/S35_E0I123D0.arff,saccade,sg_p5_n23,11,11,0,28.363636363636363,32.25454545454546,3.890909090909094,13.732317555844151,8.107448875739351,-5.6248686801048
S35,S35_E0I124D0,data/outputs_webcam_sg_p5_n23/S35/S35_E0I124D0.arff,fixation,sg_p5_n23,16,14,-2,206.96875,238.8642857142857,31.8955357142857,120.3697787029618,149.27478846921028,28.905009766248483
S35,S35_E0I124D0,data/outputs_webcam_sg_p5_n23/S35/S35_E0I124D0.arff,saccade,sg_p5_n23,12,13,1,24.400000000000006,30.83076923076923,6.430769230769226,13.114530456364387,10.231355776515692,-2.883174679848695
S35,S35_E0I125D0,data/outputs_webcam_sg_p5_n23/S35/S35_E0I125D0.arff,fixation,sg_p5_n23,10,10,0,201.61999999999998,202.47,0.8500000000000227,98.88862478117042,152.2056707952178,53.31704601404738
S35,S35_E0I125D0,data/outputs_webcam_sg_p5_n23/S35/S35_E0I125D0.arff,saccade,sg_p5_n23,7,7,0,23.97857142857143,41.37857142857143,17.400000000000002,13.64816401397569,8.954461511022366,-4.6937025029533235
S35,S35_E0I126D0,data/outputs_webcam_sg_p5_n23/S35/S35_E0I126D0.arff,fixation,sg_p5_n23,14,11,-3,176.82857142857145,230.45454545454547,53.62597402597402,78.57585681827005,140.04658056258543,61.47072374431538
S35,S35_E0I126D0,data/outputs_webcam_sg_p5_n23/S35/S35_E0I126D0.arff,saccade,sg_p5_n23,9,9,0,21.95555555555556,35.68888888888889,13.73333333333333,8.810520857348775,15.480103717711684,6.669582860362908
S35,S35_E0I127D0,data/outputs_webcam_sg_p5_n23/S35/S35_E0I127D0.arff,fixation,sg_p5_n23,17,15,-2,174.9764705882353,216.79333333333335,41.816862745098064,53.742866147654475,97.22328841138737,43.4804222637329
S35,S35_E0I127D0,data/outputs_webcam_sg_p5_n23/S35/S35_E0I127D0.arff,saccade,sg_p5_n23,13,15,2,24.092307692307692,33.940000000000005,9.847692307692313,8.005566973306923,15.121592886616522,7.116025913309599
S35,S35_E0I128D0,data/outputs_webcam_sg_p5_n23/S35/S35_E0I128D0.arff,fixation,sg_p5_n23,15,14,-1,143.73999999999998,160.89285714285714,17.152857142857158,50.536829568712974,61.267828981708405,10.73099941299543
S35,S35_E0I128D0,data/outputs_webcam_sg_p5_n23/S35/S35_E0I128D0.arff,saccade,sg_p5_n23,12,13,1,29.708333333333332,31.461538461538467,1.7532051282051349,11.621489368902557,15.107643675831694,3.486154306929137
S35,S35_E0I129D0,data/outputs_webcam_sg_p5_n23/S35/S35_E0I129D0.arff,fixation,sg_p5_n23,13,10,-3,164.56923076923073,230.15,65.58076923076928,85.39685186054757,102.87767547486244,17.480823614314872
S35,S35_E0I129D0,data/outputs_webcam_sg_p5_n23/S35/S35_E0I129D0.arff,saccade,sg_p5_n23,11,8,-3,18.809090909090912,36.4375,17.628409090909088,6.873929668749099,12.753591931015245,5.879662262266146
S35,S35_E0I130D0,data/outputs_webcam_sg_p5_n23/S35/S35_E0I130D0.arff,fixation,sg_p5_n23,15,15,0,211.49333333333337,220.67333333333332,9.17999999999995,111.874115904993,137.45025316542018,25.576137260427174
S35,S35_E0I130D0,data/outputs_webcam_sg_p5_n23/S35/S35_E0I130D0.arff,saccade,sg_p5_n23,10,14,4,24.73,35.26428571428572,10.53428571428572,11.714003964865682,12.61321694724394,0.8992129823782573
S35,S35_E0I131D0,data/outputs_webcam_sg_p5_n23/S35/S35_E0I131D0.arff,fixation,sg_p5_n23,14,16,2,193.82857142857142,192.275,-1.5535714285714164,86.62188769919199,114.64981756054681,28.02792986135482
S35,S35_E0I131D0,data/outputs_webcam_sg_p5_n23/S35/S35_E0I131D0.arff,saccade,sg_p5_n23,12,15,3,23.108333333333338,41.01999999999999,17.91166666666665,11.361054555192517,15.87699143864659,4.5159368834540725
S35,S35_E0I132D0,data/outputs_webcam_sg_p5_n23/S35/S35_E0I132D0.arff,fixation,sg_p5_n23,14,12,-2,169.82857142857142,220.80833333333337,50.97976190476194,90.68016006035404,81.30465108392501,-9.375508976429032
S35,S35_E0I132D0,data/outputs_webcam_sg_p5_n23/S35/S35_E0I132D0.arff,saccade,sg_p5_n23,11,10,-1,25.063636363636366,35.45,10.386363636363637,8.746116021100192,11.853574238271856,3.107458217171663
S35,S35_E0I133D0,data/outputs_webcam_sg_p5_n23/S35/S35_E0I133D0.arff,fixation,sg_p5_n23,12,13,1,188.8333333333333,202.5076923076923,13.674358974359023,104.66216936873465,137.08126216189225,32.4190927931576
S35,S35_E0I133D0,data/outputs_webcam_sg_p5_n23/S35/S35_E0I133D0.arff,saccade,sg_p5_n23,10,11,1,21.86,32.845454545454544,10.985454545454544,10.05796533433411,9.721971367615073,-0.3359939667190375
S35,S35_E0I135D0,data/outputs_webcam_sg_p5_n23/S35/S35_E0I135D0.arff,fixation,sg_p5_n23,10,9,-1,191.91000000000003,223.17777777777778,31.267777777777752,166.36318002090087,172.75948438347584,6.396304362574966
S35,S35_E0I135D0,data/outputs_webcam_sg_p5_n23/S35/S35_E0I135D0.arff,saccade,sg_p5_n23,8,6,-2,28.2,32.699999999999996,4.4999999999999964,12.3532528972274,11.043006836908145,-1.3102460603192547
S35,S35_E0I136D0,data/outputs_webcam_sg_p5_n23/S35/S35_E0I136D0.arff,fixation,sg_p5_n23,18,16,-2,185.31666666666666,201.64375,16.32708333333335,68.42332118768383,129.90414911900749,61.48082793132366
S35,S35_E0I136D0,data/outputs_webcam_sg_p5_n23/S35/S35_E0I136D0.arff,saccade,sg_p5_n23,14,14,0,23.642857142857146,35.24285714285715,11.600000000000001,12.097343273864483,7.816227132920754,-4.2811161409437295
S35,S35_E0I137D0,data/outputs_webcam_sg_p5_n23/S35/S35_E0I137D0.arff,fixation,sg_p5_n23,13,12,-1,264.1384615384615,301.4,37.261538461538464,114.98829316109777,110.41662424241609,-4.571668918681681
S35,S35_E0I137D0,data/outputs_webcam_sg_p5_n23/S35/S35_E0I137D0.arff,saccade,sg_p5_n23,11,10,-1,25.845454545454547,43.419999999999995,17.574545454545447,9.75862322629208,13.159094869244532,3.4004716429524517
S35,S35_E0I138D0,data/outputs_webcam_sg_p5_n23/S35/S35_E0I138D0.arff,fixation,sg_p5_n23,13,9,-4,216.8615384615385,320.8222222222222,103.96068376068371,116.78612602004243,161.2593235891942,44.473197569151765
S35,S35_E0I138D0,data/outputs_webcam_sg_p5_n23/S35/S35_E0I138D0.arff,saccade,sg_p5_n23,9,7,-2,27.38888888888889,34.15714285714285,6.768253968253962,8.52883996280333,7.154918388273702,-1.3739215745296276
S35,S35_E0I139D0,data/outputs_webcam_sg_p5_n23/S35/S35_E0I139D0.arff,fixation,sg_p5_n23,17,15,-2,211.9,252.7666666666667,40.8666666666667,126.16028495529012,184.8659153729174,58.70563041762729
S35,S35_E0I139D0,data/outputs_webcam_sg_p5_n23/S35/S35_E0I139D0.arff,saccade,sg_p5_n23,14,14,0,26.514285714285712,32.22857142857142,5.714285714285708,10.326206924643214,12.57986355382947,2.2536566291862563
S35,S35_E0I140D0,data/outputs_webcam_sg_p5_n23/S35/S35_E0I140D0.arff,fixation,sg_p5_n23,14,13,-1,223.17857142857147,245.89999999999995,22.721428571428476,86.55890994062882,115.87467367807342,29.3157637374446
S35,S35_E0I140D0,data/outputs_webcam_sg_p5_n23/S35/S35_E0I140D0.arff,saccade,sg_p5_n23,12,11,-1,25.65833333333333,38.12727272727272,12.468939393939387,8.935776746349813,13.177943004057266,4.242166257707453
